ISO-10303-21;
HEADER;
/* Generated by software containing ST-Developer
 * from STEP Tools, Inc. (www.steptools.com) 
 */

FILE_DESCRIPTION(
/* description */ (''),
/* implementation_level */ '2;1');

FILE_NAME(
/* name */ 'HackPad.step',
/* time_stamp */ '2026-01-15T11:31:02+01:00',
/* author */ (''),
/* organization */ (''),
/* preprocessor_version */ 'ST-DEVELOPER v20.1',
/* originating_system */ 'Autodesk Translation Framework v14.21.0.0',
/* authorisation */ '');

FILE_SCHEMA (('AUTOMOTIVE_DESIGN { 1 0 10303 214 3 1 1 }'));
ENDSEC;

DATA;
#10=MECHANICAL_DESIGN_GEOMETRIC_PRESENTATION_REPRESENTATION('',(#13),#12069);
#11=SHAPE_REPRESENTATION_RELATIONSHIP('SRR','None',#12076,#12);
#12=ADVANCED_BREP_SHAPE_REPRESENTATION('',(#14),#12068);
#13=STYLED_ITEM('',(#12085),#14);
#14=MANIFOLD_SOLID_BREP('Body1',#5949);
#15=CYLINDRICAL_SURFACE('',#6058,5.);
#16=CYLINDRICAL_SURFACE('',#6069,5.);
#17=CYLINDRICAL_SURFACE('',#6071,5.);
#18=CYLINDRICAL_SURFACE('',#6073,5.);
#19=CYLINDRICAL_SURFACE('',#6081,3.);
#20=CYLINDRICAL_SURFACE('',#6083,3.);
#21=CYLINDRICAL_SURFACE('',#6085,3.);
#22=CYLINDRICAL_SURFACE('',#6087,3.);
#23=CYLINDRICAL_SURFACE('',#6092,1.7);
#24=CYLINDRICAL_SURFACE('',#6095,1.7);
#25=CYLINDRICAL_SURFACE('',#6098,1.7);
#26=CYLINDRICAL_SURFACE('',#6101,1.7);
#27=CIRCLE('',#6046,5.);
#28=CIRCLE('',#6047,5.);
#29=CIRCLE('',#6048,5.);
#30=CIRCLE('',#6049,5.);
#31=CIRCLE('',#6050,3.);
#32=CIRCLE('',#6051,3.);
#33=CIRCLE('',#6052,3.);
#34=CIRCLE('',#6053,3.);
#35=CIRCLE('',#6059,5.);
#36=CIRCLE('',#6062,5.);
#37=CIRCLE('',#6063,5.);
#38=CIRCLE('',#6064,5.);
#39=CIRCLE('',#6065,1.7);
#40=CIRCLE('',#6066,1.7);
#41=CIRCLE('',#6067,1.7);
#42=CIRCLE('',#6068,1.7);
#43=CIRCLE('',#6082,3.);
#44=CIRCLE('',#6084,3.);
#45=CIRCLE('',#6086,3.);
#46=CIRCLE('',#6088,3.);
#47=CIRCLE('',#6093,1.7);
#48=CIRCLE('',#6096,1.7);
#49=CIRCLE('',#6099,1.7);
#50=CIRCLE('',#6102,1.7);
#51=FACE_BOUND('',#540,.T.);
#52=FACE_BOUND('',#598,.T.);
#53=FACE_BOUND('',#643,.T.);
#54=FACE_BOUND('',#682,.T.);
#55=FACE_BOUND('',#734,.T.);
#56=FACE_BOUND('',#791,.T.);
#57=FACE_BOUND('',#792,.T.);
#58=FACE_BOUND('',#793,.T.);
#59=FACE_BOUND('',#794,.T.);
#60=FACE_BOUND('',#795,.T.);
#61=FACE_BOUND('',#796,.T.);
#62=FACE_BOUND('',#797,.T.);
#63=FACE_BOUND('',#798,.T.);
#64=FACE_BOUND('',#799,.T.);
#65=FACE_BOUND('',#800,.T.);
#66=FACE_BOUND('',#801,.T.);
#67=FACE_BOUND('',#802,.T.);
#68=FACE_BOUND('',#803,.T.);
#69=FACE_BOUND('',#804,.T.);
#70=FACE_BOUND('',#805,.T.);
#71=FACE_BOUND('',#813,.T.);
#72=FACE_BOUND('',#814,.T.);
#73=FACE_BOUND('',#815,.T.);
#74=FACE_BOUND('',#816,.T.);
#75=FACE_BOUND('',#838,.T.);
#76=FACE_BOUND('',#841,.T.);
#77=FACE_BOUND('',#844,.T.);
#78=FACE_BOUND('',#847,.T.);
#79=PLANE('',#5963);
#80=PLANE('',#5964);
#81=PLANE('',#5965);
#82=PLANE('',#5966);
#83=PLANE('',#5967);
#84=PLANE('',#5968);
#85=PLANE('',#5969);
#86=PLANE('',#5970);
#87=PLANE('',#5971);
#88=PLANE('',#5972);
#89=PLANE('',#5973);
#90=PLANE('',#5974);
#91=PLANE('',#5975);
#92=PLANE('',#5976);
#93=PLANE('',#5977);
#94=PLANE('',#5978);
#95=PLANE('',#5979);
#96=PLANE('',#5980);
#97=PLANE('',#5981);
#98=PLANE('',#5982);
#99=PLANE('',#5983);
#100=PLANE('',#5984);
#101=PLANE('',#5985);
#102=PLANE('',#5986);
#103=PLANE('',#5987);
#104=PLANE('',#5988);
#105=PLANE('',#5989);
#106=PLANE('',#5990);
#107=PLANE('',#5991);
#108=PLANE('',#5992);
#109=PLANE('',#5993);
#110=PLANE('',#5994);
#111=PLANE('',#5995);
#112=PLANE('',#5996);
#113=PLANE('',#5997);
#114=PLANE('',#5998);
#115=PLANE('',#5999);
#116=PLANE('',#6000);
#117=PLANE('',#6001);
#118=PLANE('',#6002);
#119=PLANE('',#6003);
#120=PLANE('',#6004);
#121=PLANE('',#6005);
#122=PLANE('',#6006);
#123=PLANE('',#6007);
#124=PLANE('',#6008);
#125=PLANE('',#6009);
#126=PLANE('',#6010);
#127=PLANE('',#6011);
#128=PLANE('',#6012);
#129=PLANE('',#6013);
#130=PLANE('',#6014);
#131=PLANE('',#6015);
#132=PLANE('',#6016);
#133=PLANE('',#6017);
#134=PLANE('',#6018);
#135=PLANE('',#6019);
#136=PLANE('',#6020);
#137=PLANE('',#6021);
#138=PLANE('',#6022);
#139=PLANE('',#6023);
#140=PLANE('',#6024);
#141=PLANE('',#6025);
#142=PLANE('',#6026);
#143=PLANE('',#6027);
#144=PLANE('',#6028);
#145=PLANE('',#6029);
#146=PLANE('',#6030);
#147=PLANE('',#6031);
#148=PLANE('',#6032);
#149=PLANE('',#6033);
#150=PLANE('',#6034);
#151=PLANE('',#6035);
#152=PLANE('',#6036);
#153=PLANE('',#6037);
#154=PLANE('',#6038);
#155=PLANE('',#6039);
#156=PLANE('',#6040);
#157=PLANE('',#6041);
#158=PLANE('',#6042);
#159=PLANE('',#6043);
#160=PLANE('',#6044);
#161=PLANE('',#6045);
#162=PLANE('',#6054);
#163=PLANE('',#6055);
#164=PLANE('',#6056);
#165=PLANE('',#6057);
#166=PLANE('',#6060);
#167=PLANE('',#6061);
#168=PLANE('',#6070);
#169=PLANE('',#6072);
#170=PLANE('',#6074);
#171=PLANE('',#6075);
#172=PLANE('',#6076);
#173=PLANE('',#6077);
#174=PLANE('',#6078);
#175=PLANE('',#6079);
#176=PLANE('',#6080);
#177=PLANE('',#6089);
#178=PLANE('',#6090);
#179=PLANE('',#6091);
#180=PLANE('',#6094);
#181=PLANE('',#6097);
#182=PLANE('',#6100);
#183=PLANE('',#6103);
#184=FACE_OUTER_BOUND('',#502,.T.);
#185=FACE_OUTER_BOUND('',#503,.T.);
#186=FACE_OUTER_BOUND('',#504,.T.);
#187=FACE_OUTER_BOUND('',#505,.T.);
#188=FACE_OUTER_BOUND('',#506,.T.);
#189=FACE_OUTER_BOUND('',#507,.T.);
#190=FACE_OUTER_BOUND('',#508,.T.);
#191=FACE_OUTER_BOUND('',#509,.T.);
#192=FACE_OUTER_BOUND('',#510,.T.);
#193=FACE_OUTER_BOUND('',#511,.T.);
#194=FACE_OUTER_BOUND('',#512,.T.);
#195=FACE_OUTER_BOUND('',#513,.T.);
#196=FACE_OUTER_BOUND('',#514,.T.);
#197=FACE_OUTER_BOUND('',#515,.T.);
#198=FACE_OUTER_BOUND('',#516,.T.);
#199=FACE_OUTER_BOUND('',#517,.T.);
#200=FACE_OUTER_BOUND('',#518,.T.);
#201=FACE_OUTER_BOUND('',#519,.T.);
#202=FACE_OUTER_BOUND('',#520,.T.);
#203=FACE_OUTER_BOUND('',#521,.T.);
#204=FACE_OUTER_BOUND('',#522,.T.);
#205=FACE_OUTER_BOUND('',#523,.T.);
#206=FACE_OUTER_BOUND('',#524,.T.);
#207=FACE_OUTER_BOUND('',#525,.T.);
#208=FACE_OUTER_BOUND('',#526,.T.);
#209=FACE_OUTER_BOUND('',#527,.T.);
#210=FACE_OUTER_BOUND('',#528,.T.);
#211=FACE_OUTER_BOUND('',#529,.T.);
#212=FACE_OUTER_BOUND('',#530,.T.);
#213=FACE_OUTER_BOUND('',#531,.T.);
#214=FACE_OUTER_BOUND('',#532,.T.);
#215=FACE_OUTER_BOUND('',#533,.T.);
#216=FACE_OUTER_BOUND('',#534,.T.);
#217=FACE_OUTER_BOUND('',#535,.T.);
#218=FACE_OUTER_BOUND('',#536,.T.);
#219=FACE_OUTER_BOUND('',#537,.T.);
#220=FACE_OUTER_BOUND('',#538,.T.);
#221=FACE_OUTER_BOUND('',#539,.T.);
#222=FACE_OUTER_BOUND('',#541,.T.);
#223=FACE_OUTER_BOUND('',#542,.T.);
#224=FACE_OUTER_BOUND('',#543,.T.);
#225=FACE_OUTER_BOUND('',#544,.T.);
#226=FACE_OUTER_BOUND('',#545,.T.);
#227=FACE_OUTER_BOUND('',#546,.T.);
#228=FACE_OUTER_BOUND('',#547,.T.);
#229=FACE_OUTER_BOUND('',#548,.T.);
#230=FACE_OUTER_BOUND('',#549,.T.);
#231=FACE_OUTER_BOUND('',#550,.T.);
#232=FACE_OUTER_BOUND('',#551,.T.);
#233=FACE_OUTER_BOUND('',#552,.T.);
#234=FACE_OUTER_BOUND('',#553,.T.);
#235=FACE_OUTER_BOUND('',#554,.T.);
#236=FACE_OUTER_BOUND('',#555,.T.);
#237=FACE_OUTER_BOUND('',#556,.T.);
#238=FACE_OUTER_BOUND('',#557,.T.);
#239=FACE_OUTER_BOUND('',#558,.T.);
#240=FACE_OUTER_BOUND('',#559,.T.);
#241=FACE_OUTER_BOUND('',#560,.T.);
#242=FACE_OUTER_BOUND('',#561,.T.);
#243=FACE_OUTER_BOUND('',#562,.T.);
#244=FACE_OUTER_BOUND('',#563,.T.);
#245=FACE_OUTER_BOUND('',#564,.T.);
#246=FACE_OUTER_BOUND('',#565,.T.);
#247=FACE_OUTER_BOUND('',#566,.T.);
#248=FACE_OUTER_BOUND('',#567,.T.);
#249=FACE_OUTER_BOUND('',#568,.T.);
#250=FACE_OUTER_BOUND('',#569,.T.);
#251=FACE_OUTER_BOUND('',#570,.T.);
#252=FACE_OUTER_BOUND('',#571,.T.);
#253=FACE_OUTER_BOUND('',#572,.T.);
#254=FACE_OUTER_BOUND('',#573,.T.);
#255=FACE_OUTER_BOUND('',#574,.T.);
#256=FACE_OUTER_BOUND('',#575,.T.);
#257=FACE_OUTER_BOUND('',#576,.T.);
#258=FACE_OUTER_BOUND('',#577,.T.);
#259=FACE_OUTER_BOUND('',#578,.T.);
#260=FACE_OUTER_BOUND('',#579,.T.);
#261=FACE_OUTER_BOUND('',#580,.T.);
#262=FACE_OUTER_BOUND('',#581,.T.);
#263=FACE_OUTER_BOUND('',#582,.T.);
#264=FACE_OUTER_BOUND('',#583,.T.);
#265=FACE_OUTER_BOUND('',#584,.T.);
#266=FACE_OUTER_BOUND('',#585,.T.);
#267=FACE_OUTER_BOUND('',#586,.T.);
#268=FACE_OUTER_BOUND('',#587,.T.);
#269=FACE_OUTER_BOUND('',#588,.T.);
#270=FACE_OUTER_BOUND('',#589,.T.);
#271=FACE_OUTER_BOUND('',#590,.T.);
#272=FACE_OUTER_BOUND('',#591,.T.);
#273=FACE_OUTER_BOUND('',#592,.T.);
#274=FACE_OUTER_BOUND('',#593,.T.);
#275=FACE_OUTER_BOUND('',#594,.T.);
#276=FACE_OUTER_BOUND('',#595,.T.);
#277=FACE_OUTER_BOUND('',#596,.T.);
#278=FACE_OUTER_BOUND('',#597,.T.);
#279=FACE_OUTER_BOUND('',#599,.T.);
#280=FACE_OUTER_BOUND('',#600,.T.);
#281=FACE_OUTER_BOUND('',#601,.T.);
#282=FACE_OUTER_BOUND('',#602,.T.);
#283=FACE_OUTER_BOUND('',#603,.T.);
#284=FACE_OUTER_BOUND('',#604,.T.);
#285=FACE_OUTER_BOUND('',#605,.T.);
#286=FACE_OUTER_BOUND('',#606,.T.);
#287=FACE_OUTER_BOUND('',#607,.T.);
#288=FACE_OUTER_BOUND('',#608,.T.);
#289=FACE_OUTER_BOUND('',#609,.T.);
#290=FACE_OUTER_BOUND('',#610,.T.);
#291=FACE_OUTER_BOUND('',#611,.T.);
#292=FACE_OUTER_BOUND('',#612,.T.);
#293=FACE_OUTER_BOUND('',#613,.T.);
#294=FACE_OUTER_BOUND('',#614,.T.);
#295=FACE_OUTER_BOUND('',#615,.T.);
#296=FACE_OUTER_BOUND('',#616,.T.);
#297=FACE_OUTER_BOUND('',#617,.T.);
#298=FACE_OUTER_BOUND('',#618,.T.);
#299=FACE_OUTER_BOUND('',#619,.T.);
#300=FACE_OUTER_BOUND('',#620,.T.);
#301=FACE_OUTER_BOUND('',#621,.T.);
#302=FACE_OUTER_BOUND('',#622,.T.);
#303=FACE_OUTER_BOUND('',#623,.T.);
#304=FACE_OUTER_BOUND('',#624,.T.);
#305=FACE_OUTER_BOUND('',#625,.T.);
#306=FACE_OUTER_BOUND('',#626,.T.);
#307=FACE_OUTER_BOUND('',#627,.T.);
#308=FACE_OUTER_BOUND('',#628,.T.);
#309=FACE_OUTER_BOUND('',#629,.T.);
#310=FACE_OUTER_BOUND('',#630,.T.);
#311=FACE_OUTER_BOUND('',#631,.T.);
#312=FACE_OUTER_BOUND('',#632,.T.);
#313=FACE_OUTER_BOUND('',#633,.T.);
#314=FACE_OUTER_BOUND('',#634,.T.);
#315=FACE_OUTER_BOUND('',#635,.T.);
#316=FACE_OUTER_BOUND('',#636,.T.);
#317=FACE_OUTER_BOUND('',#637,.T.);
#318=FACE_OUTER_BOUND('',#638,.T.);
#319=FACE_OUTER_BOUND('',#639,.T.);
#320=FACE_OUTER_BOUND('',#640,.T.);
#321=FACE_OUTER_BOUND('',#641,.T.);
#322=FACE_OUTER_BOUND('',#642,.T.);
#323=FACE_OUTER_BOUND('',#644,.T.);
#324=FACE_OUTER_BOUND('',#645,.T.);
#325=FACE_OUTER_BOUND('',#646,.T.);
#326=FACE_OUTER_BOUND('',#647,.T.);
#327=FACE_OUTER_BOUND('',#648,.T.);
#328=FACE_OUTER_BOUND('',#649,.T.);
#329=FACE_OUTER_BOUND('',#650,.T.);
#330=FACE_OUTER_BOUND('',#651,.T.);
#331=FACE_OUTER_BOUND('',#652,.T.);
#332=FACE_OUTER_BOUND('',#653,.T.);
#333=FACE_OUTER_BOUND('',#654,.T.);
#334=FACE_OUTER_BOUND('',#655,.T.);
#335=FACE_OUTER_BOUND('',#656,.T.);
#336=FACE_OUTER_BOUND('',#657,.T.);
#337=FACE_OUTER_BOUND('',#658,.T.);
#338=FACE_OUTER_BOUND('',#659,.T.);
#339=FACE_OUTER_BOUND('',#660,.T.);
#340=FACE_OUTER_BOUND('',#661,.T.);
#341=FACE_OUTER_BOUND('',#662,.T.);
#342=FACE_OUTER_BOUND('',#663,.T.);
#343=FACE_OUTER_BOUND('',#664,.T.);
#344=FACE_OUTER_BOUND('',#665,.T.);
#345=FACE_OUTER_BOUND('',#666,.T.);
#346=FACE_OUTER_BOUND('',#667,.T.);
#347=FACE_OUTER_BOUND('',#668,.T.);
#348=FACE_OUTER_BOUND('',#669,.T.);
#349=FACE_OUTER_BOUND('',#670,.T.);
#350=FACE_OUTER_BOUND('',#671,.T.);
#351=FACE_OUTER_BOUND('',#672,.T.);
#352=FACE_OUTER_BOUND('',#673,.T.);
#353=FACE_OUTER_BOUND('',#674,.T.);
#354=FACE_OUTER_BOUND('',#675,.T.);
#355=FACE_OUTER_BOUND('',#676,.T.);
#356=FACE_OUTER_BOUND('',#677,.T.);
#357=FACE_OUTER_BOUND('',#678,.T.);
#358=FACE_OUTER_BOUND('',#679,.T.);
#359=FACE_OUTER_BOUND('',#680,.T.);
#360=FACE_OUTER_BOUND('',#681,.T.);
#361=FACE_OUTER_BOUND('',#683,.T.);
#362=FACE_OUTER_BOUND('',#684,.T.);
#363=FACE_OUTER_BOUND('',#685,.T.);
#364=FACE_OUTER_BOUND('',#686,.T.);
#365=FACE_OUTER_BOUND('',#687,.T.);
#366=FACE_OUTER_BOUND('',#688,.T.);
#367=FACE_OUTER_BOUND('',#689,.T.);
#368=FACE_OUTER_BOUND('',#690,.T.);
#369=FACE_OUTER_BOUND('',#691,.T.);
#370=FACE_OUTER_BOUND('',#692,.T.);
#371=FACE_OUTER_BOUND('',#693,.T.);
#372=FACE_OUTER_BOUND('',#694,.T.);
#373=FACE_OUTER_BOUND('',#695,.T.);
#374=FACE_OUTER_BOUND('',#696,.T.);
#375=FACE_OUTER_BOUND('',#697,.T.);
#376=FACE_OUTER_BOUND('',#698,.T.);
#377=FACE_OUTER_BOUND('',#699,.T.);
#378=FACE_OUTER_BOUND('',#700,.T.);
#379=FACE_OUTER_BOUND('',#701,.T.);
#380=FACE_OUTER_BOUND('',#702,.T.);
#381=FACE_OUTER_BOUND('',#703,.T.);
#382=FACE_OUTER_BOUND('',#704,.T.);
#383=FACE_OUTER_BOUND('',#705,.T.);
#384=FACE_OUTER_BOUND('',#706,.T.);
#385=FACE_OUTER_BOUND('',#707,.T.);
#386=FACE_OUTER_BOUND('',#708,.T.);
#387=FACE_OUTER_BOUND('',#709,.T.);
#388=FACE_OUTER_BOUND('',#710,.T.);
#389=FACE_OUTER_BOUND('',#711,.T.);
#390=FACE_OUTER_BOUND('',#712,.T.);
#391=FACE_OUTER_BOUND('',#713,.T.);
#392=FACE_OUTER_BOUND('',#714,.T.);
#393=FACE_OUTER_BOUND('',#715,.T.);
#394=FACE_OUTER_BOUND('',#716,.T.);
#395=FACE_OUTER_BOUND('',#717,.T.);
#396=FACE_OUTER_BOUND('',#718,.T.);
#397=FACE_OUTER_BOUND('',#719,.T.);
#398=FACE_OUTER_BOUND('',#720,.T.);
#399=FACE_OUTER_BOUND('',#721,.T.);
#400=FACE_OUTER_BOUND('',#722,.T.);
#401=FACE_OUTER_BOUND('',#723,.T.);
#402=FACE_OUTER_BOUND('',#724,.T.);
#403=FACE_OUTER_BOUND('',#725,.T.);
#404=FACE_OUTER_BOUND('',#726,.T.);
#405=FACE_OUTER_BOUND('',#727,.T.);
#406=FACE_OUTER_BOUND('',#728,.T.);
#407=FACE_OUTER_BOUND('',#729,.T.);
#408=FACE_OUTER_BOUND('',#730,.T.);
#409=FACE_OUTER_BOUND('',#731,.T.);
#410=FACE_OUTER_BOUND('',#732,.T.);
#411=FACE_OUTER_BOUND('',#733,.T.);
#412=FACE_OUTER_BOUND('',#735,.T.);
#413=FACE_OUTER_BOUND('',#736,.T.);
#414=FACE_OUTER_BOUND('',#737,.T.);
#415=FACE_OUTER_BOUND('',#738,.T.);
#416=FACE_OUTER_BOUND('',#739,.T.);
#417=FACE_OUTER_BOUND('',#740,.T.);
#418=FACE_OUTER_BOUND('',#741,.T.);
#419=FACE_OUTER_BOUND('',#742,.T.);
#420=FACE_OUTER_BOUND('',#743,.T.);
#421=FACE_OUTER_BOUND('',#744,.T.);
#422=FACE_OUTER_BOUND('',#745,.T.);
#423=FACE_OUTER_BOUND('',#746,.T.);
#424=FACE_OUTER_BOUND('',#747,.T.);
#425=FACE_OUTER_BOUND('',#748,.T.);
#426=FACE_OUTER_BOUND('',#749,.T.);
#427=FACE_OUTER_BOUND('',#750,.T.);
#428=FACE_OUTER_BOUND('',#751,.T.);
#429=FACE_OUTER_BOUND('',#752,.T.);
#430=FACE_OUTER_BOUND('',#753,.T.);
#431=FACE_OUTER_BOUND('',#754,.T.);
#432=FACE_OUTER_BOUND('',#755,.T.);
#433=FACE_OUTER_BOUND('',#756,.T.);
#434=FACE_OUTER_BOUND('',#757,.T.);
#435=FACE_OUTER_BOUND('',#758,.T.);
#436=FACE_OUTER_BOUND('',#759,.T.);
#437=FACE_OUTER_BOUND('',#760,.T.);
#438=FACE_OUTER_BOUND('',#761,.T.);
#439=FACE_OUTER_BOUND('',#762,.T.);
#440=FACE_OUTER_BOUND('',#763,.T.);
#441=FACE_OUTER_BOUND('',#764,.T.);
#442=FACE_OUTER_BOUND('',#765,.T.);
#443=FACE_OUTER_BOUND('',#766,.T.);
#444=FACE_OUTER_BOUND('',#767,.T.);
#445=FACE_OUTER_BOUND('',#768,.T.);
#446=FACE_OUTER_BOUND('',#769,.T.);
#447=FACE_OUTER_BOUND('',#770,.T.);
#448=FACE_OUTER_BOUND('',#771,.T.);
#449=FACE_OUTER_BOUND('',#772,.T.);
#450=FACE_OUTER_BOUND('',#773,.T.);
#451=FACE_OUTER_BOUND('',#774,.T.);
#452=FACE_OUTER_BOUND('',#775,.T.);
#453=FACE_OUTER_BOUND('',#776,.T.);
#454=FACE_OUTER_BOUND('',#777,.T.);
#455=FACE_OUTER_BOUND('',#778,.T.);
#456=FACE_OUTER_BOUND('',#779,.T.);
#457=FACE_OUTER_BOUND('',#780,.T.);
#458=FACE_OUTER_BOUND('',#781,.T.);
#459=FACE_OUTER_BOUND('',#782,.T.);
#460=FACE_OUTER_BOUND('',#783,.T.);
#461=FACE_OUTER_BOUND('',#784,.T.);
#462=FACE_OUTER_BOUND('',#785,.T.);
#463=FACE_OUTER_BOUND('',#786,.T.);
#464=FACE_OUTER_BOUND('',#787,.T.);
#465=FACE_OUTER_BOUND('',#788,.T.);
#466=FACE_OUTER_BOUND('',#789,.T.);
#467=FACE_OUTER_BOUND('',#790,.T.);
#468=FACE_OUTER_BOUND('',#806,.T.);
#469=FACE_OUTER_BOUND('',#807,.T.);
#470=FACE_OUTER_BOUND('',#808,.T.);
#471=FACE_OUTER_BOUND('',#809,.T.);
#472=FACE_OUTER_BOUND('',#810,.T.);
#473=FACE_OUTER_BOUND('',#811,.T.);
#474=FACE_OUTER_BOUND('',#812,.T.);
#475=FACE_OUTER_BOUND('',#817,.T.);
#476=FACE_OUTER_BOUND('',#818,.T.);
#477=FACE_OUTER_BOUND('',#819,.T.);
#478=FACE_OUTER_BOUND('',#820,.T.);
#479=FACE_OUTER_BOUND('',#821,.T.);
#480=FACE_OUTER_BOUND('',#822,.T.);
#481=FACE_OUTER_BOUND('',#823,.T.);
#482=FACE_OUTER_BOUND('',#824,.T.);
#483=FACE_OUTER_BOUND('',#825,.T.);
#484=FACE_OUTER_BOUND('',#826,.T.);
#485=FACE_OUTER_BOUND('',#827,.T.);
#486=FACE_OUTER_BOUND('',#828,.T.);
#487=FACE_OUTER_BOUND('',#829,.T.);
#488=FACE_OUTER_BOUND('',#830,.T.);
#489=FACE_OUTER_BOUND('',#831,.T.);
#490=FACE_OUTER_BOUND('',#832,.T.);
#491=FACE_OUTER_BOUND('',#833,.T.);
#492=FACE_OUTER_BOUND('',#834,.T.);
#493=FACE_OUTER_BOUND('',#835,.T.);
#494=FACE_OUTER_BOUND('',#836,.T.);
#495=FACE_OUTER_BOUND('',#837,.T.);
#496=FACE_OUTER_BOUND('',#839,.T.);
#497=FACE_OUTER_BOUND('',#840,.T.);
#498=FACE_OUTER_BOUND('',#842,.T.);
#499=FACE_OUTER_BOUND('',#843,.T.);
#500=FACE_OUTER_BOUND('',#845,.T.);
#501=FACE_OUTER_BOUND('',#846,.T.);
#502=EDGE_LOOP('',(#3654,#3655,#3656,#3657));
#503=EDGE_LOOP('',(#3658,#3659,#3660,#3661));
#504=EDGE_LOOP('',(#3662,#3663,#3664,#3665));
#505=EDGE_LOOP('',(#3666,#3667,#3668,#3669));
#506=EDGE_LOOP('',(#3670,#3671,#3672,#3673));
#507=EDGE_LOOP('',(#3674,#3675,#3676,#3677));
#508=EDGE_LOOP('',(#3678,#3679,#3680,#3681));
#509=EDGE_LOOP('',(#3682,#3683,#3684,#3685));
#510=EDGE_LOOP('',(#3686,#3687,#3688,#3689));
#511=EDGE_LOOP('',(#3690,#3691,#3692,#3693));
#512=EDGE_LOOP('',(#3694,#3695,#3696,#3697));
#513=EDGE_LOOP('',(#3698,#3699,#3700,#3701));
#514=EDGE_LOOP('',(#3702,#3703,#3704,#3705));
#515=EDGE_LOOP('',(#3706,#3707,#3708,#3709));
#516=EDGE_LOOP('',(#3710,#3711,#3712,#3713));
#517=EDGE_LOOP('',(#3714,#3715,#3716,#3717));
#518=EDGE_LOOP('',(#3718,#3719,#3720,#3721));
#519=EDGE_LOOP('',(#3722,#3723,#3724,#3725));
#520=EDGE_LOOP('',(#3726,#3727,#3728,#3729));
#521=EDGE_LOOP('',(#3730,#3731,#3732,#3733));
#522=EDGE_LOOP('',(#3734,#3735,#3736,#3737));
#523=EDGE_LOOP('',(#3738,#3739,#3740,#3741));
#524=EDGE_LOOP('',(#3742,#3743,#3744,#3745));
#525=EDGE_LOOP('',(#3746,#3747,#3748,#3749));
#526=EDGE_LOOP('',(#3750,#3751,#3752,#3753));
#527=EDGE_LOOP('',(#3754,#3755,#3756,#3757));
#528=EDGE_LOOP('',(#3758,#3759,#3760,#3761));
#529=EDGE_LOOP('',(#3762,#3763,#3764,#3765));
#530=EDGE_LOOP('',(#3766,#3767,#3768,#3769));
#531=EDGE_LOOP('',(#3770,#3771,#3772,#3773));
#532=EDGE_LOOP('',(#3774,#3775,#3776,#3777));
#533=EDGE_LOOP('',(#3778,#3779,#3780,#3781));
#534=EDGE_LOOP('',(#3782,#3783,#3784,#3785));
#535=EDGE_LOOP('',(#3786,#3787,#3788,#3789));
#536=EDGE_LOOP('',(#3790,#3791,#3792,#3793));
#537=EDGE_LOOP('',(#3794,#3795,#3796,#3797));
#538=EDGE_LOOP('',(#3798,#3799,#3800,#3801));
#539=EDGE_LOOP('',(#3802,#3803,#3804,#3805,#3806,#3807,#3808,#3809,#3810,
#3811,#3812,#3813,#3814,#3815,#3816,#3817,#3818,#3819,#3820,#3821,#3822,
#3823,#3824,#3825,#3826,#3827,#3828));
#540=EDGE_LOOP('',(#3829,#3830,#3831,#3832,#3833,#3834,#3835,#3836,#3837,
#3838));
#541=EDGE_LOOP('',(#3839,#3840,#3841,#3842));
#542=EDGE_LOOP('',(#3843,#3844,#3845,#3846));
#543=EDGE_LOOP('',(#3847,#3848,#3849,#3850));
#544=EDGE_LOOP('',(#3851,#3852,#3853,#3854));
#545=EDGE_LOOP('',(#3855,#3856,#3857,#3858));
#546=EDGE_LOOP('',(#3859,#3860,#3861,#3862));
#547=EDGE_LOOP('',(#3863,#3864,#3865,#3866));
#548=EDGE_LOOP('',(#3867,#3868,#3869,#3870));
#549=EDGE_LOOP('',(#3871,#3872,#3873,#3874));
#550=EDGE_LOOP('',(#3875,#3876,#3877,#3878));
#551=EDGE_LOOP('',(#3879,#3880,#3881,#3882));
#552=EDGE_LOOP('',(#3883,#3884,#3885,#3886));
#553=EDGE_LOOP('',(#3887,#3888,#3889,#3890));
#554=EDGE_LOOP('',(#3891,#3892,#3893,#3894));
#555=EDGE_LOOP('',(#3895,#3896,#3897,#3898));
#556=EDGE_LOOP('',(#3899,#3900,#3901,#3902));
#557=EDGE_LOOP('',(#3903,#3904,#3905,#3906));
#558=EDGE_LOOP('',(#3907,#3908,#3909,#3910));
#559=EDGE_LOOP('',(#3911,#3912,#3913,#3914));
#560=EDGE_LOOP('',(#3915,#3916,#3917,#3918));
#561=EDGE_LOOP('',(#3919,#3920,#3921,#3922));
#562=EDGE_LOOP('',(#3923,#3924,#3925,#3926));
#563=EDGE_LOOP('',(#3927,#3928,#3929,#3930));
#564=EDGE_LOOP('',(#3931,#3932,#3933,#3934));
#565=EDGE_LOOP('',(#3935,#3936,#3937,#3938));
#566=EDGE_LOOP('',(#3939,#3940,#3941,#3942));
#567=EDGE_LOOP('',(#3943,#3944,#3945,#3946));
#568=EDGE_LOOP('',(#3947,#3948,#3949,#3950));
#569=EDGE_LOOP('',(#3951,#3952,#3953,#3954));
#570=EDGE_LOOP('',(#3955,#3956,#3957,#3958));
#571=EDGE_LOOP('',(#3959,#3960,#3961,#3962));
#572=EDGE_LOOP('',(#3963,#3964,#3965,#3966));
#573=EDGE_LOOP('',(#3967,#3968,#3969,#3970));
#574=EDGE_LOOP('',(#3971,#3972,#3973,#3974,#3975,#3976,#3977,#3978,#3979,
#3980,#3981,#3982,#3983,#3984,#3985,#3986,#3987,#3988,#3989,#3990,#3991,
#3992,#3993,#3994,#3995,#3996,#3997,#3998,#3999,#4000,#4001,#4002,#4003));
#575=EDGE_LOOP('',(#4004,#4005,#4006,#4007));
#576=EDGE_LOOP('',(#4008,#4009,#4010,#4011));
#577=EDGE_LOOP('',(#4012,#4013,#4014,#4015));
#578=EDGE_LOOP('',(#4016,#4017,#4018,#4019));
#579=EDGE_LOOP('',(#4020,#4021,#4022,#4023));
#580=EDGE_LOOP('',(#4024,#4025,#4026,#4027));
#581=EDGE_LOOP('',(#4028,#4029,#4030,#4031));
#582=EDGE_LOOP('',(#4032,#4033,#4034,#4035));
#583=EDGE_LOOP('',(#4036,#4037,#4038,#4039));
#584=EDGE_LOOP('',(#4040,#4041,#4042,#4043));
#585=EDGE_LOOP('',(#4044,#4045,#4046,#4047));
#586=EDGE_LOOP('',(#4048,#4049,#4050,#4051));
#587=EDGE_LOOP('',(#4052,#4053,#4054,#4055));
#588=EDGE_LOOP('',(#4056,#4057,#4058,#4059));
#589=EDGE_LOOP('',(#4060,#4061,#4062,#4063));
#590=EDGE_LOOP('',(#4064,#4065,#4066,#4067));
#591=EDGE_LOOP('',(#4068,#4069,#4070,#4071));
#592=EDGE_LOOP('',(#4072,#4073,#4074,#4075));
#593=EDGE_LOOP('',(#4076,#4077,#4078,#4079));
#594=EDGE_LOOP('',(#4080,#4081,#4082,#4083));
#595=EDGE_LOOP('',(#4084,#4085,#4086,#4087));
#596=EDGE_LOOP('',(#4088,#4089,#4090,#4091));
#597=EDGE_LOOP('',(#4092,#4093,#4094,#4095,#4096,#4097,#4098,#4099,#4100,
#4101,#4102,#4103,#4104,#4105));
#598=EDGE_LOOP('',(#4106,#4107,#4108,#4109,#4110,#4111,#4112,#4113));
#599=EDGE_LOOP('',(#4114,#4115,#4116,#4117));
#600=EDGE_LOOP('',(#4118,#4119,#4120,#4121));
#601=EDGE_LOOP('',(#4122,#4123,#4124,#4125));
#602=EDGE_LOOP('',(#4126,#4127,#4128,#4129));
#603=EDGE_LOOP('',(#4130,#4131,#4132,#4133));
#604=EDGE_LOOP('',(#4134,#4135,#4136,#4137));
#605=EDGE_LOOP('',(#4138,#4139,#4140,#4141));
#606=EDGE_LOOP('',(#4142,#4143,#4144,#4145));
#607=EDGE_LOOP('',(#4146,#4147,#4148,#4149));
#608=EDGE_LOOP('',(#4150,#4151,#4152,#4153));
#609=EDGE_LOOP('',(#4154,#4155,#4156,#4157));
#610=EDGE_LOOP('',(#4158,#4159,#4160,#4161));
#611=EDGE_LOOP('',(#4162,#4163,#4164,#4165));
#612=EDGE_LOOP('',(#4166,#4167,#4168,#4169));
#613=EDGE_LOOP('',(#4170,#4171,#4172,#4173));
#614=EDGE_LOOP('',(#4174,#4175,#4176,#4177));
#615=EDGE_LOOP('',(#4178,#4179,#4180,#4181));
#616=EDGE_LOOP('',(#4182,#4183,#4184,#4185));
#617=EDGE_LOOP('',(#4186,#4187,#4188,#4189));
#618=EDGE_LOOP('',(#4190,#4191,#4192,#4193,#4194,#4195,#4196,#4197,#4198,
#4199,#4200,#4201,#4202,#4203,#4204,#4205,#4206,#4207,#4208));
#619=EDGE_LOOP('',(#4209,#4210,#4211,#4212));
#620=EDGE_LOOP('',(#4213,#4214,#4215,#4216));
#621=EDGE_LOOP('',(#4217,#4218,#4219,#4220));
#622=EDGE_LOOP('',(#4221,#4222,#4223,#4224));
#623=EDGE_LOOP('',(#4225,#4226,#4227,#4228));
#624=EDGE_LOOP('',(#4229,#4230,#4231,#4232));
#625=EDGE_LOOP('',(#4233,#4234,#4235,#4236));
#626=EDGE_LOOP('',(#4237,#4238,#4239,#4240));
#627=EDGE_LOOP('',(#4241,#4242,#4243,#4244));
#628=EDGE_LOOP('',(#4245,#4246,#4247,#4248));
#629=EDGE_LOOP('',(#4249,#4250,#4251,#4252));
#630=EDGE_LOOP('',(#4253,#4254,#4255,#4256));
#631=EDGE_LOOP('',(#4257,#4258,#4259,#4260));
#632=EDGE_LOOP('',(#4261,#4262,#4263,#4264));
#633=EDGE_LOOP('',(#4265,#4266,#4267,#4268));
#634=EDGE_LOOP('',(#4269,#4270,#4271,#4272));
#635=EDGE_LOOP('',(#4273,#4274,#4275,#4276));
#636=EDGE_LOOP('',(#4277,#4278,#4279,#4280));
#637=EDGE_LOOP('',(#4281,#4282,#4283,#4284));
#638=EDGE_LOOP('',(#4285,#4286,#4287,#4288));
#639=EDGE_LOOP('',(#4289,#4290,#4291,#4292));
#640=EDGE_LOOP('',(#4293,#4294,#4295,#4296));
#641=EDGE_LOOP('',(#4297,#4298,#4299,#4300));
#642=EDGE_LOOP('',(#4301,#4302,#4303,#4304,#4305,#4306,#4307,#4308,#4309,
#4310,#4311,#4312,#4313,#4314,#4315));
#643=EDGE_LOOP('',(#4316,#4317,#4318,#4319,#4320,#4321,#4322,#4323));
#644=EDGE_LOOP('',(#4324,#4325,#4326,#4327));
#645=EDGE_LOOP('',(#4328,#4329,#4330,#4331));
#646=EDGE_LOOP('',(#4332,#4333,#4334,#4335));
#647=EDGE_LOOP('',(#4336,#4337,#4338,#4339));
#648=EDGE_LOOP('',(#4340,#4341,#4342,#4343));
#649=EDGE_LOOP('',(#4344,#4345,#4346,#4347));
#650=EDGE_LOOP('',(#4348,#4349,#4350,#4351));
#651=EDGE_LOOP('',(#4352,#4353,#4354,#4355));
#652=EDGE_LOOP('',(#4356,#4357,#4358,#4359));
#653=EDGE_LOOP('',(#4360,#4361,#4362,#4363));
#654=EDGE_LOOP('',(#4364,#4365,#4366,#4367));
#655=EDGE_LOOP('',(#4368,#4369,#4370,#4371));
#656=EDGE_LOOP('',(#4372,#4373,#4374,#4375));
#657=EDGE_LOOP('',(#4376,#4377,#4378,#4379));
#658=EDGE_LOOP('',(#4380,#4381,#4382,#4383));
#659=EDGE_LOOP('',(#4384,#4385,#4386,#4387));
#660=EDGE_LOOP('',(#4388,#4389,#4390,#4391));
#661=EDGE_LOOP('',(#4392,#4393,#4394,#4395));
#662=EDGE_LOOP('',(#4396,#4397,#4398,#4399));
#663=EDGE_LOOP('',(#4400,#4401,#4402,#4403));
#664=EDGE_LOOP('',(#4404,#4405,#4406,#4407));
#665=EDGE_LOOP('',(#4408,#4409,#4410,#4411));
#666=EDGE_LOOP('',(#4412,#4413,#4414,#4415));
#667=EDGE_LOOP('',(#4416,#4417,#4418,#4419));
#668=EDGE_LOOP('',(#4420,#4421,#4422,#4423));
#669=EDGE_LOOP('',(#4424,#4425,#4426,#4427));
#670=EDGE_LOOP('',(#4428,#4429,#4430,#4431));
#671=EDGE_LOOP('',(#4432,#4433,#4434,#4435));
#672=EDGE_LOOP('',(#4436,#4437,#4438,#4439));
#673=EDGE_LOOP('',(#4440,#4441,#4442,#4443));
#674=EDGE_LOOP('',(#4444,#4445,#4446,#4447));
#675=EDGE_LOOP('',(#4448,#4449,#4450,#4451));
#676=EDGE_LOOP('',(#4452,#4453,#4454,#4455));
#677=EDGE_LOOP('',(#4456,#4457,#4458,#4459));
#678=EDGE_LOOP('',(#4460,#4461,#4462,#4463));
#679=EDGE_LOOP('',(#4464,#4465,#4466,#4467));
#680=EDGE_LOOP('',(#4468,#4469,#4470,#4471));
#681=EDGE_LOOP('',(#4472,#4473,#4474,#4475,#4476,#4477,#4478,#4479,#4480,
#4481,#4482,#4483,#4484,#4485,#4486,#4487,#4488,#4489,#4490,#4491,#4492,
#4493,#4494,#4495,#4496,#4497,#4498));
#682=EDGE_LOOP('',(#4499,#4500,#4501,#4502,#4503,#4504,#4505,#4506,#4507,
#4508));
#683=EDGE_LOOP('',(#4509,#4510,#4511,#4512));
#684=EDGE_LOOP('',(#4513,#4514,#4515,#4516));
#685=EDGE_LOOP('',(#4517,#4518,#4519,#4520));
#686=EDGE_LOOP('',(#4521,#4522,#4523,#4524));
#687=EDGE_LOOP('',(#4525,#4526,#4527,#4528));
#688=EDGE_LOOP('',(#4529,#4530,#4531,#4532));
#689=EDGE_LOOP('',(#4533,#4534,#4535,#4536));
#690=EDGE_LOOP('',(#4537,#4538,#4539,#4540));
#691=EDGE_LOOP('',(#4541,#4542,#4543,#4544));
#692=EDGE_LOOP('',(#4545,#4546,#4547,#4548));
#693=EDGE_LOOP('',(#4549,#4550,#4551,#4552));
#694=EDGE_LOOP('',(#4553,#4554,#4555,#4556));
#695=EDGE_LOOP('',(#4557,#4558,#4559,#4560,#4561,#4562,#4563,#4564,#4565,
#4566,#4567,#4568));
#696=EDGE_LOOP('',(#4569,#4570,#4571,#4572));
#697=EDGE_LOOP('',(#4573,#4574,#4575,#4576));
#698=EDGE_LOOP('',(#4577,#4578,#4579,#4580));
#699=EDGE_LOOP('',(#4581,#4582,#4583,#4584));
#700=EDGE_LOOP('',(#4585,#4586,#4587,#4588));
#701=EDGE_LOOP('',(#4589,#4590,#4591,#4592));
#702=EDGE_LOOP('',(#4593,#4594,#4595,#4596));
#703=EDGE_LOOP('',(#4597,#4598,#4599,#4600));
#704=EDGE_LOOP('',(#4601,#4602,#4603,#4604));
#705=EDGE_LOOP('',(#4605,#4606,#4607,#4608));
#706=EDGE_LOOP('',(#4609,#4610,#4611,#4612));
#707=EDGE_LOOP('',(#4613,#4614,#4615,#4616));
#708=EDGE_LOOP('',(#4617,#4618,#4619,#4620));
#709=EDGE_LOOP('',(#4621,#4622,#4623,#4624));
#710=EDGE_LOOP('',(#4625,#4626,#4627,#4628));
#711=EDGE_LOOP('',(#4629,#4630,#4631,#4632));
#712=EDGE_LOOP('',(#4633,#4634,#4635,#4636));
#713=EDGE_LOOP('',(#4637,#4638,#4639,#4640));
#714=EDGE_LOOP('',(#4641,#4642,#4643,#4644));
#715=EDGE_LOOP('',(#4645,#4646,#4647,#4648));
#716=EDGE_LOOP('',(#4649,#4650,#4651,#4652));
#717=EDGE_LOOP('',(#4653,#4654,#4655,#4656));
#718=EDGE_LOOP('',(#4657,#4658,#4659,#4660));
#719=EDGE_LOOP('',(#4661,#4662,#4663,#4664));
#720=EDGE_LOOP('',(#4665,#4666,#4667,#4668));
#721=EDGE_LOOP('',(#4669,#4670,#4671,#4672));
#722=EDGE_LOOP('',(#4673,#4674,#4675,#4676));
#723=EDGE_LOOP('',(#4677,#4678,#4679,#4680));
#724=EDGE_LOOP('',(#4681,#4682,#4683,#4684));
#725=EDGE_LOOP('',(#4685,#4686,#4687,#4688));
#726=EDGE_LOOP('',(#4689,#4690,#4691,#4692));
#727=EDGE_LOOP('',(#4693,#4694,#4695,#4696));
#728=EDGE_LOOP('',(#4697,#4698,#4699,#4700));
#729=EDGE_LOOP('',(#4701,#4702,#4703,#4704));
#730=EDGE_LOOP('',(#4705,#4706,#4707,#4708));
#731=EDGE_LOOP('',(#4709,#4710,#4711,#4712));
#732=EDGE_LOOP('',(#4713,#4714,#4715,#4716));
#733=EDGE_LOOP('',(#4717,#4718,#4719,#4720,#4721,#4722,#4723,#4724,#4725,
#4726,#4727,#4728,#4729,#4730,#4731,#4732,#4733,#4734,#4735,#4736,#4737,
#4738,#4739,#4740,#4741,#4742,#4743));
#734=EDGE_LOOP('',(#4744,#4745,#4746,#4747,#4748,#4749,#4750,#4751,#4752,
#4753));
#735=EDGE_LOOP('',(#4754,#4755,#4756,#4757));
#736=EDGE_LOOP('',(#4758,#4759,#4760,#4761));
#737=EDGE_LOOP('',(#4762,#4763,#4764,#4765));
#738=EDGE_LOOP('',(#4766,#4767,#4768,#4769));
#739=EDGE_LOOP('',(#4770,#4771,#4772,#4773));
#740=EDGE_LOOP('',(#4774,#4775,#4776,#4777));
#741=EDGE_LOOP('',(#4778,#4779,#4780,#4781));
#742=EDGE_LOOP('',(#4782,#4783,#4784,#4785));
#743=EDGE_LOOP('',(#4786,#4787,#4788,#4789));
#744=EDGE_LOOP('',(#4790,#4791,#4792,#4793));
#745=EDGE_LOOP('',(#4794,#4795,#4796,#4797));
#746=EDGE_LOOP('',(#4798,#4799,#4800,#4801));
#747=EDGE_LOOP('',(#4802,#4803,#4804,#4805));
#748=EDGE_LOOP('',(#4806,#4807,#4808,#4809));
#749=EDGE_LOOP('',(#4810,#4811,#4812,#4813));
#750=EDGE_LOOP('',(#4814,#4815,#4816,#4817));
#751=EDGE_LOOP('',(#4818,#4819,#4820,#4821));
#752=EDGE_LOOP('',(#4822,#4823,#4824,#4825,#4826,#4827,#4828,#4829,#4830,
#4831,#4832,#4833,#4834,#4835,#4836,#4837,#4838));
#753=EDGE_LOOP('',(#4839,#4840,#4841,#4842));
#754=EDGE_LOOP('',(#4843,#4844,#4845,#4846));
#755=EDGE_LOOP('',(#4847,#4848,#4849,#4850));
#756=EDGE_LOOP('',(#4851,#4852,#4853,#4854));
#757=EDGE_LOOP('',(#4855,#4856,#4857,#4858));
#758=EDGE_LOOP('',(#4859,#4860,#4861,#4862));
#759=EDGE_LOOP('',(#4863,#4864,#4865,#4866));
#760=EDGE_LOOP('',(#4867,#4868,#4869,#4870));
#761=EDGE_LOOP('',(#4871,#4872,#4873,#4874));
#762=EDGE_LOOP('',(#4875,#4876,#4877,#4878));
#763=EDGE_LOOP('',(#4879,#4880,#4881,#4882));
#764=EDGE_LOOP('',(#4883,#4884,#4885,#4886));
#765=EDGE_LOOP('',(#4887,#4888,#4889,#4890));
#766=EDGE_LOOP('',(#4891,#4892,#4893,#4894));
#767=EDGE_LOOP('',(#4895,#4896,#4897,#4898));
#768=EDGE_LOOP('',(#4899,#4900,#4901,#4902));
#769=EDGE_LOOP('',(#4903,#4904,#4905,#4906));
#770=EDGE_LOOP('',(#4907,#4908,#4909,#4910));
#771=EDGE_LOOP('',(#4911,#4912,#4913,#4914));
#772=EDGE_LOOP('',(#4915,#4916,#4917,#4918));
#773=EDGE_LOOP('',(#4919,#4920,#4921,#4922,#4923,#4924,#4925,#4926,#4927,
#4928,#4929,#4930,#4931,#4932,#4933,#4934,#4935,#4936,#4937,#4938));
#774=EDGE_LOOP('',(#4939,#4940,#4941,#4942));
#775=EDGE_LOOP('',(#4943,#4944,#4945,#4946));
#776=EDGE_LOOP('',(#4947,#4948,#4949,#4950));
#777=EDGE_LOOP('',(#4951,#4952,#4953,#4954));
#778=EDGE_LOOP('',(#4955,#4956,#4957,#4958));
#779=EDGE_LOOP('',(#4959,#4960,#4961,#4962));
#780=EDGE_LOOP('',(#4963,#4964,#4965,#4966));
#781=EDGE_LOOP('',(#4967,#4968,#4969,#4970));
#782=EDGE_LOOP('',(#4971,#4972,#4973,#4974));
#783=EDGE_LOOP('',(#4975,#4976,#4977,#4978));
#784=EDGE_LOOP('',(#4979,#4980,#4981,#4982));
#785=EDGE_LOOP('',(#4983,#4984,#4985,#4986));
#786=EDGE_LOOP('',(#4987,#4988,#4989,#4990));
#787=EDGE_LOOP('',(#4991,#4992,#4993,#4994));
#788=EDGE_LOOP('',(#4995,#4996,#4997,#4998));
#789=EDGE_LOOP('',(#4999,#5000,#5001,#5002,#5003,#5004,#5005,#5006,#5007,
#5008,#5009,#5010,#5011,#5012,#5013));
#790=EDGE_LOOP('',(#5014,#5015,#5016,#5017,#5018,#5019,#5020,#5021));
#791=EDGE_LOOP('',(#5022));
#792=EDGE_LOOP('',(#5023));
#793=EDGE_LOOP('',(#5024));
#794=EDGE_LOOP('',(#5025));
#795=EDGE_LOOP('',(#5026,#5027,#5028,#5029,#5030,#5031,#5032,#5033,#5034,
#5035,#5036,#5037,#5038,#5039,#5040));
#796=EDGE_LOOP('',(#5041,#5042,#5043,#5044,#5045,#5046,#5047,#5048,#5049,
#5050,#5051,#5052,#5053,#5054,#5055,#5056,#5057,#5058,#5059,#5060));
#797=EDGE_LOOP('',(#5061,#5062,#5063,#5064,#5065,#5066,#5067,#5068,#5069,
#5070,#5071,#5072,#5073,#5074,#5075,#5076,#5077));
#798=EDGE_LOOP('',(#5078,#5079,#5080,#5081,#5082,#5083,#5084,#5085,#5086,
#5087,#5088,#5089,#5090,#5091,#5092,#5093,#5094,#5095,#5096,#5097,#5098,
#5099,#5100,#5101,#5102,#5103,#5104));
#799=EDGE_LOOP('',(#5105,#5106,#5107,#5108,#5109,#5110,#5111,#5112,#5113,
#5114,#5115,#5116));
#800=EDGE_LOOP('',(#5117,#5118,#5119,#5120,#5121,#5122,#5123,#5124,#5125,
#5126,#5127,#5128,#5129,#5130,#5131,#5132,#5133,#5134,#5135,#5136,#5137,
#5138,#5139,#5140,#5141,#5142,#5143));
#801=EDGE_LOOP('',(#5144,#5145,#5146,#5147,#5148,#5149,#5150,#5151,#5152,
#5153,#5154,#5155,#5156,#5157,#5158));
#802=EDGE_LOOP('',(#5159,#5160,#5161,#5162,#5163,#5164,#5165,#5166,#5167,
#5168,#5169,#5170,#5171,#5172,#5173,#5174,#5175,#5176,#5177));
#803=EDGE_LOOP('',(#5178,#5179,#5180,#5181,#5182,#5183,#5184,#5185,#5186,
#5187,#5188,#5189,#5190,#5191));
#804=EDGE_LOOP('',(#5192,#5193,#5194,#5195,#5196,#5197,#5198,#5199,#5200,
#5201,#5202,#5203,#5204,#5205,#5206,#5207,#5208,#5209,#5210,#5211,#5212,
#5213,#5214,#5215,#5216,#5217,#5218,#5219,#5220,#5221,#5222,#5223,#5224));
#805=EDGE_LOOP('',(#5225,#5226,#5227,#5228,#5229,#5230,#5231,#5232,#5233,
#5234,#5235,#5236,#5237,#5238,#5239,#5240,#5241,#5242,#5243,#5244,#5245,
#5246,#5247,#5248,#5249,#5250,#5251));
#806=EDGE_LOOP('',(#5252,#5253,#5254,#5255,#5256,#5257,#5258,#5259,#5260,
#5261));
#807=EDGE_LOOP('',(#5262,#5263,#5264,#5265,#5266,#5267,#5268,#5269,#5270,
#5271));
#808=EDGE_LOOP('',(#5272,#5273,#5274,#5275,#5276,#5277,#5278,#5279));
#809=EDGE_LOOP('',(#5280,#5281,#5282,#5283,#5284,#5285,#5286,#5287));
#810=EDGE_LOOP('',(#5288,#5289,#5290,#5291));
#811=EDGE_LOOP('',(#5292,#5293,#5294,#5295));
#812=EDGE_LOOP('',(#5296,#5297,#5298,#5299,#5300,#5301,#5302,#5303,#5304,
#5305,#5306,#5307,#5308,#5309,#5310,#5311));
#813=EDGE_LOOP('',(#5312));
#814=EDGE_LOOP('',(#5313));
#815=EDGE_LOOP('',(#5314));
#816=EDGE_LOOP('',(#5315));
#817=EDGE_LOOP('',(#5316,#5317,#5318,#5319));
#818=EDGE_LOOP('',(#5320,#5321,#5322,#5323));
#819=EDGE_LOOP('',(#5324,#5325,#5326,#5327));
#820=EDGE_LOOP('',(#5328,#5329,#5330,#5331));
#821=EDGE_LOOP('',(#5332,#5333,#5334,#5335));
#822=EDGE_LOOP('',(#5336,#5337,#5338,#5339,#5340,#5341,#5342,#5343));
#823=EDGE_LOOP('',(#5344,#5345,#5346,#5347));
#824=EDGE_LOOP('',(#5348,#5349,#5350,#5351));
#825=EDGE_LOOP('',(#5352,#5353,#5354,#5355));
#826=EDGE_LOOP('',(#5356,#5357,#5358,#5359,#5360,#5361,#5362,#5363));
#827=EDGE_LOOP('',(#5364,#5365,#5366,#5367));
#828=EDGE_LOOP('',(#5368,#5369,#5370,#5371));
#829=EDGE_LOOP('',(#5372,#5373,#5374,#5375));
#830=EDGE_LOOP('',(#5376,#5377,#5378,#5379));
#831=EDGE_LOOP('',(#5380,#5381,#5382,#5383));
#832=EDGE_LOOP('',(#5384,#5385,#5386,#5387));
#833=EDGE_LOOP('',(#5388,#5389,#5390,#5391));
#834=EDGE_LOOP('',(#5392,#5393,#5394,#5395));
#835=EDGE_LOOP('',(#5396,#5397,#5398,#5399,#5400,#5401,#5402,#5403,#5404,
#5405));
#836=EDGE_LOOP('',(#5406,#5407,#5408,#5409));
#837=EDGE_LOOP('',(#5410));
#838=EDGE_LOOP('',(#5411));
#839=EDGE_LOOP('',(#5412,#5413,#5414,#5415));
#840=EDGE_LOOP('',(#5416));
#841=EDGE_LOOP('',(#5417));
#842=EDGE_LOOP('',(#5418,#5419,#5420,#5421));
#843=EDGE_LOOP('',(#5422));
#844=EDGE_LOOP('',(#5423));
#845=EDGE_LOOP('',(#5424,#5425,#5426,#5427));
#846=EDGE_LOOP('',(#5428));
#847=EDGE_LOOP('',(#5429));
#848=LINE('',#6869,#1310);
#849=LINE('',#6876,#1311);
#850=LINE('',#6894,#1312);
#851=LINE('',#6917,#1313);
#852=LINE('',#6940,#1314);
#853=LINE('',#6963,#1315);
#854=LINE('',#6986,#1316);
#855=LINE('',#7009,#1317);
#856=LINE('',#7032,#1318);
#857=LINE('',#7055,#1319);
#858=LINE('',#7062,#1320);
#859=LINE('',#7063,#1321);
#860=LINE('',#7067,#1322);
#861=LINE('',#7069,#1323);
#862=LINE('',#7071,#1324);
#863=LINE('',#7072,#1325);
#864=LINE('',#7090,#1326);
#865=LINE('',#7113,#1327);
#866=LINE('',#7121,#1328);
#867=LINE('',#7123,#1329);
#868=LINE('',#7124,#1330);
#869=LINE('',#7142,#1331);
#870=LINE('',#7165,#1332);
#871=LINE('',#7188,#1333);
#872=LINE('',#7211,#1334);
#873=LINE('',#7234,#1335);
#874=LINE('',#7257,#1336);
#875=LINE('',#7280,#1337);
#876=LINE('',#7288,#1338);
#877=LINE('',#7290,#1339);
#878=LINE('',#7291,#1340);
#879=LINE('',#7309,#1341);
#880=LINE('',#7332,#1342);
#881=LINE('',#7355,#1343);
#882=LINE('',#7378,#1344);
#883=LINE('',#7401,#1345);
#884=LINE('',#7424,#1346);
#885=LINE('',#7447,#1347);
#886=LINE('',#7470,#1348);
#887=LINE('',#7493,#1349);
#888=LINE('',#7516,#1350);
#889=LINE('',#7539,#1351);
#890=LINE('',#7562,#1352);
#891=LINE('',#7585,#1353);
#892=LINE('',#7608,#1354);
#893=LINE('',#7653,#1355);
#894=LINE('',#7660,#1356);
#895=LINE('',#7678,#1357);
#896=LINE('',#7701,#1358);
#897=LINE('',#7724,#1359);
#898=LINE('',#7747,#1360);
#899=LINE('',#7770,#1361);
#900=LINE('',#7793,#1362);
#901=LINE('',#7816,#1363);
#902=LINE('',#7839,#1364);
#903=LINE('',#7862,#1365);
#904=LINE('',#7885,#1366);
#905=LINE('',#7908,#1367);
#906=LINE('',#7931,#1368);
#907=LINE('',#7954,#1369);
#908=LINE('',#7962,#1370);
#909=LINE('',#7964,#1371);
#910=LINE('',#7965,#1372);
#911=LINE('',#7983,#1373);
#912=LINE('',#8006,#1374);
#913=LINE('',#8029,#1375);
#914=LINE('',#8052,#1376);
#915=LINE('',#8075,#1377);
#916=LINE('',#8098,#1378);
#917=LINE('',#8121,#1379);
#918=LINE('',#8144,#1380);
#919=LINE('',#8167,#1381);
#920=LINE('',#8190,#1382);
#921=LINE('',#8213,#1383);
#922=LINE('',#8236,#1384);
#923=LINE('',#8259,#1385);
#924=LINE('',#8282,#1386);
#925=LINE('',#8305,#1387);
#926=LINE('',#8328,#1388);
#927=LINE('',#8336,#1389);
#928=LINE('',#8338,#1390);
#929=LINE('',#8339,#1391);
#930=LINE('',#8379,#1392);
#931=LINE('',#8386,#1393);
#932=LINE('',#8404,#1394);
#933=LINE('',#8427,#1395);
#934=LINE('',#8450,#1396);
#935=LINE('',#8473,#1397);
#936=LINE('',#8496,#1398);
#937=LINE('',#8519,#1399);
#938=LINE('',#8548,#1400);
#939=LINE('',#8550,#1401);
#940=LINE('',#8552,#1402);
#941=LINE('',#8553,#1403);
#942=LINE('',#8556,#1404);
#943=LINE('',#8558,#1405);
#944=LINE('',#8559,#1406);
#945=LINE('',#8562,#1407);
#946=LINE('',#8564,#1408);
#947=LINE('',#8565,#1409);
#948=LINE('',#8583,#1410);
#949=LINE('',#8606,#1411);
#950=LINE('',#8629,#1412);
#951=LINE('',#8652,#1413);
#952=LINE('',#8675,#1414);
#953=LINE('',#8698,#1415);
#954=LINE('',#8721,#1416);
#955=LINE('',#8744,#1417);
#956=LINE('',#8767,#1418);
#957=LINE('',#8775,#1419);
#958=LINE('',#8777,#1420);
#959=LINE('',#8778,#1421);
#960=LINE('',#8780,#1422);
#961=LINE('',#8781,#1423);
#962=LINE('',#8801,#1424);
#963=LINE('',#8808,#1425);
#964=LINE('',#8826,#1426);
#965=LINE('',#8849,#1427);
#966=LINE('',#8872,#1428);
#967=LINE('',#8895,#1429);
#968=LINE('',#8918,#1430);
#969=LINE('',#8941,#1431);
#970=LINE('',#8949,#1432);
#971=LINE('',#8951,#1433);
#972=LINE('',#8952,#1434);
#973=LINE('',#8970,#1435);
#974=LINE('',#8993,#1436);
#975=LINE('',#9016,#1437);
#976=LINE('',#9039,#1438);
#977=LINE('',#9062,#1439);
#978=LINE('',#9085,#1440);
#979=LINE('',#9108,#1441);
#980=LINE('',#9131,#1442);
#981=LINE('',#9154,#1443);
#982=LINE('',#9162,#1444);
#983=LINE('',#9164,#1445);
#984=LINE('',#9165,#1446);
#985=LINE('',#9205,#1447);
#986=LINE('',#9212,#1448);
#987=LINE('',#9230,#1449);
#988=LINE('',#9253,#1450);
#989=LINE('',#9276,#1451);
#990=LINE('',#9299,#1452);
#991=LINE('',#9322,#1453);
#992=LINE('',#9345,#1454);
#993=LINE('',#9374,#1455);
#994=LINE('',#9376,#1456);
#995=LINE('',#9378,#1457);
#996=LINE('',#9379,#1458);
#997=LINE('',#9397,#1459);
#998=LINE('',#9420,#1460);
#999=LINE('',#9443,#1461);
#1000=LINE('',#9466,#1462);
#1001=LINE('',#9489,#1463);
#1002=LINE('',#9512,#1464);
#1003=LINE('',#9535,#1465);
#1004=LINE('',#9558,#1466);
#1005=LINE('',#9581,#1467);
#1006=LINE('',#9604,#1468);
#1007=LINE('',#9612,#1469);
#1008=LINE('',#9614,#1470);
#1009=LINE('',#9615,#1471);
#1010=LINE('',#9618,#1472);
#1011=LINE('',#9620,#1473);
#1012=LINE('',#9621,#1474);
#1013=LINE('',#9624,#1475);
#1014=LINE('',#9626,#1476);
#1015=LINE('',#9627,#1477);
#1016=LINE('',#9629,#1478);
#1017=LINE('',#9630,#1479);
#1018=LINE('',#9650,#1480);
#1019=LINE('',#9657,#1481);
#1020=LINE('',#9675,#1482);
#1021=LINE('',#9698,#1483);
#1022=LINE('',#9721,#1484);
#1023=LINE('',#9744,#1485);
#1024=LINE('',#9767,#1486);
#1025=LINE('',#9790,#1487);
#1026=LINE('',#9813,#1488);
#1027=LINE('',#9836,#1489);
#1028=LINE('',#9843,#1490);
#1029=LINE('',#9844,#1491);
#1030=LINE('',#9848,#1492);
#1031=LINE('',#9850,#1493);
#1032=LINE('',#9852,#1494);
#1033=LINE('',#9853,#1495);
#1034=LINE('',#9871,#1496);
#1035=LINE('',#9894,#1497);
#1036=LINE('',#9902,#1498);
#1037=LINE('',#9904,#1499);
#1038=LINE('',#9905,#1500);
#1039=LINE('',#9923,#1501);
#1040=LINE('',#9946,#1502);
#1041=LINE('',#9969,#1503);
#1042=LINE('',#9992,#1504);
#1043=LINE('',#10015,#1505);
#1044=LINE('',#10038,#1506);
#1045=LINE('',#10061,#1507);
#1046=LINE('',#10069,#1508);
#1047=LINE('',#10071,#1509);
#1048=LINE('',#10072,#1510);
#1049=LINE('',#10090,#1511);
#1050=LINE('',#10113,#1512);
#1051=LINE('',#10136,#1513);
#1052=LINE('',#10159,#1514);
#1053=LINE('',#10182,#1515);
#1054=LINE('',#10205,#1516);
#1055=LINE('',#10228,#1517);
#1056=LINE('',#10251,#1518);
#1057=LINE('',#10274,#1519);
#1058=LINE('',#10297,#1520);
#1059=LINE('',#10320,#1521);
#1060=LINE('',#10343,#1522);
#1061=LINE('',#10366,#1523);
#1062=LINE('',#10389,#1524);
#1063=LINE('',#10419,#1525);
#1064=LINE('',#10421,#1526);
#1065=LINE('',#10423,#1527);
#1066=LINE('',#10424,#1528);
#1067=LINE('',#10427,#1529);
#1068=LINE('',#10429,#1530);
#1069=LINE('',#10430,#1531);
#1070=LINE('',#10433,#1532);
#1071=LINE('',#10435,#1533);
#1072=LINE('',#10436,#1534);
#1073=LINE('',#10439,#1535);
#1074=LINE('',#10441,#1536);
#1075=LINE('',#10442,#1537);
#1076=LINE('',#10445,#1538);
#1077=LINE('',#10447,#1539);
#1078=LINE('',#10448,#1540);
#1079=LINE('',#10451,#1541);
#1080=LINE('',#10453,#1542);
#1081=LINE('',#10454,#1543);
#1082=LINE('',#10457,#1544);
#1083=LINE('',#10459,#1545);
#1084=LINE('',#10460,#1546);
#1085=LINE('',#10463,#1547);
#1086=LINE('',#10465,#1548);
#1087=LINE('',#10466,#1549);
#1088=LINE('',#10469,#1550);
#1089=LINE('',#10471,#1551);
#1090=LINE('',#10472,#1552);
#1091=LINE('',#10475,#1553);
#1092=LINE('',#10477,#1554);
#1093=LINE('',#10478,#1555);
#1094=LINE('',#10481,#1556);
#1095=LINE('',#10483,#1557);
#1096=LINE('',#10484,#1558);
#1097=LINE('',#10486,#1559);
#1098=LINE('',#10487,#1560);
#1099=LINE('',#10507,#1561);
#1100=LINE('',#10514,#1562);
#1101=LINE('',#10532,#1563);
#1102=LINE('',#10555,#1564);
#1103=LINE('',#10578,#1565);
#1104=LINE('',#10601,#1566);
#1105=LINE('',#10624,#1567);
#1106=LINE('',#10647,#1568);
#1107=LINE('',#10670,#1569);
#1108=LINE('',#10693,#1570);
#1109=LINE('',#10700,#1571);
#1110=LINE('',#10701,#1572);
#1111=LINE('',#10705,#1573);
#1112=LINE('',#10707,#1574);
#1113=LINE('',#10709,#1575);
#1114=LINE('',#10710,#1576);
#1115=LINE('',#10728,#1577);
#1116=LINE('',#10751,#1578);
#1117=LINE('',#10759,#1579);
#1118=LINE('',#10761,#1580);
#1119=LINE('',#10762,#1581);
#1120=LINE('',#10780,#1582);
#1121=LINE('',#10803,#1583);
#1122=LINE('',#10826,#1584);
#1123=LINE('',#10849,#1585);
#1124=LINE('',#10872,#1586);
#1125=LINE('',#10895,#1587);
#1126=LINE('',#10918,#1588);
#1127=LINE('',#10926,#1589);
#1128=LINE('',#10928,#1590);
#1129=LINE('',#10929,#1591);
#1130=LINE('',#10947,#1592);
#1131=LINE('',#10970,#1593);
#1132=LINE('',#10993,#1594);
#1133=LINE('',#11016,#1595);
#1134=LINE('',#11039,#1596);
#1135=LINE('',#11062,#1597);
#1136=LINE('',#11085,#1598);
#1137=LINE('',#11108,#1599);
#1138=LINE('',#11131,#1600);
#1139=LINE('',#11154,#1601);
#1140=LINE('',#11177,#1602);
#1141=LINE('',#11200,#1603);
#1142=LINE('',#11223,#1604);
#1143=LINE('',#11246,#1605);
#1144=LINE('',#11276,#1606);
#1145=LINE('',#11278,#1607);
#1146=LINE('',#11280,#1608);
#1147=LINE('',#11281,#1609);
#1148=LINE('',#11299,#1610);
#1149=LINE('',#11322,#1611);
#1150=LINE('',#11345,#1612);
#1151=LINE('',#11368,#1613);
#1152=LINE('',#11391,#1614);
#1153=LINE('',#11399,#1615);
#1154=LINE('',#11401,#1616);
#1155=LINE('',#11402,#1617);
#1156=LINE('',#11405,#1618);
#1157=LINE('',#11407,#1619);
#1158=LINE('',#11408,#1620);
#1159=LINE('',#11411,#1621);
#1160=LINE('',#11413,#1622);
#1161=LINE('',#11414,#1623);
#1162=LINE('',#11432,#1624);
#1163=LINE('',#11455,#1625);
#1164=LINE('',#11478,#1626);
#1165=LINE('',#11501,#1627);
#1166=LINE('',#11509,#1628);
#1167=LINE('',#11511,#1629);
#1168=LINE('',#11512,#1630);
#1169=LINE('',#11515,#1631);
#1170=LINE('',#11517,#1632);
#1171=LINE('',#11518,#1633);
#1172=LINE('',#11521,#1634);
#1173=LINE('',#11523,#1635);
#1174=LINE('',#11524,#1636);
#1175=LINE('',#11526,#1637);
#1176=LINE('',#11527,#1638);
#1177=LINE('',#11547,#1639);
#1178=LINE('',#11554,#1640);
#1179=LINE('',#11572,#1641);
#1180=LINE('',#11595,#1642);
#1181=LINE('',#11603,#1643);
#1182=LINE('',#11605,#1644);
#1183=LINE('',#11606,#1645);
#1184=LINE('',#11609,#1646);
#1185=LINE('',#11611,#1647);
#1186=LINE('',#11612,#1648);
#1187=LINE('',#11615,#1649);
#1188=LINE('',#11617,#1650);
#1189=LINE('',#11618,#1651);
#1190=LINE('',#11621,#1652);
#1191=LINE('',#11623,#1653);
#1192=LINE('',#11624,#1654);
#1193=LINE('',#11627,#1655);
#1194=LINE('',#11629,#1656);
#1195=LINE('',#11630,#1657);
#1196=LINE('',#11633,#1658);
#1197=LINE('',#11635,#1659);
#1198=LINE('',#11636,#1660);
#1199=LINE('',#11639,#1661);
#1200=LINE('',#11641,#1662);
#1201=LINE('',#11642,#1663);
#1202=LINE('',#11645,#1664);
#1203=LINE('',#11647,#1665);
#1204=LINE('',#11648,#1666);
#1205=LINE('',#11651,#1667);
#1206=LINE('',#11653,#1668);
#1207=LINE('',#11654,#1669);
#1208=LINE('',#11657,#1670);
#1209=LINE('',#11659,#1671);
#1210=LINE('',#11660,#1672);
#1211=LINE('',#11663,#1673);
#1212=LINE('',#11665,#1674);
#1213=LINE('',#11666,#1675);
#1214=LINE('',#11684,#1676);
#1215=LINE('',#11707,#1677);
#1216=LINE('',#11730,#1678);
#1217=LINE('',#11753,#1679);
#1218=LINE('',#11761,#1680);
#1219=LINE('',#11763,#1681);
#1220=LINE('',#11764,#1682);
#1221=LINE('',#11789,#1683);
#1222=LINE('',#11791,#1684);
#1223=LINE('',#11793,#1685);
#1224=LINE('',#11794,#1686);
#1225=LINE('',#11797,#1687);
#1226=LINE('',#11799,#1688);
#1227=LINE('',#11800,#1689);
#1228=LINE('',#11803,#1690);
#1229=LINE('',#11805,#1691);
#1230=LINE('',#11806,#1692);
#1231=LINE('',#11809,#1693);
#1232=LINE('',#11811,#1694);
#1233=LINE('',#11812,#1695);
#1234=LINE('',#11815,#1696);
#1235=LINE('',#11817,#1697);
#1236=LINE('',#11818,#1698);
#1237=LINE('',#11821,#1699);
#1238=LINE('',#11823,#1700);
#1239=LINE('',#11824,#1701);
#1240=LINE('',#11827,#1702);
#1241=LINE('',#11829,#1703);
#1242=LINE('',#11830,#1704);
#1243=LINE('',#11833,#1705);
#1244=LINE('',#11835,#1706);
#1245=LINE('',#11836,#1707);
#1246=LINE('',#11839,#1708);
#1247=LINE('',#11841,#1709);
#1248=LINE('',#11842,#1710);
#1249=LINE('',#11860,#1711);
#1250=LINE('',#11883,#1712);
#1251=LINE('',#11891,#1713);
#1252=LINE('',#11893,#1714);
#1253=LINE('',#11894,#1715);
#1254=LINE('',#11897,#1716);
#1255=LINE('',#11899,#1717);
#1256=LINE('',#11900,#1718);
#1257=LINE('',#11903,#1719);
#1258=LINE('',#11905,#1720);
#1259=LINE('',#11906,#1721);
#1260=LINE('',#11908,#1722);
#1261=LINE('',#11909,#1723);
#1262=LINE('',#11916,#1724);
#1263=LINE('',#11920,#1725);
#1264=LINE('',#11924,#1726);
#1265=LINE('',#11927,#1727);
#1266=LINE('',#11944,#1728);
#1267=LINE('',#11945,#1729);
#1268=LINE('',#11948,#1730);
#1269=LINE('',#11949,#1731);
#1270=LINE('',#11952,#1732);
#1271=LINE('',#11954,#1733);
#1272=LINE('',#11956,#1734);
#1273=LINE('',#11958,#1735);
#1274=LINE('',#11960,#1736);
#1275=LINE('',#11962,#1737);
#1276=LINE('',#11964,#1738);
#1277=LINE('',#11966,#1739);
#1278=LINE('',#11968,#1740);
#1279=LINE('',#11972,#1741);
#1280=LINE('',#11976,#1742);
#1281=LINE('',#11987,#1743);
#1282=LINE('',#11989,#1744);
#1283=LINE('',#11991,#1745);
#1284=LINE('',#11993,#1746);
#1285=LINE('',#11995,#1747);
#1286=LINE('',#11998,#1748);
#1287=LINE('',#12000,#1749);
#1288=LINE('',#12001,#1750);
#1289=LINE('',#12004,#1751);
#1290=LINE('',#12005,#1752);
#1291=LINE('',#12008,#1753);
#1292=LINE('',#12009,#1754);
#1293=LINE('',#12011,#1755);
#1294=LINE('',#12014,#1756);
#1295=LINE('',#12016,#1757);
#1296=LINE('',#12017,#1758);
#1297=LINE('',#12021,#1759);
#1298=LINE('',#12022,#1760);
#1299=LINE('',#12023,#1761);
#1300=LINE('',#12025,#1762);
#1301=LINE('',#12029,#1763);
#1302=LINE('',#12033,#1764);
#1303=LINE('',#12037,#1765);
#1304=LINE('',#12041,#1766);
#1305=LINE('',#12043,#1767);
#1306=LINE('',#12048,#1768);
#1307=LINE('',#12053,#1769);
#1308=LINE('',#12058,#1770);
#1309=LINE('',#12063,#1771);
#1310=VECTOR('',#6106,10.);
#1311=VECTOR('',#6107,10.);
#1312=VECTOR('',#6108,10.);
#1313=VECTOR('',#6109,10.);
#1314=VECTOR('',#6110,10.);
#1315=VECTOR('',#6111,10.);
#1316=VECTOR('',#6112,10.);
#1317=VECTOR('',#6113,10.);
#1318=VECTOR('',#6114,10.);
#1319=VECTOR('',#6115,10.);
#1320=VECTOR('',#6118,10.);
#1321=VECTOR('',#6119,10.);
#1322=VECTOR('',#6122,10.);
#1323=VECTOR('',#6123,10.);
#1324=VECTOR('',#6124,10.);
#1325=VECTOR('',#6125,10.);
#1326=VECTOR('',#6126,10.);
#1327=VECTOR('',#6127,10.);
#1328=VECTOR('',#6130,10.);
#1329=VECTOR('',#6131,10.);
#1330=VECTOR('',#6132,10.);
#1331=VECTOR('',#6133,10.);
#1332=VECTOR('',#6134,10.);
#1333=VECTOR('',#6135,10.);
#1334=VECTOR('',#6136,10.);
#1335=VECTOR('',#6137,10.);
#1336=VECTOR('',#6138,10.);
#1337=VECTOR('',#6139,10.);
#1338=VECTOR('',#6142,10.);
#1339=VECTOR('',#6143,10.);
#1340=VECTOR('',#6144,10.);
#1341=VECTOR('',#6145,10.);
#1342=VECTOR('',#6146,10.);
#1343=VECTOR('',#6147,10.);
#1344=VECTOR('',#6148,10.);
#1345=VECTOR('',#6149,10.);
#1346=VECTOR('',#6150,10.);
#1347=VECTOR('',#6151,10.);
#1348=VECTOR('',#6152,10.);
#1349=VECTOR('',#6153,10.);
#1350=VECTOR('',#6154,10.);
#1351=VECTOR('',#6155,10.);
#1352=VECTOR('',#6156,10.);
#1353=VECTOR('',#6157,10.);
#1354=VECTOR('',#6158,10.);
#1355=VECTOR('',#6161,10.);
#1356=VECTOR('',#6162,10.);
#1357=VECTOR('',#6163,10.);
#1358=VECTOR('',#6164,10.);
#1359=VECTOR('',#6165,10.);
#1360=VECTOR('',#6166,10.);
#1361=VECTOR('',#6167,10.);
#1362=VECTOR('',#6168,10.);
#1363=VECTOR('',#6169,10.);
#1364=VECTOR('',#6170,10.);
#1365=VECTOR('',#6171,10.);
#1366=VECTOR('',#6172,10.);
#1367=VECTOR('',#6173,10.);
#1368=VECTOR('',#6174,10.);
#1369=VECTOR('',#6175,10.);
#1370=VECTOR('',#6178,10.);
#1371=VECTOR('',#6179,10.);
#1372=VECTOR('',#6180,10.);
#1373=VECTOR('',#6181,10.);
#1374=VECTOR('',#6182,10.);
#1375=VECTOR('',#6183,10.);
#1376=VECTOR('',#6184,10.);
#1377=VECTOR('',#6185,10.);
#1378=VECTOR('',#6186,10.);
#1379=VECTOR('',#6187,10.);
#1380=VECTOR('',#6188,10.);
#1381=VECTOR('',#6189,10.);
#1382=VECTOR('',#6190,10.);
#1383=VECTOR('',#6191,10.);
#1384=VECTOR('',#6192,10.);
#1385=VECTOR('',#6193,10.);
#1386=VECTOR('',#6194,10.);
#1387=VECTOR('',#6195,10.);
#1388=VECTOR('',#6196,10.);
#1389=VECTOR('',#6199,10.);
#1390=VECTOR('',#6200,10.);
#1391=VECTOR('',#6201,10.);
#1392=VECTOR('',#6204,10.);
#1393=VECTOR('',#6205,10.);
#1394=VECTOR('',#6206,10.);
#1395=VECTOR('',#6207,10.);
#1396=VECTOR('',#6208,10.);
#1397=VECTOR('',#6209,10.);
#1398=VECTOR('',#6210,10.);
#1399=VECTOR('',#6211,10.);
#1400=VECTOR('',#6214,10.);
#1401=VECTOR('',#6215,10.);
#1402=VECTOR('',#6216,10.);
#1403=VECTOR('',#6217,10.);
#1404=VECTOR('',#6220,10.);
#1405=VECTOR('',#6221,10.);
#1406=VECTOR('',#6222,10.);
#1407=VECTOR('',#6225,10.);
#1408=VECTOR('',#6226,10.);
#1409=VECTOR('',#6227,10.);
#1410=VECTOR('',#6228,10.);
#1411=VECTOR('',#6229,10.);
#1412=VECTOR('',#6230,10.);
#1413=VECTOR('',#6231,10.);
#1414=VECTOR('',#6232,10.);
#1415=VECTOR('',#6233,10.);
#1416=VECTOR('',#6234,10.);
#1417=VECTOR('',#6235,10.);
#1418=VECTOR('',#6236,10.);
#1419=VECTOR('',#6239,10.);
#1420=VECTOR('',#6240,10.);
#1421=VECTOR('',#6241,10.);
#1422=VECTOR('',#6244,10.);
#1423=VECTOR('',#6245,10.);
#1424=VECTOR('',#6248,10.);
#1425=VECTOR('',#6249,10.);
#1426=VECTOR('',#6250,10.);
#1427=VECTOR('',#6251,10.);
#1428=VECTOR('',#6252,10.);
#1429=VECTOR('',#6253,10.);
#1430=VECTOR('',#6254,10.);
#1431=VECTOR('',#6255,10.);
#1432=VECTOR('',#6258,10.);
#1433=VECTOR('',#6259,10.);
#1434=VECTOR('',#6260,10.);
#1435=VECTOR('',#6261,10.);
#1436=VECTOR('',#6262,10.);
#1437=VECTOR('',#6263,10.);
#1438=VECTOR('',#6264,10.);
#1439=VECTOR('',#6265,10.);
#1440=VECTOR('',#6266,10.);
#1441=VECTOR('',#6267,10.);
#1442=VECTOR('',#6268,10.);
#1443=VECTOR('',#6269,10.);
#1444=VECTOR('',#6272,10.);
#1445=VECTOR('',#6273,10.);
#1446=VECTOR('',#6274,10.);
#1447=VECTOR('',#6277,10.);
#1448=VECTOR('',#6278,10.);
#1449=VECTOR('',#6279,10.);
#1450=VECTOR('',#6280,10.);
#1451=VECTOR('',#6281,10.);
#1452=VECTOR('',#6282,10.);
#1453=VECTOR('',#6283,10.);
#1454=VECTOR('',#6284,10.);
#1455=VECTOR('',#6287,10.);
#1456=VECTOR('',#6288,10.);
#1457=VECTOR('',#6289,10.);
#1458=VECTOR('',#6290,10.);
#1459=VECTOR('',#6291,10.);
#1460=VECTOR('',#6292,10.);
#1461=VECTOR('',#6293,10.);
#1462=VECTOR('',#6294,10.);
#1463=VECTOR('',#6295,10.);
#1464=VECTOR('',#6296,10.);
#1465=VECTOR('',#6297,10.);
#1466=VECTOR('',#6298,10.);
#1467=VECTOR('',#6299,10.);
#1468=VECTOR('',#6300,10.);
#1469=VECTOR('',#6303,10.);
#1470=VECTOR('',#6304,10.);
#1471=VECTOR('',#6305,10.);
#1472=VECTOR('',#6308,10.);
#1473=VECTOR('',#6309,10.);
#1474=VECTOR('',#6310,10.);
#1475=VECTOR('',#6313,10.);
#1476=VECTOR('',#6314,10.);
#1477=VECTOR('',#6315,10.);
#1478=VECTOR('',#6318,10.);
#1479=VECTOR('',#6319,10.);
#1480=VECTOR('',#6322,10.);
#1481=VECTOR('',#6323,10.);
#1482=VECTOR('',#6324,10.);
#1483=VECTOR('',#6325,10.);
#1484=VECTOR('',#6326,10.);
#1485=VECTOR('',#6327,10.);
#1486=VECTOR('',#6328,10.);
#1487=VECTOR('',#6329,10.);
#1488=VECTOR('',#6330,10.);
#1489=VECTOR('',#6331,10.);
#1490=VECTOR('',#6334,10.);
#1491=VECTOR('',#6335,10.);
#1492=VECTOR('',#6338,10.);
#1493=VECTOR('',#6339,10.);
#1494=VECTOR('',#6340,10.);
#1495=VECTOR('',#6341,10.);
#1496=VECTOR('',#6342,10.);
#1497=VECTOR('',#6343,10.);
#1498=VECTOR('',#6346,10.);
#1499=VECTOR('',#6347,10.);
#1500=VECTOR('',#6348,10.);
#1501=VECTOR('',#6349,10.);
#1502=VECTOR('',#6350,10.);
#1503=VECTOR('',#6351,10.);
#1504=VECTOR('',#6352,10.);
#1505=VECTOR('',#6353,10.);
#1506=VECTOR('',#6354,10.);
#1507=VECTOR('',#6355,10.);
#1508=VECTOR('',#6358,10.);
#1509=VECTOR('',#6359,10.);
#1510=VECTOR('',#6360,10.);
#1511=VECTOR('',#6361,10.);
#1512=VECTOR('',#6362,10.);
#1513=VECTOR('',#6363,10.);
#1514=VECTOR('',#6364,10.);
#1515=VECTOR('',#6365,10.);
#1516=VECTOR('',#6366,10.);
#1517=VECTOR('',#6367,10.);
#1518=VECTOR('',#6368,10.);
#1519=VECTOR('',#6369,10.);
#1520=VECTOR('',#6370,10.);
#1521=VECTOR('',#6371,10.);
#1522=VECTOR('',#6372,10.);
#1523=VECTOR('',#6373,10.);
#1524=VECTOR('',#6374,10.);
#1525=VECTOR('',#6379,10.);
#1526=VECTOR('',#6380,10.);
#1527=VECTOR('',#6381,10.);
#1528=VECTOR('',#6382,10.);
#1529=VECTOR('',#6385,10.);
#1530=VECTOR('',#6386,10.);
#1531=VECTOR('',#6387,10.);
#1532=VECTOR('',#6390,10.);
#1533=VECTOR('',#6391,10.);
#1534=VECTOR('',#6392,10.);
#1535=VECTOR('',#6395,10.);
#1536=VECTOR('',#6396,10.);
#1537=VECTOR('',#6397,10.);
#1538=VECTOR('',#6400,10.);
#1539=VECTOR('',#6401,10.);
#1540=VECTOR('',#6402,10.);
#1541=VECTOR('',#6405,10.);
#1542=VECTOR('',#6406,10.);
#1543=VECTOR('',#6407,10.);
#1544=VECTOR('',#6410,10.);
#1545=VECTOR('',#6411,10.);
#1546=VECTOR('',#6412,10.);
#1547=VECTOR('',#6415,10.);
#1548=VECTOR('',#6416,10.);
#1549=VECTOR('',#6417,10.);
#1550=VECTOR('',#6420,10.);
#1551=VECTOR('',#6421,10.);
#1552=VECTOR('',#6422,10.);
#1553=VECTOR('',#6425,10.);
#1554=VECTOR('',#6426,10.);
#1555=VECTOR('',#6427,10.);
#1556=VECTOR('',#6430,10.);
#1557=VECTOR('',#6431,10.);
#1558=VECTOR('',#6432,10.);
#1559=VECTOR('',#6435,10.);
#1560=VECTOR('',#6436,10.);
#1561=VECTOR('',#6439,10.);
#1562=VECTOR('',#6440,10.);
#1563=VECTOR('',#6441,10.);
#1564=VECTOR('',#6442,10.);
#1565=VECTOR('',#6443,10.);
#1566=VECTOR('',#6444,10.);
#1567=VECTOR('',#6445,10.);
#1568=VECTOR('',#6446,10.);
#1569=VECTOR('',#6447,10.);
#1570=VECTOR('',#6448,10.);
#1571=VECTOR('',#6451,10.);
#1572=VECTOR('',#6452,10.);
#1573=VECTOR('',#6455,10.);
#1574=VECTOR('',#6456,10.);
#1575=VECTOR('',#6457,10.);
#1576=VECTOR('',#6458,10.);
#1577=VECTOR('',#6459,10.);
#1578=VECTOR('',#6460,10.);
#1579=VECTOR('',#6463,10.);
#1580=VECTOR('',#6464,10.);
#1581=VECTOR('',#6465,10.);
#1582=VECTOR('',#6466,10.);
#1583=VECTOR('',#6467,10.);
#1584=VECTOR('',#6468,10.);
#1585=VECTOR('',#6469,10.);
#1586=VECTOR('',#6470,10.);
#1587=VECTOR('',#6471,10.);
#1588=VECTOR('',#6472,10.);
#1589=VECTOR('',#6475,10.);
#1590=VECTOR('',#6476,10.);
#1591=VECTOR('',#6477,10.);
#1592=VECTOR('',#6478,10.);
#1593=VECTOR('',#6479,10.);
#1594=VECTOR('',#6480,10.);
#1595=VECTOR('',#6481,10.);
#1596=VECTOR('',#6482,10.);
#1597=VECTOR('',#6483,10.);
#1598=VECTOR('',#6484,10.);
#1599=VECTOR('',#6485,10.);
#1600=VECTOR('',#6486,10.);
#1601=VECTOR('',#6487,10.);
#1602=VECTOR('',#6488,10.);
#1603=VECTOR('',#6489,10.);
#1604=VECTOR('',#6490,10.);
#1605=VECTOR('',#6491,10.);
#1606=VECTOR('',#6496,10.);
#1607=VECTOR('',#6497,10.);
#1608=VECTOR('',#6498,10.);
#1609=VECTOR('',#6499,10.);
#1610=VECTOR('',#6500,10.);
#1611=VECTOR('',#6501,10.);
#1612=VECTOR('',#6502,10.);
#1613=VECTOR('',#6503,10.);
#1614=VECTOR('',#6504,10.);
#1615=VECTOR('',#6507,10.);
#1616=VECTOR('',#6508,10.);
#1617=VECTOR('',#6509,10.);
#1618=VECTOR('',#6512,10.);
#1619=VECTOR('',#6513,10.);
#1620=VECTOR('',#6514,10.);
#1621=VECTOR('',#6517,10.);
#1622=VECTOR('',#6518,10.);
#1623=VECTOR('',#6519,10.);
#1624=VECTOR('',#6520,10.);
#1625=VECTOR('',#6521,10.);
#1626=VECTOR('',#6522,10.);
#1627=VECTOR('',#6523,10.);
#1628=VECTOR('',#6526,10.);
#1629=VECTOR('',#6527,10.);
#1630=VECTOR('',#6528,10.);
#1631=VECTOR('',#6531,10.);
#1632=VECTOR('',#6532,10.);
#1633=VECTOR('',#6533,10.);
#1634=VECTOR('',#6536,10.);
#1635=VECTOR('',#6537,10.);
#1636=VECTOR('',#6538,10.);
#1637=VECTOR('',#6541,10.);
#1638=VECTOR('',#6542,10.);
#1639=VECTOR('',#6545,10.);
#1640=VECTOR('',#6546,10.);
#1641=VECTOR('',#6547,10.);
#1642=VECTOR('',#6548,10.);
#1643=VECTOR('',#6551,10.);
#1644=VECTOR('',#6552,10.);
#1645=VECTOR('',#6553,10.);
#1646=VECTOR('',#6556,10.);
#1647=VECTOR('',#6557,10.);
#1648=VECTOR('',#6558,10.);
#1649=VECTOR('',#6561,10.);
#1650=VECTOR('',#6562,10.);
#1651=VECTOR('',#6563,10.);
#1652=VECTOR('',#6566,10.);
#1653=VECTOR('',#6567,10.);
#1654=VECTOR('',#6568,10.);
#1655=VECTOR('',#6571,10.);
#1656=VECTOR('',#6572,10.);
#1657=VECTOR('',#6573,10.);
#1658=VECTOR('',#6576,10.);
#1659=VECTOR('',#6577,10.);
#1660=VECTOR('',#6578,10.);
#1661=VECTOR('',#6581,10.);
#1662=VECTOR('',#6582,10.);
#1663=VECTOR('',#6583,10.);
#1664=VECTOR('',#6586,10.);
#1665=VECTOR('',#6587,10.);
#1666=VECTOR('',#6588,10.);
#1667=VECTOR('',#6591,10.);
#1668=VECTOR('',#6592,10.);
#1669=VECTOR('',#6593,10.);
#1670=VECTOR('',#6596,10.);
#1671=VECTOR('',#6597,10.);
#1672=VECTOR('',#6598,10.);
#1673=VECTOR('',#6601,10.);
#1674=VECTOR('',#6602,10.);
#1675=VECTOR('',#6603,10.);
#1676=VECTOR('',#6604,10.);
#1677=VECTOR('',#6605,10.);
#1678=VECTOR('',#6606,10.);
#1679=VECTOR('',#6607,10.);
#1680=VECTOR('',#6610,10.);
#1681=VECTOR('',#6611,10.);
#1682=VECTOR('',#6612,10.);
#1683=VECTOR('',#6617,10.);
#1684=VECTOR('',#6618,10.);
#1685=VECTOR('',#6619,10.);
#1686=VECTOR('',#6620,10.);
#1687=VECTOR('',#6623,10.);
#1688=VECTOR('',#6624,10.);
#1689=VECTOR('',#6625,10.);
#1690=VECTOR('',#6628,10.);
#1691=VECTOR('',#6629,10.);
#1692=VECTOR('',#6630,10.);
#1693=VECTOR('',#6633,10.);
#1694=VECTOR('',#6634,10.);
#1695=VECTOR('',#6635,10.);
#1696=VECTOR('',#6638,10.);
#1697=VECTOR('',#6639,10.);
#1698=VECTOR('',#6640,10.);
#1699=VECTOR('',#6643,10.);
#1700=VECTOR('',#6644,10.);
#1701=VECTOR('',#6645,10.);
#1702=VECTOR('',#6648,10.);
#1703=VECTOR('',#6649,10.);
#1704=VECTOR('',#6650,10.);
#1705=VECTOR('',#6653,10.);
#1706=VECTOR('',#6654,10.);
#1707=VECTOR('',#6655,10.);
#1708=VECTOR('',#6658,10.);
#1709=VECTOR('',#6659,10.);
#1710=VECTOR('',#6660,10.);
#1711=VECTOR('',#6661,10.);
#1712=VECTOR('',#6662,10.);
#1713=VECTOR('',#6665,10.);
#1714=VECTOR('',#6666,10.);
#1715=VECTOR('',#6667,10.);
#1716=VECTOR('',#6670,10.);
#1717=VECTOR('',#6671,10.);
#1718=VECTOR('',#6672,10.);
#1719=VECTOR('',#6675,10.);
#1720=VECTOR('',#6676,10.);
#1721=VECTOR('',#6677,10.);
#1722=VECTOR('',#6680,10.);
#1723=VECTOR('',#6681,10.);
#1724=VECTOR('',#6688,10.);
#1725=VECTOR('',#6691,10.);
#1726=VECTOR('',#6694,10.);
#1727=VECTOR('',#6697,10.);
#1728=VECTOR('',#6718,10.);
#1729=VECTOR('',#6719,10.);
#1730=VECTOR('',#6722,10.);
#1731=VECTOR('',#6723,10.);
#1732=VECTOR('',#6726,10.);
#1733=VECTOR('',#6727,10.);
#1734=VECTOR('',#6728,10.);
#1735=VECTOR('',#6729,10.);
#1736=VECTOR('',#6730,10.);
#1737=VECTOR('',#6731,10.);
#1738=VECTOR('',#6732,10.);
#1739=VECTOR('',#6733,10.);
#1740=VECTOR('',#6734,10.);
#1741=VECTOR('',#6737,10.);
#1742=VECTOR('',#6740,10.);
#1743=VECTOR('',#6753,10.);
#1744=VECTOR('',#6756,10.);
#1745=VECTOR('',#6759,10.);
#1746=VECTOR('',#6762,10.);
#1747=VECTOR('',#6765,10.);
#1748=VECTOR('',#6768,10.);
#1749=VECTOR('',#6769,10.);
#1750=VECTOR('',#6770,10.);
#1751=VECTOR('',#6773,10.);
#1752=VECTOR('',#6774,10.);
#1753=VECTOR('',#6777,10.);
#1754=VECTOR('',#6778,10.);
#1755=VECTOR('',#6781,10.);
#1756=VECTOR('',#6784,10.);
#1757=VECTOR('',#6785,10.);
#1758=VECTOR('',#6786,10.);
#1759=VECTOR('',#6789,10.);
#1760=VECTOR('',#6790,10.);
#1761=VECTOR('',#6791,10.);
#1762=VECTOR('',#6794,10.);
#1763=VECTOR('',#6799,3.);
#1764=VECTOR('',#6804,3.);
#1765=VECTOR('',#6809,3.);
#1766=VECTOR('',#6814,3.);
#1767=VECTOR('',#6817,10.);
#1768=VECTOR('',#6824,1.7);
#1769=VECTOR('',#6831,1.7);
#1770=VECTOR('',#6838,1.7);
#1771=VECTOR('',#6845,1.7);
#1772=B_SPLINE_CURVE_WITH_KNOTS('',3,(#6863,#6864,#6865,#6866,#6867),
 .UNSPECIFIED.,.F.,.F.,(4,1,4),(0.,0.0107190242883606,0.0250097704133738),
 .UNSPECIFIED.);
#1773=B_SPLINE_CURVE_WITH_KNOTS('',3,(#6871,#6872,#6873,#6874,#6875),
 .UNSPECIFIED.,.F.,.F.,(4,1,4),(0.,0.0107190242883606,0.0250097704133738),
 .UNSPECIFIED.);
#1774=B_SPLINE_CURVE_WITH_KNOTS('',3,(#6888,#6889,#6890,#6891,#6892),
 .UNSPECIFIED.,.F.,.F.,(4,1,4),(0.,0.012077770771131,0.0237853294767909),
 .UNSPECIFIED.);
#1775=B_SPLINE_CURVE_WITH_KNOTS('',3,(#6895,#6896,#6897,#6898,#6899),
 .UNSPECIFIED.,.F.,.F.,(4,1,4),(0.,0.012077770771131,0.0237853294767909),
 .UNSPECIFIED.);
#1776=B_SPLINE_CURVE_WITH_KNOTS('',3,(#6911,#6912,#6913,#6914,#6915),
 .UNSPECIFIED.,.F.,.F.,(4,1,4),(0.,0.0134933680090233,0.0262110420219475),
 .UNSPECIFIED.);
#1777=B_SPLINE_CURVE_WITH_KNOTS('',3,(#6918,#6919,#6920,#6921,#6922),
 .UNSPECIFIED.,.F.,.F.,(4,1,4),(0.,0.0134933680090233,0.0262110420219475),
 .UNSPECIFIED.);
#1778=B_SPLINE_CURVE_WITH_KNOTS('',3,(#6934,#6935,#6936,#6937,#6938),
 .UNSPECIFIED.,.F.,.F.,(4,1,4),(0.,0.0103914508439183,0.0230996687709907),
 .UNSPECIFIED.);
#1779=B_SPLINE_CURVE_WITH_KNOTS('',3,(#6941,#6942,#6943,#6944,#6945),
 .UNSPECIFIED.,.F.,.F.,(4,1,4),(0.,0.0103914508439183,0.0230996687709907),
 .UNSPECIFIED.);
#1780=B_SPLINE_CURVE_WITH_KNOTS('',3,(#6957,#6958,#6959,#6960,#6961),
 .UNSPECIFIED.,.F.,.F.,(4,1,4),(0.,0.00919394959530948,0.018433469491043),
 .UNSPECIFIED.);
#1781=B_SPLINE_CURVE_WITH_KNOTS('',3,(#6964,#6965,#6966,#6967,#6968),
 .UNSPECIFIED.,.F.,.F.,(4,1,4),(0.,0.00919394959530948,0.018433469491043),
 .UNSPECIFIED.);
#1782=B_SPLINE_CURVE_WITH_KNOTS('',3,(#6980,#6981,#6982,#6983,#6984),
 .UNSPECIFIED.,.F.,.F.,(4,1,4),(0.,0.00610412393117266,0.0122853261802981),
 .UNSPECIFIED.);
#1783=B_SPLINE_CURVE_WITH_KNOTS('',3,(#6987,#6988,#6989,#6990,#6991),
 .UNSPECIFIED.,.F.,.F.,(4,1,4),(0.,0.00610412393117266,0.0122853261802981),
 .UNSPECIFIED.);
#1784=B_SPLINE_CURVE_WITH_KNOTS('',3,(#7003,#7004,#7005,#7006,#7007),
 .UNSPECIFIED.,.F.,.F.,(4,1,4),(0.,0.00649556111843269,0.0126914145147905),
 .UNSPECIFIED.);
#1785=B_SPLINE_CURVE_WITH_KNOTS('',3,(#7010,#7011,#7012,#7013,#7014),
 .UNSPECIFIED.,.F.,.F.,(4,1,4),(0.,0.00649556111843269,0.0126914145147905),
 .UNSPECIFIED.);
#1786=B_SPLINE_CURVE_WITH_KNOTS('',3,(#7026,#7027,#7028,#7029,#7030),
 .UNSPECIFIED.,.F.,.F.,(4,1,4),(0.,0.0131327492861536,0.0220120208340911),
 .UNSPECIFIED.);
#1787=B_SPLINE_CURVE_WITH_KNOTS('',3,(#7033,#7034,#7035,#7036,#7037),
 .UNSPECIFIED.,.F.,.F.,(4,1,4),(0.,0.0131327492861536,0.0220120208340911),
 .UNSPECIFIED.);
#1788=B_SPLINE_CURVE_WITH_KNOTS('',3,(#7049,#7050,#7051,#7052,#7053),
 .UNSPECIFIED.,.F.,.F.,(4,1,4),(0.,0.017457832631902,0.0412339615821551),
 .UNSPECIFIED.);
#1789=B_SPLINE_CURVE_WITH_KNOTS('',3,(#7056,#7057,#7058,#7059,#7060),
 .UNSPECIFIED.,.F.,.F.,(4,1,4),(0.,0.017457832631902,0.0412339615821551),
 .UNSPECIFIED.);
#1790=B_SPLINE_CURVE_WITH_KNOTS('',3,(#7084,#7085,#7086,#7087,#7088),
 .UNSPECIFIED.,.F.,.F.,(4,1,4),(0.,0.00918677294881396,0.0185354325755474),
 .UNSPECIFIED.);
#1791=B_SPLINE_CURVE_WITH_KNOTS('',3,(#7091,#7092,#7093,#7094,#7095),
 .UNSPECIFIED.,.F.,.F.,(4,1,4),(0.,0.00918677294881396,0.0185354325755474),
 .UNSPECIFIED.);
#1792=B_SPLINE_CURVE_WITH_KNOTS('',3,(#7107,#7108,#7109,#7110,#7111),
 .UNSPECIFIED.,.F.,.F.,(4,1,4),(0.,0.0279529494158737,0.043362882917619),
 .UNSPECIFIED.);
#1793=B_SPLINE_CURVE_WITH_KNOTS('',3,(#7114,#7115,#7116,#7117,#7118),
 .UNSPECIFIED.,.F.,.F.,(4,1,4),(0.,0.0279529494158737,0.043362882917619),
 .UNSPECIFIED.);
#1794=B_SPLINE_CURVE_WITH_KNOTS('',3,(#7136,#7137,#7138,#7139,#7140),
 .UNSPECIFIED.,.F.,.F.,(4,1,4),(0.,0.00884751940996848,0.0226981227728412),
 .UNSPECIFIED.);
#1795=B_SPLINE_CURVE_WITH_KNOTS('',3,(#7143,#7144,#7145,#7146,#7147),
 .UNSPECIFIED.,.F.,.F.,(4,1,4),(0.,0.00884751940996848,0.0226981227728412),
 .UNSPECIFIED.);
#1796=B_SPLINE_CURVE_WITH_KNOTS('',3,(#7159,#7160,#7161,#7162,#7163),
 .UNSPECIFIED.,.F.,.F.,(4,1,4),(0.,0.00880686673984311,0.0185085829150914),
 .UNSPECIFIED.);
#1797=B_SPLINE_CURVE_WITH_KNOTS('',3,(#7166,#7167,#7168,#7169,#7170),
 .UNSPECIFIED.,.F.,.F.,(4,1,4),(0.,0.00880686673984311,0.0185085829150914),
 .UNSPECIFIED.);
#1798=B_SPLINE_CURVE_WITH_KNOTS('',3,(#7182,#7183,#7184,#7185,#7186),
 .UNSPECIFIED.,.F.,.F.,(4,1,4),(0.,0.0112036139015228,0.0204521153773945),
 .UNSPECIFIED.);
#1799=B_SPLINE_CURVE_WITH_KNOTS('',3,(#7189,#7190,#7191,#7192,#7193),
 .UNSPECIFIED.,.F.,.F.,(4,1,4),(0.,0.0112036139015228,0.0204521153773945),
 .UNSPECIFIED.);
#1800=B_SPLINE_CURVE_WITH_KNOTS('',3,(#7205,#7206,#7207,#7208,#7209),
 .UNSPECIFIED.,.F.,.F.,(4,1,4),(0.,0.0168498539364946,0.0305815376129495),
 .UNSPECIFIED.);
#1801=B_SPLINE_CURVE_WITH_KNOTS('',3,(#7212,#7213,#7214,#7215,#7216),
 .UNSPECIFIED.,.F.,.F.,(4,1,4),(0.,0.0168498539364946,0.0305815376129495),
 .UNSPECIFIED.);
#1802=B_SPLINE_CURVE_WITH_KNOTS('',3,(#7228,#7229,#7230,#7231,#7232),
 .UNSPECIFIED.,.F.,.F.,(4,1,4),(0.,0.0157871774190055,0.0333984551172047),
 .UNSPECIFIED.);
#1803=B_SPLINE_CURVE_WITH_KNOTS('',3,(#7235,#7236,#7237,#7238,#7239),
 .UNSPECIFIED.,.F.,.F.,(4,1,4),(0.,0.0157871774190055,0.0333984551172047),
 .UNSPECIFIED.);
#1804=B_SPLINE_CURVE_WITH_KNOTS('',3,(#7251,#7252,#7253,#7254,#7255),
 .UNSPECIFIED.,.F.,.F.,(4,1,4),(0.,0.0124325829245985,0.0264042509034053),
 .UNSPECIFIED.);
#1805=B_SPLINE_CURVE_WITH_KNOTS('',3,(#7258,#7259,#7260,#7261,#7262),
 .UNSPECIFIED.,.F.,.F.,(4,1,4),(0.,0.0124325829245985,0.0264042509034053),
 .UNSPECIFIED.);
#1806=B_SPLINE_CURVE_WITH_KNOTS('',3,(#7274,#7275,#7276,#7277,#7278),
 .UNSPECIFIED.,.F.,.F.,(4,1,4),(0.,0.0145902627687876,0.0273098547109404),
 .UNSPECIFIED.);
#1807=B_SPLINE_CURVE_WITH_KNOTS('',3,(#7281,#7282,#7283,#7284,#7285),
 .UNSPECIFIED.,.F.,.F.,(4,1,4),(0.,0.0145902627687876,0.0273098547109404),
 .UNSPECIFIED.);
#1808=B_SPLINE_CURVE_WITH_KNOTS('',3,(#7303,#7304,#7305,#7306,#7307),
 .UNSPECIFIED.,.F.,.F.,(4,1,4),(0.,0.0110555651232624,0.0250694587155229),
 .UNSPECIFIED.);
#1809=B_SPLINE_CURVE_WITH_KNOTS('',3,(#7310,#7311,#7312,#7313,#7314),
 .UNSPECIFIED.,.F.,.F.,(4,1,4),(0.,0.0110555651232624,0.0250694587155229),
 .UNSPECIFIED.);
#1810=B_SPLINE_CURVE_WITH_KNOTS('',3,(#7326,#7327,#7328,#7329,#7330),
 .UNSPECIFIED.,.F.,.F.,(4,1,4),(0.,0.0151342471939332,0.0265989978518321),
 .UNSPECIFIED.);
#1811=B_SPLINE_CURVE_WITH_KNOTS('',3,(#7333,#7334,#7335,#7336,#7337),
 .UNSPECIFIED.,.F.,.F.,(4,1,4),(0.,0.0151342471939332,0.0265989978518321),
 .UNSPECIFIED.);
#1812=B_SPLINE_CURVE_WITH_KNOTS('',3,(#7349,#7350,#7351,#7352,#7353),
 .UNSPECIFIED.,.F.,.F.,(4,1,4),(0.,0.0132593549121324,0.0296606353894706),
 .UNSPECIFIED.);
#1813=B_SPLINE_CURVE_WITH_KNOTS('',3,(#7356,#7357,#7358,#7359,#7360),
 .UNSPECIFIED.,.F.,.F.,(4,1,4),(0.,0.0132593549121324,0.0296606353894706),
 .UNSPECIFIED.);
#1814=B_SPLINE_CURVE_WITH_KNOTS('',3,(#7372,#7373,#7374,#7375,#7376),
 .UNSPECIFIED.,.F.,.F.,(4,1,4),(0.,0.0129076462383926,0.0227592516903797),
 .UNSPECIFIED.);
#1815=B_SPLINE_CURVE_WITH_KNOTS('',3,(#7379,#7380,#7381,#7382,#7383),
 .UNSPECIFIED.,.F.,.F.,(4,1,4),(0.,0.0129076462383926,0.0227592516903797),
 .UNSPECIFIED.);
#1816=B_SPLINE_CURVE_WITH_KNOTS('',3,(#7395,#7396,#7397,#7398,#7399),
 .UNSPECIFIED.,.F.,.F.,(4,1,4),(0.,0.0041281453616563,0.00641352255775824),
 .UNSPECIFIED.);
#1817=B_SPLINE_CURVE_WITH_KNOTS('',3,(#7402,#7403,#7404,#7405,#7406),
 .UNSPECIFIED.,.F.,.F.,(4,1,4),(0.,0.0041281453616563,0.00641352255775824),
 .UNSPECIFIED.);
#1818=B_SPLINE_CURVE_WITH_KNOTS('',3,(#7418,#7419,#7420,#7421,#7422),
 .UNSPECIFIED.,.F.,.F.,(4,1,4),(0.,0.0261096805521994,0.0446557022836431),
 .UNSPECIFIED.);
#1819=B_SPLINE_CURVE_WITH_KNOTS('',3,(#7425,#7426,#7427,#7428,#7429),
 .UNSPECIFIED.,.F.,.F.,(4,1,4),(0.,0.0261096805521994,0.0446557022836431),
 .UNSPECIFIED.);
#1820=B_SPLINE_CURVE_WITH_KNOTS('',3,(#7441,#7442,#7443,#7444,#7445),
 .UNSPECIFIED.,.F.,.F.,(4,1,4),(0.,0.00926420530142875,0.0221474302810417),
 .UNSPECIFIED.);
#1821=B_SPLINE_CURVE_WITH_KNOTS('',3,(#7448,#7449,#7450,#7451,#7452),
 .UNSPECIFIED.,.F.,.F.,(4,1,4),(0.,0.00926420530142875,0.0221474302810417),
 .UNSPECIFIED.);
#1822=B_SPLINE_CURVE_WITH_KNOTS('',3,(#7464,#7465,#7466,#7467,#7468),
 .UNSPECIFIED.,.F.,.F.,(4,1,4),(0.,0.0095588590579102,0.0194792924030196),
 .UNSPECIFIED.);
#1823=B_SPLINE_CURVE_WITH_KNOTS('',3,(#7471,#7472,#7473,#7474,#7475),
 .UNSPECIFIED.,.F.,.F.,(4,1,4),(0.,0.0095588590579102,0.0194792924030196),
 .UNSPECIFIED.);
#1824=B_SPLINE_CURVE_WITH_KNOTS('',3,(#7487,#7488,#7489,#7490,#7491),
 .UNSPECIFIED.,.F.,.F.,(4,1,4),(0.,0.0097039810149507,0.0191192287104762),
 .UNSPECIFIED.);
#1825=B_SPLINE_CURVE_WITH_KNOTS('',3,(#7494,#7495,#7496,#7497,#7498),
 .UNSPECIFIED.,.F.,.F.,(4,1,4),(0.,0.0097039810149507,0.0191192287104762),
 .UNSPECIFIED.);
#1826=B_SPLINE_CURVE_WITH_KNOTS('',3,(#7510,#7511,#7512,#7513,#7514),
 .UNSPECIFIED.,.F.,.F.,(4,1,4),(0.,0.0102525015268393,0.0201993360483407),
 .UNSPECIFIED.);
#1827=B_SPLINE_CURVE_WITH_KNOTS('',3,(#7517,#7518,#7519,#7520,#7521),
 .UNSPECIFIED.,.F.,.F.,(4,1,4),(0.,0.0102525015268393,0.0201993360483407),
 .UNSPECIFIED.);
#1828=B_SPLINE_CURVE_WITH_KNOTS('',3,(#7533,#7534,#7535,#7536,#7537),
 .UNSPECIFIED.,.F.,.F.,(4,1,4),(0.,0.0164006736379662,0.0332333764520804),
 .UNSPECIFIED.);
#1829=B_SPLINE_CURVE_WITH_KNOTS('',3,(#7540,#7541,#7542,#7543,#7544),
 .UNSPECIFIED.,.F.,.F.,(4,1,4),(0.,0.0164006736379662,0.0332333764520804),
 .UNSPECIFIED.);
#1830=B_SPLINE_CURVE_WITH_KNOTS('',3,(#7556,#7557,#7558,#7559,#7560),
 .UNSPECIFIED.,.F.,.F.,(4,1,4),(0.,0.0213123185994453,0.0391862060429926),
 .UNSPECIFIED.);
#1831=B_SPLINE_CURVE_WITH_KNOTS('',3,(#7563,#7564,#7565,#7566,#7567),
 .UNSPECIFIED.,.F.,.F.,(4,1,4),(0.,0.0213123185994453,0.0391862060429926),
 .UNSPECIFIED.);
#1832=B_SPLINE_CURVE_WITH_KNOTS('',3,(#7579,#7580,#7581,#7582,#7583),
 .UNSPECIFIED.,.F.,.F.,(4,1,4),(0.,0.0135611842192663,0.0276126663208985),
 .UNSPECIFIED.);
#1833=B_SPLINE_CURVE_WITH_KNOTS('',3,(#7586,#7587,#7588,#7589,#7590),
 .UNSPECIFIED.,.F.,.F.,(4,1,4),(0.,0.0135611842192663,0.0276126663208985),
 .UNSPECIFIED.);
#1834=B_SPLINE_CURVE_WITH_KNOTS('',3,(#7602,#7603,#7604,#7605,#7606),
 .UNSPECIFIED.,.F.,.F.,(4,1,4),(0.,0.0166443695863482,0.0310583628624433),
 .UNSPECIFIED.);
#1835=B_SPLINE_CURVE_WITH_KNOTS('',3,(#7609,#7610,#7611,#7612,#7613),
 .UNSPECIFIED.,.F.,.F.,(4,1,4),(0.,0.0166443695863482,0.0310583628624433),
 .UNSPECIFIED.);
#1836=B_SPLINE_CURVE_WITH_KNOTS('',3,(#7624,#7625,#7626,#7627,#7628),
 .UNSPECIFIED.,.F.,.F.,(4,1,4),(0.,0.00886194066305453,0.0186085789474002),
 .UNSPECIFIED.);
#1837=B_SPLINE_CURVE_WITH_KNOTS('',3,(#7629,#7630,#7631,#7632,#7633),
 .UNSPECIFIED.,.F.,.F.,(4,1,4),(0.,0.00886194066305453,0.0186085789474002),
 .UNSPECIFIED.);
#1838=B_SPLINE_CURVE_WITH_KNOTS('',3,(#7647,#7648,#7649,#7650,#7651),
 .UNSPECIFIED.,.F.,.F.,(4,1,4),(0.,0.0250529432404917,0.0452340232165906),
 .UNSPECIFIED.);
#1839=B_SPLINE_CURVE_WITH_KNOTS('',3,(#7655,#7656,#7657,#7658,#7659),
 .UNSPECIFIED.,.F.,.F.,(4,1,4),(0.,0.0250529432404917,0.0452340232165906),
 .UNSPECIFIED.);
#1840=B_SPLINE_CURVE_WITH_KNOTS('',3,(#7672,#7673,#7674,#7675,#7676),
 .UNSPECIFIED.,.F.,.F.,(4,1,4),(0.,0.0150654016216751,0.031299784458239),
 .UNSPECIFIED.);
#1841=B_SPLINE_CURVE_WITH_KNOTS('',3,(#7679,#7680,#7681,#7682,#7683),
 .UNSPECIFIED.,.F.,.F.,(4,1,4),(0.,0.0150654016216751,0.031299784458239),
 .UNSPECIFIED.);
#1842=B_SPLINE_CURVE_WITH_KNOTS('',3,(#7695,#7696,#7697,#7698,#7699),
 .UNSPECIFIED.,.F.,.F.,(4,1,4),(0.,0.0130014931542632,0.0269079334241601),
 .UNSPECIFIED.);
#1843=B_SPLINE_CURVE_WITH_KNOTS('',3,(#7702,#7703,#7704,#7705,#7706),
 .UNSPECIFIED.,.F.,.F.,(4,1,4),(0.,0.0130014931542632,0.0269079334241601),
 .UNSPECIFIED.);
#1844=B_SPLINE_CURVE_WITH_KNOTS('',3,(#7718,#7719,#7720,#7721,#7722),
 .UNSPECIFIED.,.F.,.F.,(4,1,4),(0.,0.0120539341024748,0.0244791118621416),
 .UNSPECIFIED.);
#1845=B_SPLINE_CURVE_WITH_KNOTS('',3,(#7725,#7726,#7727,#7728,#7729),
 .UNSPECIFIED.,.F.,.F.,(4,1,4),(0.,0.0120539341024748,0.0244791118621416),
 .UNSPECIFIED.);
#1846=B_SPLINE_CURVE_WITH_KNOTS('',3,(#7741,#7742,#7743,#7744,#7745),
 .UNSPECIFIED.,.F.,.F.,(4,1,4),(0.,0.0104526595604181,0.0220735432004771),
 .UNSPECIFIED.);
#1847=B_SPLINE_CURVE_WITH_KNOTS('',3,(#7748,#7749,#7750,#7751,#7752),
 .UNSPECIFIED.,.F.,.F.,(4,1,4),(0.,0.0104526595604181,0.0220735432004771),
 .UNSPECIFIED.);
#1848=B_SPLINE_CURVE_WITH_KNOTS('',3,(#7764,#7765,#7766,#7767,#7768),
 .UNSPECIFIED.,.F.,.F.,(4,1,4),(0.,0.0106808521062551,0.0208878719594339),
 .UNSPECIFIED.);
#1849=B_SPLINE_CURVE_WITH_KNOTS('',3,(#7771,#7772,#7773,#7774,#7775),
 .UNSPECIFIED.,.F.,.F.,(4,1,4),(0.,0.0106808521062551,0.0208878719594339),
 .UNSPECIFIED.);
#1850=B_SPLINE_CURVE_WITH_KNOTS('',3,(#7787,#7788,#7789,#7790,#7791),
 .UNSPECIFIED.,.F.,.F.,(4,1,4),(0.,0.0230050489663608,0.0381184066941174),
 .UNSPECIFIED.);
#1851=B_SPLINE_CURVE_WITH_KNOTS('',3,(#7794,#7795,#7796,#7797,#7798),
 .UNSPECIFIED.,.F.,.F.,(4,1,4),(0.,0.0230050489663608,0.0381184066941174),
 .UNSPECIFIED.);
#1852=B_SPLINE_CURVE_WITH_KNOTS('',3,(#7810,#7811,#7812,#7813,#7814),
 .UNSPECIFIED.,.F.,.F.,(4,1,4),(0.,0.0076054333035917,0.0225832714116934),
 .UNSPECIFIED.);
#1853=B_SPLINE_CURVE_WITH_KNOTS('',3,(#7817,#7818,#7819,#7820,#7821),
 .UNSPECIFIED.,.F.,.F.,(4,1,4),(0.,0.0076054333035917,0.0225832714116934),
 .UNSPECIFIED.);
#1854=B_SPLINE_CURVE_WITH_KNOTS('',3,(#7833,#7834,#7835,#7836,#7837),
 .UNSPECIFIED.,.F.,.F.,(4,1,4),(0.,0.00528429839724046,0.0115699514219233),
 .UNSPECIFIED.);
#1855=B_SPLINE_CURVE_WITH_KNOTS('',3,(#7840,#7841,#7842,#7843,#7844),
 .UNSPECIFIED.,.F.,.F.,(4,1,4),(0.,0.00528429839724046,0.0115699514219233),
 .UNSPECIFIED.);
#1856=B_SPLINE_CURVE_WITH_KNOTS('',3,(#7856,#7857,#7858,#7859,#7860),
 .UNSPECIFIED.,.F.,.F.,(4,1,4),(0.,0.00459779494693166,0.0092389118473131),
 .UNSPECIFIED.);
#1857=B_SPLINE_CURVE_WITH_KNOTS('',3,(#7863,#7864,#7865,#7866,#7867),
 .UNSPECIFIED.,.F.,.F.,(4,1,4),(0.,0.00459779494693166,0.0092389118473131),
 .UNSPECIFIED.);
#1858=B_SPLINE_CURVE_WITH_KNOTS('',3,(#7879,#7880,#7881,#7882,#7883),
 .UNSPECIFIED.,.F.,.F.,(4,1,4),(0.,0.00814031433039777,0.0153950349694678),
 .UNSPECIFIED.);
#1859=B_SPLINE_CURVE_WITH_KNOTS('',3,(#7886,#7887,#7888,#7889,#7890),
 .UNSPECIFIED.,.F.,.F.,(4,1,4),(0.,0.00814031433039777,0.0153950349694678),
 .UNSPECIFIED.);
#1860=B_SPLINE_CURVE_WITH_KNOTS('',3,(#7902,#7903,#7904,#7905,#7906),
 .UNSPECIFIED.,.F.,.F.,(4,1,4),(0.,0.0145624875604247,0.0250868677249459),
 .UNSPECIFIED.);
#1861=B_SPLINE_CURVE_WITH_KNOTS('',3,(#7909,#7910,#7911,#7912,#7913),
 .UNSPECIFIED.,.F.,.F.,(4,1,4),(0.,0.0145624875604247,0.0250868677249459),
 .UNSPECIFIED.);
#1862=B_SPLINE_CURVE_WITH_KNOTS('',3,(#7925,#7926,#7927,#7928,#7929),
 .UNSPECIFIED.,.F.,.F.,(4,1,4),(0.,0.0105702246123899,0.0233714000819542),
 .UNSPECIFIED.);
#1863=B_SPLINE_CURVE_WITH_KNOTS('',3,(#7932,#7933,#7934,#7935,#7936),
 .UNSPECIFIED.,.F.,.F.,(4,1,4),(0.,0.0105702246123899,0.0233714000819542),
 .UNSPECIFIED.);
#1864=B_SPLINE_CURVE_WITH_KNOTS('',3,(#7948,#7949,#7950,#7951,#7952),
 .UNSPECIFIED.,.F.,.F.,(4,1,4),(0.,0.010457180672911,0.0202499660897174),
 .UNSPECIFIED.);
#1865=B_SPLINE_CURVE_WITH_KNOTS('',3,(#7955,#7956,#7957,#7958,#7959),
 .UNSPECIFIED.,.F.,.F.,(4,1,4),(0.,0.010457180672911,0.0202499660897174),
 .UNSPECIFIED.);
#1866=B_SPLINE_CURVE_WITH_KNOTS('',3,(#7977,#7978,#7979,#7980,#7981),
 .UNSPECIFIED.,.F.,.F.,(4,1,4),(0.,0.0110916747751065,0.0241453941702465),
 .UNSPECIFIED.);
#1867=B_SPLINE_CURVE_WITH_KNOTS('',3,(#7984,#7985,#7986,#7987,#7988),
 .UNSPECIFIED.,.F.,.F.,(4,1,4),(0.,0.0110916747751065,0.0241453941702465),
 .UNSPECIFIED.);
#1868=B_SPLINE_CURVE_WITH_KNOTS('',3,(#8000,#8001,#8002,#8003,#8004),
 .UNSPECIFIED.,.F.,.F.,(4,1,4),(0.,0.0126075460351902,0.0234622925277765),
 .UNSPECIFIED.);
#1869=B_SPLINE_CURVE_WITH_KNOTS('',3,(#8007,#8008,#8009,#8010,#8011),
 .UNSPECIFIED.,.F.,.F.,(4,1,4),(0.,0.0126075460351902,0.0234622925277765),
 .UNSPECIFIED.);
#1870=B_SPLINE_CURVE_WITH_KNOTS('',3,(#8023,#8024,#8025,#8026,#8027),
 .UNSPECIFIED.,.F.,.F.,(4,1,4),(0.,0.0160599706343525,0.0304711378413978),
 .UNSPECIFIED.);
#1871=B_SPLINE_CURVE_WITH_KNOTS('',3,(#8030,#8031,#8032,#8033,#8034),
 .UNSPECIFIED.,.F.,.F.,(4,1,4),(0.,0.0160599706343525,0.0304711378413978),
 .UNSPECIFIED.);
#1872=B_SPLINE_CURVE_WITH_KNOTS('',3,(#8046,#8047,#8048,#8049,#8050),
 .UNSPECIFIED.,.F.,.F.,(4,1,4),(0.,0.0104823949823323,0.0214721145160338),
 .UNSPECIFIED.);
#1873=B_SPLINE_CURVE_WITH_KNOTS('',3,(#8053,#8054,#8055,#8056,#8057),
 .UNSPECIFIED.,.F.,.F.,(4,1,4),(0.,0.0104823949823323,0.0214721145160338),
 .UNSPECIFIED.);
#1874=B_SPLINE_CURVE_WITH_KNOTS('',3,(#8069,#8070,#8071,#8072,#8073),
 .UNSPECIFIED.,.F.,.F.,(4,1,4),(0.,0.00781567880382361,0.0172466270783719),
 .UNSPECIFIED.);
#1875=B_SPLINE_CURVE_WITH_KNOTS('',3,(#8076,#8077,#8078,#8079,#8080),
 .UNSPECIFIED.,.F.,.F.,(4,1,4),(0.,0.00781567880382361,0.0172466270783719),
 .UNSPECIFIED.);
#1876=B_SPLINE_CURVE_WITH_KNOTS('',3,(#8092,#8093,#8094,#8095,#8096),
 .UNSPECIFIED.,.F.,.F.,(4,1,4),(0.,0.00919130129546148,0.0183924878095776),
 .UNSPECIFIED.);
#1877=B_SPLINE_CURVE_WITH_KNOTS('',3,(#8099,#8100,#8101,#8102,#8103),
 .UNSPECIFIED.,.F.,.F.,(4,1,4),(0.,0.00919130129546148,0.0183924878095776),
 .UNSPECIFIED.);
#1878=B_SPLINE_CURVE_WITH_KNOTS('',3,(#8115,#8116,#8117,#8118,#8119),
 .UNSPECIFIED.,.F.,.F.,(4,1,4),(0.,0.00939373769617269,0.018625338756782),
 .UNSPECIFIED.);
#1879=B_SPLINE_CURVE_WITH_KNOTS('',3,(#8122,#8123,#8124,#8125,#8126),
 .UNSPECIFIED.,.F.,.F.,(4,1,4),(0.,0.00939373769617269,0.018625338756782),
 .UNSPECIFIED.);
#1880=B_SPLINE_CURVE_WITH_KNOTS('',3,(#8138,#8139,#8140,#8141,#8142),
 .UNSPECIFIED.,.F.,.F.,(4,1,4),(0.,0.0101034783479542,0.0203729820899179),
 .UNSPECIFIED.);
#1881=B_SPLINE_CURVE_WITH_KNOTS('',3,(#8145,#8146,#8147,#8148,#8149),
 .UNSPECIFIED.,.F.,.F.,(4,1,4),(0.,0.0101034783479542,0.0203729820899179),
 .UNSPECIFIED.);
#1882=B_SPLINE_CURVE_WITH_KNOTS('',3,(#8161,#8162,#8163,#8164,#8165),
 .UNSPECIFIED.,.F.,.F.,(4,1,4),(0.,0.0109266946512619,0.0212110526877763),
 .UNSPECIFIED.);
#1883=B_SPLINE_CURVE_WITH_KNOTS('',3,(#8168,#8169,#8170,#8171,#8172),
 .UNSPECIFIED.,.F.,.F.,(4,1,4),(0.,0.0109266946512619,0.0212110526877763),
 .UNSPECIFIED.);
#1884=B_SPLINE_CURVE_WITH_KNOTS('',3,(#8184,#8185,#8186,#8187,#8188),
 .UNSPECIFIED.,.F.,.F.,(4,1,4),(0.,0.0237364967950811,0.0392987548688096),
 .UNSPECIFIED.);
#1885=B_SPLINE_CURVE_WITH_KNOTS('',3,(#8191,#8192,#8193,#8194,#8195),
 .UNSPECIFIED.,.F.,.F.,(4,1,4),(0.,0.0237364967950811,0.0392987548688096),
 .UNSPECIFIED.);
#1886=B_SPLINE_CURVE_WITH_KNOTS('',3,(#8207,#8208,#8209,#8210,#8211),
 .UNSPECIFIED.,.F.,.F.,(4,1,4),(0.,0.00955251762653693,0.0264931225407675),
 .UNSPECIFIED.);
#1887=B_SPLINE_CURVE_WITH_KNOTS('',3,(#8214,#8215,#8216,#8217,#8218),
 .UNSPECIFIED.,.F.,.F.,(4,1,4),(0.,0.00955251762653693,0.0264931225407675),
 .UNSPECIFIED.);
#1888=B_SPLINE_CURVE_WITH_KNOTS('',3,(#8230,#8231,#8232,#8233,#8234),
 .UNSPECIFIED.,.F.,.F.,(4,1,4),(0.,0.00765178176134343,0.0154915956656033),
 .UNSPECIFIED.);
#1889=B_SPLINE_CURVE_WITH_KNOTS('',3,(#8237,#8238,#8239,#8240,#8241),
 .UNSPECIFIED.,.F.,.F.,(4,1,4),(0.,0.00765178176134343,0.0154915956656033),
 .UNSPECIFIED.);
#1890=B_SPLINE_CURVE_WITH_KNOTS('',3,(#8253,#8254,#8255,#8256,#8257),
 .UNSPECIFIED.,.F.,.F.,(4,1,4),(0.,0.00968167527265881,0.0185997325934225),
 .UNSPECIFIED.);
#1891=B_SPLINE_CURVE_WITH_KNOTS('',3,(#8260,#8261,#8262,#8263,#8264),
 .UNSPECIFIED.,.F.,.F.,(4,1,4),(0.,0.00968167527265881,0.0185997325934225),
 .UNSPECIFIED.);
#1892=B_SPLINE_CURVE_WITH_KNOTS('',3,(#8276,#8277,#8278,#8279,#8280),
 .UNSPECIFIED.,.F.,.F.,(4,1,4),(0.,0.0148343005053318,0.026418844815669),
 .UNSPECIFIED.);
#1893=B_SPLINE_CURVE_WITH_KNOTS('',3,(#8283,#8284,#8285,#8286,#8287),
 .UNSPECIFIED.,.F.,.F.,(4,1,4),(0.,0.0148343005053318,0.026418844815669),
 .UNSPECIFIED.);
#1894=B_SPLINE_CURVE_WITH_KNOTS('',3,(#8299,#8300,#8301,#8302,#8303),
 .UNSPECIFIED.,.F.,.F.,(4,1,4),(0.,0.0126310283931508,0.0276786834793559),
 .UNSPECIFIED.);
#1895=B_SPLINE_CURVE_WITH_KNOTS('',3,(#8306,#8307,#8308,#8309,#8310),
 .UNSPECIFIED.,.F.,.F.,(4,1,4),(0.,0.0126310283931508,0.0276786834793559),
 .UNSPECIFIED.);
#1896=B_SPLINE_CURVE_WITH_KNOTS('',3,(#8322,#8323,#8324,#8325,#8326),
 .UNSPECIFIED.,.F.,.F.,(4,1,4),(0.,0.0134608603431354,0.0255628154687248),
 .UNSPECIFIED.);
#1897=B_SPLINE_CURVE_WITH_KNOTS('',3,(#8329,#8330,#8331,#8332,#8333),
 .UNSPECIFIED.,.F.,.F.,(4,1,4),(0.,0.0134608603431354,0.0255628154687248),
 .UNSPECIFIED.);
#1898=B_SPLINE_CURVE_WITH_KNOTS('',3,(#8350,#8351,#8352,#8353,#8354),
 .UNSPECIFIED.,.F.,.F.,(4,1,4),(0.,0.0189500595760099,0.0402781886899846),
 .UNSPECIFIED.);
#1899=B_SPLINE_CURVE_WITH_KNOTS('',3,(#8355,#8356,#8357,#8358,#8359),
 .UNSPECIFIED.,.F.,.F.,(4,1,4),(0.,0.0189500595760099,0.0402781886899846),
 .UNSPECIFIED.);
#1900=B_SPLINE_CURVE_WITH_KNOTS('',3,(#8373,#8374,#8375,#8376,#8377),
 .UNSPECIFIED.,.F.,.F.,(4,1,4),(0.,0.0153911391675542,0.0312833415463651),
 .UNSPECIFIED.);
#1901=B_SPLINE_CURVE_WITH_KNOTS('',3,(#8381,#8382,#8383,#8384,#8385),
 .UNSPECIFIED.,.F.,.F.,(4,1,4),(0.,0.0153911391675542,0.0312833415463651),
 .UNSPECIFIED.);
#1902=B_SPLINE_CURVE_WITH_KNOTS('',3,(#8398,#8399,#8400,#8401,#8402),
 .UNSPECIFIED.,.F.,.F.,(4,1,4),(0.,0.0165077278512938,0.0323447832008238),
 .UNSPECIFIED.);
#1903=B_SPLINE_CURVE_WITH_KNOTS('',3,(#8405,#8406,#8407,#8408,#8409),
 .UNSPECIFIED.,.F.,.F.,(4,1,4),(0.,0.0165077278512938,0.0323447832008238),
 .UNSPECIFIED.);
#1904=B_SPLINE_CURVE_WITH_KNOTS('',3,(#8421,#8422,#8423,#8424,#8425),
 .UNSPECIFIED.,.F.,.F.,(4,1,4),(0.,0.0259431100129268,0.0457741416730733),
 .UNSPECIFIED.);
#1905=B_SPLINE_CURVE_WITH_KNOTS('',3,(#8428,#8429,#8430,#8431,#8432),
 .UNSPECIFIED.,.F.,.F.,(4,1,4),(0.,0.0259431100129268,0.0457741416730733),
 .UNSPECIFIED.);
#1906=B_SPLINE_CURVE_WITH_KNOTS('',3,(#8444,#8445,#8446,#8447,#8448),
 .UNSPECIFIED.,.F.,.F.,(4,1,4),(0.,0.0186470151027174,0.0423649835383692),
 .UNSPECIFIED.);
#1907=B_SPLINE_CURVE_WITH_KNOTS('',3,(#8451,#8452,#8453,#8454,#8455),
 .UNSPECIFIED.,.F.,.F.,(4,1,4),(0.,0.0186470151027174,0.0423649835383692),
 .UNSPECIFIED.);
#1908=B_SPLINE_CURVE_WITH_KNOTS('',3,(#8467,#8468,#8469,#8470,#8471),
 .UNSPECIFIED.,.F.,.F.,(4,1,4),(0.,0.0152468094802072,0.0311493810874141),
 .UNSPECIFIED.);
#1909=B_SPLINE_CURVE_WITH_KNOTS('',3,(#8474,#8475,#8476,#8477,#8478),
 .UNSPECIFIED.,.F.,.F.,(4,1,4),(0.,0.0152468094802072,0.0311493810874141),
 .UNSPECIFIED.);
#1910=B_SPLINE_CURVE_WITH_KNOTS('',3,(#8490,#8491,#8492,#8493,#8494),
 .UNSPECIFIED.,.F.,.F.,(4,1,4),(0.,0.0164432353236831,0.0317406293937267),
 .UNSPECIFIED.);
#1911=B_SPLINE_CURVE_WITH_KNOTS('',3,(#8497,#8498,#8499,#8500,#8501),
 .UNSPECIFIED.,.F.,.F.,(4,1,4),(0.,0.0164432353236831,0.0317406293937267),
 .UNSPECIFIED.);
#1912=B_SPLINE_CURVE_WITH_KNOTS('',3,(#8513,#8514,#8515,#8516,#8517),
 .UNSPECIFIED.,.F.,.F.,(4,1,4),(0.,0.0244941009650517,0.0438962688700639),
 .UNSPECIFIED.);
#1913=B_SPLINE_CURVE_WITH_KNOTS('',3,(#8520,#8521,#8522,#8523,#8524),
 .UNSPECIFIED.,.F.,.F.,(4,1,4),(0.,0.0244941009650517,0.0438962688700639),
 .UNSPECIFIED.);
#1914=B_SPLINE_CURVE_WITH_KNOTS('',3,(#8535,#8536,#8537,#8538,#8539),
 .UNSPECIFIED.,.F.,.F.,(4,1,4),(0.,0.0190918768074991,0.044174391635894),
 .UNSPECIFIED.);
#1915=B_SPLINE_CURVE_WITH_KNOTS('',3,(#8540,#8541,#8542,#8543,#8544),
 .UNSPECIFIED.,.F.,.F.,(4,1,4),(0.,0.0190918768074991,0.044174391635894),
 .UNSPECIFIED.);
#1916=B_SPLINE_CURVE_WITH_KNOTS('',3,(#8577,#8578,#8579,#8580,#8581),
 .UNSPECIFIED.,.F.,.F.,(4,1,4),(0.,0.0112482356427117,0.0221471711457689),
 .UNSPECIFIED.);
#1917=B_SPLINE_CURVE_WITH_KNOTS('',3,(#8584,#8585,#8586,#8587,#8588),
 .UNSPECIFIED.,.F.,.F.,(4,1,4),(0.,0.0112482356427117,0.0221471711457689),
 .UNSPECIFIED.);
#1918=B_SPLINE_CURVE_WITH_KNOTS('',3,(#8600,#8601,#8602,#8603,#8604),
 .UNSPECIFIED.,.F.,.F.,(4,1,4),(0.,0.0124574181556727,0.024163608662902),
 .UNSPECIFIED.);
#1919=B_SPLINE_CURVE_WITH_KNOTS('',3,(#8607,#8608,#8609,#8610,#8611),
 .UNSPECIFIED.,.F.,.F.,(4,1,4),(0.,0.0124574181556727,0.024163608662902),
 .UNSPECIFIED.);
#1920=B_SPLINE_CURVE_WITH_KNOTS('',3,(#8623,#8624,#8625,#8626,#8627),
 .UNSPECIFIED.,.F.,.F.,(4,1,4),(0.,0.016862825421696,0.0340439129194783),
 .UNSPECIFIED.);
#1921=B_SPLINE_CURVE_WITH_KNOTS('',3,(#8630,#8631,#8632,#8633,#8634),
 .UNSPECIFIED.,.F.,.F.,(4,1,4),(0.,0.016862825421696,0.0340439129194783),
 .UNSPECIFIED.);
#1922=B_SPLINE_CURVE_WITH_KNOTS('',3,(#8646,#8647,#8648,#8649,#8650),
 .UNSPECIFIED.,.F.,.F.,(4,1,4),(0.,0.0180323160433894,0.0351152677419494),
 .UNSPECIFIED.);
#1923=B_SPLINE_CURVE_WITH_KNOTS('',3,(#8653,#8654,#8655,#8656,#8657),
 .UNSPECIFIED.,.F.,.F.,(4,1,4),(0.,0.0180323160433894,0.0351152677419494),
 .UNSPECIFIED.);
#1924=B_SPLINE_CURVE_WITH_KNOTS('',3,(#8669,#8670,#8671,#8672,#8673),
 .UNSPECIFIED.,.F.,.F.,(4,1,4),(0.,0.0207643745668794,0.0402091060548333),
 .UNSPECIFIED.);
#1925=B_SPLINE_CURVE_WITH_KNOTS('',3,(#8676,#8677,#8678,#8679,#8680),
 .UNSPECIFIED.,.F.,.F.,(4,1,4),(0.,0.0207643745668794,0.0402091060548333),
 .UNSPECIFIED.);
#1926=B_SPLINE_CURVE_WITH_KNOTS('',3,(#8692,#8693,#8694,#8695,#8696),
 .UNSPECIFIED.,.F.,.F.,(4,1,4),(0.,0.0193495167390528,0.0404026665672102),
 .UNSPECIFIED.);
#1927=B_SPLINE_CURVE_WITH_KNOTS('',3,(#8699,#8700,#8701,#8702,#8703),
 .UNSPECIFIED.,.F.,.F.,(4,1,4),(0.,0.0193495167390528,0.0404026665672102),
 .UNSPECIFIED.);
#1928=B_SPLINE_CURVE_WITH_KNOTS('',3,(#8715,#8716,#8717,#8718,#8719),
 .UNSPECIFIED.,.F.,.F.,(4,1,4),(0.,0.0172379097811844,0.0352493502902505),
 .UNSPECIFIED.);
#1929=B_SPLINE_CURVE_WITH_KNOTS('',3,(#8722,#8723,#8724,#8725,#8726),
 .UNSPECIFIED.,.F.,.F.,(4,1,4),(0.,0.0172379097811844,0.0352493502902505),
 .UNSPECIFIED.);
#1930=B_SPLINE_CURVE_WITH_KNOTS('',3,(#8738,#8739,#8740,#8741,#8742),
 .UNSPECIFIED.,.F.,.F.,(4,1,4),(0.,0.0167974832699578,0.033626230539367),
 .UNSPECIFIED.);
#1931=B_SPLINE_CURVE_WITH_KNOTS('',3,(#8745,#8746,#8747,#8748,#8749),
 .UNSPECIFIED.,.F.,.F.,(4,1,4),(0.,0.0167974832699578,0.033626230539367),
 .UNSPECIFIED.);
#1932=B_SPLINE_CURVE_WITH_KNOTS('',3,(#8761,#8762,#8763,#8764,#8765),
 .UNSPECIFIED.,.F.,.F.,(4,1,4),(0.,0.023473508828941,0.0475827165265428),
 .UNSPECIFIED.);
#1933=B_SPLINE_CURVE_WITH_KNOTS('',3,(#8768,#8769,#8770,#8771,#8772),
 .UNSPECIFIED.,.F.,.F.,(4,1,4),(0.,0.023473508828941,0.0475827165265428),
 .UNSPECIFIED.);
#1934=B_SPLINE_CURVE_WITH_KNOTS('',3,(#8795,#8796,#8797,#8798,#8799),
 .UNSPECIFIED.,.F.,.F.,(4,1,4),(0.,0.0134512236902515,0.0262029560367371),
 .UNSPECIFIED.);
#1935=B_SPLINE_CURVE_WITH_KNOTS('',3,(#8803,#8804,#8805,#8806,#8807),
 .UNSPECIFIED.,.F.,.F.,(4,1,4),(0.,0.0134512236902515,0.0262029560367371),
 .UNSPECIFIED.);
#1936=B_SPLINE_CURVE_WITH_KNOTS('',3,(#8820,#8821,#8822,#8823,#8824),
 .UNSPECIFIED.,.F.,.F.,(4,1,4),(0.,0.0162701561119811,0.0329052723424502),
 .UNSPECIFIED.);
#1937=B_SPLINE_CURVE_WITH_KNOTS('',3,(#8827,#8828,#8829,#8830,#8831),
 .UNSPECIFIED.,.F.,.F.,(4,1,4),(0.,0.0162701561119811,0.0329052723424502),
 .UNSPECIFIED.);
#1938=B_SPLINE_CURVE_WITH_KNOTS('',3,(#8843,#8844,#8845,#8846,#8847),
 .UNSPECIFIED.,.F.,.F.,(4,1,4),(0.,0.0253593370772465,0.0445178901700208),
 .UNSPECIFIED.);
#1939=B_SPLINE_CURVE_WITH_KNOTS('',3,(#8850,#8851,#8852,#8853,#8854),
 .UNSPECIFIED.,.F.,.F.,(4,1,4),(0.,0.0253593370772465,0.0445178901700208),
 .UNSPECIFIED.);
#1940=B_SPLINE_CURVE_WITH_KNOTS('',3,(#8866,#8867,#8868,#8869,#8870),
 .UNSPECIFIED.,.F.,.F.,(4,1,4),(0.,0.0192493581018457,0.0443321828497074),
 .UNSPECIFIED.);
#1941=B_SPLINE_CURVE_WITH_KNOTS('',3,(#8873,#8874,#8875,#8876,#8877),
 .UNSPECIFIED.,.F.,.F.,(4,1,4),(0.,0.0192493581018457,0.0443321828497074),
 .UNSPECIFIED.);
#1942=B_SPLINE_CURVE_WITH_KNOTS('',3,(#8889,#8890,#8891,#8892,#8893),
 .UNSPECIFIED.,.F.,.F.,(4,1,4),(0.,0.0171401434160862,0.0337943046625559),
 .UNSPECIFIED.);
#1943=B_SPLINE_CURVE_WITH_KNOTS('',3,(#8896,#8897,#8898,#8899,#8900),
 .UNSPECIFIED.,.F.,.F.,(4,1,4),(0.,0.0171401434160862,0.0337943046625559),
 .UNSPECIFIED.);
#1944=B_SPLINE_CURVE_WITH_KNOTS('',3,(#8912,#8913,#8914,#8915,#8916),
 .UNSPECIFIED.,.F.,.F.,(4,1,4),(0.,0.011047693690649,0.022570310832807),
 .UNSPECIFIED.);
#1945=B_SPLINE_CURVE_WITH_KNOTS('',3,(#8919,#8920,#8921,#8922,#8923),
 .UNSPECIFIED.,.F.,.F.,(4,1,4),(0.,0.011047693690649,0.022570310832807),
 .UNSPECIFIED.);
#1946=B_SPLINE_CURVE_WITH_KNOTS('',3,(#8935,#8936,#8937,#8938,#8939),
 .UNSPECIFIED.,.F.,.F.,(4,1,4),(0.,0.0136343624075555,0.0253900361628607),
 .UNSPECIFIED.);
#1947=B_SPLINE_CURVE_WITH_KNOTS('',3,(#8942,#8943,#8944,#8945,#8946),
 .UNSPECIFIED.,.F.,.F.,(4,1,4),(0.,0.0136343624075555,0.0253900361628607),
 .UNSPECIFIED.);
#1948=B_SPLINE_CURVE_WITH_KNOTS('',3,(#8964,#8965,#8966,#8967,#8968),
 .UNSPECIFIED.,.F.,.F.,(4,1,4),(0.,0.0189796364096212,0.0396324640436051),
 .UNSPECIFIED.);
#1949=B_SPLINE_CURVE_WITH_KNOTS('',3,(#8971,#8972,#8973,#8974,#8975),
 .UNSPECIFIED.,.F.,.F.,(4,1,4),(0.,0.0189796364096212,0.0396324640436051),
 .UNSPECIFIED.);
#1950=B_SPLINE_CURVE_WITH_KNOTS('',3,(#8987,#8988,#8989,#8990,#8991),
 .UNSPECIFIED.,.F.,.F.,(4,1,4),(0.,0.0216596013569727,0.0410106483289866),
 .UNSPECIFIED.);
#1951=B_SPLINE_CURVE_WITH_KNOTS('',3,(#8994,#8995,#8996,#8997,#8998),
 .UNSPECIFIED.,.F.,.F.,(4,1,4),(0.,0.0216596013569727,0.0410106483289866),
 .UNSPECIFIED.);
#1952=B_SPLINE_CURVE_WITH_KNOTS('',3,(#9010,#9011,#9012,#9013,#9014),
 .UNSPECIFIED.,.F.,.F.,(4,1,4),(0.,0.0178570362385898,0.0359822163579438),
 .UNSPECIFIED.);
#1953=B_SPLINE_CURVE_WITH_KNOTS('',3,(#9017,#9018,#9019,#9020,#9021),
 .UNSPECIFIED.,.F.,.F.,(4,1,4),(0.,0.0178570362385898,0.0359822163579438),
 .UNSPECIFIED.);
#1954=B_SPLINE_CURVE_WITH_KNOTS('',3,(#9033,#9034,#9035,#9036,#9037),
 .UNSPECIFIED.,.F.,.F.,(4,1,4),(0.,0.0182559479151479,0.0359534942321607),
 .UNSPECIFIED.);
#1955=B_SPLINE_CURVE_WITH_KNOTS('',3,(#9040,#9041,#9042,#9043,#9044),
 .UNSPECIFIED.,.F.,.F.,(4,1,4),(0.,0.0182559479151479,0.0359534942321607),
 .UNSPECIFIED.);
#1956=B_SPLINE_CURVE_WITH_KNOTS('',3,(#9056,#9057,#9058,#9059,#9060),
 .UNSPECIFIED.,.F.,.F.,(4,1,4),(0.,0.02208437731597,0.0420219456028088),
 .UNSPECIFIED.);
#1957=B_SPLINE_CURVE_WITH_KNOTS('',3,(#9063,#9064,#9065,#9066,#9067),
 .UNSPECIFIED.,.F.,.F.,(4,1,4),(0.,0.02208437731597,0.0420219456028088),
 .UNSPECIFIED.);
#1958=B_SPLINE_CURVE_WITH_KNOTS('',3,(#9079,#9080,#9081,#9082,#9083),
 .UNSPECIFIED.,.F.,.F.,(4,1,4),(0.,0.0272627228972251,0.059656564739229),
 .UNSPECIFIED.);
#1959=B_SPLINE_CURVE_WITH_KNOTS('',3,(#9086,#9087,#9088,#9089,#9090),
 .UNSPECIFIED.,.F.,.F.,(4,1,4),(0.,0.0272627228972251,0.059656564739229),
 .UNSPECIFIED.);
#1960=B_SPLINE_CURVE_WITH_KNOTS('',3,(#9102,#9103,#9104,#9105,#9106),
 .UNSPECIFIED.,.F.,.F.,(4,1,4),(0.,0.0272613279319201,0.0528205922317014),
 .UNSPECIFIED.);
#1961=B_SPLINE_CURVE_WITH_KNOTS('',3,(#9109,#9110,#9111,#9112,#9113),
 .UNSPECIFIED.,.F.,.F.,(4,1,4),(0.,0.0272613279319201,0.0528205922317014),
 .UNSPECIFIED.);
#1962=B_SPLINE_CURVE_WITH_KNOTS('',3,(#9125,#9126,#9127,#9128,#9129),
 .UNSPECIFIED.,.F.,.F.,(4,1,4),(0.,0.0210236569103605,0.0431859113362898),
 .UNSPECIFIED.);
#1963=B_SPLINE_CURVE_WITH_KNOTS('',3,(#9132,#9133,#9134,#9135,#9136),
 .UNSPECIFIED.,.F.,.F.,(4,1,4),(0.,0.0210236569103605,0.0431859113362898),
 .UNSPECIFIED.);
#1964=B_SPLINE_CURVE_WITH_KNOTS('',3,(#9148,#9149,#9150,#9151,#9152),
 .UNSPECIFIED.,.F.,.F.,(4,1,4),(0.,0.0233423195356211,0.0447425397102322),
 .UNSPECIFIED.);
#1965=B_SPLINE_CURVE_WITH_KNOTS('',3,(#9155,#9156,#9157,#9158,#9159),
 .UNSPECIFIED.,.F.,.F.,(4,1,4),(0.,0.0233423195356211,0.0447425397102322),
 .UNSPECIFIED.);
#1966=B_SPLINE_CURVE_WITH_KNOTS('',3,(#9176,#9177,#9178,#9179,#9180),
 .UNSPECIFIED.,.F.,.F.,(4,1,4),(0.,0.0137581766636885,0.0303720419380491),
 .UNSPECIFIED.);
#1967=B_SPLINE_CURVE_WITH_KNOTS('',3,(#9181,#9182,#9183,#9184,#9185),
 .UNSPECIFIED.,.F.,.F.,(4,1,4),(0.,0.0137581766636885,0.0303720419380491),
 .UNSPECIFIED.);
#1968=B_SPLINE_CURVE_WITH_KNOTS('',3,(#9199,#9200,#9201,#9202,#9203),
 .UNSPECIFIED.,.F.,.F.,(4,1,4),(0.,0.0152329899398597,0.0322447533197694),
 .UNSPECIFIED.);
#1969=B_SPLINE_CURVE_WITH_KNOTS('',3,(#9207,#9208,#9209,#9210,#9211),
 .UNSPECIFIED.,.F.,.F.,(4,1,4),(0.,0.0152329899398597,0.0322447533197694),
 .UNSPECIFIED.);
#1970=B_SPLINE_CURVE_WITH_KNOTS('',3,(#9224,#9225,#9226,#9227,#9228),
 .UNSPECIFIED.,.F.,.F.,(4,1,4),(0.,0.0162187445756386,0.031333384866261),
 .UNSPECIFIED.);
#1971=B_SPLINE_CURVE_WITH_KNOTS('',3,(#9231,#9232,#9233,#9234,#9235),
 .UNSPECIFIED.,.F.,.F.,(4,1,4),(0.,0.0162187445756386,0.031333384866261),
 .UNSPECIFIED.);
#1972=B_SPLINE_CURVE_WITH_KNOTS('',3,(#9247,#9248,#9249,#9250,#9251),
 .UNSPECIFIED.,.F.,.F.,(4,1,4),(0.,0.0243824407205848,0.0436392915483184),
 .UNSPECIFIED.);
#1973=B_SPLINE_CURVE_WITH_KNOTS('',3,(#9254,#9255,#9256,#9257,#9258),
 .UNSPECIFIED.,.F.,.F.,(4,1,4),(0.,0.0243824407205848,0.0436392915483184),
 .UNSPECIFIED.);
#1974=B_SPLINE_CURVE_WITH_KNOTS('',3,(#9270,#9271,#9272,#9273,#9274),
 .UNSPECIFIED.,.F.,.F.,(4,1,4),(0.,0.0196991756840523,0.0451227675507863),
 .UNSPECIFIED.);
#1975=B_SPLINE_CURVE_WITH_KNOTS('',3,(#9277,#9278,#9279,#9280,#9281),
 .UNSPECIFIED.,.F.,.F.,(4,1,4),(0.,0.0196991756840523,0.0451227675507863),
 .UNSPECIFIED.);
#1976=B_SPLINE_CURVE_WITH_KNOTS('',3,(#9293,#9294,#9295,#9296,#9297),
 .UNSPECIFIED.,.F.,.F.,(4,1,4),(0.,0.015583786233722,0.0320989429087473),
 .UNSPECIFIED.);
#1977=B_SPLINE_CURVE_WITH_KNOTS('',3,(#9300,#9301,#9302,#9303,#9304),
 .UNSPECIFIED.,.F.,.F.,(4,1,4),(0.,0.015583786233722,0.0320989429087473),
 .UNSPECIFIED.);
#1978=B_SPLINE_CURVE_WITH_KNOTS('',3,(#9316,#9317,#9318,#9319,#9320),
 .UNSPECIFIED.,.F.,.F.,(4,1,4),(0.,0.0160381172759529,0.031312797717397),
 .UNSPECIFIED.);
#1979=B_SPLINE_CURVE_WITH_KNOTS('',3,(#9323,#9324,#9325,#9326,#9327),
 .UNSPECIFIED.,.F.,.F.,(4,1,4),(0.,0.0160381172759529,0.031312797717397),
 .UNSPECIFIED.);
#1980=B_SPLINE_CURVE_WITH_KNOTS('',3,(#9339,#9340,#9341,#9342,#9343),
 .UNSPECIFIED.,.F.,.F.,(4,1,4),(0.,0.0244820925243524,0.0435023861835854),
 .UNSPECIFIED.);
#1981=B_SPLINE_CURVE_WITH_KNOTS('',3,(#9346,#9347,#9348,#9349,#9350),
 .UNSPECIFIED.,.F.,.F.,(4,1,4),(0.,0.0244820925243524,0.0435023861835854),
 .UNSPECIFIED.);
#1982=B_SPLINE_CURVE_WITH_KNOTS('',3,(#9361,#9362,#9363,#9364,#9365),
 .UNSPECIFIED.,.F.,.F.,(4,1,4),(0.,0.0201414566570937,0.0449675150659998),
 .UNSPECIFIED.);
#1983=B_SPLINE_CURVE_WITH_KNOTS('',3,(#9366,#9367,#9368,#9369,#9370),
 .UNSPECIFIED.,.F.,.F.,(4,1,4),(0.,0.0201414566570937,0.0449675150659998),
 .UNSPECIFIED.);
#1984=B_SPLINE_CURVE_WITH_KNOTS('',3,(#9391,#9392,#9393,#9394,#9395),
 .UNSPECIFIED.,.F.,.F.,(4,1,4),(0.,0.0106466358434291,0.0208120655162464),
 .UNSPECIFIED.);
#1985=B_SPLINE_CURVE_WITH_KNOTS('',3,(#9398,#9399,#9400,#9401,#9402),
 .UNSPECIFIED.,.F.,.F.,(4,1,4),(0.,0.0106466358434291,0.0208120655162464),
 .UNSPECIFIED.);
#1986=B_SPLINE_CURVE_WITH_KNOTS('',3,(#9414,#9415,#9416,#9417,#9418),
 .UNSPECIFIED.,.F.,.F.,(4,1,4),(0.,0.0117191111147644,0.0228085855378771),
 .UNSPECIFIED.);
#1987=B_SPLINE_CURVE_WITH_KNOTS('',3,(#9421,#9422,#9423,#9424,#9425),
 .UNSPECIFIED.,.F.,.F.,(4,1,4),(0.,0.0117191111147644,0.0228085855378771),
 .UNSPECIFIED.);
#1988=B_SPLINE_CURVE_WITH_KNOTS('',3,(#9437,#9438,#9439,#9440,#9441),
 .UNSPECIFIED.,.F.,.F.,(4,1,4),(0.,0.017147684669831,0.03370640170894),
 .UNSPECIFIED.);
#1989=B_SPLINE_CURVE_WITH_KNOTS('',3,(#9444,#9445,#9446,#9447,#9448),
 .UNSPECIFIED.,.F.,.F.,(4,1,4),(0.,0.017147684669831,0.03370640170894),
 .UNSPECIFIED.);
#1990=B_SPLINE_CURVE_WITH_KNOTS('',3,(#9460,#9461,#9462,#9463,#9464),
 .UNSPECIFIED.,.F.,.F.,(4,1,4),(0.,0.0185211253089314,0.0362226074371056),
 .UNSPECIFIED.);
#1991=B_SPLINE_CURVE_WITH_KNOTS('',3,(#9467,#9468,#9469,#9470,#9471),
 .UNSPECIFIED.,.F.,.F.,(4,1,4),(0.,0.0185211253089314,0.0362226074371056),
 .UNSPECIFIED.);
#1992=B_SPLINE_CURVE_WITH_KNOTS('',3,(#9483,#9484,#9485,#9486,#9487),
 .UNSPECIFIED.,.F.,.F.,(4,1,4),(0.,0.021222902518495,0.0410595357655393),
 .UNSPECIFIED.);
#1993=B_SPLINE_CURVE_WITH_KNOTS('',3,(#9490,#9491,#9492,#9493,#9494),
 .UNSPECIFIED.,.F.,.F.,(4,1,4),(0.,0.021222902518495,0.0410595357655393),
 .UNSPECIFIED.);
#1994=B_SPLINE_CURVE_WITH_KNOTS('',3,(#9506,#9507,#9508,#9509,#9510),
 .UNSPECIFIED.,.F.,.F.,(4,1,4),(0.,0.0190193407937057,0.0390023685073273),
 .UNSPECIFIED.);
#1995=B_SPLINE_CURVE_WITH_KNOTS('',3,(#9513,#9514,#9515,#9516,#9517),
 .UNSPECIFIED.,.F.,.F.,(4,1,4),(0.,0.0190193407937057,0.0390023685073273),
 .UNSPECIFIED.);
#1996=B_SPLINE_CURVE_WITH_KNOTS('',3,(#9529,#9530,#9531,#9532,#9533),
 .UNSPECIFIED.,.F.,.F.,(4,1,4),(0.,0.0169551260640989,0.0348056628325784),
 .UNSPECIFIED.);
#1997=B_SPLINE_CURVE_WITH_KNOTS('',3,(#9536,#9537,#9538,#9539,#9540),
 .UNSPECIFIED.,.F.,.F.,(4,1,4),(0.,0.0169551260640989,0.0348056628325784),
 .UNSPECIFIED.);
#1998=B_SPLINE_CURVE_WITH_KNOTS('',3,(#9552,#9553,#9554,#9555,#9556),
 .UNSPECIFIED.,.F.,.F.,(4,1,4),(0.,0.0176249408479037,0.0344999799869935),
 .UNSPECIFIED.);
#1999=B_SPLINE_CURVE_WITH_KNOTS('',3,(#9559,#9560,#9561,#9562,#9563),
 .UNSPECIFIED.,.F.,.F.,(4,1,4),(0.,0.0176249408479037,0.0344999799869935),
 .UNSPECIFIED.);
#2000=B_SPLINE_CURVE_WITH_KNOTS('',3,(#9575,#9576,#9577,#9578,#9579),
 .UNSPECIFIED.,.F.,.F.,(4,1,4),(0.,0.0117699876226806,0.0249734629992277),
 .UNSPECIFIED.);
#2001=B_SPLINE_CURVE_WITH_KNOTS('',3,(#9582,#9583,#9584,#9585,#9586),
 .UNSPECIFIED.,.F.,.F.,(4,1,4),(0.,0.0117699876226806,0.0249734629992277),
 .UNSPECIFIED.);
#2002=B_SPLINE_CURVE_WITH_KNOTS('',3,(#9598,#9599,#9600,#9601,#9602),
 .UNSPECIFIED.,.F.,.F.,(4,1,4),(0.,0.0128242494036034,0.0245270139230258),
 .UNSPECIFIED.);
#2003=B_SPLINE_CURVE_WITH_KNOTS('',3,(#9605,#9606,#9607,#9608,#9609),
 .UNSPECIFIED.,.F.,.F.,(4,1,4),(0.,0.0128242494036034,0.0245270139230258),
 .UNSPECIFIED.);
#2004=B_SPLINE_CURVE_WITH_KNOTS('',3,(#9644,#9645,#9646,#9647,#9648),
 .UNSPECIFIED.,.F.,.F.,(4,1,4),(0.,0.0107190242883606,0.0250097704133738),
 .UNSPECIFIED.);
#2005=B_SPLINE_CURVE_WITH_KNOTS('',3,(#9652,#9653,#9654,#9655,#9656),
 .UNSPECIFIED.,.F.,.F.,(4,1,4),(0.,0.0107190242883606,0.0250097704133738),
 .UNSPECIFIED.);
#2006=B_SPLINE_CURVE_WITH_KNOTS('',3,(#9669,#9670,#9671,#9672,#9673),
 .UNSPECIFIED.,.F.,.F.,(4,1,4),(0.,0.0120777234740148,0.0237852991096656),
 .UNSPECIFIED.);
#2007=B_SPLINE_CURVE_WITH_KNOTS('',3,(#9676,#9677,#9678,#9679,#9680),
 .UNSPECIFIED.,.F.,.F.,(4,1,4),(0.,0.0120777234740148,0.0237852991096656),
 .UNSPECIFIED.);
#2008=B_SPLINE_CURVE_WITH_KNOTS('',3,(#9692,#9693,#9694,#9695,#9696),
 .UNSPECIFIED.,.F.,.F.,(4,1,4),(0.,0.0134934272181639,0.0262110457637179),
 .UNSPECIFIED.);
#2009=B_SPLINE_CURVE_WITH_KNOTS('',3,(#9699,#9700,#9701,#9702,#9703),
 .UNSPECIFIED.,.F.,.F.,(4,1,4),(0.,0.0134934272181639,0.0262110457637179),
 .UNSPECIFIED.);
#2010=B_SPLINE_CURVE_WITH_KNOTS('',3,(#9715,#9716,#9717,#9718,#9719),
 .UNSPECIFIED.,.F.,.F.,(4,1,4),(0.,0.0103914245803382,0.0230996425074106),
 .UNSPECIFIED.);
#2011=B_SPLINE_CURVE_WITH_KNOTS('',3,(#9722,#9723,#9724,#9725,#9726),
 .UNSPECIFIED.,.F.,.F.,(4,1,4),(0.,0.0103914245803382,0.0230996425074106),
 .UNSPECIFIED.);
#2012=B_SPLINE_CURVE_WITH_KNOTS('',3,(#9738,#9739,#9740,#9741,#9742),
 .UNSPECIFIED.,.F.,.F.,(4,1,4),(0.,0.00919395562068536,0.0184334575296135),
 .UNSPECIFIED.);
#2013=B_SPLINE_CURVE_WITH_KNOTS('',3,(#9745,#9746,#9747,#9748,#9749),
 .UNSPECIFIED.,.F.,.F.,(4,1,4),(0.,0.00919395562068536,0.0184334575296135),
 .UNSPECIFIED.);
#2014=B_SPLINE_CURVE_WITH_KNOTS('',3,(#9761,#9762,#9763,#9764,#9765),
 .UNSPECIFIED.,.F.,.F.,(4,1,4),(0.,0.0061040614871687,0.0122852719585315),
 .UNSPECIFIED.);
#2015=B_SPLINE_CURVE_WITH_KNOTS('',3,(#9768,#9769,#9770,#9771,#9772),
 .UNSPECIFIED.,.F.,.F.,(4,1,4),(0.,0.0061040614871687,0.0122852719585315),
 .UNSPECIFIED.);
#2016=B_SPLINE_CURVE_WITH_KNOTS('',3,(#9784,#9785,#9786,#9787,#9788),
 .UNSPECIFIED.,.F.,.F.,(4,1,4),(0.,0.00649556111843269,0.012691434365285),
 .UNSPECIFIED.);
#2017=B_SPLINE_CURVE_WITH_KNOTS('',3,(#9791,#9792,#9793,#9794,#9795),
 .UNSPECIFIED.,.F.,.F.,(4,1,4),(0.,0.00649556111843269,0.012691434365285),
 .UNSPECIFIED.);
#2018=B_SPLINE_CURVE_WITH_KNOTS('',3,(#9807,#9808,#9809,#9810,#9811),
 .UNSPECIFIED.,.F.,.F.,(4,1,4),(0.,0.0131326319505093,0.0220119890109765),
 .UNSPECIFIED.);
#2019=B_SPLINE_CURVE_WITH_KNOTS('',3,(#9814,#9815,#9816,#9817,#9818),
 .UNSPECIFIED.,.F.,.F.,(4,1,4),(0.,0.0131326319505093,0.0220119890109765),
 .UNSPECIFIED.);
#2020=B_SPLINE_CURVE_WITH_KNOTS('',3,(#9830,#9831,#9832,#9833,#9834),
 .UNSPECIFIED.,.F.,.F.,(4,1,4),(0.,0.0174578611612846,0.0412339901115376),
 .UNSPECIFIED.);
#2021=B_SPLINE_CURVE_WITH_KNOTS('',3,(#9837,#9838,#9839,#9840,#9841),
 .UNSPECIFIED.,.F.,.F.,(4,1,4),(0.,0.0174578611612846,0.0412339901115376),
 .UNSPECIFIED.);
#2022=B_SPLINE_CURVE_WITH_KNOTS('',3,(#9865,#9866,#9867,#9868,#9869),
 .UNSPECIFIED.,.F.,.F.,(4,1,4),(0.,0.00918678810727932,0.018535410713108),
 .UNSPECIFIED.);
#2023=B_SPLINE_CURVE_WITH_KNOTS('',3,(#9872,#9873,#9874,#9875,#9876),
 .UNSPECIFIED.,.F.,.F.,(4,1,4),(0.,0.00918678810727932,0.018535410713108),
 .UNSPECIFIED.);
#2024=B_SPLINE_CURVE_WITH_KNOTS('',3,(#9888,#9889,#9890,#9891,#9892),
 .UNSPECIFIED.,.F.,.F.,(4,1,4),(0.,0.0279529489977113,0.0433628870507992),
 .UNSPECIFIED.);
#2025=B_SPLINE_CURVE_WITH_KNOTS('',3,(#9895,#9896,#9897,#9898,#9899),
 .UNSPECIFIED.,.F.,.F.,(4,1,4),(0.,0.0279529489977113,0.0433628870507992),
 .UNSPECIFIED.);
#2026=B_SPLINE_CURVE_WITH_KNOTS('',3,(#9917,#9918,#9919,#9920,#9921),
 .UNSPECIFIED.,.F.,.F.,(4,1,4),(0.,0.00884753181863085,0.0226981332005029),
 .UNSPECIFIED.);
#2027=B_SPLINE_CURVE_WITH_KNOTS('',3,(#9924,#9925,#9926,#9927,#9928),
 .UNSPECIFIED.,.F.,.F.,(4,1,4),(0.,0.00884753181863085,0.0226981332005029),
 .UNSPECIFIED.);
#2028=B_SPLINE_CURVE_WITH_KNOTS('',3,(#9940,#9941,#9942,#9943,#9944),
 .UNSPECIFIED.,.F.,.F.,(4,1,4),(0.,0.00880678825825766,0.0185085320931788),
 .UNSPECIFIED.);
#2029=B_SPLINE_CURVE_WITH_KNOTS('',3,(#9947,#9948,#9949,#9950,#9951),
 .UNSPECIFIED.,.F.,.F.,(4,1,4),(0.,0.00880678825825766,0.0185085320931788),
 .UNSPECIFIED.);
#2030=B_SPLINE_CURVE_WITH_KNOTS('',3,(#9963,#9964,#9965,#9966,#9967),
 .UNSPECIFIED.,.F.,.F.,(4,1,4),(0.,0.0112035871375347,0.0204521336741911),
 .UNSPECIFIED.);
#2031=B_SPLINE_CURVE_WITH_KNOTS('',3,(#9970,#9971,#9972,#9973,#9974),
 .UNSPECIFIED.,.F.,.F.,(4,1,4),(0.,0.0112035871375347,0.0204521336741911),
 .UNSPECIFIED.);
#2032=B_SPLINE_CURVE_WITH_KNOTS('',3,(#9986,#9987,#9988,#9989,#9990),
 .UNSPECIFIED.,.F.,.F.,(4,1,4),(0.,0.0168497349775389,0.0305815054821776),
 .UNSPECIFIED.);
#2033=B_SPLINE_CURVE_WITH_KNOTS('',3,(#9993,#9994,#9995,#9996,#9997),
 .UNSPECIFIED.,.F.,.F.,(4,1,4),(0.,0.0168497349775389,0.0305815054821776),
 .UNSPECIFIED.);
#2034=B_SPLINE_CURVE_WITH_KNOTS('',3,(#10009,#10010,#10011,#10012,#10013),
 .UNSPECIFIED.,.F.,.F.,(4,1,4),(0.,0.0157871196015929,0.0333985161943011),
 .UNSPECIFIED.);
#2035=B_SPLINE_CURVE_WITH_KNOTS('',3,(#10016,#10017,#10018,#10019,#10020),
 .UNSPECIFIED.,.F.,.F.,(4,1,4),(0.,0.0157871196015929,0.0333985161943011),
 .UNSPECIFIED.);
#2036=B_SPLINE_CURVE_WITH_KNOTS('',3,(#10032,#10033,#10034,#10035,#10036),
 .UNSPECIFIED.,.F.,.F.,(4,1,4),(0.,0.0124326269100088,0.0264042414898174),
 .UNSPECIFIED.);
#2037=B_SPLINE_CURVE_WITH_KNOTS('',3,(#10039,#10040,#10041,#10042,#10043),
 .UNSPECIFIED.,.F.,.F.,(4,1,4),(0.,0.0124326269100088,0.0264042414898174),
 .UNSPECIFIED.);
#2038=B_SPLINE_CURVE_WITH_KNOTS('',3,(#10055,#10056,#10057,#10058,#10059),
 .UNSPECIFIED.,.F.,.F.,(4,1,4),(0.,0.0145902450735863,0.0273098521191232),
 .UNSPECIFIED.);
#2039=B_SPLINE_CURVE_WITH_KNOTS('',3,(#10062,#10063,#10064,#10065,#10066),
 .UNSPECIFIED.,.F.,.F.,(4,1,4),(0.,0.0145902450735863,0.0273098521191232),
 .UNSPECIFIED.);
#2040=B_SPLINE_CURVE_WITH_KNOTS('',3,(#10084,#10085,#10086,#10087,#10088),
 .UNSPECIFIED.,.F.,.F.,(4,1,4),(0.,0.0110556231837516,0.0250694953793148),
 .UNSPECIFIED.);
#2041=B_SPLINE_CURVE_WITH_KNOTS('',3,(#10091,#10092,#10093,#10094,#10095),
 .UNSPECIFIED.,.F.,.F.,(4,1,4),(0.,0.0110556231837516,0.0250694953793148),
 .UNSPECIFIED.);
#2042=B_SPLINE_CURVE_WITH_KNOTS('',3,(#10107,#10108,#10109,#10110,#10111),
 .UNSPECIFIED.,.F.,.F.,(4,1,4),(0.,0.0151342175418529,0.0265990229022209),
 .UNSPECIFIED.);
#2043=B_SPLINE_CURVE_WITH_KNOTS('',3,(#10114,#10115,#10116,#10117,#10118),
 .UNSPECIFIED.,.F.,.F.,(4,1,4),(0.,0.0151342175418529,0.0265990229022209),
 .UNSPECIFIED.);
#2044=B_SPLINE_CURVE_WITH_KNOTS('',3,(#10130,#10131,#10132,#10133,#10134),
 .UNSPECIFIED.,.F.,.F.,(4,1,4),(0.,0.0132593549121324,0.0296605762663181),
 .UNSPECIFIED.);
#2045=B_SPLINE_CURVE_WITH_KNOTS('',3,(#10137,#10138,#10139,#10140,#10141),
 .UNSPECIFIED.,.F.,.F.,(4,1,4),(0.,0.0132593549121324,0.0296605762663181),
 .UNSPECIFIED.);
#2046=B_SPLINE_CURVE_WITH_KNOTS('',3,(#10153,#10154,#10155,#10156,#10157),
 .UNSPECIFIED.,.F.,.F.,(4,1,4),(0.,0.0129076382061692,0.0227593068022873),
 .UNSPECIFIED.);
#2047=B_SPLINE_CURVE_WITH_KNOTS('',3,(#10160,#10161,#10162,#10163,#10164),
 .UNSPECIFIED.,.F.,.F.,(4,1,4),(0.,0.0129076382061692,0.0227593068022873),
 .UNSPECIFIED.);
#2048=B_SPLINE_CURVE_WITH_KNOTS('',3,(#10176,#10177,#10178,#10179,#10180),
 .UNSPECIFIED.,.F.,.F.,(4,1,4),(0.,0.00412814683974976,0.0064135240358517),
 .UNSPECIFIED.);
#2049=B_SPLINE_CURVE_WITH_KNOTS('',3,(#10183,#10184,#10185,#10186,#10187),
 .UNSPECIFIED.,.F.,.F.,(4,1,4),(0.,0.00412814683974976,0.0064135240358517),
 .UNSPECIFIED.);
#2050=B_SPLINE_CURVE_WITH_KNOTS('',3,(#10199,#10200,#10201,#10202,#10203),
 .UNSPECIFIED.,.F.,.F.,(4,1,4),(0.,0.026109710022225,0.0446556739871849),
 .UNSPECIFIED.);
#2051=B_SPLINE_CURVE_WITH_KNOTS('',3,(#10206,#10207,#10208,#10209,#10210),
 .UNSPECIFIED.,.F.,.F.,(4,1,4),(0.,0.026109710022225,0.0446556739871849),
 .UNSPECIFIED.);
#2052=B_SPLINE_CURVE_WITH_KNOTS('',3,(#10222,#10223,#10224,#10225,#10226),
 .UNSPECIFIED.,.F.,.F.,(4,1,4),(0.,0.00926408856150765,0.0221474020636614),
 .UNSPECIFIED.);
#2053=B_SPLINE_CURVE_WITH_KNOTS('',3,(#10229,#10230,#10231,#10232,#10233),
 .UNSPECIFIED.,.F.,.F.,(4,1,4),(0.,0.00926408856150765,0.0221474020636614),
 .UNSPECIFIED.);
#2054=B_SPLINE_CURVE_WITH_KNOTS('',3,(#10245,#10246,#10247,#10248,#10249),
 .UNSPECIFIED.,.F.,.F.,(4,1,4),(0.,0.00955891105604393,0.0194793444011533),
 .UNSPECIFIED.);
#2055=B_SPLINE_CURVE_WITH_KNOTS('',3,(#10252,#10253,#10254,#10255,#10256),
 .UNSPECIFIED.,.F.,.F.,(4,1,4),(0.,0.00955891105604393,0.0194793444011533),
 .UNSPECIFIED.);
#2056=B_SPLINE_CURVE_WITH_KNOTS('',3,(#10268,#10269,#10270,#10271,#10272),
 .UNSPECIFIED.,.F.,.F.,(4,1,4),(0.,0.00970396383669469,0.0191192115322202),
 .UNSPECIFIED.);
#2057=B_SPLINE_CURVE_WITH_KNOTS('',3,(#10275,#10276,#10277,#10278,#10279),
 .UNSPECIFIED.,.F.,.F.,(4,1,4),(0.,0.00970396383669469,0.0191192115322202),
 .UNSPECIFIED.);
#2058=B_SPLINE_CURVE_WITH_KNOTS('',3,(#10291,#10292,#10293,#10294,#10295),
 .UNSPECIFIED.,.F.,.F.,(4,1,4),(0.,0.0102525050464157,0.020199328684888),
 .UNSPECIFIED.);
#2059=B_SPLINE_CURVE_WITH_KNOTS('',3,(#10298,#10299,#10300,#10301,#10302),
 .UNSPECIFIED.,.F.,.F.,(4,1,4),(0.,0.0102525050464157,0.020199328684888),
 .UNSPECIFIED.);
#2060=B_SPLINE_CURVE_WITH_KNOTS('',3,(#10314,#10315,#10316,#10317,#10318),
 .UNSPECIFIED.,.F.,.F.,(4,1,4),(0.,0.0164007085924879,0.0332334114066021),
 .UNSPECIFIED.);
#2061=B_SPLINE_CURVE_WITH_KNOTS('',3,(#10321,#10322,#10323,#10324,#10325),
 .UNSPECIFIED.,.F.,.F.,(4,1,4),(0.,0.0164007085924879,0.0332334114066021),
 .UNSPECIFIED.);
#2062=B_SPLINE_CURVE_WITH_KNOTS('',3,(#10337,#10338,#10339,#10340,#10341),
 .UNSPECIFIED.,.F.,.F.,(4,1,4),(0.,0.0213122890774148,0.0391861505323182),
 .UNSPECIFIED.);
#2063=B_SPLINE_CURVE_WITH_KNOTS('',3,(#10344,#10345,#10346,#10347,#10348),
 .UNSPECIFIED.,.F.,.F.,(4,1,4),(0.,0.0213122890774148,0.0391861505323182),
 .UNSPECIFIED.);
#2064=B_SPLINE_CURVE_WITH_KNOTS('',3,(#10360,#10361,#10362,#10363,#10364),
 .UNSPECIFIED.,.F.,.F.,(4,1,4),(0.,0.0135611554748626,0.0276127266602453),
 .UNSPECIFIED.);
#2065=B_SPLINE_CURVE_WITH_KNOTS('',3,(#10367,#10368,#10369,#10370,#10371),
 .UNSPECIFIED.,.F.,.F.,(4,1,4),(0.,0.0135611554748626,0.0276127266602453),
 .UNSPECIFIED.);
#2066=B_SPLINE_CURVE_WITH_KNOTS('',3,(#10383,#10384,#10385,#10386,#10387),
 .UNSPECIFIED.,.F.,.F.,(4,1,4),(0.,0.0166443216473745,0.0310583415441315),
 .UNSPECIFIED.);
#2067=B_SPLINE_CURVE_WITH_KNOTS('',3,(#10390,#10391,#10392,#10393,#10394),
 .UNSPECIFIED.,.F.,.F.,(4,1,4),(0.,0.0166443216473745,0.0310583415441315),
 .UNSPECIFIED.);
#2068=B_SPLINE_CURVE_WITH_KNOTS('',3,(#10405,#10406,#10407,#10408,#10409),
 .UNSPECIFIED.,.F.,.F.,(4,1,4),(0.,0.00886196176758083,0.0186085892062097),
 .UNSPECIFIED.);
#2069=B_SPLINE_CURVE_WITH_KNOTS('',3,(#10410,#10411,#10412,#10413,#10414),
 .UNSPECIFIED.,.F.,.F.,(4,1,4),(0.,0.00886196176758083,0.0186085892062097),
 .UNSPECIFIED.);
#2070=B_SPLINE_CURVE_WITH_KNOTS('',3,(#10501,#10502,#10503,#10504,#10505),
 .UNSPECIFIED.,.F.,.F.,(4,1,4),(0.,0.010719040788261,0.0250097869132741),
 .UNSPECIFIED.);
#2071=B_SPLINE_CURVE_WITH_KNOTS('',3,(#10509,#10510,#10511,#10512,#10513),
 .UNSPECIFIED.,.F.,.F.,(4,1,4),(0.,0.010719040788261,0.0250097869132741),
 .UNSPECIFIED.);
#2072=B_SPLINE_CURVE_WITH_KNOTS('',3,(#10526,#10527,#10528,#10529,#10530),
 .UNSPECIFIED.,.F.,.F.,(4,1,4),(0.,0.0120778180683561,0.0237853259843519),
 .UNSPECIFIED.);
#2073=B_SPLINE_CURVE_WITH_KNOTS('',3,(#10533,#10534,#10535,#10536,#10537),
 .UNSPECIFIED.,.F.,.F.,(4,1,4),(0.,0.0120778180683561,0.0237853259843519),
 .UNSPECIFIED.);
#2074=B_SPLINE_CURVE_WITH_KNOTS('',3,(#10549,#10550,#10551,#10552,#10553),
 .UNSPECIFIED.,.F.,.F.,(4,1,4),(0.,0.0134933087998863,0.026211038280218),
 .UNSPECIFIED.);
#2075=B_SPLINE_CURVE_WITH_KNOTS('',3,(#10556,#10557,#10558,#10559,#10560),
 .UNSPECIFIED.,.F.,.F.,(4,1,4),(0.,0.0134933087998863,0.026211038280218),
 .UNSPECIFIED.);
#2076=B_SPLINE_CURVE_WITH_KNOTS('',3,(#10572,#10573,#10574,#10575,#10576),
 .UNSPECIFIED.,.F.,.F.,(4,1,4),(0.,0.0103914245803382,0.0230996425074106),
 .UNSPECIFIED.);
#2077=B_SPLINE_CURVE_WITH_KNOTS('',3,(#10579,#10580,#10581,#10582,#10583),
 .UNSPECIFIED.,.F.,.F.,(4,1,4),(0.,0.0103914245803382,0.0230996425074106),
 .UNSPECIFIED.);
#2078=B_SPLINE_CURVE_WITH_KNOTS('',3,(#10595,#10596,#10597,#10598,#10599),
 .UNSPECIFIED.,.F.,.F.,(4,1,4),(0.,0.00919395562068536,0.0184334575296135),
 .UNSPECIFIED.);
#2079=B_SPLINE_CURVE_WITH_KNOTS('',3,(#10602,#10603,#10604,#10605,#10606),
 .UNSPECIFIED.,.F.,.F.,(4,1,4),(0.,0.00919395562068536,0.0184334575296135),
 .UNSPECIFIED.);
#2080=B_SPLINE_CURVE_WITH_KNOTS('',3,(#10618,#10619,#10620,#10621,#10622),
 .UNSPECIFIED.,.F.,.F.,(4,1,4),(0.,0.00610408646441042,0.0122852969357732),
 .UNSPECIFIED.);
#2081=B_SPLINE_CURVE_WITH_KNOTS('',3,(#10625,#10626,#10627,#10628,#10629),
 .UNSPECIFIED.,.F.,.F.,(4,1,4),(0.,0.00610408646441042,0.0122852969357732),
 .UNSPECIFIED.);
#2082=B_SPLINE_CURVE_WITH_KNOTS('',3,(#10641,#10642,#10643,#10644,#10645),
 .UNSPECIFIED.,.F.,.F.,(4,1,4),(0.,0.00649556111843269,0.012691434365285),
 .UNSPECIFIED.);
#2083=B_SPLINE_CURVE_WITH_KNOTS('',3,(#10648,#10649,#10650,#10651,#10652),
 .UNSPECIFIED.,.F.,.F.,(4,1,4),(0.,0.00649556111843269,0.012691434365285),
 .UNSPECIFIED.);
#2084=B_SPLINE_CURVE_WITH_KNOTS('',3,(#10664,#10665,#10666,#10667,#10668),
 .UNSPECIFIED.,.F.,.F.,(4,1,4),(0.,0.0131327492861536,0.0220119923299315),
 .UNSPECIFIED.);
#2085=B_SPLINE_CURVE_WITH_KNOTS('',3,(#10671,#10672,#10673,#10674,#10675),
 .UNSPECIFIED.,.F.,.F.,(4,1,4),(0.,0.0131327492861536,0.0220119923299315),
 .UNSPECIFIED.);
#2086=B_SPLINE_CURVE_WITH_KNOTS('',3,(#10687,#10688,#10689,#10690,#10691),
 .UNSPECIFIED.,.F.,.F.,(4,1,4),(0.,0.0174578041025238,0.0412339917069032),
 .UNSPECIFIED.);
#2087=B_SPLINE_CURVE_WITH_KNOTS('',3,(#10694,#10695,#10696,#10697,#10698),
 .UNSPECIFIED.,.F.,.F.,(4,1,4),(0.,0.0174578041025238,0.0412339917069032),
 .UNSPECIFIED.);
#2088=B_SPLINE_CURVE_WITH_KNOTS('',3,(#10722,#10723,#10724,#10725,#10726),
 .UNSPECIFIED.,.F.,.F.,(4,1,4),(0.,0.00918675779071031,0.0185354297579028),
 .UNSPECIFIED.);
#2089=B_SPLINE_CURVE_WITH_KNOTS('',3,(#10729,#10730,#10731,#10732,#10733),
 .UNSPECIFIED.,.F.,.F.,(4,1,4),(0.,0.00918675779071031,0.0185354297579028),
 .UNSPECIFIED.);
#2090=B_SPLINE_CURVE_WITH_KNOTS('',3,(#10745,#10746,#10747,#10748,#10749),
 .UNSPECIFIED.,.F.,.F.,(4,1,4),(0.,0.0279529489977113,0.0433628870507992),
 .UNSPECIFIED.);
#2091=B_SPLINE_CURVE_WITH_KNOTS('',3,(#10752,#10753,#10754,#10755,#10756),
 .UNSPECIFIED.,.F.,.F.,(4,1,4),(0.,0.0279529489977113,0.0433628870507992),
 .UNSPECIFIED.);
#2092=B_SPLINE_CURVE_WITH_KNOTS('',3,(#10774,#10775,#10776,#10777,#10778),
 .UNSPECIFIED.,.F.,.F.,(4,1,4),(0.,0.00884751940996848,0.0226981234333029),
 .UNSPECIFIED.);
#2093=B_SPLINE_CURVE_WITH_KNOTS('',3,(#10781,#10782,#10783,#10784,#10785),
 .UNSPECIFIED.,.F.,.F.,(4,1,4),(0.,0.00884751940996848,0.0226981234333029),
 .UNSPECIFIED.);
#2094=B_SPLINE_CURVE_WITH_KNOTS('',3,(#10797,#10798,#10799,#10800,#10801),
 .UNSPECIFIED.,.F.,.F.,(4,1,4),(0.,0.00880688243637882,0.0185085893919017),
 .UNSPECIFIED.);
#2095=B_SPLINE_CURVE_WITH_KNOTS('',3,(#10804,#10805,#10806,#10807,#10808),
 .UNSPECIFIED.,.F.,.F.,(4,1,4),(0.,0.00880688243637882,0.0185085893919017),
 .UNSPECIFIED.);
#2096=B_SPLINE_CURVE_WITH_KNOTS('',3,(#10820,#10821,#10822,#10823,#10824),
 .UNSPECIFIED.,.F.,.F.,(4,1,4),(0.,0.0112035871375347,0.0204520886134064),
 .UNSPECIFIED.);
#2097=B_SPLINE_CURVE_WITH_KNOTS('',3,(#10827,#10828,#10829,#10830,#10831),
 .UNSPECIFIED.,.F.,.F.,(4,1,4),(0.,0.0112035871375347,0.0204520886134064),
 .UNSPECIFIED.);
#2098=B_SPLINE_CURVE_WITH_KNOTS('',3,(#10843,#10844,#10845,#10846,#10847),
 .UNSPECIFIED.,.F.,.F.,(4,1,4),(0.,0.0168498539364946,0.0305815086702288),
 .UNSPECIFIED.);
#2099=B_SPLINE_CURVE_WITH_KNOTS('',3,(#10850,#10851,#10852,#10853,#10854),
 .UNSPECIFIED.,.F.,.F.,(4,1,4),(0.,0.0168498539364946,0.0305815086702288),
 .UNSPECIFIED.);
#2100=B_SPLINE_CURVE_WITH_KNOTS('',3,(#10866,#10867,#10868,#10869,#10870),
 .UNSPECIFIED.,.F.,.F.,(4,1,4),(0.,0.0157871774190055,0.0333984551172047),
 .UNSPECIFIED.);
#2101=B_SPLINE_CURVE_WITH_KNOTS('',3,(#10873,#10874,#10875,#10876,#10877),
 .UNSPECIFIED.,.F.,.F.,(4,1,4),(0.,0.0157871774190055,0.0333984551172047),
 .UNSPECIFIED.);
#2102=B_SPLINE_CURVE_WITH_KNOTS('',3,(#10889,#10890,#10891,#10892,#10893),
 .UNSPECIFIED.,.F.,.F.,(4,1,4),(0.,0.0124325829245985,0.0264042509034053),
 .UNSPECIFIED.);
#2103=B_SPLINE_CURVE_WITH_KNOTS('',3,(#10896,#10897,#10898,#10899,#10900),
 .UNSPECIFIED.,.F.,.F.,(4,1,4),(0.,0.0124325829245985,0.0264042509034053),
 .UNSPECIFIED.);
#2104=B_SPLINE_CURVE_WITH_KNOTS('',3,(#10912,#10913,#10914,#10915,#10916),
 .UNSPECIFIED.,.F.,.F.,(4,1,4),(0.,0.0145902627687876,0.0273098698143244),
 .UNSPECIFIED.);
#2105=B_SPLINE_CURVE_WITH_KNOTS('',3,(#10919,#10920,#10921,#10922,#10923),
 .UNSPECIFIED.,.F.,.F.,(4,1,4),(0.,0.0145902627687876,0.0273098698143244),
 .UNSPECIFIED.);
#2106=B_SPLINE_CURVE_WITH_KNOTS('',3,(#10941,#10942,#10943,#10944,#10945),
 .UNSPECIFIED.,.F.,.F.,(4,1,4),(0.,0.0110555457698589,0.0250694607590376),
 .UNSPECIFIED.);
#2107=B_SPLINE_CURVE_WITH_KNOTS('',3,(#10948,#10949,#10950,#10951,#10952),
 .UNSPECIFIED.,.F.,.F.,(4,1,4),(0.,0.0110555457698589,0.0250694607590376),
 .UNSPECIFIED.);
#2108=B_SPLINE_CURVE_WITH_KNOTS('',3,(#10964,#10965,#10966,#10967,#10968),
 .UNSPECIFIED.,.F.,.F.,(4,1,4),(0.,0.0151343361501774,0.0265990321056562),
 .UNSPECIFIED.);
#2109=B_SPLINE_CURVE_WITH_KNOTS('',3,(#10971,#10972,#10973,#10974,#10975),
 .UNSPECIFIED.,.F.,.F.,(4,1,4),(0.,0.0151343361501774,0.0265990321056562),
 .UNSPECIFIED.);
#2110=B_SPLINE_CURVE_WITH_KNOTS('',3,(#10987,#10988,#10989,#10990,#10991),
 .UNSPECIFIED.,.F.,.F.,(4,1,4),(0.,0.0132593549121324,0.0296605762663181),
 .UNSPECIFIED.);
#2111=B_SPLINE_CURVE_WITH_KNOTS('',3,(#10994,#10995,#10996,#10997,#10998),
 .UNSPECIFIED.,.F.,.F.,(4,1,4),(0.,0.0132593549121324,0.0296605762663181),
 .UNSPECIFIED.);
#2112=B_SPLINE_CURVE_WITH_KNOTS('',3,(#11010,#11011,#11012,#11013,#11014),
 .UNSPECIFIED.,.F.,.F.,(4,1,4),(0.,0.0129076462383926,0.0227592832623156),
 .UNSPECIFIED.);
#2113=B_SPLINE_CURVE_WITH_KNOTS('',3,(#11017,#11018,#11019,#11020,#11021),
 .UNSPECIFIED.,.F.,.F.,(4,1,4),(0.,0.0129076462383926,0.0227592832623156),
 .UNSPECIFIED.);
#2114=B_SPLINE_CURVE_WITH_KNOTS('',3,(#11033,#11034,#11035,#11036,#11037),
 .UNSPECIFIED.,.F.,.F.,(4,1,4),(0.,0.0041281453616563,0.00641352255775824),
 .UNSPECIFIED.);
#2115=B_SPLINE_CURVE_WITH_KNOTS('',3,(#11040,#11041,#11042,#11043,#11044),
 .UNSPECIFIED.,.F.,.F.,(4,1,4),(0.,0.0041281453616563,0.00641352255775824),
 .UNSPECIFIED.);
#2116=B_SPLINE_CURVE_WITH_KNOTS('',3,(#11056,#11057,#11058,#11059,#11060),
 .UNSPECIFIED.,.F.,.F.,(4,1,4),(0.,0.026109710022225,0.0446557317536688),
 .UNSPECIFIED.);
#2117=B_SPLINE_CURVE_WITH_KNOTS('',3,(#11063,#11064,#11065,#11066,#11067),
 .UNSPECIFIED.,.F.,.F.,(4,1,4),(0.,0.026109710022225,0.0446557317536688),
 .UNSPECIFIED.);
#2118=B_SPLINE_CURVE_WITH_KNOTS('',3,(#11079,#11080,#11081,#11082,#11083),
 .UNSPECIFIED.,.F.,.F.,(4,1,4),(0.,0.00926420530142875,0.022147459788554),
 .UNSPECIFIED.);
#2119=B_SPLINE_CURVE_WITH_KNOTS('',3,(#11086,#11087,#11088,#11089,#11090),
 .UNSPECIFIED.,.F.,.F.,(4,1,4),(0.,0.00926420530142875,0.022147459788554),
 .UNSPECIFIED.);
#2120=B_SPLINE_CURVE_WITH_KNOTS('',3,(#11102,#11103,#11104,#11105,#11106),
 .UNSPECIFIED.,.F.,.F.,(4,1,4),(0.,0.00955891105604393,0.0194792883552665),
 .UNSPECIFIED.);
#2121=B_SPLINE_CURVE_WITH_KNOTS('',3,(#11109,#11110,#11111,#11112,#11113),
 .UNSPECIFIED.,.F.,.F.,(4,1,4),(0.,0.00955891105604393,0.0194792883552665),
 .UNSPECIFIED.);
#2122=B_SPLINE_CURVE_WITH_KNOTS('',3,(#11125,#11126,#11127,#11128,#11129),
 .UNSPECIFIED.,.F.,.F.,(4,1,4),(0.,0.00970399819326782,0.0191192009783217),
 .UNSPECIFIED.);
#2123=B_SPLINE_CURVE_WITH_KNOTS('',3,(#11132,#11133,#11134,#11135,#11136),
 .UNSPECIFIED.,.F.,.F.,(4,1,4),(0.,0.00970399819326782,0.0191192009783217),
 .UNSPECIFIED.);
#2124=B_SPLINE_CURVE_WITH_KNOTS('',3,(#11148,#11149,#11150,#11151,#11152),
 .UNSPECIFIED.,.F.,.F.,(4,1,4),(0.,0.0102525050464157,0.020199328684888),
 .UNSPECIFIED.);
#2125=B_SPLINE_CURVE_WITH_KNOTS('',3,(#11155,#11156,#11157,#11158,#11159),
 .UNSPECIFIED.,.F.,.F.,(4,1,4),(0.,0.0102525050464157,0.020199328684888),
 .UNSPECIFIED.);
#2126=B_SPLINE_CURVE_WITH_KNOTS('',3,(#11171,#11172,#11173,#11174,#11175),
 .UNSPECIFIED.,.F.,.F.,(4,1,4),(0.,0.0164006736379662,0.0332333764520804),
 .UNSPECIFIED.);
#2127=B_SPLINE_CURVE_WITH_KNOTS('',3,(#11178,#11179,#11180,#11181,#11182),
 .UNSPECIFIED.,.F.,.F.,(4,1,4),(0.,0.0164006736379662,0.0332333764520804),
 .UNSPECIFIED.);
#2128=B_SPLINE_CURVE_WITH_KNOTS('',3,(#11194,#11195,#11196,#11197,#11198),
 .UNSPECIFIED.,.F.,.F.,(4,1,4),(0.,0.0213122890774148,0.0391862025096179),
 .UNSPECIFIED.);
#2129=B_SPLINE_CURVE_WITH_KNOTS('',3,(#11201,#11202,#11203,#11204,#11205),
 .UNSPECIFIED.,.F.,.F.,(4,1,4),(0.,0.0213122890774148,0.0391862025096179),
 .UNSPECIFIED.);
#2130=B_SPLINE_CURVE_WITH_KNOTS('',3,(#11217,#11218,#11219,#11220,#11221),
 .UNSPECIFIED.,.F.,.F.,(4,1,4),(0.,0.0135612129636747,0.0276126653707243),
 .UNSPECIFIED.);
#2131=B_SPLINE_CURVE_WITH_KNOTS('',3,(#11224,#11225,#11226,#11227,#11228),
 .UNSPECIFIED.,.F.,.F.,(4,1,4),(0.,0.0135612129636747,0.0276126653707243),
 .UNSPECIFIED.);
#2132=B_SPLINE_CURVE_WITH_KNOTS('',3,(#11240,#11241,#11242,#11243,#11244),
 .UNSPECIFIED.,.F.,.F.,(4,1,4),(0.,0.0166443695863482,0.0310583362417938),
 .UNSPECIFIED.);
#2133=B_SPLINE_CURVE_WITH_KNOTS('',3,(#11247,#11248,#11249,#11250,#11251),
 .UNSPECIFIED.,.F.,.F.,(4,1,4),(0.,0.0166443695863482,0.0310583362417938),
 .UNSPECIFIED.);
#2134=B_SPLINE_CURVE_WITH_KNOTS('',3,(#11262,#11263,#11264,#11265,#11266),
 .UNSPECIFIED.,.F.,.F.,(4,1,4),(0.,0.00886194066305453,0.0186085897934693),
 .UNSPECIFIED.);
#2135=B_SPLINE_CURVE_WITH_KNOTS('',3,(#11267,#11268,#11269,#11270,#11271),
 .UNSPECIFIED.,.F.,.F.,(4,1,4),(0.,0.00886194066305453,0.0186085897934693),
 .UNSPECIFIED.);
#2136=B_SPLINE_CURVE_WITH_KNOTS('',3,(#11293,#11294,#11295,#11296,#11297),
 .UNSPECIFIED.,.F.,.F.,(4,1,4),(0.,0.0119296302406285,0.0271754653930171),
 .UNSPECIFIED.);
#2137=B_SPLINE_CURVE_WITH_KNOTS('',3,(#11300,#11301,#11302,#11303,#11304),
 .UNSPECIFIED.,.F.,.F.,(4,1,4),(0.,0.0119296302406285,0.0271754653930171),
 .UNSPECIFIED.);
#2138=B_SPLINE_CURVE_WITH_KNOTS('',3,(#11316,#11317,#11318,#11319,#11320),
 .UNSPECIFIED.,.F.,.F.,(4,1,4),(0.,0.0105973104825112,0.0208593587865516),
 .UNSPECIFIED.);
#2139=B_SPLINE_CURVE_WITH_KNOTS('',3,(#11323,#11324,#11325,#11326,#11327),
 .UNSPECIFIED.,.F.,.F.,(4,1,4),(0.,0.0105973104825112,0.0208593587865516),
 .UNSPECIFIED.);
#2140=B_SPLINE_CURVE_WITH_KNOTS('',3,(#11339,#11340,#11341,#11342,#11343),
 .UNSPECIFIED.,.F.,.F.,(4,1,4),(0.,0.0106841874215253,0.0214950109221814),
 .UNSPECIFIED.);
#2141=B_SPLINE_CURVE_WITH_KNOTS('',3,(#11346,#11347,#11348,#11349,#11350),
 .UNSPECIFIED.,.F.,.F.,(4,1,4),(0.,0.0106841874215253,0.0214950109221814),
 .UNSPECIFIED.);
#2142=B_SPLINE_CURVE_WITH_KNOTS('',3,(#11362,#11363,#11364,#11365,#11366),
 .UNSPECIFIED.,.F.,.F.,(4,1,4),(0.,0.0115079237079225,0.024620168805296),
 .UNSPECIFIED.);
#2143=B_SPLINE_CURVE_WITH_KNOTS('',3,(#11369,#11370,#11371,#11372,#11373),
 .UNSPECIFIED.,.F.,.F.,(4,1,4),(0.,0.0115079237079225,0.024620168805296),
 .UNSPECIFIED.);
#2144=B_SPLINE_CURVE_WITH_KNOTS('',3,(#11385,#11386,#11387,#11388,#11389),
 .UNSPECIFIED.,.F.,.F.,(4,1,4),(0.,0.0160352599287357,0.0284679640994867),
 .UNSPECIFIED.);
#2145=B_SPLINE_CURVE_WITH_KNOTS('',3,(#11392,#11393,#11394,#11395,#11396),
 .UNSPECIFIED.,.F.,.F.,(4,1,4),(0.,0.0160352599287357,0.0284679640994867),
 .UNSPECIFIED.);
#2146=B_SPLINE_CURVE_WITH_KNOTS('',3,(#11426,#11427,#11428,#11429,#11430),
 .UNSPECIFIED.,.F.,.F.,(4,1,4),(0.,0.0142375426337393,0.0330396297987152),
 .UNSPECIFIED.);
#2147=B_SPLINE_CURVE_WITH_KNOTS('',3,(#11433,#11434,#11435,#11436,#11437),
 .UNSPECIFIED.,.F.,.F.,(4,1,4),(0.,0.0142375426337393,0.0330396297987152),
 .UNSPECIFIED.);
#2148=B_SPLINE_CURVE_WITH_KNOTS('',3,(#11449,#11450,#11451,#11452,#11453),
 .UNSPECIFIED.,.F.,.F.,(4,1,4),(0.,0.0126775237431482,0.0247531442810967),
 .UNSPECIFIED.);
#2149=B_SPLINE_CURVE_WITH_KNOTS('',3,(#11456,#11457,#11458,#11459,#11460),
 .UNSPECIFIED.,.F.,.F.,(4,1,4),(0.,0.0126775237431482,0.0247531442810967),
 .UNSPECIFIED.);
#2150=B_SPLINE_CURVE_WITH_KNOTS('',3,(#11472,#11473,#11474,#11475,#11476),
 .UNSPECIFIED.,.F.,.F.,(4,1,4),(0.,0.0151242562874032,0.028898413904018),
 .UNSPECIFIED.);
#2151=B_SPLINE_CURVE_WITH_KNOTS('',3,(#11479,#11480,#11481,#11482,#11483),
 .UNSPECIFIED.,.F.,.F.,(4,1,4),(0.,0.0151242562874032,0.028898413904018),
 .UNSPECIFIED.);
#2152=B_SPLINE_CURVE_WITH_KNOTS('',3,(#11495,#11496,#11497,#11498,#11499),
 .UNSPECIFIED.,.F.,.F.,(4,1,4),(0.,0.0245173594077183,0.0489724016471166),
 .UNSPECIFIED.);
#2153=B_SPLINE_CURVE_WITH_KNOTS('',3,(#11502,#11503,#11504,#11505,#11506),
 .UNSPECIFIED.,.F.,.F.,(4,1,4),(0.,0.0245173594077183,0.0489724016471166),
 .UNSPECIFIED.);
#2154=B_SPLINE_CURVE_WITH_KNOTS('',3,(#11541,#11542,#11543,#11544,#11545),
 .UNSPECIFIED.,.F.,.F.,(4,1,4),(0.,0.00380426916164201,0.00865063301288271),
 .UNSPECIFIED.);
#2155=B_SPLINE_CURVE_WITH_KNOTS('',3,(#11549,#11550,#11551,#11552,#11553),
 .UNSPECIFIED.,.F.,.F.,(4,1,4),(0.,0.00380426916164201,0.00865063301288271),
 .UNSPECIFIED.);
#2156=B_SPLINE_CURVE_WITH_KNOTS('',3,(#11566,#11567,#11568,#11569,#11570),
 .UNSPECIFIED.,.F.,.F.,(4,1,4),(0.,0.00318871342431981,0.00645955382036183),
 .UNSPECIFIED.);
#2157=B_SPLINE_CURVE_WITH_KNOTS('',3,(#11573,#11574,#11575,#11576,#11577),
 .UNSPECIFIED.,.F.,.F.,(4,1,4),(0.,0.00318871342431981,0.00645955382036183),
 .UNSPECIFIED.);
#2158=B_SPLINE_CURVE_WITH_KNOTS('',3,(#11589,#11590,#11591,#11592,#11593),
 .UNSPECIFIED.,.F.,.F.,(4,1,4),(0.,0.00863500078608489,0.0136081307233676),
 .UNSPECIFIED.);
#2159=B_SPLINE_CURVE_WITH_KNOTS('',3,(#11596,#11597,#11598,#11599,#11600),
 .UNSPECIFIED.,.F.,.F.,(4,1,4),(0.,0.00863500078608489,0.0136081307233676),
 .UNSPECIFIED.);
#2160=B_SPLINE_CURVE_WITH_KNOTS('',3,(#11678,#11679,#11680,#11681,#11682),
 .UNSPECIFIED.,.F.,.F.,(4,1,4),(0.,0.0109267402086592,0.0292402073632511),
 .UNSPECIFIED.);
#2161=B_SPLINE_CURVE_WITH_KNOTS('',3,(#11685,#11686,#11687,#11688,#11689),
 .UNSPECIFIED.,.F.,.F.,(4,1,4),(0.,0.0109267402086592,0.0292402073632511),
 .UNSPECIFIED.);
#2162=B_SPLINE_CURVE_WITH_KNOTS('',3,(#11701,#11702,#11703,#11704,#11705),
 .UNSPECIFIED.,.F.,.F.,(4,1,4),(0.,0.00795842964338913,0.0154078845702128),
 .UNSPECIFIED.);
#2163=B_SPLINE_CURVE_WITH_KNOTS('',3,(#11708,#11709,#11710,#11711,#11712),
 .UNSPECIFIED.,.F.,.F.,(4,1,4),(0.,0.00795842964338913,0.0154078845702128),
 .UNSPECIFIED.);
#2164=B_SPLINE_CURVE_WITH_KNOTS('',3,(#11724,#11725,#11726,#11727,#11728),
 .UNSPECIFIED.,.F.,.F.,(4,1,4),(0.,0.0119160124986716,0.0213339129121696),
 .UNSPECIFIED.);
#2165=B_SPLINE_CURVE_WITH_KNOTS('',3,(#11731,#11732,#11733,#11734,#11735),
 .UNSPECIFIED.,.F.,.F.,(4,1,4),(0.,0.0119160124986716,0.0213339129121696),
 .UNSPECIFIED.);
#2166=B_SPLINE_CURVE_WITH_KNOTS('',3,(#11747,#11748,#11749,#11750,#11751),
 .UNSPECIFIED.,.F.,.F.,(4,1,4),(0.,0.00995812707270104,0.0187064101257768),
 .UNSPECIFIED.);
#2167=B_SPLINE_CURVE_WITH_KNOTS('',3,(#11754,#11755,#11756,#11757,#11758),
 .UNSPECIFIED.,.F.,.F.,(4,1,4),(0.,0.00995812707270104,0.0187064101257768),
 .UNSPECIFIED.);
#2168=B_SPLINE_CURVE_WITH_KNOTS('',3,(#11775,#11776,#11777,#11778,#11779),
 .UNSPECIFIED.,.F.,.F.,(4,1,4),(0.,0.00474681224881336,0.0108259709495462),
 .UNSPECIFIED.);
#2169=B_SPLINE_CURVE_WITH_KNOTS('',3,(#11780,#11781,#11782,#11783,#11784),
 .UNSPECIFIED.,.F.,.F.,(4,1,4),(0.,0.00474681224881336,0.0108259709495462),
 .UNSPECIFIED.);
#2170=B_SPLINE_CURVE_WITH_KNOTS('',3,(#11854,#11855,#11856,#11857,#11858),
 .UNSPECIFIED.,.F.,.F.,(4,1,4),(0.,0.0141617232497088,0.0337804981226302),
 .UNSPECIFIED.);
#2171=B_SPLINE_CURVE_WITH_KNOTS('',3,(#11861,#11862,#11863,#11864,#11865),
 .UNSPECIFIED.,.F.,.F.,(4,1,4),(0.,0.0141617232497088,0.0337804981226302),
 .UNSPECIFIED.);
#2172=B_SPLINE_CURVE_WITH_KNOTS('',3,(#11877,#11878,#11879,#11880,#11881),
 .UNSPECIFIED.,.F.,.F.,(4,1,4),(0.,0.0181952033111783,0.0311069583818874),
 .UNSPECIFIED.);
#2173=B_SPLINE_CURVE_WITH_KNOTS('',3,(#11884,#11885,#11886,#11887,#11888),
 .UNSPECIFIED.,.F.,.F.,(4,1,4),(0.,0.0181952033111783,0.0311069583818874),
 .UNSPECIFIED.);
#2174=VERTEX_POINT('',#6861);
#2175=VERTEX_POINT('',#6862);
#2176=VERTEX_POINT('',#6868);
#2177=VERTEX_POINT('',#6870);
#2178=VERTEX_POINT('',#6887);
#2179=VERTEX_POINT('',#6893);
#2180=VERTEX_POINT('',#6910);
#2181=VERTEX_POINT('',#6916);
#2182=VERTEX_POINT('',#6933);
#2183=VERTEX_POINT('',#6939);
#2184=VERTEX_POINT('',#6956);
#2185=VERTEX_POINT('',#6962);
#2186=VERTEX_POINT('',#6979);
#2187=VERTEX_POINT('',#6985);
#2188=VERTEX_POINT('',#7002);
#2189=VERTEX_POINT('',#7008);
#2190=VERTEX_POINT('',#7025);
#2191=VERTEX_POINT('',#7031);
#2192=VERTEX_POINT('',#7048);
#2193=VERTEX_POINT('',#7054);
#2194=VERTEX_POINT('',#7065);
#2195=VERTEX_POINT('',#7066);
#2196=VERTEX_POINT('',#7068);
#2197=VERTEX_POINT('',#7070);
#2198=VERTEX_POINT('',#7083);
#2199=VERTEX_POINT('',#7089);
#2200=VERTEX_POINT('',#7106);
#2201=VERTEX_POINT('',#7112);
#2202=VERTEX_POINT('',#7120);
#2203=VERTEX_POINT('',#7122);
#2204=VERTEX_POINT('',#7135);
#2205=VERTEX_POINT('',#7141);
#2206=VERTEX_POINT('',#7158);
#2207=VERTEX_POINT('',#7164);
#2208=VERTEX_POINT('',#7181);
#2209=VERTEX_POINT('',#7187);
#2210=VERTEX_POINT('',#7204);
#2211=VERTEX_POINT('',#7210);
#2212=VERTEX_POINT('',#7227);
#2213=VERTEX_POINT('',#7233);
#2214=VERTEX_POINT('',#7250);
#2215=VERTEX_POINT('',#7256);
#2216=VERTEX_POINT('',#7273);
#2217=VERTEX_POINT('',#7279);
#2218=VERTEX_POINT('',#7287);
#2219=VERTEX_POINT('',#7289);
#2220=VERTEX_POINT('',#7302);
#2221=VERTEX_POINT('',#7308);
#2222=VERTEX_POINT('',#7325);
#2223=VERTEX_POINT('',#7331);
#2224=VERTEX_POINT('',#7348);
#2225=VERTEX_POINT('',#7354);
#2226=VERTEX_POINT('',#7371);
#2227=VERTEX_POINT('',#7377);
#2228=VERTEX_POINT('',#7394);
#2229=VERTEX_POINT('',#7400);
#2230=VERTEX_POINT('',#7417);
#2231=VERTEX_POINT('',#7423);
#2232=VERTEX_POINT('',#7440);
#2233=VERTEX_POINT('',#7446);
#2234=VERTEX_POINT('',#7463);
#2235=VERTEX_POINT('',#7469);
#2236=VERTEX_POINT('',#7486);
#2237=VERTEX_POINT('',#7492);
#2238=VERTEX_POINT('',#7509);
#2239=VERTEX_POINT('',#7515);
#2240=VERTEX_POINT('',#7532);
#2241=VERTEX_POINT('',#7538);
#2242=VERTEX_POINT('',#7555);
#2243=VERTEX_POINT('',#7561);
#2244=VERTEX_POINT('',#7578);
#2245=VERTEX_POINT('',#7584);
#2246=VERTEX_POINT('',#7601);
#2247=VERTEX_POINT('',#7607);
#2248=VERTEX_POINT('',#7645);
#2249=VERTEX_POINT('',#7646);
#2250=VERTEX_POINT('',#7652);
#2251=VERTEX_POINT('',#7654);
#2252=VERTEX_POINT('',#7671);
#2253=VERTEX_POINT('',#7677);
#2254=VERTEX_POINT('',#7694);
#2255=VERTEX_POINT('',#7700);
#2256=VERTEX_POINT('',#7717);
#2257=VERTEX_POINT('',#7723);
#2258=VERTEX_POINT('',#7740);
#2259=VERTEX_POINT('',#7746);
#2260=VERTEX_POINT('',#7763);
#2261=VERTEX_POINT('',#7769);
#2262=VERTEX_POINT('',#7786);
#2263=VERTEX_POINT('',#7792);
#2264=VERTEX_POINT('',#7809);
#2265=VERTEX_POINT('',#7815);
#2266=VERTEX_POINT('',#7832);
#2267=VERTEX_POINT('',#7838);
#2268=VERTEX_POINT('',#7855);
#2269=VERTEX_POINT('',#7861);
#2270=VERTEX_POINT('',#7878);
#2271=VERTEX_POINT('',#7884);
#2272=VERTEX_POINT('',#7901);
#2273=VERTEX_POINT('',#7907);
#2274=VERTEX_POINT('',#7924);
#2275=VERTEX_POINT('',#7930);
#2276=VERTEX_POINT('',#7947);
#2277=VERTEX_POINT('',#7953);
#2278=VERTEX_POINT('',#7961);
#2279=VERTEX_POINT('',#7963);
#2280=VERTEX_POINT('',#7976);
#2281=VERTEX_POINT('',#7982);
#2282=VERTEX_POINT('',#7999);
#2283=VERTEX_POINT('',#8005);
#2284=VERTEX_POINT('',#8022);
#2285=VERTEX_POINT('',#8028);
#2286=VERTEX_POINT('',#8045);
#2287=VERTEX_POINT('',#8051);
#2288=VERTEX_POINT('',#8068);
#2289=VERTEX_POINT('',#8074);
#2290=VERTEX_POINT('',#8091);
#2291=VERTEX_POINT('',#8097);
#2292=VERTEX_POINT('',#8114);
#2293=VERTEX_POINT('',#8120);
#2294=VERTEX_POINT('',#8137);
#2295=VERTEX_POINT('',#8143);
#2296=VERTEX_POINT('',#8160);
#2297=VERTEX_POINT('',#8166);
#2298=VERTEX_POINT('',#8183);
#2299=VERTEX_POINT('',#8189);
#2300=VERTEX_POINT('',#8206);
#2301=VERTEX_POINT('',#8212);
#2302=VERTEX_POINT('',#8229);
#2303=VERTEX_POINT('',#8235);
#2304=VERTEX_POINT('',#8252);
#2305=VERTEX_POINT('',#8258);
#2306=VERTEX_POINT('',#8275);
#2307=VERTEX_POINT('',#8281);
#2308=VERTEX_POINT('',#8298);
#2309=VERTEX_POINT('',#8304);
#2310=VERTEX_POINT('',#8321);
#2311=VERTEX_POINT('',#8327);
#2312=VERTEX_POINT('',#8335);
#2313=VERTEX_POINT('',#8337);
#2314=VERTEX_POINT('',#8371);
#2315=VERTEX_POINT('',#8372);
#2316=VERTEX_POINT('',#8378);
#2317=VERTEX_POINT('',#8380);
#2318=VERTEX_POINT('',#8397);
#2319=VERTEX_POINT('',#8403);
#2320=VERTEX_POINT('',#8420);
#2321=VERTEX_POINT('',#8426);
#2322=VERTEX_POINT('',#8443);
#2323=VERTEX_POINT('',#8449);
#2324=VERTEX_POINT('',#8466);
#2325=VERTEX_POINT('',#8472);
#2326=VERTEX_POINT('',#8489);
#2327=VERTEX_POINT('',#8495);
#2328=VERTEX_POINT('',#8512);
#2329=VERTEX_POINT('',#8518);
#2330=VERTEX_POINT('',#8546);
#2331=VERTEX_POINT('',#8547);
#2332=VERTEX_POINT('',#8549);
#2333=VERTEX_POINT('',#8551);
#2334=VERTEX_POINT('',#8555);
#2335=VERTEX_POINT('',#8557);
#2336=VERTEX_POINT('',#8561);
#2337=VERTEX_POINT('',#8563);
#2338=VERTEX_POINT('',#8576);
#2339=VERTEX_POINT('',#8582);
#2340=VERTEX_POINT('',#8599);
#2341=VERTEX_POINT('',#8605);
#2342=VERTEX_POINT('',#8622);
#2343=VERTEX_POINT('',#8628);
#2344=VERTEX_POINT('',#8645);
#2345=VERTEX_POINT('',#8651);
#2346=VERTEX_POINT('',#8668);
#2347=VERTEX_POINT('',#8674);
#2348=VERTEX_POINT('',#8691);
#2349=VERTEX_POINT('',#8697);
#2350=VERTEX_POINT('',#8714);
#2351=VERTEX_POINT('',#8720);
#2352=VERTEX_POINT('',#8737);
#2353=VERTEX_POINT('',#8743);
#2354=VERTEX_POINT('',#8760);
#2355=VERTEX_POINT('',#8766);
#2356=VERTEX_POINT('',#8774);
#2357=VERTEX_POINT('',#8776);
#2358=VERTEX_POINT('',#8793);
#2359=VERTEX_POINT('',#8794);
#2360=VERTEX_POINT('',#8800);
#2361=VERTEX_POINT('',#8802);
#2362=VERTEX_POINT('',#8819);
#2363=VERTEX_POINT('',#8825);
#2364=VERTEX_POINT('',#8842);
#2365=VERTEX_POINT('',#8848);
#2366=VERTEX_POINT('',#8865);
#2367=VERTEX_POINT('',#8871);
#2368=VERTEX_POINT('',#8888);
#2369=VERTEX_POINT('',#8894);
#2370=VERTEX_POINT('',#8911);
#2371=VERTEX_POINT('',#8917);
#2372=VERTEX_POINT('',#8934);
#2373=VERTEX_POINT('',#8940);
#2374=VERTEX_POINT('',#8948);
#2375=VERTEX_POINT('',#8950);
#2376=VERTEX_POINT('',#8963);
#2377=VERTEX_POINT('',#8969);
#2378=VERTEX_POINT('',#8986);
#2379=VERTEX_POINT('',#8992);
#2380=VERTEX_POINT('',#9009);
#2381=VERTEX_POINT('',#9015);
#2382=VERTEX_POINT('',#9032);
#2383=VERTEX_POINT('',#9038);
#2384=VERTEX_POINT('',#9055);
#2385=VERTEX_POINT('',#9061);
#2386=VERTEX_POINT('',#9078);
#2387=VERTEX_POINT('',#9084);
#2388=VERTEX_POINT('',#9101);
#2389=VERTEX_POINT('',#9107);
#2390=VERTEX_POINT('',#9124);
#2391=VERTEX_POINT('',#9130);
#2392=VERTEX_POINT('',#9147);
#2393=VERTEX_POINT('',#9153);
#2394=VERTEX_POINT('',#9161);
#2395=VERTEX_POINT('',#9163);
#2396=VERTEX_POINT('',#9197);
#2397=VERTEX_POINT('',#9198);
#2398=VERTEX_POINT('',#9204);
#2399=VERTEX_POINT('',#9206);
#2400=VERTEX_POINT('',#9223);
#2401=VERTEX_POINT('',#9229);
#2402=VERTEX_POINT('',#9246);
#2403=VERTEX_POINT('',#9252);
#2404=VERTEX_POINT('',#9269);
#2405=VERTEX_POINT('',#9275);
#2406=VERTEX_POINT('',#9292);
#2407=VERTEX_POINT('',#9298);
#2408=VERTEX_POINT('',#9315);
#2409=VERTEX_POINT('',#9321);
#2410=VERTEX_POINT('',#9338);
#2411=VERTEX_POINT('',#9344);
#2412=VERTEX_POINT('',#9372);
#2413=VERTEX_POINT('',#9373);
#2414=VERTEX_POINT('',#9375);
#2415=VERTEX_POINT('',#9377);
#2416=VERTEX_POINT('',#9390);
#2417=VERTEX_POINT('',#9396);
#2418=VERTEX_POINT('',#9413);
#2419=VERTEX_POINT('',#9419);
#2420=VERTEX_POINT('',#9436);
#2421=VERTEX_POINT('',#9442);
#2422=VERTEX_POINT('',#9459);
#2423=VERTEX_POINT('',#9465);
#2424=VERTEX_POINT('',#9482);
#2425=VERTEX_POINT('',#9488);
#2426=VERTEX_POINT('',#9505);
#2427=VERTEX_POINT('',#9511);
#2428=VERTEX_POINT('',#9528);
#2429=VERTEX_POINT('',#9534);
#2430=VERTEX_POINT('',#9551);
#2431=VERTEX_POINT('',#9557);
#2432=VERTEX_POINT('',#9574);
#2433=VERTEX_POINT('',#9580);
#2434=VERTEX_POINT('',#9597);
#2435=VERTEX_POINT('',#9603);
#2436=VERTEX_POINT('',#9611);
#2437=VERTEX_POINT('',#9613);
#2438=VERTEX_POINT('',#9617);
#2439=VERTEX_POINT('',#9619);
#2440=VERTEX_POINT('',#9623);
#2441=VERTEX_POINT('',#9625);
#2442=VERTEX_POINT('',#9642);
#2443=VERTEX_POINT('',#9643);
#2444=VERTEX_POINT('',#9649);
#2445=VERTEX_POINT('',#9651);
#2446=VERTEX_POINT('',#9668);
#2447=VERTEX_POINT('',#9674);
#2448=VERTEX_POINT('',#9691);
#2449=VERTEX_POINT('',#9697);
#2450=VERTEX_POINT('',#9714);
#2451=VERTEX_POINT('',#9720);
#2452=VERTEX_POINT('',#9737);
#2453=VERTEX_POINT('',#9743);
#2454=VERTEX_POINT('',#9760);
#2455=VERTEX_POINT('',#9766);
#2456=VERTEX_POINT('',#9783);
#2457=VERTEX_POINT('',#9789);
#2458=VERTEX_POINT('',#9806);
#2459=VERTEX_POINT('',#9812);
#2460=VERTEX_POINT('',#9829);
#2461=VERTEX_POINT('',#9835);
#2462=VERTEX_POINT('',#9846);
#2463=VERTEX_POINT('',#9847);
#2464=VERTEX_POINT('',#9849);
#2465=VERTEX_POINT('',#9851);
#2466=VERTEX_POINT('',#9864);
#2467=VERTEX_POINT('',#9870);
#2468=VERTEX_POINT('',#9887);
#2469=VERTEX_POINT('',#9893);
#2470=VERTEX_POINT('',#9901);
#2471=VERTEX_POINT('',#9903);
#2472=VERTEX_POINT('',#9916);
#2473=VERTEX_POINT('',#9922);
#2474=VERTEX_POINT('',#9939);
#2475=VERTEX_POINT('',#9945);
#2476=VERTEX_POINT('',#9962);
#2477=VERTEX_POINT('',#9968);
#2478=VERTEX_POINT('',#9985);
#2479=VERTEX_POINT('',#9991);
#2480=VERTEX_POINT('',#10008);
#2481=VERTEX_POINT('',#10014);
#2482=VERTEX_POINT('',#10031);
#2483=VERTEX_POINT('',#10037);
#2484=VERTEX_POINT('',#10054);
#2485=VERTEX_POINT('',#10060);
#2486=VERTEX_POINT('',#10068);
#2487=VERTEX_POINT('',#10070);
#2488=VERTEX_POINT('',#10083);
#2489=VERTEX_POINT('',#10089);
#2490=VERTEX_POINT('',#10106);
#2491=VERTEX_POINT('',#10112);
#2492=VERTEX_POINT('',#10129);
#2493=VERTEX_POINT('',#10135);
#2494=VERTEX_POINT('',#10152);
#2495=VERTEX_POINT('',#10158);
#2496=VERTEX_POINT('',#10175);
#2497=VERTEX_POINT('',#10181);
#2498=VERTEX_POINT('',#10198);
#2499=VERTEX_POINT('',#10204);
#2500=VERTEX_POINT('',#10221);
#2501=VERTEX_POINT('',#10227);
#2502=VERTEX_POINT('',#10244);
#2503=VERTEX_POINT('',#10250);
#2504=VERTEX_POINT('',#10267);
#2505=VERTEX_POINT('',#10273);
#2506=VERTEX_POINT('',#10290);
#2507=VERTEX_POINT('',#10296);
#2508=VERTEX_POINT('',#10313);
#2509=VERTEX_POINT('',#10319);
#2510=VERTEX_POINT('',#10336);
#2511=VERTEX_POINT('',#10342);
#2512=VERTEX_POINT('',#10359);
#2513=VERTEX_POINT('',#10365);
#2514=VERTEX_POINT('',#10382);
#2515=VERTEX_POINT('',#10388);
#2516=VERTEX_POINT('',#10417);
#2517=VERTEX_POINT('',#10418);
#2518=VERTEX_POINT('',#10420);
#2519=VERTEX_POINT('',#10422);
#2520=VERTEX_POINT('',#10426);
#2521=VERTEX_POINT('',#10428);
#2522=VERTEX_POINT('',#10432);
#2523=VERTEX_POINT('',#10434);
#2524=VERTEX_POINT('',#10438);
#2525=VERTEX_POINT('',#10440);
#2526=VERTEX_POINT('',#10444);
#2527=VERTEX_POINT('',#10446);
#2528=VERTEX_POINT('',#10450);
#2529=VERTEX_POINT('',#10452);
#2530=VERTEX_POINT('',#10456);
#2531=VERTEX_POINT('',#10458);
#2532=VERTEX_POINT('',#10462);
#2533=VERTEX_POINT('',#10464);
#2534=VERTEX_POINT('',#10468);
#2535=VERTEX_POINT('',#10470);
#2536=VERTEX_POINT('',#10474);
#2537=VERTEX_POINT('',#10476);
#2538=VERTEX_POINT('',#10480);
#2539=VERTEX_POINT('',#10482);
#2540=VERTEX_POINT('',#10499);
#2541=VERTEX_POINT('',#10500);
#2542=VERTEX_POINT('',#10506);
#2543=VERTEX_POINT('',#10508);
#2544=VERTEX_POINT('',#10525);
#2545=VERTEX_POINT('',#10531);
#2546=VERTEX_POINT('',#10548);
#2547=VERTEX_POINT('',#10554);
#2548=VERTEX_POINT('',#10571);
#2549=VERTEX_POINT('',#10577);
#2550=VERTEX_POINT('',#10594);
#2551=VERTEX_POINT('',#10600);
#2552=VERTEX_POINT('',#10617);
#2553=VERTEX_POINT('',#10623);
#2554=VERTEX_POINT('',#10640);
#2555=VERTEX_POINT('',#10646);
#2556=VERTEX_POINT('',#10663);
#2557=VERTEX_POINT('',#10669);
#2558=VERTEX_POINT('',#10686);
#2559=VERTEX_POINT('',#10692);
#2560=VERTEX_POINT('',#10703);
#2561=VERTEX_POINT('',#10704);
#2562=VERTEX_POINT('',#10706);
#2563=VERTEX_POINT('',#10708);
#2564=VERTEX_POINT('',#10721);
#2565=VERTEX_POINT('',#10727);
#2566=VERTEX_POINT('',#10744);
#2567=VERTEX_POINT('',#10750);
#2568=VERTEX_POINT('',#10758);
#2569=VERTEX_POINT('',#10760);
#2570=VERTEX_POINT('',#10773);
#2571=VERTEX_POINT('',#10779);
#2572=VERTEX_POINT('',#10796);
#2573=VERTEX_POINT('',#10802);
#2574=VERTEX_POINT('',#10819);
#2575=VERTEX_POINT('',#10825);
#2576=VERTEX_POINT('',#10842);
#2577=VERTEX_POINT('',#10848);
#2578=VERTEX_POINT('',#10865);
#2579=VERTEX_POINT('',#10871);
#2580=VERTEX_POINT('',#10888);
#2581=VERTEX_POINT('',#10894);
#2582=VERTEX_POINT('',#10911);
#2583=VERTEX_POINT('',#10917);
#2584=VERTEX_POINT('',#10925);
#2585=VERTEX_POINT('',#10927);
#2586=VERTEX_POINT('',#10940);
#2587=VERTEX_POINT('',#10946);
#2588=VERTEX_POINT('',#10963);
#2589=VERTEX_POINT('',#10969);
#2590=VERTEX_POINT('',#10986);
#2591=VERTEX_POINT('',#10992);
#2592=VERTEX_POINT('',#11009);
#2593=VERTEX_POINT('',#11015);
#2594=VERTEX_POINT('',#11032);
#2595=VERTEX_POINT('',#11038);
#2596=VERTEX_POINT('',#11055);
#2597=VERTEX_POINT('',#11061);
#2598=VERTEX_POINT('',#11078);
#2599=VERTEX_POINT('',#11084);
#2600=VERTEX_POINT('',#11101);
#2601=VERTEX_POINT('',#11107);
#2602=VERTEX_POINT('',#11124);
#2603=VERTEX_POINT('',#11130);
#2604=VERTEX_POINT('',#11147);
#2605=VERTEX_POINT('',#11153);
#2606=VERTEX_POINT('',#11170);
#2607=VERTEX_POINT('',#11176);
#2608=VERTEX_POINT('',#11193);
#2609=VERTEX_POINT('',#11199);
#2610=VERTEX_POINT('',#11216);
#2611=VERTEX_POINT('',#11222);
#2612=VERTEX_POINT('',#11239);
#2613=VERTEX_POINT('',#11245);
#2614=VERTEX_POINT('',#11274);
#2615=VERTEX_POINT('',#11275);
#2616=VERTEX_POINT('',#11277);
#2617=VERTEX_POINT('',#11279);
#2618=VERTEX_POINT('',#11292);
#2619=VERTEX_POINT('',#11298);
#2620=VERTEX_POINT('',#11315);
#2621=VERTEX_POINT('',#11321);
#2622=VERTEX_POINT('',#11338);
#2623=VERTEX_POINT('',#11344);
#2624=VERTEX_POINT('',#11361);
#2625=VERTEX_POINT('',#11367);
#2626=VERTEX_POINT('',#11384);
#2627=VERTEX_POINT('',#11390);
#2628=VERTEX_POINT('',#11398);
#2629=VERTEX_POINT('',#11400);
#2630=VERTEX_POINT('',#11404);
#2631=VERTEX_POINT('',#11406);
#2632=VERTEX_POINT('',#11410);
#2633=VERTEX_POINT('',#11412);
#2634=VERTEX_POINT('',#11425);
#2635=VERTEX_POINT('',#11431);
#2636=VERTEX_POINT('',#11448);
#2637=VERTEX_POINT('',#11454);
#2638=VERTEX_POINT('',#11471);
#2639=VERTEX_POINT('',#11477);
#2640=VERTEX_POINT('',#11494);
#2641=VERTEX_POINT('',#11500);
#2642=VERTEX_POINT('',#11508);
#2643=VERTEX_POINT('',#11510);
#2644=VERTEX_POINT('',#11514);
#2645=VERTEX_POINT('',#11516);
#2646=VERTEX_POINT('',#11520);
#2647=VERTEX_POINT('',#11522);
#2648=VERTEX_POINT('',#11539);
#2649=VERTEX_POINT('',#11540);
#2650=VERTEX_POINT('',#11546);
#2651=VERTEX_POINT('',#11548);
#2652=VERTEX_POINT('',#11565);
#2653=VERTEX_POINT('',#11571);
#2654=VERTEX_POINT('',#11588);
#2655=VERTEX_POINT('',#11594);
#2656=VERTEX_POINT('',#11602);
#2657=VERTEX_POINT('',#11604);
#2658=VERTEX_POINT('',#11608);
#2659=VERTEX_POINT('',#11610);
#2660=VERTEX_POINT('',#11614);
#2661=VERTEX_POINT('',#11616);
#2662=VERTEX_POINT('',#11620);
#2663=VERTEX_POINT('',#11622);
#2664=VERTEX_POINT('',#11626);
#2665=VERTEX_POINT('',#11628);
#2666=VERTEX_POINT('',#11632);
#2667=VERTEX_POINT('',#11634);
#2668=VERTEX_POINT('',#11638);
#2669=VERTEX_POINT('',#11640);
#2670=VERTEX_POINT('',#11644);
#2671=VERTEX_POINT('',#11646);
#2672=VERTEX_POINT('',#11650);
#2673=VERTEX_POINT('',#11652);
#2674=VERTEX_POINT('',#11656);
#2675=VERTEX_POINT('',#11658);
#2676=VERTEX_POINT('',#11662);
#2677=VERTEX_POINT('',#11664);
#2678=VERTEX_POINT('',#11677);
#2679=VERTEX_POINT('',#11683);
#2680=VERTEX_POINT('',#11700);
#2681=VERTEX_POINT('',#11706);
#2682=VERTEX_POINT('',#11723);
#2683=VERTEX_POINT('',#11729);
#2684=VERTEX_POINT('',#11746);
#2685=VERTEX_POINT('',#11752);
#2686=VERTEX_POINT('',#11760);
#2687=VERTEX_POINT('',#11762);
#2688=VERTEX_POINT('',#11787);
#2689=VERTEX_POINT('',#11788);
#2690=VERTEX_POINT('',#11790);
#2691=VERTEX_POINT('',#11792);
#2692=VERTEX_POINT('',#11796);
#2693=VERTEX_POINT('',#11798);
#2694=VERTEX_POINT('',#11802);
#2695=VERTEX_POINT('',#11804);
#2696=VERTEX_POINT('',#11808);
#2697=VERTEX_POINT('',#11810);
#2698=VERTEX_POINT('',#11814);
#2699=VERTEX_POINT('',#11816);
#2700=VERTEX_POINT('',#11820);
#2701=VERTEX_POINT('',#11822);
#2702=VERTEX_POINT('',#11826);
#2703=VERTEX_POINT('',#11828);
#2704=VERTEX_POINT('',#11832);
#2705=VERTEX_POINT('',#11834);
#2706=VERTEX_POINT('',#11838);
#2707=VERTEX_POINT('',#11840);
#2708=VERTEX_POINT('',#11853);
#2709=VERTEX_POINT('',#11859);
#2710=VERTEX_POINT('',#11876);
#2711=VERTEX_POINT('',#11882);
#2712=VERTEX_POINT('',#11890);
#2713=VERTEX_POINT('',#11892);
#2714=VERTEX_POINT('',#11896);
#2715=VERTEX_POINT('',#11898);
#2716=VERTEX_POINT('',#11902);
#2717=VERTEX_POINT('',#11904);
#2718=VERTEX_POINT('',#11912);
#2719=VERTEX_POINT('',#11913);
#2720=VERTEX_POINT('',#11915);
#2721=VERTEX_POINT('',#11917);
#2722=VERTEX_POINT('',#11919);
#2723=VERTEX_POINT('',#11921);
#2724=VERTEX_POINT('',#11923);
#2725=VERTEX_POINT('',#11925);
#2726=VERTEX_POINT('',#11928);
#2727=VERTEX_POINT('',#11930);
#2728=VERTEX_POINT('',#11932);
#2729=VERTEX_POINT('',#11934);
#2730=VERTEX_POINT('',#11941);
#2731=VERTEX_POINT('',#11942);
#2732=VERTEX_POINT('',#11947);
#2733=VERTEX_POINT('',#11951);
#2734=VERTEX_POINT('',#11953);
#2735=VERTEX_POINT('',#11955);
#2736=VERTEX_POINT('',#11957);
#2737=VERTEX_POINT('',#11959);
#2738=VERTEX_POINT('',#11961);
#2739=VERTEX_POINT('',#11963);
#2740=VERTEX_POINT('',#11965);
#2741=VERTEX_POINT('',#11967);
#2742=VERTEX_POINT('',#11969);
#2743=VERTEX_POINT('',#11971);
#2744=VERTEX_POINT('',#11973);
#2745=VERTEX_POINT('',#11975);
#2746=VERTEX_POINT('',#11978);
#2747=VERTEX_POINT('',#11980);
#2748=VERTEX_POINT('',#11982);
#2749=VERTEX_POINT('',#11984);
#2750=VERTEX_POINT('',#11997);
#2751=VERTEX_POINT('',#11999);
#2752=VERTEX_POINT('',#12003);
#2753=VERTEX_POINT('',#12007);
#2754=VERTEX_POINT('',#12013);
#2755=VERTEX_POINT('',#12015);
#2756=VERTEX_POINT('',#12019);
#2757=VERTEX_POINT('',#12020);
#2758=VERTEX_POINT('',#12027);
#2759=VERTEX_POINT('',#12031);
#2760=VERTEX_POINT('',#12035);
#2761=VERTEX_POINT('',#12039);
#2762=VERTEX_POINT('',#12047);
#2763=VERTEX_POINT('',#12052);
#2764=VERTEX_POINT('',#12057);
#2765=VERTEX_POINT('',#12062);
#2766=EDGE_CURVE('',#2174,#2175,#1772,.T.);
#2767=EDGE_CURVE('',#2174,#2176,#848,.T.);
#2768=EDGE_CURVE('',#2176,#2177,#1773,.T.);
#2769=EDGE_CURVE('',#2175,#2177,#849,.T.);
#2770=EDGE_CURVE('',#2178,#2174,#1774,.T.);
#2771=EDGE_CURVE('',#2178,#2179,#850,.T.);
#2772=EDGE_CURVE('',#2179,#2176,#1775,.T.);
#2773=EDGE_CURVE('',#2180,#2178,#1776,.T.);
#2774=EDGE_CURVE('',#2180,#2181,#851,.T.);
#2775=EDGE_CURVE('',#2181,#2179,#1777,.T.);
#2776=EDGE_CURVE('',#2182,#2180,#1778,.T.);
#2777=EDGE_CURVE('',#2182,#2183,#852,.T.);
#2778=EDGE_CURVE('',#2183,#2181,#1779,.T.);
#2779=EDGE_CURVE('',#2184,#2182,#1780,.T.);
#2780=EDGE_CURVE('',#2184,#2185,#853,.T.);
#2781=EDGE_CURVE('',#2185,#2183,#1781,.T.);
#2782=EDGE_CURVE('',#2186,#2184,#1782,.T.);
#2783=EDGE_CURVE('',#2186,#2187,#854,.T.);
#2784=EDGE_CURVE('',#2187,#2185,#1783,.T.);
#2785=EDGE_CURVE('',#2188,#2186,#1784,.T.);
#2786=EDGE_CURVE('',#2188,#2189,#855,.T.);
#2787=EDGE_CURVE('',#2189,#2187,#1785,.T.);
#2788=EDGE_CURVE('',#2190,#2188,#1786,.T.);
#2789=EDGE_CURVE('',#2190,#2191,#856,.T.);
#2790=EDGE_CURVE('',#2191,#2189,#1787,.T.);
#2791=EDGE_CURVE('',#2192,#2190,#1788,.T.);
#2792=EDGE_CURVE('',#2192,#2193,#857,.T.);
#2793=EDGE_CURVE('',#2193,#2191,#1789,.T.);
#2794=EDGE_CURVE('',#2175,#2192,#858,.T.);
#2795=EDGE_CURVE('',#2177,#2193,#859,.T.);
#2796=EDGE_CURVE('',#2194,#2195,#860,.T.);
#2797=EDGE_CURVE('',#2194,#2196,#861,.T.);
#2798=EDGE_CURVE('',#2196,#2197,#862,.T.);
#2799=EDGE_CURVE('',#2195,#2197,#863,.T.);
#2800=EDGE_CURVE('',#2198,#2194,#1790,.T.);
#2801=EDGE_CURVE('',#2198,#2199,#864,.T.);
#2802=EDGE_CURVE('',#2199,#2196,#1791,.T.);
#2803=EDGE_CURVE('',#2200,#2198,#1792,.T.);
#2804=EDGE_CURVE('',#2200,#2201,#865,.T.);
#2805=EDGE_CURVE('',#2201,#2199,#1793,.T.);
#2806=EDGE_CURVE('',#2202,#2200,#866,.T.);
#2807=EDGE_CURVE('',#2202,#2203,#867,.T.);
#2808=EDGE_CURVE('',#2203,#2201,#868,.T.);
#2809=EDGE_CURVE('',#2204,#2202,#1794,.T.);
#2810=EDGE_CURVE('',#2204,#2205,#869,.T.);
#2811=EDGE_CURVE('',#2205,#2203,#1795,.T.);
#2812=EDGE_CURVE('',#2206,#2204,#1796,.T.);
#2813=EDGE_CURVE('',#2206,#2207,#870,.T.);
#2814=EDGE_CURVE('',#2207,#2205,#1797,.T.);
#2815=EDGE_CURVE('',#2208,#2206,#1798,.T.);
#2816=EDGE_CURVE('',#2208,#2209,#871,.T.);
#2817=EDGE_CURVE('',#2209,#2207,#1799,.T.);
#2818=EDGE_CURVE('',#2210,#2208,#1800,.T.);
#2819=EDGE_CURVE('',#2210,#2211,#872,.T.);
#2820=EDGE_CURVE('',#2211,#2209,#1801,.T.);
#2821=EDGE_CURVE('',#2212,#2210,#1802,.T.);
#2822=EDGE_CURVE('',#2212,#2213,#873,.T.);
#2823=EDGE_CURVE('',#2213,#2211,#1803,.T.);
#2824=EDGE_CURVE('',#2214,#2212,#1804,.T.);
#2825=EDGE_CURVE('',#2214,#2215,#874,.T.);
#2826=EDGE_CURVE('',#2215,#2213,#1805,.T.);
#2827=EDGE_CURVE('',#2216,#2214,#1806,.T.);
#2828=EDGE_CURVE('',#2216,#2217,#875,.T.);
#2829=EDGE_CURVE('',#2217,#2215,#1807,.T.);
#2830=EDGE_CURVE('',#2218,#2216,#876,.T.);
#2831=EDGE_CURVE('',#2218,#2219,#877,.T.);
#2832=EDGE_CURVE('',#2219,#2217,#878,.T.);
#2833=EDGE_CURVE('',#2220,#2218,#1808,.T.);
#2834=EDGE_CURVE('',#2220,#2221,#879,.T.);
#2835=EDGE_CURVE('',#2221,#2219,#1809,.T.);
#2836=EDGE_CURVE('',#2222,#2220,#1810,.T.);
#2837=EDGE_CURVE('',#2222,#2223,#880,.T.);
#2838=EDGE_CURVE('',#2223,#2221,#1811,.T.);
#2839=EDGE_CURVE('',#2224,#2222,#1812,.T.);
#2840=EDGE_CURVE('',#2224,#2225,#881,.T.);
#2841=EDGE_CURVE('',#2225,#2223,#1813,.T.);
#2842=EDGE_CURVE('',#2226,#2224,#1814,.T.);
#2843=EDGE_CURVE('',#2226,#2227,#882,.T.);
#2844=EDGE_CURVE('',#2227,#2225,#1815,.T.);
#2845=EDGE_CURVE('',#2228,#2226,#1816,.T.);
#2846=EDGE_CURVE('',#2228,#2229,#883,.T.);
#2847=EDGE_CURVE('',#2229,#2227,#1817,.T.);
#2848=EDGE_CURVE('',#2230,#2228,#1818,.T.);
#2849=EDGE_CURVE('',#2230,#2231,#884,.T.);
#2850=EDGE_CURVE('',#2231,#2229,#1819,.T.);
#2851=EDGE_CURVE('',#2232,#2230,#1820,.T.);
#2852=EDGE_CURVE('',#2232,#2233,#885,.T.);
#2853=EDGE_CURVE('',#2233,#2231,#1821,.T.);
#2854=EDGE_CURVE('',#2234,#2232,#1822,.T.);
#2855=EDGE_CURVE('',#2234,#2235,#886,.T.);
#2856=EDGE_CURVE('',#2235,#2233,#1823,.T.);
#2857=EDGE_CURVE('',#2236,#2234,#1824,.T.);
#2858=EDGE_CURVE('',#2236,#2237,#887,.T.);
#2859=EDGE_CURVE('',#2237,#2235,#1825,.T.);
#2860=EDGE_CURVE('',#2238,#2236,#1826,.T.);
#2861=EDGE_CURVE('',#2238,#2239,#888,.T.);
#2862=EDGE_CURVE('',#2239,#2237,#1827,.T.);
#2863=EDGE_CURVE('',#2240,#2238,#1828,.T.);
#2864=EDGE_CURVE('',#2240,#2241,#889,.T.);
#2865=EDGE_CURVE('',#2241,#2239,#1829,.T.);
#2866=EDGE_CURVE('',#2242,#2240,#1830,.T.);
#2867=EDGE_CURVE('',#2242,#2243,#890,.T.);
#2868=EDGE_CURVE('',#2243,#2241,#1831,.T.);
#2869=EDGE_CURVE('',#2244,#2242,#1832,.T.);
#2870=EDGE_CURVE('',#2244,#2245,#891,.T.);
#2871=EDGE_CURVE('',#2245,#2243,#1833,.T.);
#2872=EDGE_CURVE('',#2246,#2244,#1834,.T.);
#2873=EDGE_CURVE('',#2246,#2247,#892,.T.);
#2874=EDGE_CURVE('',#2247,#2245,#1835,.T.);
#2875=EDGE_CURVE('',#2195,#2246,#1836,.T.);
#2876=EDGE_CURVE('',#2197,#2247,#1837,.T.);
#2877=EDGE_CURVE('',#2248,#2249,#1838,.T.);
#2878=EDGE_CURVE('',#2248,#2250,#893,.T.);
#2879=EDGE_CURVE('',#2250,#2251,#1839,.T.);
#2880=EDGE_CURVE('',#2249,#2251,#894,.T.);
#2881=EDGE_CURVE('',#2252,#2248,#1840,.T.);
#2882=EDGE_CURVE('',#2252,#2253,#895,.T.);
#2883=EDGE_CURVE('',#2253,#2250,#1841,.T.);
#2884=EDGE_CURVE('',#2254,#2252,#1842,.T.);
#2885=EDGE_CURVE('',#2254,#2255,#896,.T.);
#2886=EDGE_CURVE('',#2255,#2253,#1843,.T.);
#2887=EDGE_CURVE('',#2256,#2254,#1844,.T.);
#2888=EDGE_CURVE('',#2256,#2257,#897,.T.);
#2889=EDGE_CURVE('',#2257,#2255,#1845,.T.);
#2890=EDGE_CURVE('',#2258,#2256,#1846,.T.);
#2891=EDGE_CURVE('',#2258,#2259,#898,.T.);
#2892=EDGE_CURVE('',#2259,#2257,#1847,.T.);
#2893=EDGE_CURVE('',#2260,#2258,#1848,.T.);
#2894=EDGE_CURVE('',#2260,#2261,#899,.T.);
#2895=EDGE_CURVE('',#2261,#2259,#1849,.T.);
#2896=EDGE_CURVE('',#2262,#2260,#1850,.T.);
#2897=EDGE_CURVE('',#2262,#2263,#900,.T.);
#2898=EDGE_CURVE('',#2263,#2261,#1851,.T.);
#2899=EDGE_CURVE('',#2264,#2262,#1852,.T.);
#2900=EDGE_CURVE('',#2264,#2265,#901,.T.);
#2901=EDGE_CURVE('',#2265,#2263,#1853,.T.);
#2902=EDGE_CURVE('',#2266,#2264,#1854,.T.);
#2903=EDGE_CURVE('',#2266,#2267,#902,.T.);
#2904=EDGE_CURVE('',#2267,#2265,#1855,.T.);
#2905=EDGE_CURVE('',#2268,#2266,#1856,.T.);
#2906=EDGE_CURVE('',#2268,#2269,#903,.T.);
#2907=EDGE_CURVE('',#2269,#2267,#1857,.T.);
#2908=EDGE_CURVE('',#2270,#2268,#1858,.T.);
#2909=EDGE_CURVE('',#2270,#2271,#904,.T.);
#2910=EDGE_CURVE('',#2271,#2269,#1859,.T.);
#2911=EDGE_CURVE('',#2272,#2270,#1860,.T.);
#2912=EDGE_CURVE('',#2272,#2273,#905,.T.);
#2913=EDGE_CURVE('',#2273,#2271,#1861,.T.);
#2914=EDGE_CURVE('',#2274,#2272,#1862,.T.);
#2915=EDGE_CURVE('',#2274,#2275,#906,.T.);
#2916=EDGE_CURVE('',#2275,#2273,#1863,.T.);
#2917=EDGE_CURVE('',#2276,#2274,#1864,.T.);
#2918=EDGE_CURVE('',#2276,#2277,#907,.T.);
#2919=EDGE_CURVE('',#2277,#2275,#1865,.T.);
#2920=EDGE_CURVE('',#2278,#2276,#908,.T.);
#2921=EDGE_CURVE('',#2278,#2279,#909,.T.);
#2922=EDGE_CURVE('',#2279,#2277,#910,.T.);
#2923=EDGE_CURVE('',#2280,#2278,#1866,.T.);
#2924=EDGE_CURVE('',#2280,#2281,#911,.T.);
#2925=EDGE_CURVE('',#2281,#2279,#1867,.T.);
#2926=EDGE_CURVE('',#2282,#2280,#1868,.T.);
#2927=EDGE_CURVE('',#2282,#2283,#912,.T.);
#2928=EDGE_CURVE('',#2283,#2281,#1869,.T.);
#2929=EDGE_CURVE('',#2284,#2282,#1870,.T.);
#2930=EDGE_CURVE('',#2284,#2285,#913,.T.);
#2931=EDGE_CURVE('',#2285,#2283,#1871,.T.);
#2932=EDGE_CURVE('',#2286,#2284,#1872,.T.);
#2933=EDGE_CURVE('',#2286,#2287,#914,.T.);
#2934=EDGE_CURVE('',#2287,#2285,#1873,.T.);
#2935=EDGE_CURVE('',#2288,#2286,#1874,.T.);
#2936=EDGE_CURVE('',#2288,#2289,#915,.T.);
#2937=EDGE_CURVE('',#2289,#2287,#1875,.T.);
#2938=EDGE_CURVE('',#2290,#2288,#1876,.T.);
#2939=EDGE_CURVE('',#2290,#2291,#916,.T.);
#2940=EDGE_CURVE('',#2291,#2289,#1877,.T.);
#2941=EDGE_CURVE('',#2292,#2290,#1878,.T.);
#2942=EDGE_CURVE('',#2292,#2293,#917,.T.);
#2943=EDGE_CURVE('',#2293,#2291,#1879,.T.);
#2944=EDGE_CURVE('',#2294,#2292,#1880,.T.);
#2945=EDGE_CURVE('',#2294,#2295,#918,.T.);
#2946=EDGE_CURVE('',#2295,#2293,#1881,.T.);
#2947=EDGE_CURVE('',#2296,#2294,#1882,.T.);
#2948=EDGE_CURVE('',#2296,#2297,#919,.T.);
#2949=EDGE_CURVE('',#2297,#2295,#1883,.T.);
#2950=EDGE_CURVE('',#2298,#2296,#1884,.T.);
#2951=EDGE_CURVE('',#2298,#2299,#920,.T.);
#2952=EDGE_CURVE('',#2299,#2297,#1885,.T.);
#2953=EDGE_CURVE('',#2300,#2298,#1886,.T.);
#2954=EDGE_CURVE('',#2300,#2301,#921,.T.);
#2955=EDGE_CURVE('',#2301,#2299,#1887,.T.);
#2956=EDGE_CURVE('',#2302,#2300,#1888,.T.);
#2957=EDGE_CURVE('',#2302,#2303,#922,.T.);
#2958=EDGE_CURVE('',#2303,#2301,#1889,.T.);
#2959=EDGE_CURVE('',#2304,#2302,#1890,.T.);
#2960=EDGE_CURVE('',#2304,#2305,#923,.T.);
#2961=EDGE_CURVE('',#2305,#2303,#1891,.T.);
#2962=EDGE_CURVE('',#2306,#2304,#1892,.T.);
#2963=EDGE_CURVE('',#2306,#2307,#924,.T.);
#2964=EDGE_CURVE('',#2307,#2305,#1893,.T.);
#2965=EDGE_CURVE('',#2308,#2306,#1894,.T.);
#2966=EDGE_CURVE('',#2308,#2309,#925,.T.);
#2967=EDGE_CURVE('',#2309,#2307,#1895,.T.);
#2968=EDGE_CURVE('',#2310,#2308,#1896,.T.);
#2969=EDGE_CURVE('',#2310,#2311,#926,.T.);
#2970=EDGE_CURVE('',#2311,#2309,#1897,.T.);
#2971=EDGE_CURVE('',#2312,#2310,#927,.T.);
#2972=EDGE_CURVE('',#2312,#2313,#928,.T.);
#2973=EDGE_CURVE('',#2313,#2311,#929,.T.);
#2974=EDGE_CURVE('',#2249,#2312,#1898,.T.);
#2975=EDGE_CURVE('',#2251,#2313,#1899,.T.);
#2976=EDGE_CURVE('',#2314,#2315,#1900,.T.);
#2977=EDGE_CURVE('',#2314,#2316,#930,.T.);
#2978=EDGE_CURVE('',#2316,#2317,#1901,.T.);
#2979=EDGE_CURVE('',#2315,#2317,#931,.T.);
#2980=EDGE_CURVE('',#2318,#2314,#1902,.T.);
#2981=EDGE_CURVE('',#2318,#2319,#932,.T.);
#2982=EDGE_CURVE('',#2319,#2316,#1903,.T.);
#2983=EDGE_CURVE('',#2320,#2318,#1904,.T.);
#2984=EDGE_CURVE('',#2320,#2321,#933,.T.);
#2985=EDGE_CURVE('',#2321,#2319,#1905,.T.);
#2986=EDGE_CURVE('',#2322,#2320,#1906,.T.);
#2987=EDGE_CURVE('',#2322,#2323,#934,.T.);
#2988=EDGE_CURVE('',#2323,#2321,#1907,.T.);
#2989=EDGE_CURVE('',#2324,#2322,#1908,.T.);
#2990=EDGE_CURVE('',#2324,#2325,#935,.T.);
#2991=EDGE_CURVE('',#2325,#2323,#1909,.T.);
#2992=EDGE_CURVE('',#2326,#2324,#1910,.T.);
#2993=EDGE_CURVE('',#2326,#2327,#936,.T.);
#2994=EDGE_CURVE('',#2327,#2325,#1911,.T.);
#2995=EDGE_CURVE('',#2328,#2326,#1912,.T.);
#2996=EDGE_CURVE('',#2328,#2329,#937,.T.);
#2997=EDGE_CURVE('',#2329,#2327,#1913,.T.);
#2998=EDGE_CURVE('',#2315,#2328,#1914,.T.);
#2999=EDGE_CURVE('',#2317,#2329,#1915,.T.);
#3000=EDGE_CURVE('',#2330,#2331,#938,.T.);
#3001=EDGE_CURVE('',#2330,#2332,#939,.T.);
#3002=EDGE_CURVE('',#2332,#2333,#940,.T.);
#3003=EDGE_CURVE('',#2331,#2333,#941,.T.);
#3004=EDGE_CURVE('',#2334,#2330,#942,.T.);
#3005=EDGE_CURVE('',#2334,#2335,#943,.T.);
#3006=EDGE_CURVE('',#2335,#2332,#944,.T.);
#3007=EDGE_CURVE('',#2336,#2334,#945,.T.);
#3008=EDGE_CURVE('',#2336,#2337,#946,.T.);
#3009=EDGE_CURVE('',#2337,#2335,#947,.T.);
#3010=EDGE_CURVE('',#2338,#2336,#1916,.T.);
#3011=EDGE_CURVE('',#2338,#2339,#948,.T.);
#3012=EDGE_CURVE('',#2339,#2337,#1917,.T.);
#3013=EDGE_CURVE('',#2340,#2338,#1918,.T.);
#3014=EDGE_CURVE('',#2340,#2341,#949,.T.);
#3015=EDGE_CURVE('',#2341,#2339,#1919,.T.);
#3016=EDGE_CURVE('',#2342,#2340,#1920,.T.);
#3017=EDGE_CURVE('',#2342,#2343,#950,.T.);
#3018=EDGE_CURVE('',#2343,#2341,#1921,.T.);
#3019=EDGE_CURVE('',#2344,#2342,#1922,.T.);
#3020=EDGE_CURVE('',#2344,#2345,#951,.T.);
#3021=EDGE_CURVE('',#2345,#2343,#1923,.T.);
#3022=EDGE_CURVE('',#2346,#2344,#1924,.T.);
#3023=EDGE_CURVE('',#2346,#2347,#952,.T.);
#3024=EDGE_CURVE('',#2347,#2345,#1925,.T.);
#3025=EDGE_CURVE('',#2348,#2346,#1926,.T.);
#3026=EDGE_CURVE('',#2348,#2349,#953,.T.);
#3027=EDGE_CURVE('',#2349,#2347,#1927,.T.);
#3028=EDGE_CURVE('',#2350,#2348,#1928,.T.);
#3029=EDGE_CURVE('',#2350,#2351,#954,.T.);
#3030=EDGE_CURVE('',#2351,#2349,#1929,.T.);
#3031=EDGE_CURVE('',#2352,#2350,#1930,.T.);
#3032=EDGE_CURVE('',#2352,#2353,#955,.T.);
#3033=EDGE_CURVE('',#2353,#2351,#1931,.T.);
#3034=EDGE_CURVE('',#2354,#2352,#1932,.T.);
#3035=EDGE_CURVE('',#2354,#2355,#956,.T.);
#3036=EDGE_CURVE('',#2355,#2353,#1933,.T.);
#3037=EDGE_CURVE('',#2356,#2354,#957,.T.);
#3038=EDGE_CURVE('',#2356,#2357,#958,.T.);
#3039=EDGE_CURVE('',#2357,#2355,#959,.T.);
#3040=EDGE_CURVE('',#2331,#2356,#960,.T.);
#3041=EDGE_CURVE('',#2333,#2357,#961,.T.);
#3042=EDGE_CURVE('',#2358,#2359,#1934,.T.);
#3043=EDGE_CURVE('',#2358,#2360,#962,.T.);
#3044=EDGE_CURVE('',#2360,#2361,#1935,.T.);
#3045=EDGE_CURVE('',#2359,#2361,#963,.T.);
#3046=EDGE_CURVE('',#2362,#2358,#1936,.T.);
#3047=EDGE_CURVE('',#2362,#2363,#964,.T.);
#3048=EDGE_CURVE('',#2363,#2360,#1937,.T.);
#3049=EDGE_CURVE('',#2364,#2362,#1938,.T.);
#3050=EDGE_CURVE('',#2364,#2365,#965,.T.);
#3051=EDGE_CURVE('',#2365,#2363,#1939,.T.);
#3052=EDGE_CURVE('',#2366,#2364,#1940,.T.);
#3053=EDGE_CURVE('',#2366,#2367,#966,.T.);
#3054=EDGE_CURVE('',#2367,#2365,#1941,.T.);
#3055=EDGE_CURVE('',#2368,#2366,#1942,.T.);
#3056=EDGE_CURVE('',#2368,#2369,#967,.T.);
#3057=EDGE_CURVE('',#2369,#2367,#1943,.T.);
#3058=EDGE_CURVE('',#2370,#2368,#1944,.T.);
#3059=EDGE_CURVE('',#2370,#2371,#968,.T.);
#3060=EDGE_CURVE('',#2371,#2369,#1945,.T.);
#3061=EDGE_CURVE('',#2372,#2370,#1946,.T.);
#3062=EDGE_CURVE('',#2372,#2373,#969,.T.);
#3063=EDGE_CURVE('',#2373,#2371,#1947,.T.);
#3064=EDGE_CURVE('',#2374,#2372,#970,.T.);
#3065=EDGE_CURVE('',#2374,#2375,#971,.T.);
#3066=EDGE_CURVE('',#2375,#2373,#972,.T.);
#3067=EDGE_CURVE('',#2376,#2374,#1948,.T.);
#3068=EDGE_CURVE('',#2376,#2377,#973,.T.);
#3069=EDGE_CURVE('',#2377,#2375,#1949,.T.);
#3070=EDGE_CURVE('',#2378,#2376,#1950,.T.);
#3071=EDGE_CURVE('',#2378,#2379,#974,.T.);
#3072=EDGE_CURVE('',#2379,#2377,#1951,.T.);
#3073=EDGE_CURVE('',#2380,#2378,#1952,.T.);
#3074=EDGE_CURVE('',#2380,#2381,#975,.T.);
#3075=EDGE_CURVE('',#2381,#2379,#1953,.T.);
#3076=EDGE_CURVE('',#2382,#2380,#1954,.T.);
#3077=EDGE_CURVE('',#2382,#2383,#976,.T.);
#3078=EDGE_CURVE('',#2383,#2381,#1955,.T.);
#3079=EDGE_CURVE('',#2384,#2382,#1956,.T.);
#3080=EDGE_CURVE('',#2384,#2385,#977,.T.);
#3081=EDGE_CURVE('',#2385,#2383,#1957,.T.);
#3082=EDGE_CURVE('',#2386,#2384,#1958,.T.);
#3083=EDGE_CURVE('',#2386,#2387,#978,.T.);
#3084=EDGE_CURVE('',#2387,#2385,#1959,.T.);
#3085=EDGE_CURVE('',#2388,#2386,#1960,.T.);
#3086=EDGE_CURVE('',#2388,#2389,#979,.T.);
#3087=EDGE_CURVE('',#2389,#2387,#1961,.T.);
#3088=EDGE_CURVE('',#2390,#2388,#1962,.T.);
#3089=EDGE_CURVE('',#2390,#2391,#980,.T.);
#3090=EDGE_CURVE('',#2391,#2389,#1963,.T.);
#3091=EDGE_CURVE('',#2392,#2390,#1964,.T.);
#3092=EDGE_CURVE('',#2392,#2393,#981,.T.);
#3093=EDGE_CURVE('',#2393,#2391,#1965,.T.);
#3094=EDGE_CURVE('',#2394,#2392,#982,.T.);
#3095=EDGE_CURVE('',#2394,#2395,#983,.T.);
#3096=EDGE_CURVE('',#2395,#2393,#984,.T.);
#3097=EDGE_CURVE('',#2359,#2394,#1966,.T.);
#3098=EDGE_CURVE('',#2361,#2395,#1967,.T.);
#3099=EDGE_CURVE('',#2396,#2397,#1968,.T.);
#3100=EDGE_CURVE('',#2396,#2398,#985,.T.);
#3101=EDGE_CURVE('',#2398,#2399,#1969,.T.);
#3102=EDGE_CURVE('',#2397,#2399,#986,.T.);
#3103=EDGE_CURVE('',#2400,#2396,#1970,.T.);
#3104=EDGE_CURVE('',#2400,#2401,#987,.T.);
#3105=EDGE_CURVE('',#2401,#2398,#1971,.T.);
#3106=EDGE_CURVE('',#2402,#2400,#1972,.T.);
#3107=EDGE_CURVE('',#2402,#2403,#988,.T.);
#3108=EDGE_CURVE('',#2403,#2401,#1973,.T.);
#3109=EDGE_CURVE('',#2404,#2402,#1974,.T.);
#3110=EDGE_CURVE('',#2404,#2405,#989,.T.);
#3111=EDGE_CURVE('',#2405,#2403,#1975,.T.);
#3112=EDGE_CURVE('',#2406,#2404,#1976,.T.);
#3113=EDGE_CURVE('',#2406,#2407,#990,.T.);
#3114=EDGE_CURVE('',#2407,#2405,#1977,.T.);
#3115=EDGE_CURVE('',#2408,#2406,#1978,.T.);
#3116=EDGE_CURVE('',#2408,#2409,#991,.T.);
#3117=EDGE_CURVE('',#2409,#2407,#1979,.T.);
#3118=EDGE_CURVE('',#2410,#2408,#1980,.T.);
#3119=EDGE_CURVE('',#2410,#2411,#992,.T.);
#3120=EDGE_CURVE('',#2411,#2409,#1981,.T.);
#3121=EDGE_CURVE('',#2397,#2410,#1982,.T.);
#3122=EDGE_CURVE('',#2399,#2411,#1983,.T.);
#3123=EDGE_CURVE('',#2412,#2413,#993,.T.);
#3124=EDGE_CURVE('',#2412,#2414,#994,.T.);
#3125=EDGE_CURVE('',#2414,#2415,#995,.T.);
#3126=EDGE_CURVE('',#2413,#2415,#996,.T.);
#3127=EDGE_CURVE('',#2416,#2412,#1984,.T.);
#3128=EDGE_CURVE('',#2416,#2417,#997,.T.);
#3129=EDGE_CURVE('',#2417,#2414,#1985,.T.);
#3130=EDGE_CURVE('',#2418,#2416,#1986,.T.);
#3131=EDGE_CURVE('',#2418,#2419,#998,.T.);
#3132=EDGE_CURVE('',#2419,#2417,#1987,.T.);
#3133=EDGE_CURVE('',#2420,#2418,#1988,.T.);
#3134=EDGE_CURVE('',#2420,#2421,#999,.T.);
#3135=EDGE_CURVE('',#2421,#2419,#1989,.T.);
#3136=EDGE_CURVE('',#2422,#2420,#1990,.T.);
#3137=EDGE_CURVE('',#2422,#2423,#1000,.T.);
#3138=EDGE_CURVE('',#2423,#2421,#1991,.T.);
#3139=EDGE_CURVE('',#2424,#2422,#1992,.T.);
#3140=EDGE_CURVE('',#2424,#2425,#1001,.T.);
#3141=EDGE_CURVE('',#2425,#2423,#1993,.T.);
#3142=EDGE_CURVE('',#2426,#2424,#1994,.T.);
#3143=EDGE_CURVE('',#2426,#2427,#1002,.T.);
#3144=EDGE_CURVE('',#2427,#2425,#1995,.T.);
#3145=EDGE_CURVE('',#2428,#2426,#1996,.T.);
#3146=EDGE_CURVE('',#2428,#2429,#1003,.T.);
#3147=EDGE_CURVE('',#2429,#2427,#1997,.T.);
#3148=EDGE_CURVE('',#2430,#2428,#1998,.T.);
#3149=EDGE_CURVE('',#2430,#2431,#1004,.T.);
#3150=EDGE_CURVE('',#2431,#2429,#1999,.T.);
#3151=EDGE_CURVE('',#2432,#2430,#2000,.T.);
#3152=EDGE_CURVE('',#2432,#2433,#1005,.T.);
#3153=EDGE_CURVE('',#2433,#2431,#2001,.T.);
#3154=EDGE_CURVE('',#2434,#2432,#2002,.T.);
#3155=EDGE_CURVE('',#2434,#2435,#1006,.T.);
#3156=EDGE_CURVE('',#2435,#2433,#2003,.T.);
#3157=EDGE_CURVE('',#2436,#2434,#1007,.T.);
#3158=EDGE_CURVE('',#2436,#2437,#1008,.T.);
#3159=EDGE_CURVE('',#2437,#2435,#1009,.T.);
#3160=EDGE_CURVE('',#2438,#2436,#1010,.T.);
#3161=EDGE_CURVE('',#2438,#2439,#1011,.T.);
#3162=EDGE_CURVE('',#2439,#2437,#1012,.T.);
#3163=EDGE_CURVE('',#2440,#2438,#1013,.T.);
#3164=EDGE_CURVE('',#2440,#2441,#1014,.T.);
#3165=EDGE_CURVE('',#2441,#2439,#1015,.T.);
#3166=EDGE_CURVE('',#2413,#2440,#1016,.T.);
#3167=EDGE_CURVE('',#2415,#2441,#1017,.T.);
#3168=EDGE_CURVE('',#2442,#2443,#2004,.T.);
#3169=EDGE_CURVE('',#2442,#2444,#1018,.T.);
#3170=EDGE_CURVE('',#2444,#2445,#2005,.T.);
#3171=EDGE_CURVE('',#2443,#2445,#1019,.T.);
#3172=EDGE_CURVE('',#2446,#2442,#2006,.T.);
#3173=EDGE_CURVE('',#2446,#2447,#1020,.T.);
#3174=EDGE_CURVE('',#2447,#2444,#2007,.T.);
#3175=EDGE_CURVE('',#2448,#2446,#2008,.T.);
#3176=EDGE_CURVE('',#2448,#2449,#1021,.T.);
#3177=EDGE_CURVE('',#2449,#2447,#2009,.T.);
#3178=EDGE_CURVE('',#2450,#2448,#2010,.T.);
#3179=EDGE_CURVE('',#2450,#2451,#1022,.T.);
#3180=EDGE_CURVE('',#2451,#2449,#2011,.T.);
#3181=EDGE_CURVE('',#2452,#2450,#2012,.T.);
#3182=EDGE_CURVE('',#2452,#2453,#1023,.T.);
#3183=EDGE_CURVE('',#2453,#2451,#2013,.T.);
#3184=EDGE_CURVE('',#2454,#2452,#2014,.T.);
#3185=EDGE_CURVE('',#2454,#2455,#1024,.T.);
#3186=EDGE_CURVE('',#2455,#2453,#2015,.T.);
#3187=EDGE_CURVE('',#2456,#2454,#2016,.T.);
#3188=EDGE_CURVE('',#2456,#2457,#1025,.T.);
#3189=EDGE_CURVE('',#2457,#2455,#2017,.T.);
#3190=EDGE_CURVE('',#2458,#2456,#2018,.T.);
#3191=EDGE_CURVE('',#2458,#2459,#1026,.T.);
#3192=EDGE_CURVE('',#2459,#2457,#2019,.T.);
#3193=EDGE_CURVE('',#2460,#2458,#2020,.T.);
#3194=EDGE_CURVE('',#2460,#2461,#1027,.T.);
#3195=EDGE_CURVE('',#2461,#2459,#2021,.T.);
#3196=EDGE_CURVE('',#2443,#2460,#1028,.T.);
#3197=EDGE_CURVE('',#2445,#2461,#1029,.T.);
#3198=EDGE_CURVE('',#2462,#2463,#1030,.T.);
#3199=EDGE_CURVE('',#2462,#2464,#1031,.T.);
#3200=EDGE_CURVE('',#2464,#2465,#1032,.T.);
#3201=EDGE_CURVE('',#2463,#2465,#1033,.T.);
#3202=EDGE_CURVE('',#2466,#2462,#2022,.T.);
#3203=EDGE_CURVE('',#2466,#2467,#1034,.T.);
#3204=EDGE_CURVE('',#2467,#2464,#2023,.T.);
#3205=EDGE_CURVE('',#2468,#2466,#2024,.T.);
#3206=EDGE_CURVE('',#2468,#2469,#1035,.T.);
#3207=EDGE_CURVE('',#2469,#2467,#2025,.T.);
#3208=EDGE_CURVE('',#2470,#2468,#1036,.T.);
#3209=EDGE_CURVE('',#2470,#2471,#1037,.T.);
#3210=EDGE_CURVE('',#2471,#2469,#1038,.T.);
#3211=EDGE_CURVE('',#2472,#2470,#2026,.T.);
#3212=EDGE_CURVE('',#2472,#2473,#1039,.T.);
#3213=EDGE_CURVE('',#2473,#2471,#2027,.T.);
#3214=EDGE_CURVE('',#2474,#2472,#2028,.T.);
#3215=EDGE_CURVE('',#2474,#2475,#1040,.T.);
#3216=EDGE_CURVE('',#2475,#2473,#2029,.T.);
#3217=EDGE_CURVE('',#2476,#2474,#2030,.T.);
#3218=EDGE_CURVE('',#2476,#2477,#1041,.T.);
#3219=EDGE_CURVE('',#2477,#2475,#2031,.T.);
#3220=EDGE_CURVE('',#2478,#2476,#2032,.T.);
#3221=EDGE_CURVE('',#2478,#2479,#1042,.T.);
#3222=EDGE_CURVE('',#2479,#2477,#2033,.T.);
#3223=EDGE_CURVE('',#2480,#2478,#2034,.T.);
#3224=EDGE_CURVE('',#2480,#2481,#1043,.T.);
#3225=EDGE_CURVE('',#2481,#2479,#2035,.T.);
#3226=EDGE_CURVE('',#2482,#2480,#2036,.T.);
#3227=EDGE_CURVE('',#2482,#2483,#1044,.T.);
#3228=EDGE_CURVE('',#2483,#2481,#2037,.T.);
#3229=EDGE_CURVE('',#2484,#2482,#2038,.T.);
#3230=EDGE_CURVE('',#2484,#2485,#1045,.T.);
#3231=EDGE_CURVE('',#2485,#2483,#2039,.T.);
#3232=EDGE_CURVE('',#2486,#2484,#1046,.T.);
#3233=EDGE_CURVE('',#2486,#2487,#1047,.T.);
#3234=EDGE_CURVE('',#2487,#2485,#1048,.T.);
#3235=EDGE_CURVE('',#2488,#2486,#2040,.T.);
#3236=EDGE_CURVE('',#2488,#2489,#1049,.T.);
#3237=EDGE_CURVE('',#2489,#2487,#2041,.T.);
#3238=EDGE_CURVE('',#2490,#2488,#2042,.T.);
#3239=EDGE_CURVE('',#2490,#2491,#1050,.T.);
#3240=EDGE_CURVE('',#2491,#2489,#2043,.T.);
#3241=EDGE_CURVE('',#2492,#2490,#2044,.T.);
#3242=EDGE_CURVE('',#2492,#2493,#1051,.T.);
#3243=EDGE_CURVE('',#2493,#2491,#2045,.T.);
#3244=EDGE_CURVE('',#2494,#2492,#2046,.T.);
#3245=EDGE_CURVE('',#2494,#2495,#1052,.T.);
#3246=EDGE_CURVE('',#2495,#2493,#2047,.T.);
#3247=EDGE_CURVE('',#2496,#2494,#2048,.T.);
#3248=EDGE_CURVE('',#2496,#2497,#1053,.T.);
#3249=EDGE_CURVE('',#2497,#2495,#2049,.T.);
#3250=EDGE_CURVE('',#2498,#2496,#2050,.T.);
#3251=EDGE_CURVE('',#2498,#2499,#1054,.T.);
#3252=EDGE_CURVE('',#2499,#2497,#2051,.T.);
#3253=EDGE_CURVE('',#2500,#2498,#2052,.T.);
#3254=EDGE_CURVE('',#2500,#2501,#1055,.T.);
#3255=EDGE_CURVE('',#2501,#2499,#2053,.T.);
#3256=EDGE_CURVE('',#2502,#2500,#2054,.T.);
#3257=EDGE_CURVE('',#2502,#2503,#1056,.T.);
#3258=EDGE_CURVE('',#2503,#2501,#2055,.T.);
#3259=EDGE_CURVE('',#2504,#2502,#2056,.T.);
#3260=EDGE_CURVE('',#2504,#2505,#1057,.T.);
#3261=EDGE_CURVE('',#2505,#2503,#2057,.T.);
#3262=EDGE_CURVE('',#2506,#2504,#2058,.T.);
#3263=EDGE_CURVE('',#2506,#2507,#1058,.T.);
#3264=EDGE_CURVE('',#2507,#2505,#2059,.T.);
#3265=EDGE_CURVE('',#2508,#2506,#2060,.T.);
#3266=EDGE_CURVE('',#2508,#2509,#1059,.T.);
#3267=EDGE_CURVE('',#2509,#2507,#2061,.T.);
#3268=EDGE_CURVE('',#2510,#2508,#2062,.T.);
#3269=EDGE_CURVE('',#2510,#2511,#1060,.T.);
#3270=EDGE_CURVE('',#2511,#2509,#2063,.T.);
#3271=EDGE_CURVE('',#2512,#2510,#2064,.T.);
#3272=EDGE_CURVE('',#2512,#2513,#1061,.T.);
#3273=EDGE_CURVE('',#2513,#2511,#2065,.T.);
#3274=EDGE_CURVE('',#2514,#2512,#2066,.T.);
#3275=EDGE_CURVE('',#2514,#2515,#1062,.T.);
#3276=EDGE_CURVE('',#2515,#2513,#2067,.T.);
#3277=EDGE_CURVE('',#2463,#2514,#2068,.T.);
#3278=EDGE_CURVE('',#2465,#2515,#2069,.T.);
#3279=EDGE_CURVE('',#2516,#2517,#1063,.T.);
#3280=EDGE_CURVE('',#2516,#2518,#1064,.T.);
#3281=EDGE_CURVE('',#2518,#2519,#1065,.T.);
#3282=EDGE_CURVE('',#2517,#2519,#1066,.T.);
#3283=EDGE_CURVE('',#2520,#2516,#1067,.T.);
#3284=EDGE_CURVE('',#2520,#2521,#1068,.T.);
#3285=EDGE_CURVE('',#2521,#2518,#1069,.T.);
#3286=EDGE_CURVE('',#2522,#2520,#1070,.T.);
#3287=EDGE_CURVE('',#2522,#2523,#1071,.T.);
#3288=EDGE_CURVE('',#2523,#2521,#1072,.T.);
#3289=EDGE_CURVE('',#2524,#2522,#1073,.T.);
#3290=EDGE_CURVE('',#2524,#2525,#1074,.T.);
#3291=EDGE_CURVE('',#2525,#2523,#1075,.T.);
#3292=EDGE_CURVE('',#2526,#2524,#1076,.T.);
#3293=EDGE_CURVE('',#2526,#2527,#1077,.T.);
#3294=EDGE_CURVE('',#2527,#2525,#1078,.T.);
#3295=EDGE_CURVE('',#2528,#2526,#1079,.T.);
#3296=EDGE_CURVE('',#2528,#2529,#1080,.T.);
#3297=EDGE_CURVE('',#2529,#2527,#1081,.T.);
#3298=EDGE_CURVE('',#2530,#2528,#1082,.T.);
#3299=EDGE_CURVE('',#2530,#2531,#1083,.T.);
#3300=EDGE_CURVE('',#2531,#2529,#1084,.T.);
#3301=EDGE_CURVE('',#2532,#2530,#1085,.T.);
#3302=EDGE_CURVE('',#2532,#2533,#1086,.T.);
#3303=EDGE_CURVE('',#2533,#2531,#1087,.T.);
#3304=EDGE_CURVE('',#2534,#2532,#1088,.T.);
#3305=EDGE_CURVE('',#2534,#2535,#1089,.T.);
#3306=EDGE_CURVE('',#2535,#2533,#1090,.T.);
#3307=EDGE_CURVE('',#2536,#2534,#1091,.T.);
#3308=EDGE_CURVE('',#2536,#2537,#1092,.T.);
#3309=EDGE_CURVE('',#2537,#2535,#1093,.T.);
#3310=EDGE_CURVE('',#2538,#2536,#1094,.T.);
#3311=EDGE_CURVE('',#2538,#2539,#1095,.T.);
#3312=EDGE_CURVE('',#2539,#2537,#1096,.T.);
#3313=EDGE_CURVE('',#2517,#2538,#1097,.T.);
#3314=EDGE_CURVE('',#2519,#2539,#1098,.T.);
#3315=EDGE_CURVE('',#2540,#2541,#2070,.T.);
#3316=EDGE_CURVE('',#2540,#2542,#1099,.T.);
#3317=EDGE_CURVE('',#2542,#2543,#2071,.T.);
#3318=EDGE_CURVE('',#2541,#2543,#1100,.T.);
#3319=EDGE_CURVE('',#2544,#2540,#2072,.T.);
#3320=EDGE_CURVE('',#2544,#2545,#1101,.T.);
#3321=EDGE_CURVE('',#2545,#2542,#2073,.T.);
#3322=EDGE_CURVE('',#2546,#2544,#2074,.T.);
#3323=EDGE_CURVE('',#2546,#2547,#1102,.T.);
#3324=EDGE_CURVE('',#2547,#2545,#2075,.T.);
#3325=EDGE_CURVE('',#2548,#2546,#2076,.T.);
#3326=EDGE_CURVE('',#2548,#2549,#1103,.T.);
#3327=EDGE_CURVE('',#2549,#2547,#2077,.T.);
#3328=EDGE_CURVE('',#2550,#2548,#2078,.T.);
#3329=EDGE_CURVE('',#2550,#2551,#1104,.T.);
#3330=EDGE_CURVE('',#2551,#2549,#2079,.T.);
#3331=EDGE_CURVE('',#2552,#2550,#2080,.T.);
#3332=EDGE_CURVE('',#2552,#2553,#1105,.T.);
#3333=EDGE_CURVE('',#2553,#2551,#2081,.T.);
#3334=EDGE_CURVE('',#2554,#2552,#2082,.T.);
#3335=EDGE_CURVE('',#2554,#2555,#1106,.T.);
#3336=EDGE_CURVE('',#2555,#2553,#2083,.T.);
#3337=EDGE_CURVE('',#2556,#2554,#2084,.T.);
#3338=EDGE_CURVE('',#2556,#2557,#1107,.T.);
#3339=EDGE_CURVE('',#2557,#2555,#2085,.T.);
#3340=EDGE_CURVE('',#2558,#2556,#2086,.T.);
#3341=EDGE_CURVE('',#2558,#2559,#1108,.T.);
#3342=EDGE_CURVE('',#2559,#2557,#2087,.T.);
#3343=EDGE_CURVE('',#2541,#2558,#1109,.T.);
#3344=EDGE_CURVE('',#2543,#2559,#1110,.T.);
#3345=EDGE_CURVE('',#2560,#2561,#1111,.T.);
#3346=EDGE_CURVE('',#2560,#2562,#1112,.T.);
#3347=EDGE_CURVE('',#2562,#2563,#1113,.T.);
#3348=EDGE_CURVE('',#2561,#2563,#1114,.T.);
#3349=EDGE_CURVE('',#2564,#2560,#2088,.T.);
#3350=EDGE_CURVE('',#2564,#2565,#1115,.T.);
#3351=EDGE_CURVE('',#2565,#2562,#2089,.T.);
#3352=EDGE_CURVE('',#2566,#2564,#2090,.T.);
#3353=EDGE_CURVE('',#2566,#2567,#1116,.T.);
#3354=EDGE_CURVE('',#2567,#2565,#2091,.T.);
#3355=EDGE_CURVE('',#2568,#2566,#1117,.T.);
#3356=EDGE_CURVE('',#2568,#2569,#1118,.T.);
#3357=EDGE_CURVE('',#2569,#2567,#1119,.T.);
#3358=EDGE_CURVE('',#2570,#2568,#2092,.T.);
#3359=EDGE_CURVE('',#2570,#2571,#1120,.T.);
#3360=EDGE_CURVE('',#2571,#2569,#2093,.T.);
#3361=EDGE_CURVE('',#2572,#2570,#2094,.T.);
#3362=EDGE_CURVE('',#2572,#2573,#1121,.T.);
#3363=EDGE_CURVE('',#2573,#2571,#2095,.T.);
#3364=EDGE_CURVE('',#2574,#2572,#2096,.T.);
#3365=EDGE_CURVE('',#2574,#2575,#1122,.T.);
#3366=EDGE_CURVE('',#2575,#2573,#2097,.T.);
#3367=EDGE_CURVE('',#2576,#2574,#2098,.T.);
#3368=EDGE_CURVE('',#2576,#2577,#1123,.T.);
#3369=EDGE_CURVE('',#2577,#2575,#2099,.T.);
#3370=EDGE_CURVE('',#2578,#2576,#2100,.T.);
#3371=EDGE_CURVE('',#2578,#2579,#1124,.T.);
#3372=EDGE_CURVE('',#2579,#2577,#2101,.T.);
#3373=EDGE_CURVE('',#2580,#2578,#2102,.T.);
#3374=EDGE_CURVE('',#2580,#2581,#1125,.T.);
#3375=EDGE_CURVE('',#2581,#2579,#2103,.T.);
#3376=EDGE_CURVE('',#2582,#2580,#2104,.T.);
#3377=EDGE_CURVE('',#2582,#2583,#1126,.T.);
#3378=EDGE_CURVE('',#2583,#2581,#2105,.T.);
#3379=EDGE_CURVE('',#2584,#2582,#1127,.T.);
#3380=EDGE_CURVE('',#2584,#2585,#1128,.T.);
#3381=EDGE_CURVE('',#2585,#2583,#1129,.T.);
#3382=EDGE_CURVE('',#2586,#2584,#2106,.T.);
#3383=EDGE_CURVE('',#2586,#2587,#1130,.T.);
#3384=EDGE_CURVE('',#2587,#2585,#2107,.T.);
#3385=EDGE_CURVE('',#2588,#2586,#2108,.T.);
#3386=EDGE_CURVE('',#2588,#2589,#1131,.T.);
#3387=EDGE_CURVE('',#2589,#2587,#2109,.T.);
#3388=EDGE_CURVE('',#2590,#2588,#2110,.T.);
#3389=EDGE_CURVE('',#2590,#2591,#1132,.T.);
#3390=EDGE_CURVE('',#2591,#2589,#2111,.T.);
#3391=EDGE_CURVE('',#2592,#2590,#2112,.T.);
#3392=EDGE_CURVE('',#2592,#2593,#1133,.T.);
#3393=EDGE_CURVE('',#2593,#2591,#2113,.T.);
#3394=EDGE_CURVE('',#2594,#2592,#2114,.T.);
#3395=EDGE_CURVE('',#2594,#2595,#1134,.T.);
#3396=EDGE_CURVE('',#2595,#2593,#2115,.T.);
#3397=EDGE_CURVE('',#2596,#2594,#2116,.T.);
#3398=EDGE_CURVE('',#2596,#2597,#1135,.T.);
#3399=EDGE_CURVE('',#2597,#2595,#2117,.T.);
#3400=EDGE_CURVE('',#2598,#2596,#2118,.T.);
#3401=EDGE_CURVE('',#2598,#2599,#1136,.T.);
#3402=EDGE_CURVE('',#2599,#2597,#2119,.T.);
#3403=EDGE_CURVE('',#2600,#2598,#2120,.T.);
#3404=EDGE_CURVE('',#2600,#2601,#1137,.T.);
#3405=EDGE_CURVE('',#2601,#2599,#2121,.T.);
#3406=EDGE_CURVE('',#2602,#2600,#2122,.T.);
#3407=EDGE_CURVE('',#2602,#2603,#1138,.T.);
#3408=EDGE_CURVE('',#2603,#2601,#2123,.T.);
#3409=EDGE_CURVE('',#2604,#2602,#2124,.T.);
#3410=EDGE_CURVE('',#2604,#2605,#1139,.T.);
#3411=EDGE_CURVE('',#2605,#2603,#2125,.T.);
#3412=EDGE_CURVE('',#2606,#2604,#2126,.T.);
#3413=EDGE_CURVE('',#2606,#2607,#1140,.T.);
#3414=EDGE_CURVE('',#2607,#2605,#2127,.T.);
#3415=EDGE_CURVE('',#2608,#2606,#2128,.T.);
#3416=EDGE_CURVE('',#2608,#2609,#1141,.T.);
#3417=EDGE_CURVE('',#2609,#2607,#2129,.T.);
#3418=EDGE_CURVE('',#2610,#2608,#2130,.T.);
#3419=EDGE_CURVE('',#2610,#2611,#1142,.T.);
#3420=EDGE_CURVE('',#2611,#2609,#2131,.T.);
#3421=EDGE_CURVE('',#2612,#2610,#2132,.T.);
#3422=EDGE_CURVE('',#2612,#2613,#1143,.T.);
#3423=EDGE_CURVE('',#2613,#2611,#2133,.T.);
#3424=EDGE_CURVE('',#2561,#2612,#2134,.T.);
#3425=EDGE_CURVE('',#2563,#2613,#2135,.T.);
#3426=EDGE_CURVE('',#2614,#2615,#1144,.T.);
#3427=EDGE_CURVE('',#2614,#2616,#1145,.T.);
#3428=EDGE_CURVE('',#2616,#2617,#1146,.T.);
#3429=EDGE_CURVE('',#2615,#2617,#1147,.T.);
#3430=EDGE_CURVE('',#2618,#2614,#2136,.T.);
#3431=EDGE_CURVE('',#2618,#2619,#1148,.T.);
#3432=EDGE_CURVE('',#2619,#2616,#2137,.T.);
#3433=EDGE_CURVE('',#2620,#2618,#2138,.T.);
#3434=EDGE_CURVE('',#2620,#2621,#1149,.T.);
#3435=EDGE_CURVE('',#2621,#2619,#2139,.T.);
#3436=EDGE_CURVE('',#2622,#2620,#2140,.T.);
#3437=EDGE_CURVE('',#2622,#2623,#1150,.T.);
#3438=EDGE_CURVE('',#2623,#2621,#2141,.T.);
#3439=EDGE_CURVE('',#2624,#2622,#2142,.T.);
#3440=EDGE_CURVE('',#2624,#2625,#1151,.T.);
#3441=EDGE_CURVE('',#2625,#2623,#2143,.T.);
#3442=EDGE_CURVE('',#2626,#2624,#2144,.T.);
#3443=EDGE_CURVE('',#2626,#2627,#1152,.T.);
#3444=EDGE_CURVE('',#2627,#2625,#2145,.T.);
#3445=EDGE_CURVE('',#2628,#2626,#1153,.T.);
#3446=EDGE_CURVE('',#2628,#2629,#1154,.T.);
#3447=EDGE_CURVE('',#2629,#2627,#1155,.T.);
#3448=EDGE_CURVE('',#2630,#2628,#1156,.T.);
#3449=EDGE_CURVE('',#2630,#2631,#1157,.T.);
#3450=EDGE_CURVE('',#2631,#2629,#1158,.T.);
#3451=EDGE_CURVE('',#2632,#2630,#1159,.T.);
#3452=EDGE_CURVE('',#2632,#2633,#1160,.T.);
#3453=EDGE_CURVE('',#2633,#2631,#1161,.T.);
#3454=EDGE_CURVE('',#2634,#2632,#2146,.T.);
#3455=EDGE_CURVE('',#2634,#2635,#1162,.T.);
#3456=EDGE_CURVE('',#2635,#2633,#2147,.T.);
#3457=EDGE_CURVE('',#2636,#2634,#2148,.T.);
#3458=EDGE_CURVE('',#2636,#2637,#1163,.T.);
#3459=EDGE_CURVE('',#2637,#2635,#2149,.T.);
#3460=EDGE_CURVE('',#2638,#2636,#2150,.T.);
#3461=EDGE_CURVE('',#2638,#2639,#1164,.T.);
#3462=EDGE_CURVE('',#2639,#2637,#2151,.T.);
#3463=EDGE_CURVE('',#2640,#2638,#2152,.T.);
#3464=EDGE_CURVE('',#2640,#2641,#1165,.T.);
#3465=EDGE_CURVE('',#2641,#2639,#2153,.T.);
#3466=EDGE_CURVE('',#2642,#2640,#1166,.T.);
#3467=EDGE_CURVE('',#2642,#2643,#1167,.T.);
#3468=EDGE_CURVE('',#2643,#2641,#1168,.T.);
#3469=EDGE_CURVE('',#2644,#2642,#1169,.T.);
#3470=EDGE_CURVE('',#2644,#2645,#1170,.T.);
#3471=EDGE_CURVE('',#2645,#2643,#1171,.T.);
#3472=EDGE_CURVE('',#2646,#2644,#1172,.T.);
#3473=EDGE_CURVE('',#2646,#2647,#1173,.T.);
#3474=EDGE_CURVE('',#2647,#2645,#1174,.T.);
#3475=EDGE_CURVE('',#2615,#2646,#1175,.T.);
#3476=EDGE_CURVE('',#2617,#2647,#1176,.T.);
#3477=EDGE_CURVE('',#2648,#2649,#2154,.T.);
#3478=EDGE_CURVE('',#2648,#2650,#1177,.T.);
#3479=EDGE_CURVE('',#2650,#2651,#2155,.T.);
#3480=EDGE_CURVE('',#2649,#2651,#1178,.T.);
#3481=EDGE_CURVE('',#2652,#2648,#2156,.T.);
#3482=EDGE_CURVE('',#2652,#2653,#1179,.T.);
#3483=EDGE_CURVE('',#2653,#2650,#2157,.T.);
#3484=EDGE_CURVE('',#2654,#2652,#2158,.T.);
#3485=EDGE_CURVE('',#2654,#2655,#1180,.T.);
#3486=EDGE_CURVE('',#2655,#2653,#2159,.T.);
#3487=EDGE_CURVE('',#2656,#2654,#1181,.T.);
#3488=EDGE_CURVE('',#2656,#2657,#1182,.T.);
#3489=EDGE_CURVE('',#2657,#2655,#1183,.T.);
#3490=EDGE_CURVE('',#2658,#2656,#1184,.T.);
#3491=EDGE_CURVE('',#2658,#2659,#1185,.T.);
#3492=EDGE_CURVE('',#2659,#2657,#1186,.T.);
#3493=EDGE_CURVE('',#2660,#2658,#1187,.T.);
#3494=EDGE_CURVE('',#2660,#2661,#1188,.T.);
#3495=EDGE_CURVE('',#2661,#2659,#1189,.T.);
#3496=EDGE_CURVE('',#2662,#2660,#1190,.T.);
#3497=EDGE_CURVE('',#2662,#2663,#1191,.T.);
#3498=EDGE_CURVE('',#2663,#2661,#1192,.T.);
#3499=EDGE_CURVE('',#2664,#2662,#1193,.T.);
#3500=EDGE_CURVE('',#2664,#2665,#1194,.T.);
#3501=EDGE_CURVE('',#2665,#2663,#1195,.T.);
#3502=EDGE_CURVE('',#2666,#2664,#1196,.T.);
#3503=EDGE_CURVE('',#2666,#2667,#1197,.T.);
#3504=EDGE_CURVE('',#2667,#2665,#1198,.T.);
#3505=EDGE_CURVE('',#2668,#2666,#1199,.T.);
#3506=EDGE_CURVE('',#2668,#2669,#1200,.T.);
#3507=EDGE_CURVE('',#2669,#2667,#1201,.T.);
#3508=EDGE_CURVE('',#2670,#2668,#1202,.T.);
#3509=EDGE_CURVE('',#2670,#2671,#1203,.T.);
#3510=EDGE_CURVE('',#2671,#2669,#1204,.T.);
#3511=EDGE_CURVE('',#2672,#2670,#1205,.T.);
#3512=EDGE_CURVE('',#2672,#2673,#1206,.T.);
#3513=EDGE_CURVE('',#2673,#2671,#1207,.T.);
#3514=EDGE_CURVE('',#2674,#2672,#1208,.T.);
#3515=EDGE_CURVE('',#2674,#2675,#1209,.T.);
#3516=EDGE_CURVE('',#2675,#2673,#1210,.T.);
#3517=EDGE_CURVE('',#2676,#2674,#1211,.T.);
#3518=EDGE_CURVE('',#2676,#2677,#1212,.T.);
#3519=EDGE_CURVE('',#2677,#2675,#1213,.T.);
#3520=EDGE_CURVE('',#2678,#2676,#2160,.T.);
#3521=EDGE_CURVE('',#2678,#2679,#1214,.T.);
#3522=EDGE_CURVE('',#2679,#2677,#2161,.T.);
#3523=EDGE_CURVE('',#2680,#2678,#2162,.T.);
#3524=EDGE_CURVE('',#2680,#2681,#1215,.T.);
#3525=EDGE_CURVE('',#2681,#2679,#2163,.T.);
#3526=EDGE_CURVE('',#2682,#2680,#2164,.T.);
#3527=EDGE_CURVE('',#2682,#2683,#1216,.T.);
#3528=EDGE_CURVE('',#2683,#2681,#2165,.T.);
#3529=EDGE_CURVE('',#2684,#2682,#2166,.T.);
#3530=EDGE_CURVE('',#2684,#2685,#1217,.T.);
#3531=EDGE_CURVE('',#2685,#2683,#2167,.T.);
#3532=EDGE_CURVE('',#2686,#2684,#1218,.T.);
#3533=EDGE_CURVE('',#2686,#2687,#1219,.T.);
#3534=EDGE_CURVE('',#2687,#2685,#1220,.T.);
#3535=EDGE_CURVE('',#2649,#2686,#2168,.T.);
#3536=EDGE_CURVE('',#2651,#2687,#2169,.T.);
#3537=EDGE_CURVE('',#2688,#2689,#1221,.T.);
#3538=EDGE_CURVE('',#2688,#2690,#1222,.T.);
#3539=EDGE_CURVE('',#2690,#2691,#1223,.T.);
#3540=EDGE_CURVE('',#2689,#2691,#1224,.T.);
#3541=EDGE_CURVE('',#2692,#2688,#1225,.T.);
#3542=EDGE_CURVE('',#2692,#2693,#1226,.T.);
#3543=EDGE_CURVE('',#2693,#2690,#1227,.T.);
#3544=EDGE_CURVE('',#2694,#2692,#1228,.T.);
#3545=EDGE_CURVE('',#2694,#2695,#1229,.T.);
#3546=EDGE_CURVE('',#2695,#2693,#1230,.T.);
#3547=EDGE_CURVE('',#2696,#2694,#1231,.T.);
#3548=EDGE_CURVE('',#2696,#2697,#1232,.T.);
#3549=EDGE_CURVE('',#2697,#2695,#1233,.T.);
#3550=EDGE_CURVE('',#2698,#2696,#1234,.T.);
#3551=EDGE_CURVE('',#2698,#2699,#1235,.T.);
#3552=EDGE_CURVE('',#2699,#2697,#1236,.T.);
#3553=EDGE_CURVE('',#2700,#2698,#1237,.T.);
#3554=EDGE_CURVE('',#2700,#2701,#1238,.T.);
#3555=EDGE_CURVE('',#2701,#2699,#1239,.T.);
#3556=EDGE_CURVE('',#2702,#2700,#1240,.T.);
#3557=EDGE_CURVE('',#2702,#2703,#1241,.T.);
#3558=EDGE_CURVE('',#2703,#2701,#1242,.T.);
#3559=EDGE_CURVE('',#2704,#2702,#1243,.T.);
#3560=EDGE_CURVE('',#2704,#2705,#1244,.T.);
#3561=EDGE_CURVE('',#2705,#2703,#1245,.T.);
#3562=EDGE_CURVE('',#2706,#2704,#1246,.T.);
#3563=EDGE_CURVE('',#2706,#2707,#1247,.T.);
#3564=EDGE_CURVE('',#2707,#2705,#1248,.T.);
#3565=EDGE_CURVE('',#2708,#2706,#2170,.T.);
#3566=EDGE_CURVE('',#2708,#2709,#1249,.T.);
#3567=EDGE_CURVE('',#2709,#2707,#2171,.T.);
#3568=EDGE_CURVE('',#2710,#2708,#2172,.T.);
#3569=EDGE_CURVE('',#2710,#2711,#1250,.T.);
#3570=EDGE_CURVE('',#2711,#2709,#2173,.T.);
#3571=EDGE_CURVE('',#2712,#2710,#1251,.T.);
#3572=EDGE_CURVE('',#2712,#2713,#1252,.T.);
#3573=EDGE_CURVE('',#2713,#2711,#1253,.T.);
#3574=EDGE_CURVE('',#2714,#2712,#1254,.T.);
#3575=EDGE_CURVE('',#2714,#2715,#1255,.T.);
#3576=EDGE_CURVE('',#2715,#2713,#1256,.T.);
#3577=EDGE_CURVE('',#2716,#2714,#1257,.T.);
#3578=EDGE_CURVE('',#2716,#2717,#1258,.T.);
#3579=EDGE_CURVE('',#2717,#2715,#1259,.T.);
#3580=EDGE_CURVE('',#2689,#2716,#1260,.T.);
#3581=EDGE_CURVE('',#2691,#2717,#1261,.T.);
#3582=EDGE_CURVE('',#2718,#2719,#27,.T.);
#3583=EDGE_CURVE('',#2718,#2720,#1262,.T.);
#3584=EDGE_CURVE('',#2721,#2720,#28,.T.);
#3585=EDGE_CURVE('',#2721,#2722,#1263,.T.);
#3586=EDGE_CURVE('',#2723,#2722,#29,.T.);
#3587=EDGE_CURVE('',#2723,#2724,#1264,.T.);
#3588=EDGE_CURVE('',#2725,#2724,#30,.T.);
#3589=EDGE_CURVE('',#2725,#2719,#1265,.T.);
#3590=EDGE_CURVE('',#2726,#2726,#31,.T.);
#3591=EDGE_CURVE('',#2727,#2727,#32,.T.);
#3592=EDGE_CURVE('',#2728,#2728,#33,.T.);
#3593=EDGE_CURVE('',#2729,#2729,#34,.T.);
#3594=EDGE_CURVE('',#2730,#2731,#35,.T.);
#3595=EDGE_CURVE('',#2731,#2718,#1266,.T.);
#3596=EDGE_CURVE('',#2719,#2730,#1267,.T.);
#3597=EDGE_CURVE('',#2732,#2731,#1268,.T.);
#3598=EDGE_CURVE('',#2720,#2732,#1269,.T.);
#3599=EDGE_CURVE('',#2730,#2733,#1270,.T.);
#3600=EDGE_CURVE('',#2733,#2734,#1271,.T.);
#3601=EDGE_CURVE('',#2734,#2735,#1272,.T.);
#3602=EDGE_CURVE('',#2735,#2736,#1273,.T.);
#3603=EDGE_CURVE('',#2736,#2737,#1274,.T.);
#3604=EDGE_CURVE('',#2737,#2738,#1275,.T.);
#3605=EDGE_CURVE('',#2738,#2739,#1276,.T.);
#3606=EDGE_CURVE('',#2739,#2740,#1277,.T.);
#3607=EDGE_CURVE('',#2740,#2741,#1278,.T.);
#3608=EDGE_CURVE('',#2742,#2741,#36,.T.);
#3609=EDGE_CURVE('',#2742,#2743,#1279,.T.);
#3610=EDGE_CURVE('',#2744,#2743,#37,.T.);
#3611=EDGE_CURVE('',#2744,#2745,#1280,.T.);
#3612=EDGE_CURVE('',#2732,#2745,#38,.T.);
#3613=EDGE_CURVE('',#2746,#2746,#39,.T.);
#3614=EDGE_CURVE('',#2747,#2747,#40,.T.);
#3615=EDGE_CURVE('',#2748,#2748,#41,.T.);
#3616=EDGE_CURVE('',#2749,#2749,#42,.T.);
#3617=EDGE_CURVE('',#2745,#2721,#1281,.T.);
#3618=EDGE_CURVE('',#2722,#2744,#1282,.T.);
#3619=EDGE_CURVE('',#2743,#2723,#1283,.T.);
#3620=EDGE_CURVE('',#2724,#2742,#1284,.T.);
#3621=EDGE_CURVE('',#2741,#2725,#1285,.T.);
#3622=EDGE_CURVE('',#2740,#2750,#1286,.T.);
#3623=EDGE_CURVE('',#2750,#2751,#1287,.T.);
#3624=EDGE_CURVE('',#2751,#2733,#1288,.T.);
#3625=EDGE_CURVE('',#2751,#2752,#1289,.T.);
#3626=EDGE_CURVE('',#2734,#2752,#1290,.T.);
#3627=EDGE_CURVE('',#2753,#2739,#1291,.T.);
#3628=EDGE_CURVE('',#2753,#2750,#1292,.T.);
#3629=EDGE_CURVE('',#2752,#2753,#1293,.T.);
#3630=EDGE_CURVE('',#2754,#2738,#1294,.T.);
#3631=EDGE_CURVE('',#2754,#2755,#1295,.T.);
#3632=EDGE_CURVE('',#2755,#2735,#1296,.T.);
#3633=EDGE_CURVE('',#2756,#2757,#1297,.T.);
#3634=EDGE_CURVE('',#2755,#2756,#1298,.T.);
#3635=EDGE_CURVE('',#2757,#2754,#1299,.T.);
#3636=EDGE_CURVE('',#2756,#2736,#1300,.T.);
#3637=EDGE_CURVE('',#2758,#2758,#43,.T.);
#3638=EDGE_CURVE('',#2758,#2729,#1301,.T.);
#3639=EDGE_CURVE('',#2759,#2759,#44,.T.);
#3640=EDGE_CURVE('',#2759,#2728,#1302,.T.);
#3641=EDGE_CURVE('',#2760,#2760,#45,.T.);
#3642=EDGE_CURVE('',#2760,#2726,#1303,.T.);
#3643=EDGE_CURVE('',#2761,#2761,#46,.T.);
#3644=EDGE_CURVE('',#2761,#2727,#1304,.T.);
#3645=EDGE_CURVE('',#2757,#2737,#1305,.T.);
#3646=EDGE_CURVE('',#2748,#2762,#1306,.T.);
#3647=EDGE_CURVE('',#2762,#2762,#47,.T.);
#3648=EDGE_CURVE('',#2747,#2763,#1307,.T.);
#3649=EDGE_CURVE('',#2763,#2763,#48,.T.);
#3650=EDGE_CURVE('',#2749,#2764,#1308,.T.);
#3651=EDGE_CURVE('',#2764,#2764,#49,.T.);
#3652=EDGE_CURVE('',#2746,#2765,#1309,.T.);
#3653=EDGE_CURVE('',#2765,#2765,#50,.T.);
#3654=ORIENTED_EDGE('',*,*,#2766,.F.);
#3655=ORIENTED_EDGE('',*,*,#2767,.T.);
#3656=ORIENTED_EDGE('',*,*,#2768,.T.);
#3657=ORIENTED_EDGE('',*,*,#2769,.F.);
#3658=ORIENTED_EDGE('',*,*,#2770,.F.);
#3659=ORIENTED_EDGE('',*,*,#2771,.T.);
#3660=ORIENTED_EDGE('',*,*,#2772,.T.);
#3661=ORIENTED_EDGE('',*,*,#2767,.F.);
#3662=ORIENTED_EDGE('',*,*,#2773,.F.);
#3663=ORIENTED_EDGE('',*,*,#2774,.T.);
#3664=ORIENTED_EDGE('',*,*,#2775,.T.);
#3665=ORIENTED_EDGE('',*,*,#2771,.F.);
#3666=ORIENTED_EDGE('',*,*,#2776,.F.);
#3667=ORIENTED_EDGE('',*,*,#2777,.T.);
#3668=ORIENTED_EDGE('',*,*,#2778,.T.);
#3669=ORIENTED_EDGE('',*,*,#2774,.F.);
#3670=ORIENTED_EDGE('',*,*,#2779,.F.);
#3671=ORIENTED_EDGE('',*,*,#2780,.T.);
#3672=ORIENTED_EDGE('',*,*,#2781,.T.);
#3673=ORIENTED_EDGE('',*,*,#2777,.F.);
#3674=ORIENTED_EDGE('',*,*,#2782,.F.);
#3675=ORIENTED_EDGE('',*,*,#2783,.T.);
#3676=ORIENTED_EDGE('',*,*,#2784,.T.);
#3677=ORIENTED_EDGE('',*,*,#2780,.F.);
#3678=ORIENTED_EDGE('',*,*,#2785,.F.);
#3679=ORIENTED_EDGE('',*,*,#2786,.T.);
#3680=ORIENTED_EDGE('',*,*,#2787,.T.);
#3681=ORIENTED_EDGE('',*,*,#2783,.F.);
#3682=ORIENTED_EDGE('',*,*,#2788,.F.);
#3683=ORIENTED_EDGE('',*,*,#2789,.T.);
#3684=ORIENTED_EDGE('',*,*,#2790,.T.);
#3685=ORIENTED_EDGE('',*,*,#2786,.F.);
#3686=ORIENTED_EDGE('',*,*,#2791,.F.);
#3687=ORIENTED_EDGE('',*,*,#2792,.T.);
#3688=ORIENTED_EDGE('',*,*,#2793,.T.);
#3689=ORIENTED_EDGE('',*,*,#2789,.F.);
#3690=ORIENTED_EDGE('',*,*,#2794,.F.);
#3691=ORIENTED_EDGE('',*,*,#2769,.T.);
#3692=ORIENTED_EDGE('',*,*,#2795,.T.);
#3693=ORIENTED_EDGE('',*,*,#2792,.F.);
#3694=ORIENTED_EDGE('',*,*,#2796,.F.);
#3695=ORIENTED_EDGE('',*,*,#2797,.T.);
#3696=ORIENTED_EDGE('',*,*,#2798,.T.);
#3697=ORIENTED_EDGE('',*,*,#2799,.F.);
#3698=ORIENTED_EDGE('',*,*,#2800,.F.);
#3699=ORIENTED_EDGE('',*,*,#2801,.T.);
#3700=ORIENTED_EDGE('',*,*,#2802,.T.);
#3701=ORIENTED_EDGE('',*,*,#2797,.F.);
#3702=ORIENTED_EDGE('',*,*,#2803,.F.);
#3703=ORIENTED_EDGE('',*,*,#2804,.T.);
#3704=ORIENTED_EDGE('',*,*,#2805,.T.);
#3705=ORIENTED_EDGE('',*,*,#2801,.F.);
#3706=ORIENTED_EDGE('',*,*,#2806,.F.);
#3707=ORIENTED_EDGE('',*,*,#2807,.T.);
#3708=ORIENTED_EDGE('',*,*,#2808,.T.);
#3709=ORIENTED_EDGE('',*,*,#2804,.F.);
#3710=ORIENTED_EDGE('',*,*,#2809,.F.);
#3711=ORIENTED_EDGE('',*,*,#2810,.T.);
#3712=ORIENTED_EDGE('',*,*,#2811,.T.);
#3713=ORIENTED_EDGE('',*,*,#2807,.F.);
#3714=ORIENTED_EDGE('',*,*,#2812,.F.);
#3715=ORIENTED_EDGE('',*,*,#2813,.T.);
#3716=ORIENTED_EDGE('',*,*,#2814,.T.);
#3717=ORIENTED_EDGE('',*,*,#2810,.F.);
#3718=ORIENTED_EDGE('',*,*,#2815,.F.);
#3719=ORIENTED_EDGE('',*,*,#2816,.T.);
#3720=ORIENTED_EDGE('',*,*,#2817,.T.);
#3721=ORIENTED_EDGE('',*,*,#2813,.F.);
#3722=ORIENTED_EDGE('',*,*,#2818,.F.);
#3723=ORIENTED_EDGE('',*,*,#2819,.T.);
#3724=ORIENTED_EDGE('',*,*,#2820,.T.);
#3725=ORIENTED_EDGE('',*,*,#2816,.F.);
#3726=ORIENTED_EDGE('',*,*,#2821,.F.);
#3727=ORIENTED_EDGE('',*,*,#2822,.T.);
#3728=ORIENTED_EDGE('',*,*,#2823,.T.);
#3729=ORIENTED_EDGE('',*,*,#2819,.F.);
#3730=ORIENTED_EDGE('',*,*,#2824,.F.);
#3731=ORIENTED_EDGE('',*,*,#2825,.T.);
#3732=ORIENTED_EDGE('',*,*,#2826,.T.);
#3733=ORIENTED_EDGE('',*,*,#2822,.F.);
#3734=ORIENTED_EDGE('',*,*,#2827,.F.);
#3735=ORIENTED_EDGE('',*,*,#2828,.T.);
#3736=ORIENTED_EDGE('',*,*,#2829,.T.);
#3737=ORIENTED_EDGE('',*,*,#2825,.F.);
#3738=ORIENTED_EDGE('',*,*,#2830,.F.);
#3739=ORIENTED_EDGE('',*,*,#2831,.T.);
#3740=ORIENTED_EDGE('',*,*,#2832,.T.);
#3741=ORIENTED_EDGE('',*,*,#2828,.F.);
#3742=ORIENTED_EDGE('',*,*,#2833,.F.);
#3743=ORIENTED_EDGE('',*,*,#2834,.T.);
#3744=ORIENTED_EDGE('',*,*,#2835,.T.);
#3745=ORIENTED_EDGE('',*,*,#2831,.F.);
#3746=ORIENTED_EDGE('',*,*,#2836,.F.);
#3747=ORIENTED_EDGE('',*,*,#2837,.T.);
#3748=ORIENTED_EDGE('',*,*,#2838,.T.);
#3749=ORIENTED_EDGE('',*,*,#2834,.F.);
#3750=ORIENTED_EDGE('',*,*,#2839,.F.);
#3751=ORIENTED_EDGE('',*,*,#2840,.T.);
#3752=ORIENTED_EDGE('',*,*,#2841,.T.);
#3753=ORIENTED_EDGE('',*,*,#2837,.F.);
#3754=ORIENTED_EDGE('',*,*,#2842,.F.);
#3755=ORIENTED_EDGE('',*,*,#2843,.T.);
#3756=ORIENTED_EDGE('',*,*,#2844,.T.);
#3757=ORIENTED_EDGE('',*,*,#2840,.F.);
#3758=ORIENTED_EDGE('',*,*,#2845,.F.);
#3759=ORIENTED_EDGE('',*,*,#2846,.T.);
#3760=ORIENTED_EDGE('',*,*,#2847,.T.);
#3761=ORIENTED_EDGE('',*,*,#2843,.F.);
#3762=ORIENTED_EDGE('',*,*,#2848,.F.);
#3763=ORIENTED_EDGE('',*,*,#2849,.T.);
#3764=ORIENTED_EDGE('',*,*,#2850,.T.);
#3765=ORIENTED_EDGE('',*,*,#2846,.F.);
#3766=ORIENTED_EDGE('',*,*,#2851,.F.);
#3767=ORIENTED_EDGE('',*,*,#2852,.T.);
#3768=ORIENTED_EDGE('',*,*,#2853,.T.);
#3769=ORIENTED_EDGE('',*,*,#2849,.F.);
#3770=ORIENTED_EDGE('',*,*,#2854,.F.);
#3771=ORIENTED_EDGE('',*,*,#2855,.T.);
#3772=ORIENTED_EDGE('',*,*,#2856,.T.);
#3773=ORIENTED_EDGE('',*,*,#2852,.F.);
#3774=ORIENTED_EDGE('',*,*,#2857,.F.);
#3775=ORIENTED_EDGE('',*,*,#2858,.T.);
#3776=ORIENTED_EDGE('',*,*,#2859,.T.);
#3777=ORIENTED_EDGE('',*,*,#2855,.F.);
#3778=ORIENTED_EDGE('',*,*,#2860,.F.);
#3779=ORIENTED_EDGE('',*,*,#2861,.T.);
#3780=ORIENTED_EDGE('',*,*,#2862,.T.);
#3781=ORIENTED_EDGE('',*,*,#2858,.F.);
#3782=ORIENTED_EDGE('',*,*,#2863,.F.);
#3783=ORIENTED_EDGE('',*,*,#2864,.T.);
#3784=ORIENTED_EDGE('',*,*,#2865,.T.);
#3785=ORIENTED_EDGE('',*,*,#2861,.F.);
#3786=ORIENTED_EDGE('',*,*,#2866,.F.);
#3787=ORIENTED_EDGE('',*,*,#2867,.T.);
#3788=ORIENTED_EDGE('',*,*,#2868,.T.);
#3789=ORIENTED_EDGE('',*,*,#2864,.F.);
#3790=ORIENTED_EDGE('',*,*,#2869,.F.);
#3791=ORIENTED_EDGE('',*,*,#2870,.T.);
#3792=ORIENTED_EDGE('',*,*,#2871,.T.);
#3793=ORIENTED_EDGE('',*,*,#2867,.F.);
#3794=ORIENTED_EDGE('',*,*,#2872,.F.);
#3795=ORIENTED_EDGE('',*,*,#2873,.T.);
#3796=ORIENTED_EDGE('',*,*,#2874,.T.);
#3797=ORIENTED_EDGE('',*,*,#2870,.F.);
#3798=ORIENTED_EDGE('',*,*,#2875,.F.);
#3799=ORIENTED_EDGE('',*,*,#2799,.T.);
#3800=ORIENTED_EDGE('',*,*,#2876,.T.);
#3801=ORIENTED_EDGE('',*,*,#2873,.F.);
#3802=ORIENTED_EDGE('',*,*,#2876,.F.);
#3803=ORIENTED_EDGE('',*,*,#2798,.F.);
#3804=ORIENTED_EDGE('',*,*,#2802,.F.);
#3805=ORIENTED_EDGE('',*,*,#2805,.F.);
#3806=ORIENTED_EDGE('',*,*,#2808,.F.);
#3807=ORIENTED_EDGE('',*,*,#2811,.F.);
#3808=ORIENTED_EDGE('',*,*,#2814,.F.);
#3809=ORIENTED_EDGE('',*,*,#2817,.F.);
#3810=ORIENTED_EDGE('',*,*,#2820,.F.);
#3811=ORIENTED_EDGE('',*,*,#2823,.F.);
#3812=ORIENTED_EDGE('',*,*,#2826,.F.);
#3813=ORIENTED_EDGE('',*,*,#2829,.F.);
#3814=ORIENTED_EDGE('',*,*,#2832,.F.);
#3815=ORIENTED_EDGE('',*,*,#2835,.F.);
#3816=ORIENTED_EDGE('',*,*,#2838,.F.);
#3817=ORIENTED_EDGE('',*,*,#2841,.F.);
#3818=ORIENTED_EDGE('',*,*,#2844,.F.);
#3819=ORIENTED_EDGE('',*,*,#2847,.F.);
#3820=ORIENTED_EDGE('',*,*,#2850,.F.);
#3821=ORIENTED_EDGE('',*,*,#2853,.F.);
#3822=ORIENTED_EDGE('',*,*,#2856,.F.);
#3823=ORIENTED_EDGE('',*,*,#2859,.F.);
#3824=ORIENTED_EDGE('',*,*,#2862,.F.);
#3825=ORIENTED_EDGE('',*,*,#2865,.F.);
#3826=ORIENTED_EDGE('',*,*,#2868,.F.);
#3827=ORIENTED_EDGE('',*,*,#2871,.F.);
#3828=ORIENTED_EDGE('',*,*,#2874,.F.);
#3829=ORIENTED_EDGE('',*,*,#2795,.F.);
#3830=ORIENTED_EDGE('',*,*,#2768,.F.);
#3831=ORIENTED_EDGE('',*,*,#2772,.F.);
#3832=ORIENTED_EDGE('',*,*,#2775,.F.);
#3833=ORIENTED_EDGE('',*,*,#2778,.F.);
#3834=ORIENTED_EDGE('',*,*,#2781,.F.);
#3835=ORIENTED_EDGE('',*,*,#2784,.F.);
#3836=ORIENTED_EDGE('',*,*,#2787,.F.);
#3837=ORIENTED_EDGE('',*,*,#2790,.F.);
#3838=ORIENTED_EDGE('',*,*,#2793,.F.);
#3839=ORIENTED_EDGE('',*,*,#2877,.F.);
#3840=ORIENTED_EDGE('',*,*,#2878,.T.);
#3841=ORIENTED_EDGE('',*,*,#2879,.T.);
#3842=ORIENTED_EDGE('',*,*,#2880,.F.);
#3843=ORIENTED_EDGE('',*,*,#2881,.F.);
#3844=ORIENTED_EDGE('',*,*,#2882,.T.);
#3845=ORIENTED_EDGE('',*,*,#2883,.T.);
#3846=ORIENTED_EDGE('',*,*,#2878,.F.);
#3847=ORIENTED_EDGE('',*,*,#2884,.F.);
#3848=ORIENTED_EDGE('',*,*,#2885,.T.);
#3849=ORIENTED_EDGE('',*,*,#2886,.T.);
#3850=ORIENTED_EDGE('',*,*,#2882,.F.);
#3851=ORIENTED_EDGE('',*,*,#2887,.F.);
#3852=ORIENTED_EDGE('',*,*,#2888,.T.);
#3853=ORIENTED_EDGE('',*,*,#2889,.T.);
#3854=ORIENTED_EDGE('',*,*,#2885,.F.);
#3855=ORIENTED_EDGE('',*,*,#2890,.F.);
#3856=ORIENTED_EDGE('',*,*,#2891,.T.);
#3857=ORIENTED_EDGE('',*,*,#2892,.T.);
#3858=ORIENTED_EDGE('',*,*,#2888,.F.);
#3859=ORIENTED_EDGE('',*,*,#2893,.F.);
#3860=ORIENTED_EDGE('',*,*,#2894,.T.);
#3861=ORIENTED_EDGE('',*,*,#2895,.T.);
#3862=ORIENTED_EDGE('',*,*,#2891,.F.);
#3863=ORIENTED_EDGE('',*,*,#2896,.F.);
#3864=ORIENTED_EDGE('',*,*,#2897,.T.);
#3865=ORIENTED_EDGE('',*,*,#2898,.T.);
#3866=ORIENTED_EDGE('',*,*,#2894,.F.);
#3867=ORIENTED_EDGE('',*,*,#2899,.F.);
#3868=ORIENTED_EDGE('',*,*,#2900,.T.);
#3869=ORIENTED_EDGE('',*,*,#2901,.T.);
#3870=ORIENTED_EDGE('',*,*,#2897,.F.);
#3871=ORIENTED_EDGE('',*,*,#2902,.F.);
#3872=ORIENTED_EDGE('',*,*,#2903,.T.);
#3873=ORIENTED_EDGE('',*,*,#2904,.T.);
#3874=ORIENTED_EDGE('',*,*,#2900,.F.);
#3875=ORIENTED_EDGE('',*,*,#2905,.F.);
#3876=ORIENTED_EDGE('',*,*,#2906,.T.);
#3877=ORIENTED_EDGE('',*,*,#2907,.T.);
#3878=ORIENTED_EDGE('',*,*,#2903,.F.);
#3879=ORIENTED_EDGE('',*,*,#2908,.F.);
#3880=ORIENTED_EDGE('',*,*,#2909,.T.);
#3881=ORIENTED_EDGE('',*,*,#2910,.T.);
#3882=ORIENTED_EDGE('',*,*,#2906,.F.);
#3883=ORIENTED_EDGE('',*,*,#2911,.F.);
#3884=ORIENTED_EDGE('',*,*,#2912,.T.);
#3885=ORIENTED_EDGE('',*,*,#2913,.T.);
#3886=ORIENTED_EDGE('',*,*,#2909,.F.);
#3887=ORIENTED_EDGE('',*,*,#2914,.F.);
#3888=ORIENTED_EDGE('',*,*,#2915,.T.);
#3889=ORIENTED_EDGE('',*,*,#2916,.T.);
#3890=ORIENTED_EDGE('',*,*,#2912,.F.);
#3891=ORIENTED_EDGE('',*,*,#2917,.F.);
#3892=ORIENTED_EDGE('',*,*,#2918,.T.);
#3893=ORIENTED_EDGE('',*,*,#2919,.T.);
#3894=ORIENTED_EDGE('',*,*,#2915,.F.);
#3895=ORIENTED_EDGE('',*,*,#2920,.F.);
#3896=ORIENTED_EDGE('',*,*,#2921,.T.);
#3897=ORIENTED_EDGE('',*,*,#2922,.T.);
#3898=ORIENTED_EDGE('',*,*,#2918,.F.);
#3899=ORIENTED_EDGE('',*,*,#2923,.F.);
#3900=ORIENTED_EDGE('',*,*,#2924,.T.);
#3901=ORIENTED_EDGE('',*,*,#2925,.T.);
#3902=ORIENTED_EDGE('',*,*,#2921,.F.);
#3903=ORIENTED_EDGE('',*,*,#2926,.F.);
#3904=ORIENTED_EDGE('',*,*,#2927,.T.);
#3905=ORIENTED_EDGE('',*,*,#2928,.T.);
#3906=ORIENTED_EDGE('',*,*,#2924,.F.);
#3907=ORIENTED_EDGE('',*,*,#2929,.F.);
#3908=ORIENTED_EDGE('',*,*,#2930,.T.);
#3909=ORIENTED_EDGE('',*,*,#2931,.T.);
#3910=ORIENTED_EDGE('',*,*,#2927,.F.);
#3911=ORIENTED_EDGE('',*,*,#2932,.F.);
#3912=ORIENTED_EDGE('',*,*,#2933,.T.);
#3913=ORIENTED_EDGE('',*,*,#2934,.T.);
#3914=ORIENTED_EDGE('',*,*,#2930,.F.);
#3915=ORIENTED_EDGE('',*,*,#2935,.F.);
#3916=ORIENTED_EDGE('',*,*,#2936,.T.);
#3917=ORIENTED_EDGE('',*,*,#2937,.T.);
#3918=ORIENTED_EDGE('',*,*,#2933,.F.);
#3919=ORIENTED_EDGE('',*,*,#2938,.F.);
#3920=ORIENTED_EDGE('',*,*,#2939,.T.);
#3921=ORIENTED_EDGE('',*,*,#2940,.T.);
#3922=ORIENTED_EDGE('',*,*,#2936,.F.);
#3923=ORIENTED_EDGE('',*,*,#2941,.F.);
#3924=ORIENTED_EDGE('',*,*,#2942,.T.);
#3925=ORIENTED_EDGE('',*,*,#2943,.T.);
#3926=ORIENTED_EDGE('',*,*,#2939,.F.);
#3927=ORIENTED_EDGE('',*,*,#2944,.F.);
#3928=ORIENTED_EDGE('',*,*,#2945,.T.);
#3929=ORIENTED_EDGE('',*,*,#2946,.T.);
#3930=ORIENTED_EDGE('',*,*,#2942,.F.);
#3931=ORIENTED_EDGE('',*,*,#2947,.F.);
#3932=ORIENTED_EDGE('',*,*,#2948,.T.);
#3933=ORIENTED_EDGE('',*,*,#2949,.T.);
#3934=ORIENTED_EDGE('',*,*,#2945,.F.);
#3935=ORIENTED_EDGE('',*,*,#2950,.F.);
#3936=ORIENTED_EDGE('',*,*,#2951,.T.);
#3937=ORIENTED_EDGE('',*,*,#2952,.T.);
#3938=ORIENTED_EDGE('',*,*,#2948,.F.);
#3939=ORIENTED_EDGE('',*,*,#2953,.F.);
#3940=ORIENTED_EDGE('',*,*,#2954,.T.);
#3941=ORIENTED_EDGE('',*,*,#2955,.T.);
#3942=ORIENTED_EDGE('',*,*,#2951,.F.);
#3943=ORIENTED_EDGE('',*,*,#2956,.F.);
#3944=ORIENTED_EDGE('',*,*,#2957,.T.);
#3945=ORIENTED_EDGE('',*,*,#2958,.T.);
#3946=ORIENTED_EDGE('',*,*,#2954,.F.);
#3947=ORIENTED_EDGE('',*,*,#2959,.F.);
#3948=ORIENTED_EDGE('',*,*,#2960,.T.);
#3949=ORIENTED_EDGE('',*,*,#2961,.T.);
#3950=ORIENTED_EDGE('',*,*,#2957,.F.);
#3951=ORIENTED_EDGE('',*,*,#2962,.F.);
#3952=ORIENTED_EDGE('',*,*,#2963,.T.);
#3953=ORIENTED_EDGE('',*,*,#2964,.T.);
#3954=ORIENTED_EDGE('',*,*,#2960,.F.);
#3955=ORIENTED_EDGE('',*,*,#2965,.F.);
#3956=ORIENTED_EDGE('',*,*,#2966,.T.);
#3957=ORIENTED_EDGE('',*,*,#2967,.T.);
#3958=ORIENTED_EDGE('',*,*,#2963,.F.);
#3959=ORIENTED_EDGE('',*,*,#2968,.F.);
#3960=ORIENTED_EDGE('',*,*,#2969,.T.);
#3961=ORIENTED_EDGE('',*,*,#2970,.T.);
#3962=ORIENTED_EDGE('',*,*,#2966,.F.);
#3963=ORIENTED_EDGE('',*,*,#2971,.F.);
#3964=ORIENTED_EDGE('',*,*,#2972,.T.);
#3965=ORIENTED_EDGE('',*,*,#2973,.T.);
#3966=ORIENTED_EDGE('',*,*,#2969,.F.);
#3967=ORIENTED_EDGE('',*,*,#2974,.F.);
#3968=ORIENTED_EDGE('',*,*,#2880,.T.);
#3969=ORIENTED_EDGE('',*,*,#2975,.T.);
#3970=ORIENTED_EDGE('',*,*,#2972,.F.);
#3971=ORIENTED_EDGE('',*,*,#2975,.F.);
#3972=ORIENTED_EDGE('',*,*,#2879,.F.);
#3973=ORIENTED_EDGE('',*,*,#2883,.F.);
#3974=ORIENTED_EDGE('',*,*,#2886,.F.);
#3975=ORIENTED_EDGE('',*,*,#2889,.F.);
#3976=ORIENTED_EDGE('',*,*,#2892,.F.);
#3977=ORIENTED_EDGE('',*,*,#2895,.F.);
#3978=ORIENTED_EDGE('',*,*,#2898,.F.);
#3979=ORIENTED_EDGE('',*,*,#2901,.F.);
#3980=ORIENTED_EDGE('',*,*,#2904,.F.);
#3981=ORIENTED_EDGE('',*,*,#2907,.F.);
#3982=ORIENTED_EDGE('',*,*,#2910,.F.);
#3983=ORIENTED_EDGE('',*,*,#2913,.F.);
#3984=ORIENTED_EDGE('',*,*,#2916,.F.);
#3985=ORIENTED_EDGE('',*,*,#2919,.F.);
#3986=ORIENTED_EDGE('',*,*,#2922,.F.);
#3987=ORIENTED_EDGE('',*,*,#2925,.F.);
#3988=ORIENTED_EDGE('',*,*,#2928,.F.);
#3989=ORIENTED_EDGE('',*,*,#2931,.F.);
#3990=ORIENTED_EDGE('',*,*,#2934,.F.);
#3991=ORIENTED_EDGE('',*,*,#2937,.F.);
#3992=ORIENTED_EDGE('',*,*,#2940,.F.);
#3993=ORIENTED_EDGE('',*,*,#2943,.F.);
#3994=ORIENTED_EDGE('',*,*,#2946,.F.);
#3995=ORIENTED_EDGE('',*,*,#2949,.F.);
#3996=ORIENTED_EDGE('',*,*,#2952,.F.);
#3997=ORIENTED_EDGE('',*,*,#2955,.F.);
#3998=ORIENTED_EDGE('',*,*,#2958,.F.);
#3999=ORIENTED_EDGE('',*,*,#2961,.F.);
#4000=ORIENTED_EDGE('',*,*,#2964,.F.);
#4001=ORIENTED_EDGE('',*,*,#2967,.F.);
#4002=ORIENTED_EDGE('',*,*,#2970,.F.);
#4003=ORIENTED_EDGE('',*,*,#2973,.F.);
#4004=ORIENTED_EDGE('',*,*,#2976,.F.);
#4005=ORIENTED_EDGE('',*,*,#2977,.T.);
#4006=ORIENTED_EDGE('',*,*,#2978,.T.);
#4007=ORIENTED_EDGE('',*,*,#2979,.F.);
#4008=ORIENTED_EDGE('',*,*,#2980,.F.);
#4009=ORIENTED_EDGE('',*,*,#2981,.T.);
#4010=ORIENTED_EDGE('',*,*,#2982,.T.);
#4011=ORIENTED_EDGE('',*,*,#2977,.F.);
#4012=ORIENTED_EDGE('',*,*,#2983,.F.);
#4013=ORIENTED_EDGE('',*,*,#2984,.T.);
#4014=ORIENTED_EDGE('',*,*,#2985,.T.);
#4015=ORIENTED_EDGE('',*,*,#2981,.F.);
#4016=ORIENTED_EDGE('',*,*,#2986,.F.);
#4017=ORIENTED_EDGE('',*,*,#2987,.T.);
#4018=ORIENTED_EDGE('',*,*,#2988,.T.);
#4019=ORIENTED_EDGE('',*,*,#2984,.F.);
#4020=ORIENTED_EDGE('',*,*,#2989,.F.);
#4021=ORIENTED_EDGE('',*,*,#2990,.T.);
#4022=ORIENTED_EDGE('',*,*,#2991,.T.);
#4023=ORIENTED_EDGE('',*,*,#2987,.F.);
#4024=ORIENTED_EDGE('',*,*,#2992,.F.);
#4025=ORIENTED_EDGE('',*,*,#2993,.T.);
#4026=ORIENTED_EDGE('',*,*,#2994,.T.);
#4027=ORIENTED_EDGE('',*,*,#2990,.F.);
#4028=ORIENTED_EDGE('',*,*,#2995,.F.);
#4029=ORIENTED_EDGE('',*,*,#2996,.T.);
#4030=ORIENTED_EDGE('',*,*,#2997,.T.);
#4031=ORIENTED_EDGE('',*,*,#2993,.F.);
#4032=ORIENTED_EDGE('',*,*,#2998,.F.);
#4033=ORIENTED_EDGE('',*,*,#2979,.T.);
#4034=ORIENTED_EDGE('',*,*,#2999,.T.);
#4035=ORIENTED_EDGE('',*,*,#2996,.F.);
#4036=ORIENTED_EDGE('',*,*,#3000,.F.);
#4037=ORIENTED_EDGE('',*,*,#3001,.T.);
#4038=ORIENTED_EDGE('',*,*,#3002,.T.);
#4039=ORIENTED_EDGE('',*,*,#3003,.F.);
#4040=ORIENTED_EDGE('',*,*,#3004,.F.);
#4041=ORIENTED_EDGE('',*,*,#3005,.T.);
#4042=ORIENTED_EDGE('',*,*,#3006,.T.);
#4043=ORIENTED_EDGE('',*,*,#3001,.F.);
#4044=ORIENTED_EDGE('',*,*,#3007,.F.);
#4045=ORIENTED_EDGE('',*,*,#3008,.T.);
#4046=ORIENTED_EDGE('',*,*,#3009,.T.);
#4047=ORIENTED_EDGE('',*,*,#3005,.F.);
#4048=ORIENTED_EDGE('',*,*,#3010,.F.);
#4049=ORIENTED_EDGE('',*,*,#3011,.T.);
#4050=ORIENTED_EDGE('',*,*,#3012,.T.);
#4051=ORIENTED_EDGE('',*,*,#3008,.F.);
#4052=ORIENTED_EDGE('',*,*,#3013,.F.);
#4053=ORIENTED_EDGE('',*,*,#3014,.T.);
#4054=ORIENTED_EDGE('',*,*,#3015,.T.);
#4055=ORIENTED_EDGE('',*,*,#3011,.F.);
#4056=ORIENTED_EDGE('',*,*,#3016,.F.);
#4057=ORIENTED_EDGE('',*,*,#3017,.T.);
#4058=ORIENTED_EDGE('',*,*,#3018,.T.);
#4059=ORIENTED_EDGE('',*,*,#3014,.F.);
#4060=ORIENTED_EDGE('',*,*,#3019,.F.);
#4061=ORIENTED_EDGE('',*,*,#3020,.T.);
#4062=ORIENTED_EDGE('',*,*,#3021,.T.);
#4063=ORIENTED_EDGE('',*,*,#3017,.F.);
#4064=ORIENTED_EDGE('',*,*,#3022,.F.);
#4065=ORIENTED_EDGE('',*,*,#3023,.T.);
#4066=ORIENTED_EDGE('',*,*,#3024,.T.);
#4067=ORIENTED_EDGE('',*,*,#3020,.F.);
#4068=ORIENTED_EDGE('',*,*,#3025,.F.);
#4069=ORIENTED_EDGE('',*,*,#3026,.T.);
#4070=ORIENTED_EDGE('',*,*,#3027,.T.);
#4071=ORIENTED_EDGE('',*,*,#3023,.F.);
#4072=ORIENTED_EDGE('',*,*,#3028,.F.);
#4073=ORIENTED_EDGE('',*,*,#3029,.T.);
#4074=ORIENTED_EDGE('',*,*,#3030,.T.);
#4075=ORIENTED_EDGE('',*,*,#3026,.F.);
#4076=ORIENTED_EDGE('',*,*,#3031,.F.);
#4077=ORIENTED_EDGE('',*,*,#3032,.T.);
#4078=ORIENTED_EDGE('',*,*,#3033,.T.);
#4079=ORIENTED_EDGE('',*,*,#3029,.F.);
#4080=ORIENTED_EDGE('',*,*,#3034,.F.);
#4081=ORIENTED_EDGE('',*,*,#3035,.T.);
#4082=ORIENTED_EDGE('',*,*,#3036,.T.);
#4083=ORIENTED_EDGE('',*,*,#3032,.F.);
#4084=ORIENTED_EDGE('',*,*,#3037,.F.);
#4085=ORIENTED_EDGE('',*,*,#3038,.T.);
#4086=ORIENTED_EDGE('',*,*,#3039,.T.);
#4087=ORIENTED_EDGE('',*,*,#3035,.F.);
#4088=ORIENTED_EDGE('',*,*,#3040,.F.);
#4089=ORIENTED_EDGE('',*,*,#3003,.T.);
#4090=ORIENTED_EDGE('',*,*,#3041,.T.);
#4091=ORIENTED_EDGE('',*,*,#3038,.F.);
#4092=ORIENTED_EDGE('',*,*,#3041,.F.);
#4093=ORIENTED_EDGE('',*,*,#3002,.F.);
#4094=ORIENTED_EDGE('',*,*,#3006,.F.);
#4095=ORIENTED_EDGE('',*,*,#3009,.F.);
#4096=ORIENTED_EDGE('',*,*,#3012,.F.);
#4097=ORIENTED_EDGE('',*,*,#3015,.F.);
#4098=ORIENTED_EDGE('',*,*,#3018,.F.);
#4099=ORIENTED_EDGE('',*,*,#3021,.F.);
#4100=ORIENTED_EDGE('',*,*,#3024,.F.);
#4101=ORIENTED_EDGE('',*,*,#3027,.F.);
#4102=ORIENTED_EDGE('',*,*,#3030,.F.);
#4103=ORIENTED_EDGE('',*,*,#3033,.F.);
#4104=ORIENTED_EDGE('',*,*,#3036,.F.);
#4105=ORIENTED_EDGE('',*,*,#3039,.F.);
#4106=ORIENTED_EDGE('',*,*,#2999,.F.);
#4107=ORIENTED_EDGE('',*,*,#2978,.F.);
#4108=ORIENTED_EDGE('',*,*,#2982,.F.);
#4109=ORIENTED_EDGE('',*,*,#2985,.F.);
#4110=ORIENTED_EDGE('',*,*,#2988,.F.);
#4111=ORIENTED_EDGE('',*,*,#2991,.F.);
#4112=ORIENTED_EDGE('',*,*,#2994,.F.);
#4113=ORIENTED_EDGE('',*,*,#2997,.F.);
#4114=ORIENTED_EDGE('',*,*,#3042,.F.);
#4115=ORIENTED_EDGE('',*,*,#3043,.T.);
#4116=ORIENTED_EDGE('',*,*,#3044,.T.);
#4117=ORIENTED_EDGE('',*,*,#3045,.F.);
#4118=ORIENTED_EDGE('',*,*,#3046,.F.);
#4119=ORIENTED_EDGE('',*,*,#3047,.T.);
#4120=ORIENTED_EDGE('',*,*,#3048,.T.);
#4121=ORIENTED_EDGE('',*,*,#3043,.F.);
#4122=ORIENTED_EDGE('',*,*,#3049,.F.);
#4123=ORIENTED_EDGE('',*,*,#3050,.T.);
#4124=ORIENTED_EDGE('',*,*,#3051,.T.);
#4125=ORIENTED_EDGE('',*,*,#3047,.F.);
#4126=ORIENTED_EDGE('',*,*,#3052,.F.);
#4127=ORIENTED_EDGE('',*,*,#3053,.T.);
#4128=ORIENTED_EDGE('',*,*,#3054,.T.);
#4129=ORIENTED_EDGE('',*,*,#3050,.F.);
#4130=ORIENTED_EDGE('',*,*,#3055,.F.);
#4131=ORIENTED_EDGE('',*,*,#3056,.T.);
#4132=ORIENTED_EDGE('',*,*,#3057,.T.);
#4133=ORIENTED_EDGE('',*,*,#3053,.F.);
#4134=ORIENTED_EDGE('',*,*,#3058,.F.);
#4135=ORIENTED_EDGE('',*,*,#3059,.T.);
#4136=ORIENTED_EDGE('',*,*,#3060,.T.);
#4137=ORIENTED_EDGE('',*,*,#3056,.F.);
#4138=ORIENTED_EDGE('',*,*,#3061,.F.);
#4139=ORIENTED_EDGE('',*,*,#3062,.T.);
#4140=ORIENTED_EDGE('',*,*,#3063,.T.);
#4141=ORIENTED_EDGE('',*,*,#3059,.F.);
#4142=ORIENTED_EDGE('',*,*,#3064,.F.);
#4143=ORIENTED_EDGE('',*,*,#3065,.T.);
#4144=ORIENTED_EDGE('',*,*,#3066,.T.);
#4145=ORIENTED_EDGE('',*,*,#3062,.F.);
#4146=ORIENTED_EDGE('',*,*,#3067,.F.);
#4147=ORIENTED_EDGE('',*,*,#3068,.T.);
#4148=ORIENTED_EDGE('',*,*,#3069,.T.);
#4149=ORIENTED_EDGE('',*,*,#3065,.F.);
#4150=ORIENTED_EDGE('',*,*,#3070,.F.);
#4151=ORIENTED_EDGE('',*,*,#3071,.T.);
#4152=ORIENTED_EDGE('',*,*,#3072,.T.);
#4153=ORIENTED_EDGE('',*,*,#3068,.F.);
#4154=ORIENTED_EDGE('',*,*,#3073,.F.);
#4155=ORIENTED_EDGE('',*,*,#3074,.T.);
#4156=ORIENTED_EDGE('',*,*,#3075,.T.);
#4157=ORIENTED_EDGE('',*,*,#3071,.F.);
#4158=ORIENTED_EDGE('',*,*,#3076,.F.);
#4159=ORIENTED_EDGE('',*,*,#3077,.T.);
#4160=ORIENTED_EDGE('',*,*,#3078,.T.);
#4161=ORIENTED_EDGE('',*,*,#3074,.F.);
#4162=ORIENTED_EDGE('',*,*,#3079,.F.);
#4163=ORIENTED_EDGE('',*,*,#3080,.T.);
#4164=ORIENTED_EDGE('',*,*,#3081,.T.);
#4165=ORIENTED_EDGE('',*,*,#3077,.F.);
#4166=ORIENTED_EDGE('',*,*,#3082,.F.);
#4167=ORIENTED_EDGE('',*,*,#3083,.T.);
#4168=ORIENTED_EDGE('',*,*,#3084,.T.);
#4169=ORIENTED_EDGE('',*,*,#3080,.F.);
#4170=ORIENTED_EDGE('',*,*,#3085,.F.);
#4171=ORIENTED_EDGE('',*,*,#3086,.T.);
#4172=ORIENTED_EDGE('',*,*,#3087,.T.);
#4173=ORIENTED_EDGE('',*,*,#3083,.F.);
#4174=ORIENTED_EDGE('',*,*,#3088,.F.);
#4175=ORIENTED_EDGE('',*,*,#3089,.T.);
#4176=ORIENTED_EDGE('',*,*,#3090,.T.);
#4177=ORIENTED_EDGE('',*,*,#3086,.F.);
#4178=ORIENTED_EDGE('',*,*,#3091,.F.);
#4179=ORIENTED_EDGE('',*,*,#3092,.T.);
#4180=ORIENTED_EDGE('',*,*,#3093,.T.);
#4181=ORIENTED_EDGE('',*,*,#3089,.F.);
#4182=ORIENTED_EDGE('',*,*,#3094,.F.);
#4183=ORIENTED_EDGE('',*,*,#3095,.T.);
#4184=ORIENTED_EDGE('',*,*,#3096,.T.);
#4185=ORIENTED_EDGE('',*,*,#3092,.F.);
#4186=ORIENTED_EDGE('',*,*,#3097,.F.);
#4187=ORIENTED_EDGE('',*,*,#3045,.T.);
#4188=ORIENTED_EDGE('',*,*,#3098,.T.);
#4189=ORIENTED_EDGE('',*,*,#3095,.F.);
#4190=ORIENTED_EDGE('',*,*,#3098,.F.);
#4191=ORIENTED_EDGE('',*,*,#3044,.F.);
#4192=ORIENTED_EDGE('',*,*,#3048,.F.);
#4193=ORIENTED_EDGE('',*,*,#3051,.F.);
#4194=ORIENTED_EDGE('',*,*,#3054,.F.);
#4195=ORIENTED_EDGE('',*,*,#3057,.F.);
#4196=ORIENTED_EDGE('',*,*,#3060,.F.);
#4197=ORIENTED_EDGE('',*,*,#3063,.F.);
#4198=ORIENTED_EDGE('',*,*,#3066,.F.);
#4199=ORIENTED_EDGE('',*,*,#3069,.F.);
#4200=ORIENTED_EDGE('',*,*,#3072,.F.);
#4201=ORIENTED_EDGE('',*,*,#3075,.F.);
#4202=ORIENTED_EDGE('',*,*,#3078,.F.);
#4203=ORIENTED_EDGE('',*,*,#3081,.F.);
#4204=ORIENTED_EDGE('',*,*,#3084,.F.);
#4205=ORIENTED_EDGE('',*,*,#3087,.F.);
#4206=ORIENTED_EDGE('',*,*,#3090,.F.);
#4207=ORIENTED_EDGE('',*,*,#3093,.F.);
#4208=ORIENTED_EDGE('',*,*,#3096,.F.);
#4209=ORIENTED_EDGE('',*,*,#3099,.F.);
#4210=ORIENTED_EDGE('',*,*,#3100,.T.);
#4211=ORIENTED_EDGE('',*,*,#3101,.T.);
#4212=ORIENTED_EDGE('',*,*,#3102,.F.);
#4213=ORIENTED_EDGE('',*,*,#3103,.F.);
#4214=ORIENTED_EDGE('',*,*,#3104,.T.);
#4215=ORIENTED_EDGE('',*,*,#3105,.T.);
#4216=ORIENTED_EDGE('',*,*,#3100,.F.);
#4217=ORIENTED_EDGE('',*,*,#3106,.F.);
#4218=ORIENTED_EDGE('',*,*,#3107,.T.);
#4219=ORIENTED_EDGE('',*,*,#3108,.T.);
#4220=ORIENTED_EDGE('',*,*,#3104,.F.);
#4221=ORIENTED_EDGE('',*,*,#3109,.F.);
#4222=ORIENTED_EDGE('',*,*,#3110,.T.);
#4223=ORIENTED_EDGE('',*,*,#3111,.T.);
#4224=ORIENTED_EDGE('',*,*,#3107,.F.);
#4225=ORIENTED_EDGE('',*,*,#3112,.F.);
#4226=ORIENTED_EDGE('',*,*,#3113,.T.);
#4227=ORIENTED_EDGE('',*,*,#3114,.T.);
#4228=ORIENTED_EDGE('',*,*,#3110,.F.);
#4229=ORIENTED_EDGE('',*,*,#3115,.F.);
#4230=ORIENTED_EDGE('',*,*,#3116,.T.);
#4231=ORIENTED_EDGE('',*,*,#3117,.T.);
#4232=ORIENTED_EDGE('',*,*,#3113,.F.);
#4233=ORIENTED_EDGE('',*,*,#3118,.F.);
#4234=ORIENTED_EDGE('',*,*,#3119,.T.);
#4235=ORIENTED_EDGE('',*,*,#3120,.T.);
#4236=ORIENTED_EDGE('',*,*,#3116,.F.);
#4237=ORIENTED_EDGE('',*,*,#3121,.F.);
#4238=ORIENTED_EDGE('',*,*,#3102,.T.);
#4239=ORIENTED_EDGE('',*,*,#3122,.T.);
#4240=ORIENTED_EDGE('',*,*,#3119,.F.);
#4241=ORIENTED_EDGE('',*,*,#3123,.F.);
#4242=ORIENTED_EDGE('',*,*,#3124,.T.);
#4243=ORIENTED_EDGE('',*,*,#3125,.T.);
#4244=ORIENTED_EDGE('',*,*,#3126,.F.);
#4245=ORIENTED_EDGE('',*,*,#3127,.F.);
#4246=ORIENTED_EDGE('',*,*,#3128,.T.);
#4247=ORIENTED_EDGE('',*,*,#3129,.T.);
#4248=ORIENTED_EDGE('',*,*,#3124,.F.);
#4249=ORIENTED_EDGE('',*,*,#3130,.F.);
#4250=ORIENTED_EDGE('',*,*,#3131,.T.);
#4251=ORIENTED_EDGE('',*,*,#3132,.T.);
#4252=ORIENTED_EDGE('',*,*,#3128,.F.);
#4253=ORIENTED_EDGE('',*,*,#3133,.F.);
#4254=ORIENTED_EDGE('',*,*,#3134,.T.);
#4255=ORIENTED_EDGE('',*,*,#3135,.T.);
#4256=ORIENTED_EDGE('',*,*,#3131,.F.);
#4257=ORIENTED_EDGE('',*,*,#3136,.F.);
#4258=ORIENTED_EDGE('',*,*,#3137,.T.);
#4259=ORIENTED_EDGE('',*,*,#3138,.T.);
#4260=ORIENTED_EDGE('',*,*,#3134,.F.);
#4261=ORIENTED_EDGE('',*,*,#3139,.F.);
#4262=ORIENTED_EDGE('',*,*,#3140,.T.);
#4263=ORIENTED_EDGE('',*,*,#3141,.T.);
#4264=ORIENTED_EDGE('',*,*,#3137,.F.);
#4265=ORIENTED_EDGE('',*,*,#3142,.F.);
#4266=ORIENTED_EDGE('',*,*,#3143,.T.);
#4267=ORIENTED_EDGE('',*,*,#3144,.T.);
#4268=ORIENTED_EDGE('',*,*,#3140,.F.);
#4269=ORIENTED_EDGE('',*,*,#3145,.F.);
#4270=ORIENTED_EDGE('',*,*,#3146,.T.);
#4271=ORIENTED_EDGE('',*,*,#3147,.T.);
#4272=ORIENTED_EDGE('',*,*,#3143,.F.);
#4273=ORIENTED_EDGE('',*,*,#3148,.F.);
#4274=ORIENTED_EDGE('',*,*,#3149,.T.);
#4275=ORIENTED_EDGE('',*,*,#3150,.T.);
#4276=ORIENTED_EDGE('',*,*,#3146,.F.);
#4277=ORIENTED_EDGE('',*,*,#3151,.F.);
#4278=ORIENTED_EDGE('',*,*,#3152,.T.);
#4279=ORIENTED_EDGE('',*,*,#3153,.T.);
#4280=ORIENTED_EDGE('',*,*,#3149,.F.);
#4281=ORIENTED_EDGE('',*,*,#3154,.F.);
#4282=ORIENTED_EDGE('',*,*,#3155,.T.);
#4283=ORIENTED_EDGE('',*,*,#3156,.T.);
#4284=ORIENTED_EDGE('',*,*,#3152,.F.);
#4285=ORIENTED_EDGE('',*,*,#3157,.F.);
#4286=ORIENTED_EDGE('',*,*,#3158,.T.);
#4287=ORIENTED_EDGE('',*,*,#3159,.T.);
#4288=ORIENTED_EDGE('',*,*,#3155,.F.);
#4289=ORIENTED_EDGE('',*,*,#3160,.F.);
#4290=ORIENTED_EDGE('',*,*,#3161,.T.);
#4291=ORIENTED_EDGE('',*,*,#3162,.T.);
#4292=ORIENTED_EDGE('',*,*,#3158,.F.);
#4293=ORIENTED_EDGE('',*,*,#3163,.F.);
#4294=ORIENTED_EDGE('',*,*,#3164,.T.);
#4295=ORIENTED_EDGE('',*,*,#3165,.T.);
#4296=ORIENTED_EDGE('',*,*,#3161,.F.);
#4297=ORIENTED_EDGE('',*,*,#3166,.F.);
#4298=ORIENTED_EDGE('',*,*,#3126,.T.);
#4299=ORIENTED_EDGE('',*,*,#3167,.T.);
#4300=ORIENTED_EDGE('',*,*,#3164,.F.);
#4301=ORIENTED_EDGE('',*,*,#3167,.F.);
#4302=ORIENTED_EDGE('',*,*,#3125,.F.);
#4303=ORIENTED_EDGE('',*,*,#3129,.F.);
#4304=ORIENTED_EDGE('',*,*,#3132,.F.);
#4305=ORIENTED_EDGE('',*,*,#3135,.F.);
#4306=ORIENTED_EDGE('',*,*,#3138,.F.);
#4307=ORIENTED_EDGE('',*,*,#3141,.F.);
#4308=ORIENTED_EDGE('',*,*,#3144,.F.);
#4309=ORIENTED_EDGE('',*,*,#3147,.F.);
#4310=ORIENTED_EDGE('',*,*,#3150,.F.);
#4311=ORIENTED_EDGE('',*,*,#3153,.F.);
#4312=ORIENTED_EDGE('',*,*,#3156,.F.);
#4313=ORIENTED_EDGE('',*,*,#3159,.F.);
#4314=ORIENTED_EDGE('',*,*,#3162,.F.);
#4315=ORIENTED_EDGE('',*,*,#3165,.F.);
#4316=ORIENTED_EDGE('',*,*,#3122,.F.);
#4317=ORIENTED_EDGE('',*,*,#3101,.F.);
#4318=ORIENTED_EDGE('',*,*,#3105,.F.);
#4319=ORIENTED_EDGE('',*,*,#3108,.F.);
#4320=ORIENTED_EDGE('',*,*,#3111,.F.);
#4321=ORIENTED_EDGE('',*,*,#3114,.F.);
#4322=ORIENTED_EDGE('',*,*,#3117,.F.);
#4323=ORIENTED_EDGE('',*,*,#3120,.F.);
#4324=ORIENTED_EDGE('',*,*,#3168,.F.);
#4325=ORIENTED_EDGE('',*,*,#3169,.T.);
#4326=ORIENTED_EDGE('',*,*,#3170,.T.);
#4327=ORIENTED_EDGE('',*,*,#3171,.F.);
#4328=ORIENTED_EDGE('',*,*,#3172,.F.);
#4329=ORIENTED_EDGE('',*,*,#3173,.T.);
#4330=ORIENTED_EDGE('',*,*,#3174,.T.);
#4331=ORIENTED_EDGE('',*,*,#3169,.F.);
#4332=ORIENTED_EDGE('',*,*,#3175,.F.);
#4333=ORIENTED_EDGE('',*,*,#3176,.T.);
#4334=ORIENTED_EDGE('',*,*,#3177,.T.);
#4335=ORIENTED_EDGE('',*,*,#3173,.F.);
#4336=ORIENTED_EDGE('',*,*,#3178,.F.);
#4337=ORIENTED_EDGE('',*,*,#3179,.T.);
#4338=ORIENTED_EDGE('',*,*,#3180,.T.);
#4339=ORIENTED_EDGE('',*,*,#3176,.F.);
#4340=ORIENTED_EDGE('',*,*,#3181,.F.);
#4341=ORIENTED_EDGE('',*,*,#3182,.T.);
#4342=ORIENTED_EDGE('',*,*,#3183,.T.);
#4343=ORIENTED_EDGE('',*,*,#3179,.F.);
#4344=ORIENTED_EDGE('',*,*,#3184,.F.);
#4345=ORIENTED_EDGE('',*,*,#3185,.T.);
#4346=ORIENTED_EDGE('',*,*,#3186,.T.);
#4347=ORIENTED_EDGE('',*,*,#3182,.F.);
#4348=ORIENTED_EDGE('',*,*,#3187,.F.);
#4349=ORIENTED_EDGE('',*,*,#3188,.T.);
#4350=ORIENTED_EDGE('',*,*,#3189,.T.);
#4351=ORIENTED_EDGE('',*,*,#3185,.F.);
#4352=ORIENTED_EDGE('',*,*,#3190,.F.);
#4353=ORIENTED_EDGE('',*,*,#3191,.T.);
#4354=ORIENTED_EDGE('',*,*,#3192,.T.);
#4355=ORIENTED_EDGE('',*,*,#3188,.F.);
#4356=ORIENTED_EDGE('',*,*,#3193,.F.);
#4357=ORIENTED_EDGE('',*,*,#3194,.T.);
#4358=ORIENTED_EDGE('',*,*,#3195,.T.);
#4359=ORIENTED_EDGE('',*,*,#3191,.F.);
#4360=ORIENTED_EDGE('',*,*,#3196,.F.);
#4361=ORIENTED_EDGE('',*,*,#3171,.T.);
#4362=ORIENTED_EDGE('',*,*,#3197,.T.);
#4363=ORIENTED_EDGE('',*,*,#3194,.F.);
#4364=ORIENTED_EDGE('',*,*,#3198,.F.);
#4365=ORIENTED_EDGE('',*,*,#3199,.T.);
#4366=ORIENTED_EDGE('',*,*,#3200,.T.);
#4367=ORIENTED_EDGE('',*,*,#3201,.F.);
#4368=ORIENTED_EDGE('',*,*,#3202,.F.);
#4369=ORIENTED_EDGE('',*,*,#3203,.T.);
#4370=ORIENTED_EDGE('',*,*,#3204,.T.);
#4371=ORIENTED_EDGE('',*,*,#3199,.F.);
#4372=ORIENTED_EDGE('',*,*,#3205,.F.);
#4373=ORIENTED_EDGE('',*,*,#3206,.T.);
#4374=ORIENTED_EDGE('',*,*,#3207,.T.);
#4375=ORIENTED_EDGE('',*,*,#3203,.F.);
#4376=ORIENTED_EDGE('',*,*,#3208,.F.);
#4377=ORIENTED_EDGE('',*,*,#3209,.T.);
#4378=ORIENTED_EDGE('',*,*,#3210,.T.);
#4379=ORIENTED_EDGE('',*,*,#3206,.F.);
#4380=ORIENTED_EDGE('',*,*,#3211,.F.);
#4381=ORIENTED_EDGE('',*,*,#3212,.T.);
#4382=ORIENTED_EDGE('',*,*,#3213,.T.);
#4383=ORIENTED_EDGE('',*,*,#3209,.F.);
#4384=ORIENTED_EDGE('',*,*,#3214,.F.);
#4385=ORIENTED_EDGE('',*,*,#3215,.T.);
#4386=ORIENTED_EDGE('',*,*,#3216,.T.);
#4387=ORIENTED_EDGE('',*,*,#3212,.F.);
#4388=ORIENTED_EDGE('',*,*,#3217,.F.);
#4389=ORIENTED_EDGE('',*,*,#3218,.T.);
#4390=ORIENTED_EDGE('',*,*,#3219,.T.);
#4391=ORIENTED_EDGE('',*,*,#3215,.F.);
#4392=ORIENTED_EDGE('',*,*,#3220,.F.);
#4393=ORIENTED_EDGE('',*,*,#3221,.T.);
#4394=ORIENTED_EDGE('',*,*,#3222,.T.);
#4395=ORIENTED_EDGE('',*,*,#3218,.F.);
#4396=ORIENTED_EDGE('',*,*,#3223,.F.);
#4397=ORIENTED_EDGE('',*,*,#3224,.T.);
#4398=ORIENTED_EDGE('',*,*,#3225,.T.);
#4399=ORIENTED_EDGE('',*,*,#3221,.F.);
#4400=ORIENTED_EDGE('',*,*,#3226,.F.);
#4401=ORIENTED_EDGE('',*,*,#3227,.T.);
#4402=ORIENTED_EDGE('',*,*,#3228,.T.);
#4403=ORIENTED_EDGE('',*,*,#3224,.F.);
#4404=ORIENTED_EDGE('',*,*,#3229,.F.);
#4405=ORIENTED_EDGE('',*,*,#3230,.T.);
#4406=ORIENTED_EDGE('',*,*,#3231,.T.);
#4407=ORIENTED_EDGE('',*,*,#3227,.F.);
#4408=ORIENTED_EDGE('',*,*,#3232,.F.);
#4409=ORIENTED_EDGE('',*,*,#3233,.T.);
#4410=ORIENTED_EDGE('',*,*,#3234,.T.);
#4411=ORIENTED_EDGE('',*,*,#3230,.F.);
#4412=ORIENTED_EDGE('',*,*,#3235,.F.);
#4413=ORIENTED_EDGE('',*,*,#3236,.T.);
#4414=ORIENTED_EDGE('',*,*,#3237,.T.);
#4415=ORIENTED_EDGE('',*,*,#3233,.F.);
#4416=ORIENTED_EDGE('',*,*,#3238,.F.);
#4417=ORIENTED_EDGE('',*,*,#3239,.T.);
#4418=ORIENTED_EDGE('',*,*,#3240,.T.);
#4419=ORIENTED_EDGE('',*,*,#3236,.F.);
#4420=ORIENTED_EDGE('',*,*,#3241,.F.);
#4421=ORIENTED_EDGE('',*,*,#3242,.T.);
#4422=ORIENTED_EDGE('',*,*,#3243,.T.);
#4423=ORIENTED_EDGE('',*,*,#3239,.F.);
#4424=ORIENTED_EDGE('',*,*,#3244,.F.);
#4425=ORIENTED_EDGE('',*,*,#3245,.T.);
#4426=ORIENTED_EDGE('',*,*,#3246,.T.);
#4427=ORIENTED_EDGE('',*,*,#3242,.F.);
#4428=ORIENTED_EDGE('',*,*,#3247,.F.);
#4429=ORIENTED_EDGE('',*,*,#3248,.T.);
#4430=ORIENTED_EDGE('',*,*,#3249,.T.);
#4431=ORIENTED_EDGE('',*,*,#3245,.F.);
#4432=ORIENTED_EDGE('',*,*,#3250,.F.);
#4433=ORIENTED_EDGE('',*,*,#3251,.T.);
#4434=ORIENTED_EDGE('',*,*,#3252,.T.);
#4435=ORIENTED_EDGE('',*,*,#3248,.F.);
#4436=ORIENTED_EDGE('',*,*,#3253,.F.);
#4437=ORIENTED_EDGE('',*,*,#3254,.T.);
#4438=ORIENTED_EDGE('',*,*,#3255,.T.);
#4439=ORIENTED_EDGE('',*,*,#3251,.F.);
#4440=ORIENTED_EDGE('',*,*,#3256,.F.);
#4441=ORIENTED_EDGE('',*,*,#3257,.T.);
#4442=ORIENTED_EDGE('',*,*,#3258,.T.);
#4443=ORIENTED_EDGE('',*,*,#3254,.F.);
#4444=ORIENTED_EDGE('',*,*,#3259,.F.);
#4445=ORIENTED_EDGE('',*,*,#3260,.T.);
#4446=ORIENTED_EDGE('',*,*,#3261,.T.);
#4447=ORIENTED_EDGE('',*,*,#3257,.F.);
#4448=ORIENTED_EDGE('',*,*,#3262,.F.);
#4449=ORIENTED_EDGE('',*,*,#3263,.T.);
#4450=ORIENTED_EDGE('',*,*,#3264,.T.);
#4451=ORIENTED_EDGE('',*,*,#3260,.F.);
#4452=ORIENTED_EDGE('',*,*,#3265,.F.);
#4453=ORIENTED_EDGE('',*,*,#3266,.T.);
#4454=ORIENTED_EDGE('',*,*,#3267,.T.);
#4455=ORIENTED_EDGE('',*,*,#3263,.F.);
#4456=ORIENTED_EDGE('',*,*,#3268,.F.);
#4457=ORIENTED_EDGE('',*,*,#3269,.T.);
#4458=ORIENTED_EDGE('',*,*,#3270,.T.);
#4459=ORIENTED_EDGE('',*,*,#3266,.F.);
#4460=ORIENTED_EDGE('',*,*,#3271,.F.);
#4461=ORIENTED_EDGE('',*,*,#3272,.T.);
#4462=ORIENTED_EDGE('',*,*,#3273,.T.);
#4463=ORIENTED_EDGE('',*,*,#3269,.F.);
#4464=ORIENTED_EDGE('',*,*,#3274,.F.);
#4465=ORIENTED_EDGE('',*,*,#3275,.T.);
#4466=ORIENTED_EDGE('',*,*,#3276,.T.);
#4467=ORIENTED_EDGE('',*,*,#3272,.F.);
#4468=ORIENTED_EDGE('',*,*,#3277,.F.);
#4469=ORIENTED_EDGE('',*,*,#3201,.T.);
#4470=ORIENTED_EDGE('',*,*,#3278,.T.);
#4471=ORIENTED_EDGE('',*,*,#3275,.F.);
#4472=ORIENTED_EDGE('',*,*,#3278,.F.);
#4473=ORIENTED_EDGE('',*,*,#3200,.F.);
#4474=ORIENTED_EDGE('',*,*,#3204,.F.);
#4475=ORIENTED_EDGE('',*,*,#3207,.F.);
#4476=ORIENTED_EDGE('',*,*,#3210,.F.);
#4477=ORIENTED_EDGE('',*,*,#3213,.F.);
#4478=ORIENTED_EDGE('',*,*,#3216,.F.);
#4479=ORIENTED_EDGE('',*,*,#3219,.F.);
#4480=ORIENTED_EDGE('',*,*,#3222,.F.);
#4481=ORIENTED_EDGE('',*,*,#3225,.F.);
#4482=ORIENTED_EDGE('',*,*,#3228,.F.);
#4483=ORIENTED_EDGE('',*,*,#3231,.F.);
#4484=ORIENTED_EDGE('',*,*,#3234,.F.);
#4485=ORIENTED_EDGE('',*,*,#3237,.F.);
#4486=ORIENTED_EDGE('',*,*,#3240,.F.);
#4487=ORIENTED_EDGE('',*,*,#3243,.F.);
#4488=ORIENTED_EDGE('',*,*,#3246,.F.);
#4489=ORIENTED_EDGE('',*,*,#3249,.F.);
#4490=ORIENTED_EDGE('',*,*,#3252,.F.);
#4491=ORIENTED_EDGE('',*,*,#3255,.F.);
#4492=ORIENTED_EDGE('',*,*,#3258,.F.);
#4493=ORIENTED_EDGE('',*,*,#3261,.F.);
#4494=ORIENTED_EDGE('',*,*,#3264,.F.);
#4495=ORIENTED_EDGE('',*,*,#3267,.F.);
#4496=ORIENTED_EDGE('',*,*,#3270,.F.);
#4497=ORIENTED_EDGE('',*,*,#3273,.F.);
#4498=ORIENTED_EDGE('',*,*,#3276,.F.);
#4499=ORIENTED_EDGE('',*,*,#3197,.F.);
#4500=ORIENTED_EDGE('',*,*,#3170,.F.);
#4501=ORIENTED_EDGE('',*,*,#3174,.F.);
#4502=ORIENTED_EDGE('',*,*,#3177,.F.);
#4503=ORIENTED_EDGE('',*,*,#3180,.F.);
#4504=ORIENTED_EDGE('',*,*,#3183,.F.);
#4505=ORIENTED_EDGE('',*,*,#3186,.F.);
#4506=ORIENTED_EDGE('',*,*,#3189,.F.);
#4507=ORIENTED_EDGE('',*,*,#3192,.F.);
#4508=ORIENTED_EDGE('',*,*,#3195,.F.);
#4509=ORIENTED_EDGE('',*,*,#3279,.F.);
#4510=ORIENTED_EDGE('',*,*,#3280,.T.);
#4511=ORIENTED_EDGE('',*,*,#3281,.T.);
#4512=ORIENTED_EDGE('',*,*,#3282,.F.);
#4513=ORIENTED_EDGE('',*,*,#3283,.F.);
#4514=ORIENTED_EDGE('',*,*,#3284,.T.);
#4515=ORIENTED_EDGE('',*,*,#3285,.T.);
#4516=ORIENTED_EDGE('',*,*,#3280,.F.);
#4517=ORIENTED_EDGE('',*,*,#3286,.F.);
#4518=ORIENTED_EDGE('',*,*,#3287,.T.);
#4519=ORIENTED_EDGE('',*,*,#3288,.T.);
#4520=ORIENTED_EDGE('',*,*,#3284,.F.);
#4521=ORIENTED_EDGE('',*,*,#3289,.F.);
#4522=ORIENTED_EDGE('',*,*,#3290,.T.);
#4523=ORIENTED_EDGE('',*,*,#3291,.T.);
#4524=ORIENTED_EDGE('',*,*,#3287,.F.);
#4525=ORIENTED_EDGE('',*,*,#3292,.F.);
#4526=ORIENTED_EDGE('',*,*,#3293,.T.);
#4527=ORIENTED_EDGE('',*,*,#3294,.T.);
#4528=ORIENTED_EDGE('',*,*,#3290,.F.);
#4529=ORIENTED_EDGE('',*,*,#3295,.F.);
#4530=ORIENTED_EDGE('',*,*,#3296,.T.);
#4531=ORIENTED_EDGE('',*,*,#3297,.T.);
#4532=ORIENTED_EDGE('',*,*,#3293,.F.);
#4533=ORIENTED_EDGE('',*,*,#3298,.F.);
#4534=ORIENTED_EDGE('',*,*,#3299,.T.);
#4535=ORIENTED_EDGE('',*,*,#3300,.T.);
#4536=ORIENTED_EDGE('',*,*,#3296,.F.);
#4537=ORIENTED_EDGE('',*,*,#3301,.F.);
#4538=ORIENTED_EDGE('',*,*,#3302,.T.);
#4539=ORIENTED_EDGE('',*,*,#3303,.T.);
#4540=ORIENTED_EDGE('',*,*,#3299,.F.);
#4541=ORIENTED_EDGE('',*,*,#3304,.F.);
#4542=ORIENTED_EDGE('',*,*,#3305,.T.);
#4543=ORIENTED_EDGE('',*,*,#3306,.T.);
#4544=ORIENTED_EDGE('',*,*,#3302,.F.);
#4545=ORIENTED_EDGE('',*,*,#3307,.F.);
#4546=ORIENTED_EDGE('',*,*,#3308,.T.);
#4547=ORIENTED_EDGE('',*,*,#3309,.T.);
#4548=ORIENTED_EDGE('',*,*,#3305,.F.);
#4549=ORIENTED_EDGE('',*,*,#3310,.F.);
#4550=ORIENTED_EDGE('',*,*,#3311,.T.);
#4551=ORIENTED_EDGE('',*,*,#3312,.T.);
#4552=ORIENTED_EDGE('',*,*,#3308,.F.);
#4553=ORIENTED_EDGE('',*,*,#3313,.F.);
#4554=ORIENTED_EDGE('',*,*,#3282,.T.);
#4555=ORIENTED_EDGE('',*,*,#3314,.T.);
#4556=ORIENTED_EDGE('',*,*,#3311,.F.);
#4557=ORIENTED_EDGE('',*,*,#3314,.F.);
#4558=ORIENTED_EDGE('',*,*,#3281,.F.);
#4559=ORIENTED_EDGE('',*,*,#3285,.F.);
#4560=ORIENTED_EDGE('',*,*,#3288,.F.);
#4561=ORIENTED_EDGE('',*,*,#3291,.F.);
#4562=ORIENTED_EDGE('',*,*,#3294,.F.);
#4563=ORIENTED_EDGE('',*,*,#3297,.F.);
#4564=ORIENTED_EDGE('',*,*,#3300,.F.);
#4565=ORIENTED_EDGE('',*,*,#3303,.F.);
#4566=ORIENTED_EDGE('',*,*,#3306,.F.);
#4567=ORIENTED_EDGE('',*,*,#3309,.F.);
#4568=ORIENTED_EDGE('',*,*,#3312,.F.);
#4569=ORIENTED_EDGE('',*,*,#3315,.F.);
#4570=ORIENTED_EDGE('',*,*,#3316,.T.);
#4571=ORIENTED_EDGE('',*,*,#3317,.T.);
#4572=ORIENTED_EDGE('',*,*,#3318,.F.);
#4573=ORIENTED_EDGE('',*,*,#3319,.F.);
#4574=ORIENTED_EDGE('',*,*,#3320,.T.);
#4575=ORIENTED_EDGE('',*,*,#3321,.T.);
#4576=ORIENTED_EDGE('',*,*,#3316,.F.);
#4577=ORIENTED_EDGE('',*,*,#3322,.F.);
#4578=ORIENTED_EDGE('',*,*,#3323,.T.);
#4579=ORIENTED_EDGE('',*,*,#3324,.T.);
#4580=ORIENTED_EDGE('',*,*,#3320,.F.);
#4581=ORIENTED_EDGE('',*,*,#3325,.F.);
#4582=ORIENTED_EDGE('',*,*,#3326,.T.);
#4583=ORIENTED_EDGE('',*,*,#3327,.T.);
#4584=ORIENTED_EDGE('',*,*,#3323,.F.);
#4585=ORIENTED_EDGE('',*,*,#3328,.F.);
#4586=ORIENTED_EDGE('',*,*,#3329,.T.);
#4587=ORIENTED_EDGE('',*,*,#3330,.T.);
#4588=ORIENTED_EDGE('',*,*,#3326,.F.);
#4589=ORIENTED_EDGE('',*,*,#3331,.F.);
#4590=ORIENTED_EDGE('',*,*,#3332,.T.);
#4591=ORIENTED_EDGE('',*,*,#3333,.T.);
#4592=ORIENTED_EDGE('',*,*,#3329,.F.);
#4593=ORIENTED_EDGE('',*,*,#3334,.F.);
#4594=ORIENTED_EDGE('',*,*,#3335,.T.);
#4595=ORIENTED_EDGE('',*,*,#3336,.T.);
#4596=ORIENTED_EDGE('',*,*,#3332,.F.);
#4597=ORIENTED_EDGE('',*,*,#3337,.F.);
#4598=ORIENTED_EDGE('',*,*,#3338,.T.);
#4599=ORIENTED_EDGE('',*,*,#3339,.T.);
#4600=ORIENTED_EDGE('',*,*,#3335,.F.);
#4601=ORIENTED_EDGE('',*,*,#3340,.F.);
#4602=ORIENTED_EDGE('',*,*,#3341,.T.);
#4603=ORIENTED_EDGE('',*,*,#3342,.T.);
#4604=ORIENTED_EDGE('',*,*,#3338,.F.);
#4605=ORIENTED_EDGE('',*,*,#3343,.F.);
#4606=ORIENTED_EDGE('',*,*,#3318,.T.);
#4607=ORIENTED_EDGE('',*,*,#3344,.T.);
#4608=ORIENTED_EDGE('',*,*,#3341,.F.);
#4609=ORIENTED_EDGE('',*,*,#3345,.F.);
#4610=ORIENTED_EDGE('',*,*,#3346,.T.);
#4611=ORIENTED_EDGE('',*,*,#3347,.T.);
#4612=ORIENTED_EDGE('',*,*,#3348,.F.);
#4613=ORIENTED_EDGE('',*,*,#3349,.F.);
#4614=ORIENTED_EDGE('',*,*,#3350,.T.);
#4615=ORIENTED_EDGE('',*,*,#3351,.T.);
#4616=ORIENTED_EDGE('',*,*,#3346,.F.);
#4617=ORIENTED_EDGE('',*,*,#3352,.F.);
#4618=ORIENTED_EDGE('',*,*,#3353,.T.);
#4619=ORIENTED_EDGE('',*,*,#3354,.T.);
#4620=ORIENTED_EDGE('',*,*,#3350,.F.);
#4621=ORIENTED_EDGE('',*,*,#3355,.F.);
#4622=ORIENTED_EDGE('',*,*,#3356,.T.);
#4623=ORIENTED_EDGE('',*,*,#3357,.T.);
#4624=ORIENTED_EDGE('',*,*,#3353,.F.);
#4625=ORIENTED_EDGE('',*,*,#3358,.F.);
#4626=ORIENTED_EDGE('',*,*,#3359,.T.);
#4627=ORIENTED_EDGE('',*,*,#3360,.T.);
#4628=ORIENTED_EDGE('',*,*,#3356,.F.);
#4629=ORIENTED_EDGE('',*,*,#3361,.F.);
#4630=ORIENTED_EDGE('',*,*,#3362,.T.);
#4631=ORIENTED_EDGE('',*,*,#3363,.T.);
#4632=ORIENTED_EDGE('',*,*,#3359,.F.);
#4633=ORIENTED_EDGE('',*,*,#3364,.F.);
#4634=ORIENTED_EDGE('',*,*,#3365,.T.);
#4635=ORIENTED_EDGE('',*,*,#3366,.T.);
#4636=ORIENTED_EDGE('',*,*,#3362,.F.);
#4637=ORIENTED_EDGE('',*,*,#3367,.F.);
#4638=ORIENTED_EDGE('',*,*,#3368,.T.);
#4639=ORIENTED_EDGE('',*,*,#3369,.T.);
#4640=ORIENTED_EDGE('',*,*,#3365,.F.);
#4641=ORIENTED_EDGE('',*,*,#3370,.F.);
#4642=ORIENTED_EDGE('',*,*,#3371,.T.);
#4643=ORIENTED_EDGE('',*,*,#3372,.T.);
#4644=ORIENTED_EDGE('',*,*,#3368,.F.);
#4645=ORIENTED_EDGE('',*,*,#3373,.F.);
#4646=ORIENTED_EDGE('',*,*,#3374,.T.);
#4647=ORIENTED_EDGE('',*,*,#3375,.T.);
#4648=ORIENTED_EDGE('',*,*,#3371,.F.);
#4649=ORIENTED_EDGE('',*,*,#3376,.F.);
#4650=ORIENTED_EDGE('',*,*,#3377,.T.);
#4651=ORIENTED_EDGE('',*,*,#3378,.T.);
#4652=ORIENTED_EDGE('',*,*,#3374,.F.);
#4653=ORIENTED_EDGE('',*,*,#3379,.F.);
#4654=ORIENTED_EDGE('',*,*,#3380,.T.);
#4655=ORIENTED_EDGE('',*,*,#3381,.T.);
#4656=ORIENTED_EDGE('',*,*,#3377,.F.);
#4657=ORIENTED_EDGE('',*,*,#3382,.F.);
#4658=ORIENTED_EDGE('',*,*,#3383,.T.);
#4659=ORIENTED_EDGE('',*,*,#3384,.T.);
#4660=ORIENTED_EDGE('',*,*,#3380,.F.);
#4661=ORIENTED_EDGE('',*,*,#3385,.F.);
#4662=ORIENTED_EDGE('',*,*,#3386,.T.);
#4663=ORIENTED_EDGE('',*,*,#3387,.T.);
#4664=ORIENTED_EDGE('',*,*,#3383,.F.);
#4665=ORIENTED_EDGE('',*,*,#3388,.F.);
#4666=ORIENTED_EDGE('',*,*,#3389,.T.);
#4667=ORIENTED_EDGE('',*,*,#3390,.T.);
#4668=ORIENTED_EDGE('',*,*,#3386,.F.);
#4669=ORIENTED_EDGE('',*,*,#3391,.F.);
#4670=ORIENTED_EDGE('',*,*,#3392,.T.);
#4671=ORIENTED_EDGE('',*,*,#3393,.T.);
#4672=ORIENTED_EDGE('',*,*,#3389,.F.);
#4673=ORIENTED_EDGE('',*,*,#3394,.F.);
#4674=ORIENTED_EDGE('',*,*,#3395,.T.);
#4675=ORIENTED_EDGE('',*,*,#3396,.T.);
#4676=ORIENTED_EDGE('',*,*,#3392,.F.);
#4677=ORIENTED_EDGE('',*,*,#3397,.F.);
#4678=ORIENTED_EDGE('',*,*,#3398,.T.);
#4679=ORIENTED_EDGE('',*,*,#3399,.T.);
#4680=ORIENTED_EDGE('',*,*,#3395,.F.);
#4681=ORIENTED_EDGE('',*,*,#3400,.F.);
#4682=ORIENTED_EDGE('',*,*,#3401,.T.);
#4683=ORIENTED_EDGE('',*,*,#3402,.T.);
#4684=ORIENTED_EDGE('',*,*,#3398,.F.);
#4685=ORIENTED_EDGE('',*,*,#3403,.F.);
#4686=ORIENTED_EDGE('',*,*,#3404,.T.);
#4687=ORIENTED_EDGE('',*,*,#3405,.T.);
#4688=ORIENTED_EDGE('',*,*,#3401,.F.);
#4689=ORIENTED_EDGE('',*,*,#3406,.F.);
#4690=ORIENTED_EDGE('',*,*,#3407,.T.);
#4691=ORIENTED_EDGE('',*,*,#3408,.T.);
#4692=ORIENTED_EDGE('',*,*,#3404,.F.);
#4693=ORIENTED_EDGE('',*,*,#3409,.F.);
#4694=ORIENTED_EDGE('',*,*,#3410,.T.);
#4695=ORIENTED_EDGE('',*,*,#3411,.T.);
#4696=ORIENTED_EDGE('',*,*,#3407,.F.);
#4697=ORIENTED_EDGE('',*,*,#3412,.F.);
#4698=ORIENTED_EDGE('',*,*,#3413,.T.);
#4699=ORIENTED_EDGE('',*,*,#3414,.T.);
#4700=ORIENTED_EDGE('',*,*,#3410,.F.);
#4701=ORIENTED_EDGE('',*,*,#3415,.F.);
#4702=ORIENTED_EDGE('',*,*,#3416,.T.);
#4703=ORIENTED_EDGE('',*,*,#3417,.T.);
#4704=ORIENTED_EDGE('',*,*,#3413,.F.);
#4705=ORIENTED_EDGE('',*,*,#3418,.F.);
#4706=ORIENTED_EDGE('',*,*,#3419,.T.);
#4707=ORIENTED_EDGE('',*,*,#3420,.T.);
#4708=ORIENTED_EDGE('',*,*,#3416,.F.);
#4709=ORIENTED_EDGE('',*,*,#3421,.F.);
#4710=ORIENTED_EDGE('',*,*,#3422,.T.);
#4711=ORIENTED_EDGE('',*,*,#3423,.T.);
#4712=ORIENTED_EDGE('',*,*,#3419,.F.);
#4713=ORIENTED_EDGE('',*,*,#3424,.F.);
#4714=ORIENTED_EDGE('',*,*,#3348,.T.);
#4715=ORIENTED_EDGE('',*,*,#3425,.T.);
#4716=ORIENTED_EDGE('',*,*,#3422,.F.);
#4717=ORIENTED_EDGE('',*,*,#3425,.F.);
#4718=ORIENTED_EDGE('',*,*,#3347,.F.);
#4719=ORIENTED_EDGE('',*,*,#3351,.F.);
#4720=ORIENTED_EDGE('',*,*,#3354,.F.);
#4721=ORIENTED_EDGE('',*,*,#3357,.F.);
#4722=ORIENTED_EDGE('',*,*,#3360,.F.);
#4723=ORIENTED_EDGE('',*,*,#3363,.F.);
#4724=ORIENTED_EDGE('',*,*,#3366,.F.);
#4725=ORIENTED_EDGE('',*,*,#3369,.F.);
#4726=ORIENTED_EDGE('',*,*,#3372,.F.);
#4727=ORIENTED_EDGE('',*,*,#3375,.F.);
#4728=ORIENTED_EDGE('',*,*,#3378,.F.);
#4729=ORIENTED_EDGE('',*,*,#3381,.F.);
#4730=ORIENTED_EDGE('',*,*,#3384,.F.);
#4731=ORIENTED_EDGE('',*,*,#3387,.F.);
#4732=ORIENTED_EDGE('',*,*,#3390,.F.);
#4733=ORIENTED_EDGE('',*,*,#3393,.F.);
#4734=ORIENTED_EDGE('',*,*,#3396,.F.);
#4735=ORIENTED_EDGE('',*,*,#3399,.F.);
#4736=ORIENTED_EDGE('',*,*,#3402,.F.);
#4737=ORIENTED_EDGE('',*,*,#3405,.F.);
#4738=ORIENTED_EDGE('',*,*,#3408,.F.);
#4739=ORIENTED_EDGE('',*,*,#3411,.F.);
#4740=ORIENTED_EDGE('',*,*,#3414,.F.);
#4741=ORIENTED_EDGE('',*,*,#3417,.F.);
#4742=ORIENTED_EDGE('',*,*,#3420,.F.);
#4743=ORIENTED_EDGE('',*,*,#3423,.F.);
#4744=ORIENTED_EDGE('',*,*,#3344,.F.);
#4745=ORIENTED_EDGE('',*,*,#3317,.F.);
#4746=ORIENTED_EDGE('',*,*,#3321,.F.);
#4747=ORIENTED_EDGE('',*,*,#3324,.F.);
#4748=ORIENTED_EDGE('',*,*,#3327,.F.);
#4749=ORIENTED_EDGE('',*,*,#3330,.F.);
#4750=ORIENTED_EDGE('',*,*,#3333,.F.);
#4751=ORIENTED_EDGE('',*,*,#3336,.F.);
#4752=ORIENTED_EDGE('',*,*,#3339,.F.);
#4753=ORIENTED_EDGE('',*,*,#3342,.F.);
#4754=ORIENTED_EDGE('',*,*,#3426,.F.);
#4755=ORIENTED_EDGE('',*,*,#3427,.T.);
#4756=ORIENTED_EDGE('',*,*,#3428,.T.);
#4757=ORIENTED_EDGE('',*,*,#3429,.F.);
#4758=ORIENTED_EDGE('',*,*,#3430,.F.);
#4759=ORIENTED_EDGE('',*,*,#3431,.T.);
#4760=ORIENTED_EDGE('',*,*,#3432,.T.);
#4761=ORIENTED_EDGE('',*,*,#3427,.F.);
#4762=ORIENTED_EDGE('',*,*,#3433,.F.);
#4763=ORIENTED_EDGE('',*,*,#3434,.T.);
#4764=ORIENTED_EDGE('',*,*,#3435,.T.);
#4765=ORIENTED_EDGE('',*,*,#3431,.F.);
#4766=ORIENTED_EDGE('',*,*,#3436,.F.);
#4767=ORIENTED_EDGE('',*,*,#3437,.T.);
#4768=ORIENTED_EDGE('',*,*,#3438,.T.);
#4769=ORIENTED_EDGE('',*,*,#3434,.F.);
#4770=ORIENTED_EDGE('',*,*,#3439,.F.);
#4771=ORIENTED_EDGE('',*,*,#3440,.T.);
#4772=ORIENTED_EDGE('',*,*,#3441,.T.);
#4773=ORIENTED_EDGE('',*,*,#3437,.F.);
#4774=ORIENTED_EDGE('',*,*,#3442,.F.);
#4775=ORIENTED_EDGE('',*,*,#3443,.T.);
#4776=ORIENTED_EDGE('',*,*,#3444,.T.);
#4777=ORIENTED_EDGE('',*,*,#3440,.F.);
#4778=ORIENTED_EDGE('',*,*,#3445,.F.);
#4779=ORIENTED_EDGE('',*,*,#3446,.T.);
#4780=ORIENTED_EDGE('',*,*,#3447,.T.);
#4781=ORIENTED_EDGE('',*,*,#3443,.F.);
#4782=ORIENTED_EDGE('',*,*,#3448,.F.);
#4783=ORIENTED_EDGE('',*,*,#3449,.T.);
#4784=ORIENTED_EDGE('',*,*,#3450,.T.);
#4785=ORIENTED_EDGE('',*,*,#3446,.F.);
#4786=ORIENTED_EDGE('',*,*,#3451,.F.);
#4787=ORIENTED_EDGE('',*,*,#3452,.T.);
#4788=ORIENTED_EDGE('',*,*,#3453,.T.);
#4789=ORIENTED_EDGE('',*,*,#3449,.F.);
#4790=ORIENTED_EDGE('',*,*,#3454,.F.);
#4791=ORIENTED_EDGE('',*,*,#3455,.T.);
#4792=ORIENTED_EDGE('',*,*,#3456,.T.);
#4793=ORIENTED_EDGE('',*,*,#3452,.F.);
#4794=ORIENTED_EDGE('',*,*,#3457,.F.);
#4795=ORIENTED_EDGE('',*,*,#3458,.T.);
#4796=ORIENTED_EDGE('',*,*,#3459,.T.);
#4797=ORIENTED_EDGE('',*,*,#3455,.F.);
#4798=ORIENTED_EDGE('',*,*,#3460,.F.);
#4799=ORIENTED_EDGE('',*,*,#3461,.T.);
#4800=ORIENTED_EDGE('',*,*,#3462,.T.);
#4801=ORIENTED_EDGE('',*,*,#3458,.F.);
#4802=ORIENTED_EDGE('',*,*,#3463,.F.);
#4803=ORIENTED_EDGE('',*,*,#3464,.T.);
#4804=ORIENTED_EDGE('',*,*,#3465,.T.);
#4805=ORIENTED_EDGE('',*,*,#3461,.F.);
#4806=ORIENTED_EDGE('',*,*,#3466,.F.);
#4807=ORIENTED_EDGE('',*,*,#3467,.T.);
#4808=ORIENTED_EDGE('',*,*,#3468,.T.);
#4809=ORIENTED_EDGE('',*,*,#3464,.F.);
#4810=ORIENTED_EDGE('',*,*,#3469,.F.);
#4811=ORIENTED_EDGE('',*,*,#3470,.T.);
#4812=ORIENTED_EDGE('',*,*,#3471,.T.);
#4813=ORIENTED_EDGE('',*,*,#3467,.F.);
#4814=ORIENTED_EDGE('',*,*,#3472,.F.);
#4815=ORIENTED_EDGE('',*,*,#3473,.T.);
#4816=ORIENTED_EDGE('',*,*,#3474,.T.);
#4817=ORIENTED_EDGE('',*,*,#3470,.F.);
#4818=ORIENTED_EDGE('',*,*,#3475,.F.);
#4819=ORIENTED_EDGE('',*,*,#3429,.T.);
#4820=ORIENTED_EDGE('',*,*,#3476,.T.);
#4821=ORIENTED_EDGE('',*,*,#3473,.F.);
#4822=ORIENTED_EDGE('',*,*,#3476,.F.);
#4823=ORIENTED_EDGE('',*,*,#3428,.F.);
#4824=ORIENTED_EDGE('',*,*,#3432,.F.);
#4825=ORIENTED_EDGE('',*,*,#3435,.F.);
#4826=ORIENTED_EDGE('',*,*,#3438,.F.);
#4827=ORIENTED_EDGE('',*,*,#3441,.F.);
#4828=ORIENTED_EDGE('',*,*,#3444,.F.);
#4829=ORIENTED_EDGE('',*,*,#3447,.F.);
#4830=ORIENTED_EDGE('',*,*,#3450,.F.);
#4831=ORIENTED_EDGE('',*,*,#3453,.F.);
#4832=ORIENTED_EDGE('',*,*,#3456,.F.);
#4833=ORIENTED_EDGE('',*,*,#3459,.F.);
#4834=ORIENTED_EDGE('',*,*,#3462,.F.);
#4835=ORIENTED_EDGE('',*,*,#3465,.F.);
#4836=ORIENTED_EDGE('',*,*,#3468,.F.);
#4837=ORIENTED_EDGE('',*,*,#3471,.F.);
#4838=ORIENTED_EDGE('',*,*,#3474,.F.);
#4839=ORIENTED_EDGE('',*,*,#3477,.F.);
#4840=ORIENTED_EDGE('',*,*,#3478,.T.);
#4841=ORIENTED_EDGE('',*,*,#3479,.T.);
#4842=ORIENTED_EDGE('',*,*,#3480,.F.);
#4843=ORIENTED_EDGE('',*,*,#3481,.F.);
#4844=ORIENTED_EDGE('',*,*,#3482,.T.);
#4845=ORIENTED_EDGE('',*,*,#3483,.T.);
#4846=ORIENTED_EDGE('',*,*,#3478,.F.);
#4847=ORIENTED_EDGE('',*,*,#3484,.F.);
#4848=ORIENTED_EDGE('',*,*,#3485,.T.);
#4849=ORIENTED_EDGE('',*,*,#3486,.T.);
#4850=ORIENTED_EDGE('',*,*,#3482,.F.);
#4851=ORIENTED_EDGE('',*,*,#3487,.F.);
#4852=ORIENTED_EDGE('',*,*,#3488,.T.);
#4853=ORIENTED_EDGE('',*,*,#3489,.T.);
#4854=ORIENTED_EDGE('',*,*,#3485,.F.);
#4855=ORIENTED_EDGE('',*,*,#3490,.F.);
#4856=ORIENTED_EDGE('',*,*,#3491,.T.);
#4857=ORIENTED_EDGE('',*,*,#3492,.T.);
#4858=ORIENTED_EDGE('',*,*,#3488,.F.);
#4859=ORIENTED_EDGE('',*,*,#3493,.F.);
#4860=ORIENTED_EDGE('',*,*,#3494,.T.);
#4861=ORIENTED_EDGE('',*,*,#3495,.T.);
#4862=ORIENTED_EDGE('',*,*,#3491,.F.);
#4863=ORIENTED_EDGE('',*,*,#3496,.F.);
#4864=ORIENTED_EDGE('',*,*,#3497,.T.);
#4865=ORIENTED_EDGE('',*,*,#3498,.T.);
#4866=ORIENTED_EDGE('',*,*,#3494,.F.);
#4867=ORIENTED_EDGE('',*,*,#3499,.F.);
#4868=ORIENTED_EDGE('',*,*,#3500,.T.);
#4869=ORIENTED_EDGE('',*,*,#3501,.T.);
#4870=ORIENTED_EDGE('',*,*,#3497,.F.);
#4871=ORIENTED_EDGE('',*,*,#3502,.F.);
#4872=ORIENTED_EDGE('',*,*,#3503,.T.);
#4873=ORIENTED_EDGE('',*,*,#3504,.T.);
#4874=ORIENTED_EDGE('',*,*,#3500,.F.);
#4875=ORIENTED_EDGE('',*,*,#3505,.F.);
#4876=ORIENTED_EDGE('',*,*,#3506,.T.);
#4877=ORIENTED_EDGE('',*,*,#3507,.T.);
#4878=ORIENTED_EDGE('',*,*,#3503,.F.);
#4879=ORIENTED_EDGE('',*,*,#3508,.F.);
#4880=ORIENTED_EDGE('',*,*,#3509,.T.);
#4881=ORIENTED_EDGE('',*,*,#3510,.T.);
#4882=ORIENTED_EDGE('',*,*,#3506,.F.);
#4883=ORIENTED_EDGE('',*,*,#3511,.F.);
#4884=ORIENTED_EDGE('',*,*,#3512,.T.);
#4885=ORIENTED_EDGE('',*,*,#3513,.T.);
#4886=ORIENTED_EDGE('',*,*,#3509,.F.);
#4887=ORIENTED_EDGE('',*,*,#3514,.F.);
#4888=ORIENTED_EDGE('',*,*,#3515,.T.);
#4889=ORIENTED_EDGE('',*,*,#3516,.T.);
#4890=ORIENTED_EDGE('',*,*,#3512,.F.);
#4891=ORIENTED_EDGE('',*,*,#3517,.F.);
#4892=ORIENTED_EDGE('',*,*,#3518,.T.);
#4893=ORIENTED_EDGE('',*,*,#3519,.T.);
#4894=ORIENTED_EDGE('',*,*,#3515,.F.);
#4895=ORIENTED_EDGE('',*,*,#3520,.F.);
#4896=ORIENTED_EDGE('',*,*,#3521,.T.);
#4897=ORIENTED_EDGE('',*,*,#3522,.T.);
#4898=ORIENTED_EDGE('',*,*,#3518,.F.);
#4899=ORIENTED_EDGE('',*,*,#3523,.F.);
#4900=ORIENTED_EDGE('',*,*,#3524,.T.);
#4901=ORIENTED_EDGE('',*,*,#3525,.T.);
#4902=ORIENTED_EDGE('',*,*,#3521,.F.);
#4903=ORIENTED_EDGE('',*,*,#3526,.F.);
#4904=ORIENTED_EDGE('',*,*,#3527,.T.);
#4905=ORIENTED_EDGE('',*,*,#3528,.T.);
#4906=ORIENTED_EDGE('',*,*,#3524,.F.);
#4907=ORIENTED_EDGE('',*,*,#3529,.F.);
#4908=ORIENTED_EDGE('',*,*,#3530,.T.);
#4909=ORIENTED_EDGE('',*,*,#3531,.T.);
#4910=ORIENTED_EDGE('',*,*,#3527,.F.);
#4911=ORIENTED_EDGE('',*,*,#3532,.F.);
#4912=ORIENTED_EDGE('',*,*,#3533,.T.);
#4913=ORIENTED_EDGE('',*,*,#3534,.T.);
#4914=ORIENTED_EDGE('',*,*,#3530,.F.);
#4915=ORIENTED_EDGE('',*,*,#3535,.F.);
#4916=ORIENTED_EDGE('',*,*,#3480,.T.);
#4917=ORIENTED_EDGE('',*,*,#3536,.T.);
#4918=ORIENTED_EDGE('',*,*,#3533,.F.);
#4919=ORIENTED_EDGE('',*,*,#3536,.F.);
#4920=ORIENTED_EDGE('',*,*,#3479,.F.);
#4921=ORIENTED_EDGE('',*,*,#3483,.F.);
#4922=ORIENTED_EDGE('',*,*,#3486,.F.);
#4923=ORIENTED_EDGE('',*,*,#3489,.F.);
#4924=ORIENTED_EDGE('',*,*,#3492,.F.);
#4925=ORIENTED_EDGE('',*,*,#3495,.F.);
#4926=ORIENTED_EDGE('',*,*,#3498,.F.);
#4927=ORIENTED_EDGE('',*,*,#3501,.F.);
#4928=ORIENTED_EDGE('',*,*,#3504,.F.);
#4929=ORIENTED_EDGE('',*,*,#3507,.F.);
#4930=ORIENTED_EDGE('',*,*,#3510,.F.);
#4931=ORIENTED_EDGE('',*,*,#3513,.F.);
#4932=ORIENTED_EDGE('',*,*,#3516,.F.);
#4933=ORIENTED_EDGE('',*,*,#3519,.F.);
#4934=ORIENTED_EDGE('',*,*,#3522,.F.);
#4935=ORIENTED_EDGE('',*,*,#3525,.F.);
#4936=ORIENTED_EDGE('',*,*,#3528,.F.);
#4937=ORIENTED_EDGE('',*,*,#3531,.F.);
#4938=ORIENTED_EDGE('',*,*,#3534,.F.);
#4939=ORIENTED_EDGE('',*,*,#3537,.F.);
#4940=ORIENTED_EDGE('',*,*,#3538,.T.);
#4941=ORIENTED_EDGE('',*,*,#3539,.T.);
#4942=ORIENTED_EDGE('',*,*,#3540,.F.);
#4943=ORIENTED_EDGE('',*,*,#3541,.F.);
#4944=ORIENTED_EDGE('',*,*,#3542,.T.);
#4945=ORIENTED_EDGE('',*,*,#3543,.T.);
#4946=ORIENTED_EDGE('',*,*,#3538,.F.);
#4947=ORIENTED_EDGE('',*,*,#3544,.F.);
#4948=ORIENTED_EDGE('',*,*,#3545,.T.);
#4949=ORIENTED_EDGE('',*,*,#3546,.T.);
#4950=ORIENTED_EDGE('',*,*,#3542,.F.);
#4951=ORIENTED_EDGE('',*,*,#3547,.F.);
#4952=ORIENTED_EDGE('',*,*,#3548,.T.);
#4953=ORIENTED_EDGE('',*,*,#3549,.T.);
#4954=ORIENTED_EDGE('',*,*,#3545,.F.);
#4955=ORIENTED_EDGE('',*,*,#3550,.F.);
#4956=ORIENTED_EDGE('',*,*,#3551,.T.);
#4957=ORIENTED_EDGE('',*,*,#3552,.T.);
#4958=ORIENTED_EDGE('',*,*,#3548,.F.);
#4959=ORIENTED_EDGE('',*,*,#3553,.F.);
#4960=ORIENTED_EDGE('',*,*,#3554,.T.);
#4961=ORIENTED_EDGE('',*,*,#3555,.T.);
#4962=ORIENTED_EDGE('',*,*,#3551,.F.);
#4963=ORIENTED_EDGE('',*,*,#3556,.F.);
#4964=ORIENTED_EDGE('',*,*,#3557,.T.);
#4965=ORIENTED_EDGE('',*,*,#3558,.T.);
#4966=ORIENTED_EDGE('',*,*,#3554,.F.);
#4967=ORIENTED_EDGE('',*,*,#3559,.F.);
#4968=ORIENTED_EDGE('',*,*,#3560,.T.);
#4969=ORIENTED_EDGE('',*,*,#3561,.T.);
#4970=ORIENTED_EDGE('',*,*,#3557,.F.);
#4971=ORIENTED_EDGE('',*,*,#3562,.F.);
#4972=ORIENTED_EDGE('',*,*,#3563,.T.);
#4973=ORIENTED_EDGE('',*,*,#3564,.T.);
#4974=ORIENTED_EDGE('',*,*,#3560,.F.);
#4975=ORIENTED_EDGE('',*,*,#3565,.F.);
#4976=ORIENTED_EDGE('',*,*,#3566,.T.);
#4977=ORIENTED_EDGE('',*,*,#3567,.T.);
#4978=ORIENTED_EDGE('',*,*,#3563,.F.);
#4979=ORIENTED_EDGE('',*,*,#3568,.F.);
#4980=ORIENTED_EDGE('',*,*,#3569,.T.);
#4981=ORIENTED_EDGE('',*,*,#3570,.T.);
#4982=ORIENTED_EDGE('',*,*,#3566,.F.);
#4983=ORIENTED_EDGE('',*,*,#3571,.F.);
#4984=ORIENTED_EDGE('',*,*,#3572,.T.);
#4985=ORIENTED_EDGE('',*,*,#3573,.T.);
#4986=ORIENTED_EDGE('',*,*,#3569,.F.);
#4987=ORIENTED_EDGE('',*,*,#3574,.F.);
#4988=ORIENTED_EDGE('',*,*,#3575,.T.);
#4989=ORIENTED_EDGE('',*,*,#3576,.T.);
#4990=ORIENTED_EDGE('',*,*,#3572,.F.);
#4991=ORIENTED_EDGE('',*,*,#3577,.F.);
#4992=ORIENTED_EDGE('',*,*,#3578,.T.);
#4993=ORIENTED_EDGE('',*,*,#3579,.T.);
#4994=ORIENTED_EDGE('',*,*,#3575,.F.);
#4995=ORIENTED_EDGE('',*,*,#3580,.F.);
#4996=ORIENTED_EDGE('',*,*,#3540,.T.);
#4997=ORIENTED_EDGE('',*,*,#3581,.T.);
#4998=ORIENTED_EDGE('',*,*,#3578,.F.);
#4999=ORIENTED_EDGE('',*,*,#3581,.F.);
#5000=ORIENTED_EDGE('',*,*,#3539,.F.);
#5001=ORIENTED_EDGE('',*,*,#3543,.F.);
#5002=ORIENTED_EDGE('',*,*,#3546,.F.);
#5003=ORIENTED_EDGE('',*,*,#3549,.F.);
#5004=ORIENTED_EDGE('',*,*,#3552,.F.);
#5005=ORIENTED_EDGE('',*,*,#3555,.F.);
#5006=ORIENTED_EDGE('',*,*,#3558,.F.);
#5007=ORIENTED_EDGE('',*,*,#3561,.F.);
#5008=ORIENTED_EDGE('',*,*,#3564,.F.);
#5009=ORIENTED_EDGE('',*,*,#3567,.F.);
#5010=ORIENTED_EDGE('',*,*,#3570,.F.);
#5011=ORIENTED_EDGE('',*,*,#3573,.F.);
#5012=ORIENTED_EDGE('',*,*,#3576,.F.);
#5013=ORIENTED_EDGE('',*,*,#3579,.F.);
#5014=ORIENTED_EDGE('',*,*,#3582,.F.);
#5015=ORIENTED_EDGE('',*,*,#3583,.T.);
#5016=ORIENTED_EDGE('',*,*,#3584,.F.);
#5017=ORIENTED_EDGE('',*,*,#3585,.T.);
#5018=ORIENTED_EDGE('',*,*,#3586,.F.);
#5019=ORIENTED_EDGE('',*,*,#3587,.T.);
#5020=ORIENTED_EDGE('',*,*,#3588,.F.);
#5021=ORIENTED_EDGE('',*,*,#3589,.T.);
#5022=ORIENTED_EDGE('',*,*,#3590,.F.);
#5023=ORIENTED_EDGE('',*,*,#3591,.F.);
#5024=ORIENTED_EDGE('',*,*,#3592,.F.);
#5025=ORIENTED_EDGE('',*,*,#3593,.F.);
#5026=ORIENTED_EDGE('',*,*,#3537,.T.);
#5027=ORIENTED_EDGE('',*,*,#3580,.T.);
#5028=ORIENTED_EDGE('',*,*,#3577,.T.);
#5029=ORIENTED_EDGE('',*,*,#3574,.T.);
#5030=ORIENTED_EDGE('',*,*,#3571,.T.);
#5031=ORIENTED_EDGE('',*,*,#3568,.T.);
#5032=ORIENTED_EDGE('',*,*,#3565,.T.);
#5033=ORIENTED_EDGE('',*,*,#3562,.T.);
#5034=ORIENTED_EDGE('',*,*,#3559,.T.);
#5035=ORIENTED_EDGE('',*,*,#3556,.T.);
#5036=ORIENTED_EDGE('',*,*,#3553,.T.);
#5037=ORIENTED_EDGE('',*,*,#3550,.T.);
#5038=ORIENTED_EDGE('',*,*,#3547,.T.);
#5039=ORIENTED_EDGE('',*,*,#3544,.T.);
#5040=ORIENTED_EDGE('',*,*,#3541,.T.);
#5041=ORIENTED_EDGE('',*,*,#3477,.T.);
#5042=ORIENTED_EDGE('',*,*,#3535,.T.);
#5043=ORIENTED_EDGE('',*,*,#3532,.T.);
#5044=ORIENTED_EDGE('',*,*,#3529,.T.);
#5045=ORIENTED_EDGE('',*,*,#3526,.T.);
#5046=ORIENTED_EDGE('',*,*,#3523,.T.);
#5047=ORIENTED_EDGE('',*,*,#3520,.T.);
#5048=ORIENTED_EDGE('',*,*,#3517,.T.);
#5049=ORIENTED_EDGE('',*,*,#3514,.T.);
#5050=ORIENTED_EDGE('',*,*,#3511,.T.);
#5051=ORIENTED_EDGE('',*,*,#3508,.T.);
#5052=ORIENTED_EDGE('',*,*,#3505,.T.);
#5053=ORIENTED_EDGE('',*,*,#3502,.T.);
#5054=ORIENTED_EDGE('',*,*,#3499,.T.);
#5055=ORIENTED_EDGE('',*,*,#3496,.T.);
#5056=ORIENTED_EDGE('',*,*,#3493,.T.);
#5057=ORIENTED_EDGE('',*,*,#3490,.T.);
#5058=ORIENTED_EDGE('',*,*,#3487,.T.);
#5059=ORIENTED_EDGE('',*,*,#3484,.T.);
#5060=ORIENTED_EDGE('',*,*,#3481,.T.);
#5061=ORIENTED_EDGE('',*,*,#3426,.T.);
#5062=ORIENTED_EDGE('',*,*,#3475,.T.);
#5063=ORIENTED_EDGE('',*,*,#3472,.T.);
#5064=ORIENTED_EDGE('',*,*,#3469,.T.);
#5065=ORIENTED_EDGE('',*,*,#3466,.T.);
#5066=ORIENTED_EDGE('',*,*,#3463,.T.);
#5067=ORIENTED_EDGE('',*,*,#3460,.T.);
#5068=ORIENTED_EDGE('',*,*,#3457,.T.);
#5069=ORIENTED_EDGE('',*,*,#3454,.T.);
#5070=ORIENTED_EDGE('',*,*,#3451,.T.);
#5071=ORIENTED_EDGE('',*,*,#3448,.T.);
#5072=ORIENTED_EDGE('',*,*,#3445,.T.);
#5073=ORIENTED_EDGE('',*,*,#3442,.T.);
#5074=ORIENTED_EDGE('',*,*,#3439,.T.);
#5075=ORIENTED_EDGE('',*,*,#3436,.T.);
#5076=ORIENTED_EDGE('',*,*,#3433,.T.);
#5077=ORIENTED_EDGE('',*,*,#3430,.T.);
#5078=ORIENTED_EDGE('',*,*,#3345,.T.);
#5079=ORIENTED_EDGE('',*,*,#3424,.T.);
#5080=ORIENTED_EDGE('',*,*,#3421,.T.);
#5081=ORIENTED_EDGE('',*,*,#3418,.T.);
#5082=ORIENTED_EDGE('',*,*,#3415,.T.);
#5083=ORIENTED_EDGE('',*,*,#3412,.T.);
#5084=ORIENTED_EDGE('',*,*,#3409,.T.);
#5085=ORIENTED_EDGE('',*,*,#3406,.T.);
#5086=ORIENTED_EDGE('',*,*,#3403,.T.);
#5087=ORIENTED_EDGE('',*,*,#3400,.T.);
#5088=ORIENTED_EDGE('',*,*,#3397,.T.);
#5089=ORIENTED_EDGE('',*,*,#3394,.T.);
#5090=ORIENTED_EDGE('',*,*,#3391,.T.);
#5091=ORIENTED_EDGE('',*,*,#3388,.T.);
#5092=ORIENTED_EDGE('',*,*,#3385,.T.);
#5093=ORIENTED_EDGE('',*,*,#3382,.T.);
#5094=ORIENTED_EDGE('',*,*,#3379,.T.);
#5095=ORIENTED_EDGE('',*,*,#3376,.T.);
#5096=ORIENTED_EDGE('',*,*,#3373,.T.);
#5097=ORIENTED_EDGE('',*,*,#3370,.T.);
#5098=ORIENTED_EDGE('',*,*,#3367,.T.);
#5099=ORIENTED_EDGE('',*,*,#3364,.T.);
#5100=ORIENTED_EDGE('',*,*,#3361,.T.);
#5101=ORIENTED_EDGE('',*,*,#3358,.T.);
#5102=ORIENTED_EDGE('',*,*,#3355,.T.);
#5103=ORIENTED_EDGE('',*,*,#3352,.T.);
#5104=ORIENTED_EDGE('',*,*,#3349,.T.);
#5105=ORIENTED_EDGE('',*,*,#3279,.T.);
#5106=ORIENTED_EDGE('',*,*,#3313,.T.);
#5107=ORIENTED_EDGE('',*,*,#3310,.T.);
#5108=ORIENTED_EDGE('',*,*,#3307,.T.);
#5109=ORIENTED_EDGE('',*,*,#3304,.T.);
#5110=ORIENTED_EDGE('',*,*,#3301,.T.);
#5111=ORIENTED_EDGE('',*,*,#3298,.T.);
#5112=ORIENTED_EDGE('',*,*,#3295,.T.);
#5113=ORIENTED_EDGE('',*,*,#3292,.T.);
#5114=ORIENTED_EDGE('',*,*,#3289,.T.);
#5115=ORIENTED_EDGE('',*,*,#3286,.T.);
#5116=ORIENTED_EDGE('',*,*,#3283,.T.);
#5117=ORIENTED_EDGE('',*,*,#3198,.T.);
#5118=ORIENTED_EDGE('',*,*,#3277,.T.);
#5119=ORIENTED_EDGE('',*,*,#3274,.T.);
#5120=ORIENTED_EDGE('',*,*,#3271,.T.);
#5121=ORIENTED_EDGE('',*,*,#3268,.T.);
#5122=ORIENTED_EDGE('',*,*,#3265,.T.);
#5123=ORIENTED_EDGE('',*,*,#3262,.T.);
#5124=ORIENTED_EDGE('',*,*,#3259,.T.);
#5125=ORIENTED_EDGE('',*,*,#3256,.T.);
#5126=ORIENTED_EDGE('',*,*,#3253,.T.);
#5127=ORIENTED_EDGE('',*,*,#3250,.T.);
#5128=ORIENTED_EDGE('',*,*,#3247,.T.);
#5129=ORIENTED_EDGE('',*,*,#3244,.T.);
#5130=ORIENTED_EDGE('',*,*,#3241,.T.);
#5131=ORIENTED_EDGE('',*,*,#3238,.T.);
#5132=ORIENTED_EDGE('',*,*,#3235,.T.);
#5133=ORIENTED_EDGE('',*,*,#3232,.T.);
#5134=ORIENTED_EDGE('',*,*,#3229,.T.);
#5135=ORIENTED_EDGE('',*,*,#3226,.T.);
#5136=ORIENTED_EDGE('',*,*,#3223,.T.);
#5137=ORIENTED_EDGE('',*,*,#3220,.T.);
#5138=ORIENTED_EDGE('',*,*,#3217,.T.);
#5139=ORIENTED_EDGE('',*,*,#3214,.T.);
#5140=ORIENTED_EDGE('',*,*,#3211,.T.);
#5141=ORIENTED_EDGE('',*,*,#3208,.T.);
#5142=ORIENTED_EDGE('',*,*,#3205,.T.);
#5143=ORIENTED_EDGE('',*,*,#3202,.T.);
#5144=ORIENTED_EDGE('',*,*,#3123,.T.);
#5145=ORIENTED_EDGE('',*,*,#3166,.T.);
#5146=ORIENTED_EDGE('',*,*,#3163,.T.);
#5147=ORIENTED_EDGE('',*,*,#3160,.T.);
#5148=ORIENTED_EDGE('',*,*,#3157,.T.);
#5149=ORIENTED_EDGE('',*,*,#3154,.T.);
#5150=ORIENTED_EDGE('',*,*,#3151,.T.);
#5151=ORIENTED_EDGE('',*,*,#3148,.T.);
#5152=ORIENTED_EDGE('',*,*,#3145,.T.);
#5153=ORIENTED_EDGE('',*,*,#3142,.T.);
#5154=ORIENTED_EDGE('',*,*,#3139,.T.);
#5155=ORIENTED_EDGE('',*,*,#3136,.T.);
#5156=ORIENTED_EDGE('',*,*,#3133,.T.);
#5157=ORIENTED_EDGE('',*,*,#3130,.T.);
#5158=ORIENTED_EDGE('',*,*,#3127,.T.);
#5159=ORIENTED_EDGE('',*,*,#3042,.T.);
#5160=ORIENTED_EDGE('',*,*,#3097,.T.);
#5161=ORIENTED_EDGE('',*,*,#3094,.T.);
#5162=ORIENTED_EDGE('',*,*,#3091,.T.);
#5163=ORIENTED_EDGE('',*,*,#3088,.T.);
#5164=ORIENTED_EDGE('',*,*,#3085,.T.);
#5165=ORIENTED_EDGE('',*,*,#3082,.T.);
#5166=ORIENTED_EDGE('',*,*,#3079,.T.);
#5167=ORIENTED_EDGE('',*,*,#3076,.T.);
#5168=ORIENTED_EDGE('',*,*,#3073,.T.);
#5169=ORIENTED_EDGE('',*,*,#3070,.T.);
#5170=ORIENTED_EDGE('',*,*,#3067,.T.);
#5171=ORIENTED_EDGE('',*,*,#3064,.T.);
#5172=ORIENTED_EDGE('',*,*,#3061,.T.);
#5173=ORIENTED_EDGE('',*,*,#3058,.T.);
#5174=ORIENTED_EDGE('',*,*,#3055,.T.);
#5175=ORIENTED_EDGE('',*,*,#3052,.T.);
#5176=ORIENTED_EDGE('',*,*,#3049,.T.);
#5177=ORIENTED_EDGE('',*,*,#3046,.T.);
#5178=ORIENTED_EDGE('',*,*,#3000,.T.);
#5179=ORIENTED_EDGE('',*,*,#3040,.T.);
#5180=ORIENTED_EDGE('',*,*,#3037,.T.);
#5181=ORIENTED_EDGE('',*,*,#3034,.T.);
#5182=ORIENTED_EDGE('',*,*,#3031,.T.);
#5183=ORIENTED_EDGE('',*,*,#3028,.T.);
#5184=ORIENTED_EDGE('',*,*,#3025,.T.);
#5185=ORIENTED_EDGE('',*,*,#3022,.T.);
#5186=ORIENTED_EDGE('',*,*,#3019,.T.);
#5187=ORIENTED_EDGE('',*,*,#3016,.T.);
#5188=ORIENTED_EDGE('',*,*,#3013,.T.);
#5189=ORIENTED_EDGE('',*,*,#3010,.T.);
#5190=ORIENTED_EDGE('',*,*,#3007,.T.);
#5191=ORIENTED_EDGE('',*,*,#3004,.T.);
#5192=ORIENTED_EDGE('',*,*,#2877,.T.);
#5193=ORIENTED_EDGE('',*,*,#2974,.T.);
#5194=ORIENTED_EDGE('',*,*,#2971,.T.);
#5195=ORIENTED_EDGE('',*,*,#2968,.T.);
#5196=ORIENTED_EDGE('',*,*,#2965,.T.);
#5197=ORIENTED_EDGE('',*,*,#2962,.T.);
#5198=ORIENTED_EDGE('',*,*,#2959,.T.);
#5199=ORIENTED_EDGE('',*,*,#2956,.T.);
#5200=ORIENTED_EDGE('',*,*,#2953,.T.);
#5201=ORIENTED_EDGE('',*,*,#2950,.T.);
#5202=ORIENTED_EDGE('',*,*,#2947,.T.);
#5203=ORIENTED_EDGE('',*,*,#2944,.T.);
#5204=ORIENTED_EDGE('',*,*,#2941,.T.);
#5205=ORIENTED_EDGE('',*,*,#2938,.T.);
#5206=ORIENTED_EDGE('',*,*,#2935,.T.);
#5207=ORIENTED_EDGE('',*,*,#2932,.T.);
#5208=ORIENTED_EDGE('',*,*,#2929,.T.);
#5209=ORIENTED_EDGE('',*,*,#2926,.T.);
#5210=ORIENTED_EDGE('',*,*,#2923,.T.);
#5211=ORIENTED_EDGE('',*,*,#2920,.T.);
#5212=ORIENTED_EDGE('',*,*,#2917,.T.);
#5213=ORIENTED_EDGE('',*,*,#2914,.T.);
#5214=ORIENTED_EDGE('',*,*,#2911,.T.);
#5215=ORIENTED_EDGE('',*,*,#2908,.T.);
#5216=ORIENTED_EDGE('',*,*,#2905,.T.);
#5217=ORIENTED_EDGE('',*,*,#2902,.T.);
#5218=ORIENTED_EDGE('',*,*,#2899,.T.);
#5219=ORIENTED_EDGE('',*,*,#2896,.T.);
#5220=ORIENTED_EDGE('',*,*,#2893,.T.);
#5221=ORIENTED_EDGE('',*,*,#2890,.T.);
#5222=ORIENTED_EDGE('',*,*,#2887,.T.);
#5223=ORIENTED_EDGE('',*,*,#2884,.T.);
#5224=ORIENTED_EDGE('',*,*,#2881,.T.);
#5225=ORIENTED_EDGE('',*,*,#2796,.T.);
#5226=ORIENTED_EDGE('',*,*,#2875,.T.);
#5227=ORIENTED_EDGE('',*,*,#2872,.T.);
#5228=ORIENTED_EDGE('',*,*,#2869,.T.);
#5229=ORIENTED_EDGE('',*,*,#2866,.T.);
#5230=ORIENTED_EDGE('',*,*,#2863,.T.);
#5231=ORIENTED_EDGE('',*,*,#2860,.T.);
#5232=ORIENTED_EDGE('',*,*,#2857,.T.);
#5233=ORIENTED_EDGE('',*,*,#2854,.T.);
#5234=ORIENTED_EDGE('',*,*,#2851,.T.);
#5235=ORIENTED_EDGE('',*,*,#2848,.T.);
#5236=ORIENTED_EDGE('',*,*,#2845,.T.);
#5237=ORIENTED_EDGE('',*,*,#2842,.T.);
#5238=ORIENTED_EDGE('',*,*,#2839,.T.);
#5239=ORIENTED_EDGE('',*,*,#2836,.T.);
#5240=ORIENTED_EDGE('',*,*,#2833,.T.);
#5241=ORIENTED_EDGE('',*,*,#2830,.T.);
#5242=ORIENTED_EDGE('',*,*,#2827,.T.);
#5243=ORIENTED_EDGE('',*,*,#2824,.T.);
#5244=ORIENTED_EDGE('',*,*,#2821,.T.);
#5245=ORIENTED_EDGE('',*,*,#2818,.T.);
#5246=ORIENTED_EDGE('',*,*,#2815,.T.);
#5247=ORIENTED_EDGE('',*,*,#2812,.T.);
#5248=ORIENTED_EDGE('',*,*,#2809,.T.);
#5249=ORIENTED_EDGE('',*,*,#2806,.T.);
#5250=ORIENTED_EDGE('',*,*,#2803,.T.);
#5251=ORIENTED_EDGE('',*,*,#2800,.T.);
#5252=ORIENTED_EDGE('',*,*,#3315,.T.);
#5253=ORIENTED_EDGE('',*,*,#3343,.T.);
#5254=ORIENTED_EDGE('',*,*,#3340,.T.);
#5255=ORIENTED_EDGE('',*,*,#3337,.T.);
#5256=ORIENTED_EDGE('',*,*,#3334,.T.);
#5257=ORIENTED_EDGE('',*,*,#3331,.T.);
#5258=ORIENTED_EDGE('',*,*,#3328,.T.);
#5259=ORIENTED_EDGE('',*,*,#3325,.T.);
#5260=ORIENTED_EDGE('',*,*,#3322,.T.);
#5261=ORIENTED_EDGE('',*,*,#3319,.T.);
#5262=ORIENTED_EDGE('',*,*,#3168,.T.);
#5263=ORIENTED_EDGE('',*,*,#3196,.T.);
#5264=ORIENTED_EDGE('',*,*,#3193,.T.);
#5265=ORIENTED_EDGE('',*,*,#3190,.T.);
#5266=ORIENTED_EDGE('',*,*,#3187,.T.);
#5267=ORIENTED_EDGE('',*,*,#3184,.T.);
#5268=ORIENTED_EDGE('',*,*,#3181,.T.);
#5269=ORIENTED_EDGE('',*,*,#3178,.T.);
#5270=ORIENTED_EDGE('',*,*,#3175,.T.);
#5271=ORIENTED_EDGE('',*,*,#3172,.T.);
#5272=ORIENTED_EDGE('',*,*,#3099,.T.);
#5273=ORIENTED_EDGE('',*,*,#3121,.T.);
#5274=ORIENTED_EDGE('',*,*,#3118,.T.);
#5275=ORIENTED_EDGE('',*,*,#3115,.T.);
#5276=ORIENTED_EDGE('',*,*,#3112,.T.);
#5277=ORIENTED_EDGE('',*,*,#3109,.T.);
#5278=ORIENTED_EDGE('',*,*,#3106,.T.);
#5279=ORIENTED_EDGE('',*,*,#3103,.T.);
#5280=ORIENTED_EDGE('',*,*,#2976,.T.);
#5281=ORIENTED_EDGE('',*,*,#2998,.T.);
#5282=ORIENTED_EDGE('',*,*,#2995,.T.);
#5283=ORIENTED_EDGE('',*,*,#2992,.T.);
#5284=ORIENTED_EDGE('',*,*,#2989,.T.);
#5285=ORIENTED_EDGE('',*,*,#2986,.T.);
#5286=ORIENTED_EDGE('',*,*,#2983,.T.);
#5287=ORIENTED_EDGE('',*,*,#2980,.T.);
#5288=ORIENTED_EDGE('',*,*,#3594,.T.);
#5289=ORIENTED_EDGE('',*,*,#3595,.T.);
#5290=ORIENTED_EDGE('',*,*,#3582,.T.);
#5291=ORIENTED_EDGE('',*,*,#3596,.T.);
#5292=ORIENTED_EDGE('',*,*,#3595,.F.);
#5293=ORIENTED_EDGE('',*,*,#3597,.F.);
#5294=ORIENTED_EDGE('',*,*,#3598,.F.);
#5295=ORIENTED_EDGE('',*,*,#3583,.F.);
#5296=ORIENTED_EDGE('',*,*,#3594,.F.);
#5297=ORIENTED_EDGE('',*,*,#3599,.T.);
#5298=ORIENTED_EDGE('',*,*,#3600,.T.);
#5299=ORIENTED_EDGE('',*,*,#3601,.T.);
#5300=ORIENTED_EDGE('',*,*,#3602,.T.);
#5301=ORIENTED_EDGE('',*,*,#3603,.T.);
#5302=ORIENTED_EDGE('',*,*,#3604,.T.);
#5303=ORIENTED_EDGE('',*,*,#3605,.T.);
#5304=ORIENTED_EDGE('',*,*,#3606,.T.);
#5305=ORIENTED_EDGE('',*,*,#3607,.T.);
#5306=ORIENTED_EDGE('',*,*,#3608,.F.);
#5307=ORIENTED_EDGE('',*,*,#3609,.T.);
#5308=ORIENTED_EDGE('',*,*,#3610,.F.);
#5309=ORIENTED_EDGE('',*,*,#3611,.T.);
#5310=ORIENTED_EDGE('',*,*,#3612,.F.);
#5311=ORIENTED_EDGE('',*,*,#3597,.T.);
#5312=ORIENTED_EDGE('',*,*,#3613,.T.);
#5313=ORIENTED_EDGE('',*,*,#3614,.T.);
#5314=ORIENTED_EDGE('',*,*,#3615,.T.);
#5315=ORIENTED_EDGE('',*,*,#3616,.T.);
#5316=ORIENTED_EDGE('',*,*,#3612,.T.);
#5317=ORIENTED_EDGE('',*,*,#3617,.T.);
#5318=ORIENTED_EDGE('',*,*,#3584,.T.);
#5319=ORIENTED_EDGE('',*,*,#3598,.T.);
#5320=ORIENTED_EDGE('',*,*,#3617,.F.);
#5321=ORIENTED_EDGE('',*,*,#3611,.F.);
#5322=ORIENTED_EDGE('',*,*,#3618,.F.);
#5323=ORIENTED_EDGE('',*,*,#3585,.F.);
#5324=ORIENTED_EDGE('',*,*,#3610,.T.);
#5325=ORIENTED_EDGE('',*,*,#3619,.T.);
#5326=ORIENTED_EDGE('',*,*,#3586,.T.);
#5327=ORIENTED_EDGE('',*,*,#3618,.T.);
#5328=ORIENTED_EDGE('',*,*,#3619,.F.);
#5329=ORIENTED_EDGE('',*,*,#3609,.F.);
#5330=ORIENTED_EDGE('',*,*,#3620,.F.);
#5331=ORIENTED_EDGE('',*,*,#3587,.F.);
#5332=ORIENTED_EDGE('',*,*,#3608,.T.);
#5333=ORIENTED_EDGE('',*,*,#3621,.T.);
#5334=ORIENTED_EDGE('',*,*,#3588,.T.);
#5335=ORIENTED_EDGE('',*,*,#3620,.T.);
#5336=ORIENTED_EDGE('',*,*,#3596,.F.);
#5337=ORIENTED_EDGE('',*,*,#3589,.F.);
#5338=ORIENTED_EDGE('',*,*,#3621,.F.);
#5339=ORIENTED_EDGE('',*,*,#3607,.F.);
#5340=ORIENTED_EDGE('',*,*,#3622,.T.);
#5341=ORIENTED_EDGE('',*,*,#3623,.T.);
#5342=ORIENTED_EDGE('',*,*,#3624,.T.);
#5343=ORIENTED_EDGE('',*,*,#3599,.F.);
#5344=ORIENTED_EDGE('',*,*,#3600,.F.);
#5345=ORIENTED_EDGE('',*,*,#3624,.F.);
#5346=ORIENTED_EDGE('',*,*,#3625,.T.);
#5347=ORIENTED_EDGE('',*,*,#3626,.F.);
#5348=ORIENTED_EDGE('',*,*,#3606,.F.);
#5349=ORIENTED_EDGE('',*,*,#3627,.F.);
#5350=ORIENTED_EDGE('',*,*,#3628,.T.);
#5351=ORIENTED_EDGE('',*,*,#3622,.F.);
#5352=ORIENTED_EDGE('',*,*,#3629,.F.);
#5353=ORIENTED_EDGE('',*,*,#3625,.F.);
#5354=ORIENTED_EDGE('',*,*,#3623,.F.);
#5355=ORIENTED_EDGE('',*,*,#3628,.F.);
#5356=ORIENTED_EDGE('',*,*,#3626,.T.);
#5357=ORIENTED_EDGE('',*,*,#3629,.T.);
#5358=ORIENTED_EDGE('',*,*,#3627,.T.);
#5359=ORIENTED_EDGE('',*,*,#3605,.F.);
#5360=ORIENTED_EDGE('',*,*,#3630,.F.);
#5361=ORIENTED_EDGE('',*,*,#3631,.T.);
#5362=ORIENTED_EDGE('',*,*,#3632,.T.);
#5363=ORIENTED_EDGE('',*,*,#3601,.F.);
#5364=ORIENTED_EDGE('',*,*,#3633,.F.);
#5365=ORIENTED_EDGE('',*,*,#3634,.F.);
#5366=ORIENTED_EDGE('',*,*,#3631,.F.);
#5367=ORIENTED_EDGE('',*,*,#3635,.F.);
#5368=ORIENTED_EDGE('',*,*,#3634,.T.);
#5369=ORIENTED_EDGE('',*,*,#3636,.T.);
#5370=ORIENTED_EDGE('',*,*,#3602,.F.);
#5371=ORIENTED_EDGE('',*,*,#3632,.F.);
#5372=ORIENTED_EDGE('',*,*,#3637,.T.);
#5373=ORIENTED_EDGE('',*,*,#3638,.T.);
#5374=ORIENTED_EDGE('',*,*,#3593,.T.);
#5375=ORIENTED_EDGE('',*,*,#3638,.F.);
#5376=ORIENTED_EDGE('',*,*,#3639,.T.);
#5377=ORIENTED_EDGE('',*,*,#3640,.T.);
#5378=ORIENTED_EDGE('',*,*,#3592,.T.);
#5379=ORIENTED_EDGE('',*,*,#3640,.F.);
#5380=ORIENTED_EDGE('',*,*,#3641,.T.);
#5381=ORIENTED_EDGE('',*,*,#3642,.T.);
#5382=ORIENTED_EDGE('',*,*,#3590,.T.);
#5383=ORIENTED_EDGE('',*,*,#3642,.F.);
#5384=ORIENTED_EDGE('',*,*,#3643,.T.);
#5385=ORIENTED_EDGE('',*,*,#3644,.T.);
#5386=ORIENTED_EDGE('',*,*,#3591,.T.);
#5387=ORIENTED_EDGE('',*,*,#3644,.F.);
#5388=ORIENTED_EDGE('',*,*,#3635,.T.);
#5389=ORIENTED_EDGE('',*,*,#3630,.T.);
#5390=ORIENTED_EDGE('',*,*,#3604,.F.);
#5391=ORIENTED_EDGE('',*,*,#3645,.F.);
#5392=ORIENTED_EDGE('',*,*,#3633,.T.);
#5393=ORIENTED_EDGE('',*,*,#3645,.T.);
#5394=ORIENTED_EDGE('',*,*,#3603,.F.);
#5395=ORIENTED_EDGE('',*,*,#3636,.F.);
#5396=ORIENTED_EDGE('',*,*,#2766,.T.);
#5397=ORIENTED_EDGE('',*,*,#2794,.T.);
#5398=ORIENTED_EDGE('',*,*,#2791,.T.);
#5399=ORIENTED_EDGE('',*,*,#2788,.T.);
#5400=ORIENTED_EDGE('',*,*,#2785,.T.);
#5401=ORIENTED_EDGE('',*,*,#2782,.T.);
#5402=ORIENTED_EDGE('',*,*,#2779,.T.);
#5403=ORIENTED_EDGE('',*,*,#2776,.T.);
#5404=ORIENTED_EDGE('',*,*,#2773,.T.);
#5405=ORIENTED_EDGE('',*,*,#2770,.T.);
#5406=ORIENTED_EDGE('',*,*,#3615,.F.);
#5407=ORIENTED_EDGE('',*,*,#3646,.T.);
#5408=ORIENTED_EDGE('',*,*,#3647,.T.);
#5409=ORIENTED_EDGE('',*,*,#3646,.F.);
#5410=ORIENTED_EDGE('',*,*,#3643,.F.);
#5411=ORIENTED_EDGE('',*,*,#3647,.F.);
#5412=ORIENTED_EDGE('',*,*,#3614,.F.);
#5413=ORIENTED_EDGE('',*,*,#3648,.T.);
#5414=ORIENTED_EDGE('',*,*,#3649,.T.);
#5415=ORIENTED_EDGE('',*,*,#3648,.F.);
#5416=ORIENTED_EDGE('',*,*,#3641,.F.);
#5417=ORIENTED_EDGE('',*,*,#3649,.F.);
#5418=ORIENTED_EDGE('',*,*,#3616,.F.);
#5419=ORIENTED_EDGE('',*,*,#3650,.T.);
#5420=ORIENTED_EDGE('',*,*,#3651,.T.);
#5421=ORIENTED_EDGE('',*,*,#3650,.F.);
#5422=ORIENTED_EDGE('',*,*,#3639,.F.);
#5423=ORIENTED_EDGE('',*,*,#3651,.F.);
#5424=ORIENTED_EDGE('',*,*,#3613,.F.);
#5425=ORIENTED_EDGE('',*,*,#3652,.T.);
#5426=ORIENTED_EDGE('',*,*,#3653,.T.);
#5427=ORIENTED_EDGE('',*,*,#3652,.F.);
#5428=ORIENTED_EDGE('',*,*,#3637,.F.);
#5429=ORIENTED_EDGE('',*,*,#3653,.F.);
#5430=B_SPLINE_SURFACE_WITH_KNOTS('',3,1,((#6851,#6852),(#6853,#6854),(#6855,
#6856),(#6857,#6858),(#6859,#6860)),.UNSPECIFIED.,.F.,.F.,.F.,(4,1,4),(2,
2),(0.,0.0107190242883606,0.0250097704133738),(0.,0.02),.UNSPECIFIED.);
#5431=B_SPLINE_SURFACE_WITH_KNOTS('',3,1,((#6877,#6878),(#6879,#6880),(#6881,
#6882),(#6883,#6884),(#6885,#6886)),.UNSPECIFIED.,.F.,.F.,.F.,(4,1,4),(2,
2),(0.,0.012077770771131,0.0237853294767909),(0.,0.02),.UNSPECIFIED.);
#5432=B_SPLINE_SURFACE_WITH_KNOTS('',3,1,((#6900,#6901),(#6902,#6903),(#6904,
#6905),(#6906,#6907),(#6908,#6909)),.UNSPECIFIED.,.F.,.F.,.F.,(4,1,4),(2,
2),(0.,0.0134933680090233,0.0262110420219475),(0.,0.02),.UNSPECIFIED.);
#5433=B_SPLINE_SURFACE_WITH_KNOTS('',3,1,((#6923,#6924),(#6925,#6926),(#6927,
#6928),(#6929,#6930),(#6931,#6932)),.UNSPECIFIED.,.F.,.F.,.F.,(4,1,4),(2,
2),(0.,0.0103914508439183,0.0230996687709907),(0.,0.02),.UNSPECIFIED.);
#5434=B_SPLINE_SURFACE_WITH_KNOTS('',3,1,((#6946,#6947),(#6948,#6949),(#6950,
#6951),(#6952,#6953),(#6954,#6955)),.UNSPECIFIED.,.F.,.F.,.F.,(4,1,4),(2,
2),(0.,0.00919394959530948,0.018433469491043),(0.,0.02),.UNSPECIFIED.);
#5435=B_SPLINE_SURFACE_WITH_KNOTS('',3,1,((#6969,#6970),(#6971,#6972),(#6973,
#6974),(#6975,#6976),(#6977,#6978)),.UNSPECIFIED.,.F.,.F.,.F.,(4,1,4),(2,
2),(0.,0.00610412393117266,0.0122853261802981),(0.,0.02),.UNSPECIFIED.);
#5436=B_SPLINE_SURFACE_WITH_KNOTS('',3,1,((#6992,#6993),(#6994,#6995),(#6996,
#6997),(#6998,#6999),(#7000,#7001)),.UNSPECIFIED.,.F.,.F.,.F.,(4,1,4),(2,
2),(0.,0.00649556111843269,0.0126914145147905),(0.,0.02),.UNSPECIFIED.);
#5437=B_SPLINE_SURFACE_WITH_KNOTS('',3,1,((#7015,#7016),(#7017,#7018),(#7019,
#7020),(#7021,#7022),(#7023,#7024)),.UNSPECIFIED.,.F.,.F.,.F.,(4,1,4),(2,
2),(0.,0.0131327492861536,0.0220120208340911),(0.,0.02),.UNSPECIFIED.);
#5438=B_SPLINE_SURFACE_WITH_KNOTS('',3,1,((#7038,#7039),(#7040,#7041),(#7042,
#7043),(#7044,#7045),(#7046,#7047)),.UNSPECIFIED.,.F.,.F.,.F.,(4,1,4),(2,
2),(0.,0.017457832631902,0.0412339615821551),(0.,0.02),.UNSPECIFIED.);
#5439=B_SPLINE_SURFACE_WITH_KNOTS('',3,1,((#7073,#7074),(#7075,#7076),(#7077,
#7078),(#7079,#7080),(#7081,#7082)),.UNSPECIFIED.,.F.,.F.,.F.,(4,1,4),(2,
2),(0.,0.00918677294881396,0.0185354325755474),(0.,0.02),.UNSPECIFIED.);
#5440=B_SPLINE_SURFACE_WITH_KNOTS('',3,1,((#7096,#7097),(#7098,#7099),(#7100,
#7101),(#7102,#7103),(#7104,#7105)),.UNSPECIFIED.,.F.,.F.,.F.,(4,1,4),(2,
2),(0.,0.0279529494158737,0.043362882917619),(0.,0.02),.UNSPECIFIED.);
#5441=B_SPLINE_SURFACE_WITH_KNOTS('',3,1,((#7125,#7126),(#7127,#7128),(#7129,
#7130),(#7131,#7132),(#7133,#7134)),.UNSPECIFIED.,.F.,.F.,.F.,(4,1,4),(2,
2),(0.,0.00884751940996848,0.0226981227728412),(0.,0.02),.UNSPECIFIED.);
#5442=B_SPLINE_SURFACE_WITH_KNOTS('',3,1,((#7148,#7149),(#7150,#7151),(#7152,
#7153),(#7154,#7155),(#7156,#7157)),.UNSPECIFIED.,.F.,.F.,.F.,(4,1,4),(2,
2),(0.,0.00880686673984311,0.0185085829150914),(0.,0.02),.UNSPECIFIED.);
#5443=B_SPLINE_SURFACE_WITH_KNOTS('',3,1,((#7171,#7172),(#7173,#7174),(#7175,
#7176),(#7177,#7178),(#7179,#7180)),.UNSPECIFIED.,.F.,.F.,.F.,(4,1,4),(2,
2),(0.,0.0112036139015228,0.0204521153773945),(0.,0.02),.UNSPECIFIED.);
#5444=B_SPLINE_SURFACE_WITH_KNOTS('',3,1,((#7194,#7195),(#7196,#7197),(#7198,
#7199),(#7200,#7201),(#7202,#7203)),.UNSPECIFIED.,.F.,.F.,.F.,(4,1,4),(2,
2),(0.,0.0168498539364946,0.0305815376129495),(0.,0.02),.UNSPECIFIED.);
#5445=B_SPLINE_SURFACE_WITH_KNOTS('',3,1,((#7217,#7218),(#7219,#7220),(#7221,
#7222),(#7223,#7224),(#7225,#7226)),.UNSPECIFIED.,.F.,.F.,.F.,(4,1,4),(2,
2),(0.,0.0157871774190055,0.0333984551172047),(0.,0.02),.UNSPECIFIED.);
#5446=B_SPLINE_SURFACE_WITH_KNOTS('',3,1,((#7240,#7241),(#7242,#7243),(#7244,
#7245),(#7246,#7247),(#7248,#7249)),.UNSPECIFIED.,.F.,.F.,.F.,(4,1,4),(2,
2),(0.,0.0124325829245985,0.0264042509034053),(0.,0.02),.UNSPECIFIED.);
#5447=B_SPLINE_SURFACE_WITH_KNOTS('',3,1,((#7263,#7264),(#7265,#7266),(#7267,
#7268),(#7269,#7270),(#7271,#7272)),.UNSPECIFIED.,.F.,.F.,.F.,(4,1,4),(2,
2),(0.,0.0145902627687876,0.0273098547109404),(0.,0.02),.UNSPECIFIED.);
#5448=B_SPLINE_SURFACE_WITH_KNOTS('',3,1,((#7292,#7293),(#7294,#7295),(#7296,
#7297),(#7298,#7299),(#7300,#7301)),.UNSPECIFIED.,.F.,.F.,.F.,(4,1,4),(2,
2),(0.,0.0110555651232624,0.0250694587155229),(0.,0.02),.UNSPECIFIED.);
#5449=B_SPLINE_SURFACE_WITH_KNOTS('',3,1,((#7315,#7316),(#7317,#7318),(#7319,
#7320),(#7321,#7322),(#7323,#7324)),.UNSPECIFIED.,.F.,.F.,.F.,(4,1,4),(2,
2),(0.,0.0151342471939332,0.0265989978518321),(0.,0.02),.UNSPECIFIED.);
#5450=B_SPLINE_SURFACE_WITH_KNOTS('',3,1,((#7338,#7339),(#7340,#7341),(#7342,
#7343),(#7344,#7345),(#7346,#7347)),.UNSPECIFIED.,.F.,.F.,.F.,(4,1,4),(2,
2),(0.,0.0132593549121324,0.0296606353894706),(0.,0.02),.UNSPECIFIED.);
#5451=B_SPLINE_SURFACE_WITH_KNOTS('',3,1,((#7361,#7362),(#7363,#7364),(#7365,
#7366),(#7367,#7368),(#7369,#7370)),.UNSPECIFIED.,.F.,.F.,.F.,(4,1,4),(2,
2),(0.,0.0129076462383926,0.0227592516903797),(0.,0.02),.UNSPECIFIED.);
#5452=B_SPLINE_SURFACE_WITH_KNOTS('',3,1,((#7384,#7385),(#7386,#7387),(#7388,
#7389),(#7390,#7391),(#7392,#7393)),.UNSPECIFIED.,.F.,.F.,.F.,(4,1,4),(2,
2),(0.,0.0041281453616563,0.00641352255775824),(0.,0.02),.UNSPECIFIED.);
#5453=B_SPLINE_SURFACE_WITH_KNOTS('',3,1,((#7407,#7408),(#7409,#7410),(#7411,
#7412),(#7413,#7414),(#7415,#7416)),.UNSPECIFIED.,.F.,.F.,.F.,(4,1,4),(2,
2),(0.,0.0261096805521994,0.0446557022836431),(0.,0.02),.UNSPECIFIED.);
#5454=B_SPLINE_SURFACE_WITH_KNOTS('',3,1,((#7430,#7431),(#7432,#7433),(#7434,
#7435),(#7436,#7437),(#7438,#7439)),.UNSPECIFIED.,.F.,.F.,.F.,(4,1,4),(2,
2),(0.,0.00926420530142875,0.0221474302810417),(0.,0.02),.UNSPECIFIED.);
#5455=B_SPLINE_SURFACE_WITH_KNOTS('',3,1,((#7453,#7454),(#7455,#7456),(#7457,
#7458),(#7459,#7460),(#7461,#7462)),.UNSPECIFIED.,.F.,.F.,.F.,(4,1,4),(2,
2),(0.,0.0095588590579102,0.0194792924030196),(0.,0.02),.UNSPECIFIED.);
#5456=B_SPLINE_SURFACE_WITH_KNOTS('',3,1,((#7476,#7477),(#7478,#7479),(#7480,
#7481),(#7482,#7483),(#7484,#7485)),.UNSPECIFIED.,.F.,.F.,.F.,(4,1,4),(2,
2),(0.,0.0097039810149507,0.0191192287104762),(0.,0.02),.UNSPECIFIED.);
#5457=B_SPLINE_SURFACE_WITH_KNOTS('',3,1,((#7499,#7500),(#7501,#7502),(#7503,
#7504),(#7505,#7506),(#7507,#7508)),.UNSPECIFIED.,.F.,.F.,.F.,(4,1,4),(2,
2),(0.,0.0102525015268393,0.0201993360483407),(0.,0.02),.UNSPECIFIED.);
#5458=B_SPLINE_SURFACE_WITH_KNOTS('',3,1,((#7522,#7523),(#7524,#7525),(#7526,
#7527),(#7528,#7529),(#7530,#7531)),.UNSPECIFIED.,.F.,.F.,.F.,(4,1,4),(2,
2),(0.,0.0164006736379662,0.0332333764520804),(0.,0.02),.UNSPECIFIED.);
#5459=B_SPLINE_SURFACE_WITH_KNOTS('',3,1,((#7545,#7546),(#7547,#7548),(#7549,
#7550),(#7551,#7552),(#7553,#7554)),.UNSPECIFIED.,.F.,.F.,.F.,(4,1,4),(2,
2),(0.,0.0213123185994453,0.0391862060429926),(0.,0.02),.UNSPECIFIED.);
#5460=B_SPLINE_SURFACE_WITH_KNOTS('',3,1,((#7568,#7569),(#7570,#7571),(#7572,
#7573),(#7574,#7575),(#7576,#7577)),.UNSPECIFIED.,.F.,.F.,.F.,(4,1,4),(2,
2),(0.,0.0135611842192663,0.0276126663208985),(0.,0.02),.UNSPECIFIED.);
#5461=B_SPLINE_SURFACE_WITH_KNOTS('',3,1,((#7591,#7592),(#7593,#7594),(#7595,
#7596),(#7597,#7598),(#7599,#7600)),.UNSPECIFIED.,.F.,.F.,.F.,(4,1,4),(2,
2),(0.,0.0166443695863482,0.0310583628624433),(0.,0.02),.UNSPECIFIED.);
#5462=B_SPLINE_SURFACE_WITH_KNOTS('',3,1,((#7614,#7615),(#7616,#7617),(#7618,
#7619),(#7620,#7621),(#7622,#7623)),.UNSPECIFIED.,.F.,.F.,.F.,(4,1,4),(2,
2),(0.,0.00886194066305453,0.0186085789474002),(0.,0.02),.UNSPECIFIED.);
#5463=B_SPLINE_SURFACE_WITH_KNOTS('',3,1,((#7635,#7636),(#7637,#7638),(#7639,
#7640),(#7641,#7642),(#7643,#7644)),.UNSPECIFIED.,.F.,.F.,.F.,(4,1,4),(2,
2),(0.,0.0250529432404917,0.0452340232165906),(0.,0.02),.UNSPECIFIED.);
#5464=B_SPLINE_SURFACE_WITH_KNOTS('',3,1,((#7661,#7662),(#7663,#7664),(#7665,
#7666),(#7667,#7668),(#7669,#7670)),.UNSPECIFIED.,.F.,.F.,.F.,(4,1,4),(2,
2),(0.,0.0150654016216751,0.031299784458239),(0.,0.02),.UNSPECIFIED.);
#5465=B_SPLINE_SURFACE_WITH_KNOTS('',3,1,((#7684,#7685),(#7686,#7687),(#7688,
#7689),(#7690,#7691),(#7692,#7693)),.UNSPECIFIED.,.F.,.F.,.F.,(4,1,4),(2,
2),(0.,0.0130014931542632,0.0269079334241601),(0.,0.02),.UNSPECIFIED.);
#5466=B_SPLINE_SURFACE_WITH_KNOTS('',3,1,((#7707,#7708),(#7709,#7710),(#7711,
#7712),(#7713,#7714),(#7715,#7716)),.UNSPECIFIED.,.F.,.F.,.F.,(4,1,4),(2,
2),(0.,0.0120539341024748,0.0244791118621416),(0.,0.02),.UNSPECIFIED.);
#5467=B_SPLINE_SURFACE_WITH_KNOTS('',3,1,((#7730,#7731),(#7732,#7733),(#7734,
#7735),(#7736,#7737),(#7738,#7739)),.UNSPECIFIED.,.F.,.F.,.F.,(4,1,4),(2,
2),(0.,0.0104526595604181,0.0220735432004771),(0.,0.02),.UNSPECIFIED.);
#5468=B_SPLINE_SURFACE_WITH_KNOTS('',3,1,((#7753,#7754),(#7755,#7756),(#7757,
#7758),(#7759,#7760),(#7761,#7762)),.UNSPECIFIED.,.F.,.F.,.F.,(4,1,4),(2,
2),(0.,0.0106808521062551,0.0208878719594339),(0.,0.02),.UNSPECIFIED.);
#5469=B_SPLINE_SURFACE_WITH_KNOTS('',3,1,((#7776,#7777),(#7778,#7779),(#7780,
#7781),(#7782,#7783),(#7784,#7785)),.UNSPECIFIED.,.F.,.F.,.F.,(4,1,4),(2,
2),(0.,0.0230050489663608,0.0381184066941174),(0.,0.02),.UNSPECIFIED.);
#5470=B_SPLINE_SURFACE_WITH_KNOTS('',3,1,((#7799,#7800),(#7801,#7802),(#7803,
#7804),(#7805,#7806),(#7807,#7808)),.UNSPECIFIED.,.F.,.F.,.F.,(4,1,4),(2,
2),(0.,0.0076054333035917,0.0225832714116934),(0.,0.02),.UNSPECIFIED.);
#5471=B_SPLINE_SURFACE_WITH_KNOTS('',3,1,((#7822,#7823),(#7824,#7825),(#7826,
#7827),(#7828,#7829),(#7830,#7831)),.UNSPECIFIED.,.F.,.F.,.F.,(4,1,4),(2,
2),(0.,0.00528429839724046,0.0115699514219233),(0.,0.02),.UNSPECIFIED.);
#5472=B_SPLINE_SURFACE_WITH_KNOTS('',3,1,((#7845,#7846),(#7847,#7848),(#7849,
#7850),(#7851,#7852),(#7853,#7854)),.UNSPECIFIED.,.F.,.F.,.F.,(4,1,4),(2,
2),(0.,0.00459779494693166,0.0092389118473131),(0.,0.02),.UNSPECIFIED.);
#5473=B_SPLINE_SURFACE_WITH_KNOTS('',3,1,((#7868,#7869),(#7870,#7871),(#7872,
#7873),(#7874,#7875),(#7876,#7877)),.UNSPECIFIED.,.F.,.F.,.F.,(4,1,4),(2,
2),(0.,0.00814031433039777,0.0153950349694678),(0.,0.02),.UNSPECIFIED.);
#5474=B_SPLINE_SURFACE_WITH_KNOTS('',3,1,((#7891,#7892),(#7893,#7894),(#7895,
#7896),(#7897,#7898),(#7899,#7900)),.UNSPECIFIED.,.F.,.F.,.F.,(4,1,4),(2,
2),(0.,0.0145624875604247,0.0250868677249459),(0.,0.02),.UNSPECIFIED.);
#5475=B_SPLINE_SURFACE_WITH_KNOTS('',3,1,((#7914,#7915),(#7916,#7917),(#7918,
#7919),(#7920,#7921),(#7922,#7923)),.UNSPECIFIED.,.F.,.F.,.F.,(4,1,4),(2,
2),(0.,0.0105702246123899,0.0233714000819542),(0.,0.02),.UNSPECIFIED.);
#5476=B_SPLINE_SURFACE_WITH_KNOTS('',3,1,((#7937,#7938),(#7939,#7940),(#7941,
#7942),(#7943,#7944),(#7945,#7946)),.UNSPECIFIED.,.F.,.F.,.F.,(4,1,4),(2,
2),(0.,0.010457180672911,0.0202499660897174),(0.,0.02),.UNSPECIFIED.);
#5477=B_SPLINE_SURFACE_WITH_KNOTS('',3,1,((#7966,#7967),(#7968,#7969),(#7970,
#7971),(#7972,#7973),(#7974,#7975)),.UNSPECIFIED.,.F.,.F.,.F.,(4,1,4),(2,
2),(0.,0.0110916747751065,0.0241453941702465),(0.,0.02),.UNSPECIFIED.);
#5478=B_SPLINE_SURFACE_WITH_KNOTS('',3,1,((#7989,#7990),(#7991,#7992),(#7993,
#7994),(#7995,#7996),(#7997,#7998)),.UNSPECIFIED.,.F.,.F.,.F.,(4,1,4),(2,
2),(0.,0.0126075460351902,0.0234622925277765),(0.,0.02),.UNSPECIFIED.);
#5479=B_SPLINE_SURFACE_WITH_KNOTS('',3,1,((#8012,#8013),(#8014,#8015),(#8016,
#8017),(#8018,#8019),(#8020,#8021)),.UNSPECIFIED.,.F.,.F.,.F.,(4,1,4),(2,
2),(0.,0.0160599706343525,0.0304711378413978),(0.,0.02),.UNSPECIFIED.);
#5480=B_SPLINE_SURFACE_WITH_KNOTS('',3,1,((#8035,#8036),(#8037,#8038),(#8039,
#8040),(#8041,#8042),(#8043,#8044)),.UNSPECIFIED.,.F.,.F.,.F.,(4,1,4),(2,
2),(0.,0.0104823949823323,0.0214721145160338),(0.,0.02),.UNSPECIFIED.);
#5481=B_SPLINE_SURFACE_WITH_KNOTS('',3,1,((#8058,#8059),(#8060,#8061),(#8062,
#8063),(#8064,#8065),(#8066,#8067)),.UNSPECIFIED.,.F.,.F.,.F.,(4,1,4),(2,
2),(0.,0.00781567880382361,0.0172466270783719),(0.,0.02),.UNSPECIFIED.);
#5482=B_SPLINE_SURFACE_WITH_KNOTS('',3,1,((#8081,#8082),(#8083,#8084),(#8085,
#8086),(#8087,#8088),(#8089,#8090)),.UNSPECIFIED.,.F.,.F.,.F.,(4,1,4),(2,
2),(0.,0.00919130129546148,0.0183924878095776),(0.,0.02),.UNSPECIFIED.);
#5483=B_SPLINE_SURFACE_WITH_KNOTS('',3,1,((#8104,#8105),(#8106,#8107),(#8108,
#8109),(#8110,#8111),(#8112,#8113)),.UNSPECIFIED.,.F.,.F.,.F.,(4,1,4),(2,
2),(0.,0.00939373769617269,0.018625338756782),(0.,0.02),.UNSPECIFIED.);
#5484=B_SPLINE_SURFACE_WITH_KNOTS('',3,1,((#8127,#8128),(#8129,#8130),(#8131,
#8132),(#8133,#8134),(#8135,#8136)),.UNSPECIFIED.,.F.,.F.,.F.,(4,1,4),(2,
2),(0.,0.0101034783479542,0.0203729820899179),(0.,0.02),.UNSPECIFIED.);
#5485=B_SPLINE_SURFACE_WITH_KNOTS('',3,1,((#8150,#8151),(#8152,#8153),(#8154,
#8155),(#8156,#8157),(#8158,#8159)),.UNSPECIFIED.,.F.,.F.,.F.,(4,1,4),(2,
2),(0.,0.0109266946512619,0.0212110526877763),(0.,0.02),.UNSPECIFIED.);
#5486=B_SPLINE_SURFACE_WITH_KNOTS('',3,1,((#8173,#8174),(#8175,#8176),(#8177,
#8178),(#8179,#8180),(#8181,#8182)),.UNSPECIFIED.,.F.,.F.,.F.,(4,1,4),(2,
2),(0.,0.0237364967950811,0.0392987548688096),(0.,0.02),.UNSPECIFIED.);
#5487=B_SPLINE_SURFACE_WITH_KNOTS('',3,1,((#8196,#8197),(#8198,#8199),(#8200,
#8201),(#8202,#8203),(#8204,#8205)),.UNSPECIFIED.,.F.,.F.,.F.,(4,1,4),(2,
2),(0.,0.00955251762653693,0.0264931225407675),(0.,0.02),.UNSPECIFIED.);
#5488=B_SPLINE_SURFACE_WITH_KNOTS('',3,1,((#8219,#8220),(#8221,#8222),(#8223,
#8224),(#8225,#8226),(#8227,#8228)),.UNSPECIFIED.,.F.,.F.,.F.,(4,1,4),(2,
2),(0.,0.00765178176134343,0.0154915956656033),(0.,0.02),.UNSPECIFIED.);
#5489=B_SPLINE_SURFACE_WITH_KNOTS('',3,1,((#8242,#8243),(#8244,#8245),(#8246,
#8247),(#8248,#8249),(#8250,#8251)),.UNSPECIFIED.,.F.,.F.,.F.,(4,1,4),(2,
2),(0.,0.00968167527265881,0.0185997325934225),(0.,0.02),.UNSPECIFIED.);
#5490=B_SPLINE_SURFACE_WITH_KNOTS('',3,1,((#8265,#8266),(#8267,#8268),(#8269,
#8270),(#8271,#8272),(#8273,#8274)),.UNSPECIFIED.,.F.,.F.,.F.,(4,1,4),(2,
2),(0.,0.0148343005053318,0.026418844815669),(0.,0.02),.UNSPECIFIED.);
#5491=B_SPLINE_SURFACE_WITH_KNOTS('',3,1,((#8288,#8289),(#8290,#8291),(#8292,
#8293),(#8294,#8295),(#8296,#8297)),.UNSPECIFIED.,.F.,.F.,.F.,(4,1,4),(2,
2),(0.,0.0126310283931508,0.0276786834793559),(0.,0.02),.UNSPECIFIED.);
#5492=B_SPLINE_SURFACE_WITH_KNOTS('',3,1,((#8311,#8312),(#8313,#8314),(#8315,
#8316),(#8317,#8318),(#8319,#8320)),.UNSPECIFIED.,.F.,.F.,.F.,(4,1,4),(2,
2),(0.,0.0134608603431354,0.0255628154687248),(0.,0.02),.UNSPECIFIED.);
#5493=B_SPLINE_SURFACE_WITH_KNOTS('',3,1,((#8340,#8341),(#8342,#8343),(#8344,
#8345),(#8346,#8347),(#8348,#8349)),.UNSPECIFIED.,.F.,.F.,.F.,(4,1,4),(2,
2),(0.,0.0189500595760099,0.0402781886899846),(0.,0.02),.UNSPECIFIED.);
#5494=B_SPLINE_SURFACE_WITH_KNOTS('',3,1,((#8361,#8362),(#8363,#8364),(#8365,
#8366),(#8367,#8368),(#8369,#8370)),.UNSPECIFIED.,.F.,.F.,.F.,(4,1,4),(2,
2),(0.,0.0153911391675542,0.0312833415463651),(0.,0.02),.UNSPECIFIED.);
#5495=B_SPLINE_SURFACE_WITH_KNOTS('',3,1,((#8387,#8388),(#8389,#8390),(#8391,
#8392),(#8393,#8394),(#8395,#8396)),.UNSPECIFIED.,.F.,.F.,.F.,(4,1,4),(2,
2),(0.,0.0165077278512938,0.0323447832008238),(0.,0.02),.UNSPECIFIED.);
#5496=B_SPLINE_SURFACE_WITH_KNOTS('',3,1,((#8410,#8411),(#8412,#8413),(#8414,
#8415),(#8416,#8417),(#8418,#8419)),.UNSPECIFIED.,.F.,.F.,.F.,(4,1,4),(2,
2),(0.,0.0259431100129268,0.0457741416730733),(0.,0.02),.UNSPECIFIED.);
#5497=B_SPLINE_SURFACE_WITH_KNOTS('',3,1,((#8433,#8434),(#8435,#8436),(#8437,
#8438),(#8439,#8440),(#8441,#8442)),.UNSPECIFIED.,.F.,.F.,.F.,(4,1,4),(2,
2),(0.,0.0186470151027174,0.0423649835383692),(0.,0.02),.UNSPECIFIED.);
#5498=B_SPLINE_SURFACE_WITH_KNOTS('',3,1,((#8456,#8457),(#8458,#8459),(#8460,
#8461),(#8462,#8463),(#8464,#8465)),.UNSPECIFIED.,.F.,.F.,.F.,(4,1,4),(2,
2),(0.,0.0152468094802072,0.0311493810874141),(0.,0.02),.UNSPECIFIED.);
#5499=B_SPLINE_SURFACE_WITH_KNOTS('',3,1,((#8479,#8480),(#8481,#8482),(#8483,
#8484),(#8485,#8486),(#8487,#8488)),.UNSPECIFIED.,.F.,.F.,.F.,(4,1,4),(2,
2),(0.,0.0164432353236831,0.0317406293937267),(0.,0.02),.UNSPECIFIED.);
#5500=B_SPLINE_SURFACE_WITH_KNOTS('',3,1,((#8502,#8503),(#8504,#8505),(#8506,
#8507),(#8508,#8509),(#8510,#8511)),.UNSPECIFIED.,.F.,.F.,.F.,(4,1,4),(2,
2),(0.,0.0244941009650517,0.0438962688700639),(0.,0.02),.UNSPECIFIED.);
#5501=B_SPLINE_SURFACE_WITH_KNOTS('',3,1,((#8525,#8526),(#8527,#8528),(#8529,
#8530),(#8531,#8532),(#8533,#8534)),.UNSPECIFIED.,.F.,.F.,.F.,(4,1,4),(2,
2),(0.,0.0190918768074991,0.044174391635894),(0.,0.02),.UNSPECIFIED.);
#5502=B_SPLINE_SURFACE_WITH_KNOTS('',3,1,((#8566,#8567),(#8568,#8569),(#8570,
#8571),(#8572,#8573),(#8574,#8575)),.UNSPECIFIED.,.F.,.F.,.F.,(4,1,4),(2,
2),(0.,0.0112482356427117,0.0221471711457689),(0.,0.02),.UNSPECIFIED.);
#5503=B_SPLINE_SURFACE_WITH_KNOTS('',3,1,((#8589,#8590),(#8591,#8592),(#8593,
#8594),(#8595,#8596),(#8597,#8598)),.UNSPECIFIED.,.F.,.F.,.F.,(4,1,4),(2,
2),(0.,0.0124574181556727,0.024163608662902),(0.,0.02),.UNSPECIFIED.);
#5504=B_SPLINE_SURFACE_WITH_KNOTS('',3,1,((#8612,#8613),(#8614,#8615),(#8616,
#8617),(#8618,#8619),(#8620,#8621)),.UNSPECIFIED.,.F.,.F.,.F.,(4,1,4),(2,
2),(0.,0.016862825421696,0.0340439129194783),(0.,0.02),.UNSPECIFIED.);
#5505=B_SPLINE_SURFACE_WITH_KNOTS('',3,1,((#8635,#8636),(#8637,#8638),(#8639,
#8640),(#8641,#8642),(#8643,#8644)),.UNSPECIFIED.,.F.,.F.,.F.,(4,1,4),(2,
2),(0.,0.0180323160433894,0.0351152677419494),(0.,0.02),.UNSPECIFIED.);
#5506=B_SPLINE_SURFACE_WITH_KNOTS('',3,1,((#8658,#8659),(#8660,#8661),(#8662,
#8663),(#8664,#8665),(#8666,#8667)),.UNSPECIFIED.,.F.,.F.,.F.,(4,1,4),(2,
2),(0.,0.0207643745668794,0.0402091060548333),(0.,0.02),.UNSPECIFIED.);
#5507=B_SPLINE_SURFACE_WITH_KNOTS('',3,1,((#8681,#8682),(#8683,#8684),(#8685,
#8686),(#8687,#8688),(#8689,#8690)),.UNSPECIFIED.,.F.,.F.,.F.,(4,1,4),(2,
2),(0.,0.0193495167390528,0.0404026665672102),(0.,0.02),.UNSPECIFIED.);
#5508=B_SPLINE_SURFACE_WITH_KNOTS('',3,1,((#8704,#8705),(#8706,#8707),(#8708,
#8709),(#8710,#8711),(#8712,#8713)),.UNSPECIFIED.,.F.,.F.,.F.,(4,1,4),(2,
2),(0.,0.0172379097811844,0.0352493502902505),(0.,0.02),.UNSPECIFIED.);
#5509=B_SPLINE_SURFACE_WITH_KNOTS('',3,1,((#8727,#8728),(#8729,#8730),(#8731,
#8732),(#8733,#8734),(#8735,#8736)),.UNSPECIFIED.,.F.,.F.,.F.,(4,1,4),(2,
2),(0.,0.0167974832699578,0.033626230539367),(0.,0.02),.UNSPECIFIED.);
#5510=B_SPLINE_SURFACE_WITH_KNOTS('',3,1,((#8750,#8751),(#8752,#8753),(#8754,
#8755),(#8756,#8757),(#8758,#8759)),.UNSPECIFIED.,.F.,.F.,.F.,(4,1,4),(2,
2),(0.,0.023473508828941,0.0475827165265428),(0.,0.02),.UNSPECIFIED.);
#5511=B_SPLINE_SURFACE_WITH_KNOTS('',3,1,((#8783,#8784),(#8785,#8786),(#8787,
#8788),(#8789,#8790),(#8791,#8792)),.UNSPECIFIED.,.F.,.F.,.F.,(4,1,4),(2,
2),(0.,0.0134512236902515,0.0262029560367371),(0.,0.02),.UNSPECIFIED.);
#5512=B_SPLINE_SURFACE_WITH_KNOTS('',3,1,((#8809,#8810),(#8811,#8812),(#8813,
#8814),(#8815,#8816),(#8817,#8818)),.UNSPECIFIED.,.F.,.F.,.F.,(4,1,4),(2,
2),(0.,0.0162701561119811,0.0329052723424502),(0.,0.02),.UNSPECIFIED.);
#5513=B_SPLINE_SURFACE_WITH_KNOTS('',3,1,((#8832,#8833),(#8834,#8835),(#8836,
#8837),(#8838,#8839),(#8840,#8841)),.UNSPECIFIED.,.F.,.F.,.F.,(4,1,4),(2,
2),(0.,0.0253593370772465,0.0445178901700208),(0.,0.02),.UNSPECIFIED.);
#5514=B_SPLINE_SURFACE_WITH_KNOTS('',3,1,((#8855,#8856),(#8857,#8858),(#8859,
#8860),(#8861,#8862),(#8863,#8864)),.UNSPECIFIED.,.F.,.F.,.F.,(4,1,4),(2,
2),(0.,0.0192493581018457,0.0443321828497074),(0.,0.02),.UNSPECIFIED.);
#5515=B_SPLINE_SURFACE_WITH_KNOTS('',3,1,((#8878,#8879),(#8880,#8881),(#8882,
#8883),(#8884,#8885),(#8886,#8887)),.UNSPECIFIED.,.F.,.F.,.F.,(4,1,4),(2,
2),(0.,0.0171401434160862,0.0337943046625559),(0.,0.02),.UNSPECIFIED.);
#5516=B_SPLINE_SURFACE_WITH_KNOTS('',3,1,((#8901,#8902),(#8903,#8904),(#8905,
#8906),(#8907,#8908),(#8909,#8910)),.UNSPECIFIED.,.F.,.F.,.F.,(4,1,4),(2,
2),(0.,0.011047693690649,0.022570310832807),(0.,0.02),.UNSPECIFIED.);
#5517=B_SPLINE_SURFACE_WITH_KNOTS('',3,1,((#8924,#8925),(#8926,#8927),(#8928,
#8929),(#8930,#8931),(#8932,#8933)),.UNSPECIFIED.,.F.,.F.,.F.,(4,1,4),(2,
2),(0.,0.0136343624075555,0.0253900361628607),(0.,0.02),.UNSPECIFIED.);
#5518=B_SPLINE_SURFACE_WITH_KNOTS('',3,1,((#8953,#8954),(#8955,#8956),(#8957,
#8958),(#8959,#8960),(#8961,#8962)),.UNSPECIFIED.,.F.,.F.,.F.,(4,1,4),(2,
2),(0.,0.0189796364096212,0.0396324640436051),(0.,0.02),.UNSPECIFIED.);
#5519=B_SPLINE_SURFACE_WITH_KNOTS('',3,1,((#8976,#8977),(#8978,#8979),(#8980,
#8981),(#8982,#8983),(#8984,#8985)),.UNSPECIFIED.,.F.,.F.,.F.,(4,1,4),(2,
2),(0.,0.0216596013569727,0.0410106483289866),(0.,0.02),.UNSPECIFIED.);
#5520=B_SPLINE_SURFACE_WITH_KNOTS('',3,1,((#8999,#9000),(#9001,#9002),(#9003,
#9004),(#9005,#9006),(#9007,#9008)),.UNSPECIFIED.,.F.,.F.,.F.,(4,1,4),(2,
2),(0.,0.0178570362385898,0.0359822163579438),(0.,0.02),.UNSPECIFIED.);
#5521=B_SPLINE_SURFACE_WITH_KNOTS('',3,1,((#9022,#9023),(#9024,#9025),(#9026,
#9027),(#9028,#9029),(#9030,#9031)),.UNSPECIFIED.,.F.,.F.,.F.,(4,1,4),(2,
2),(0.,0.0182559479151479,0.0359534942321607),(0.,0.02),.UNSPECIFIED.);
#5522=B_SPLINE_SURFACE_WITH_KNOTS('',3,1,((#9045,#9046),(#9047,#9048),(#9049,
#9050),(#9051,#9052),(#9053,#9054)),.UNSPECIFIED.,.F.,.F.,.F.,(4,1,4),(2,
2),(0.,0.02208437731597,0.0420219456028088),(0.,0.02),.UNSPECIFIED.);
#5523=B_SPLINE_SURFACE_WITH_KNOTS('',3,1,((#9068,#9069),(#9070,#9071),(#9072,
#9073),(#9074,#9075),(#9076,#9077)),.UNSPECIFIED.,.F.,.F.,.F.,(4,1,4),(2,
2),(0.,0.0272627228972251,0.059656564739229),(0.,0.02),.UNSPECIFIED.);
#5524=B_SPLINE_SURFACE_WITH_KNOTS('',3,1,((#9091,#9092),(#9093,#9094),(#9095,
#9096),(#9097,#9098),(#9099,#9100)),.UNSPECIFIED.,.F.,.F.,.F.,(4,1,4),(2,
2),(0.,0.0272613279319201,0.0528205922317014),(0.,0.02),.UNSPECIFIED.);
#5525=B_SPLINE_SURFACE_WITH_KNOTS('',3,1,((#9114,#9115),(#9116,#9117),(#9118,
#9119),(#9120,#9121),(#9122,#9123)),.UNSPECIFIED.,.F.,.F.,.F.,(4,1,4),(2,
2),(0.,0.0210236569103605,0.0431859113362898),(0.,0.02),.UNSPECIFIED.);
#5526=B_SPLINE_SURFACE_WITH_KNOTS('',3,1,((#9137,#9138),(#9139,#9140),(#9141,
#9142),(#9143,#9144),(#9145,#9146)),.UNSPECIFIED.,.F.,.F.,.F.,(4,1,4),(2,
2),(0.,0.0233423195356211,0.0447425397102322),(0.,0.02),.UNSPECIFIED.);
#5527=B_SPLINE_SURFACE_WITH_KNOTS('',3,1,((#9166,#9167),(#9168,#9169),(#9170,
#9171),(#9172,#9173),(#9174,#9175)),.UNSPECIFIED.,.F.,.F.,.F.,(4,1,4),(2,
2),(0.,0.0137581766636885,0.0303720419380491),(0.,0.02),.UNSPECIFIED.);
#5528=B_SPLINE_SURFACE_WITH_KNOTS('',3,1,((#9187,#9188),(#9189,#9190),(#9191,
#9192),(#9193,#9194),(#9195,#9196)),.UNSPECIFIED.,.F.,.F.,.F.,(4,1,4),(2,
2),(0.,0.0152329899398597,0.0322447533197694),(0.,0.02),.UNSPECIFIED.);
#5529=B_SPLINE_SURFACE_WITH_KNOTS('',3,1,((#9213,#9214),(#9215,#9216),(#9217,
#9218),(#9219,#9220),(#9221,#9222)),.UNSPECIFIED.,.F.,.F.,.F.,(4,1,4),(2,
2),(0.,0.0162187445756386,0.031333384866261),(0.,0.02),.UNSPECIFIED.);
#5530=B_SPLINE_SURFACE_WITH_KNOTS('',3,1,((#9236,#9237),(#9238,#9239),(#9240,
#9241),(#9242,#9243),(#9244,#9245)),.UNSPECIFIED.,.F.,.F.,.F.,(4,1,4),(2,
2),(0.,0.0243824407205848,0.0436392915483184),(0.,0.02),.UNSPECIFIED.);
#5531=B_SPLINE_SURFACE_WITH_KNOTS('',3,1,((#9259,#9260),(#9261,#9262),(#9263,
#9264),(#9265,#9266),(#9267,#9268)),.UNSPECIFIED.,.F.,.F.,.F.,(4,1,4),(2,
2),(0.,0.0196991756840523,0.0451227675507863),(0.,0.02),.UNSPECIFIED.);
#5532=B_SPLINE_SURFACE_WITH_KNOTS('',3,1,((#9282,#9283),(#9284,#9285),(#9286,
#9287),(#9288,#9289),(#9290,#9291)),.UNSPECIFIED.,.F.,.F.,.F.,(4,1,4),(2,
2),(0.,0.015583786233722,0.0320989429087473),(0.,0.02),.UNSPECIFIED.);
#5533=B_SPLINE_SURFACE_WITH_KNOTS('',3,1,((#9305,#9306),(#9307,#9308),(#9309,
#9310),(#9311,#9312),(#9313,#9314)),.UNSPECIFIED.,.F.,.F.,.F.,(4,1,4),(2,
2),(0.,0.0160381172759529,0.031312797717397),(0.,0.02),.UNSPECIFIED.);
#5534=B_SPLINE_SURFACE_WITH_KNOTS('',3,1,((#9328,#9329),(#9330,#9331),(#9332,
#9333),(#9334,#9335),(#9336,#9337)),.UNSPECIFIED.,.F.,.F.,.F.,(4,1,4),(2,
2),(0.,0.0244820925243524,0.0435023861835854),(0.,0.02),.UNSPECIFIED.);
#5535=B_SPLINE_SURFACE_WITH_KNOTS('',3,1,((#9351,#9352),(#9353,#9354),(#9355,
#9356),(#9357,#9358),(#9359,#9360)),.UNSPECIFIED.,.F.,.F.,.F.,(4,1,4),(2,
2),(0.,0.0201414566570937,0.0449675150659998),(0.,0.02),.UNSPECIFIED.);
#5536=B_SPLINE_SURFACE_WITH_KNOTS('',3,1,((#9380,#9381),(#9382,#9383),(#9384,
#9385),(#9386,#9387),(#9388,#9389)),.UNSPECIFIED.,.F.,.F.,.F.,(4,1,4),(2,
2),(0.,0.0106466358434291,0.0208120655162464),(0.,0.02),.UNSPECIFIED.);
#5537=B_SPLINE_SURFACE_WITH_KNOTS('',3,1,((#9403,#9404),(#9405,#9406),(#9407,
#9408),(#9409,#9410),(#9411,#9412)),.UNSPECIFIED.,.F.,.F.,.F.,(4,1,4),(2,
2),(0.,0.0117191111147644,0.0228085855378771),(0.,0.02),.UNSPECIFIED.);
#5538=B_SPLINE_SURFACE_WITH_KNOTS('',3,1,((#9426,#9427),(#9428,#9429),(#9430,
#9431),(#9432,#9433),(#9434,#9435)),.UNSPECIFIED.,.F.,.F.,.F.,(4,1,4),(2,
2),(0.,0.017147684669831,0.03370640170894),(0.,0.02),.UNSPECIFIED.);
#5539=B_SPLINE_SURFACE_WITH_KNOTS('',3,1,((#9449,#9450),(#9451,#9452),(#9453,
#9454),(#9455,#9456),(#9457,#9458)),.UNSPECIFIED.,.F.,.F.,.F.,(4,1,4),(2,
2),(0.,0.0185211253089314,0.0362226074371056),(0.,0.02),.UNSPECIFIED.);
#5540=B_SPLINE_SURFACE_WITH_KNOTS('',3,1,((#9472,#9473),(#9474,#9475),(#9476,
#9477),(#9478,#9479),(#9480,#9481)),.UNSPECIFIED.,.F.,.F.,.F.,(4,1,4),(2,
2),(0.,0.021222902518495,0.0410595357655393),(0.,0.02),.UNSPECIFIED.);
#5541=B_SPLINE_SURFACE_WITH_KNOTS('',3,1,((#9495,#9496),(#9497,#9498),(#9499,
#9500),(#9501,#9502),(#9503,#9504)),.UNSPECIFIED.,.F.,.F.,.F.,(4,1,4),(2,
2),(0.,0.0190193407937057,0.0390023685073273),(0.,0.02),.UNSPECIFIED.);
#5542=B_SPLINE_SURFACE_WITH_KNOTS('',3,1,((#9518,#9519),(#9520,#9521),(#9522,
#9523),(#9524,#9525),(#9526,#9527)),.UNSPECIFIED.,.F.,.F.,.F.,(4,1,4),(2,
2),(0.,0.0169551260640989,0.0348056628325784),(0.,0.02),.UNSPECIFIED.);
#5543=B_SPLINE_SURFACE_WITH_KNOTS('',3,1,((#9541,#9542),(#9543,#9544),(#9545,
#9546),(#9547,#9548),(#9549,#9550)),.UNSPECIFIED.,.F.,.F.,.F.,(4,1,4),(2,
2),(0.,0.0176249408479037,0.0344999799869935),(0.,0.02),.UNSPECIFIED.);
#5544=B_SPLINE_SURFACE_WITH_KNOTS('',3,1,((#9564,#9565),(#9566,#9567),(#9568,
#9569),(#9570,#9571),(#9572,#9573)),.UNSPECIFIED.,.F.,.F.,.F.,(4,1,4),(2,
2),(0.,0.0117699876226806,0.0249734629992277),(0.,0.02),.UNSPECIFIED.);
#5545=B_SPLINE_SURFACE_WITH_KNOTS('',3,1,((#9587,#9588),(#9589,#9590),(#9591,
#9592),(#9593,#9594),(#9595,#9596)),.UNSPECIFIED.,.F.,.F.,.F.,(4,1,4),(2,
2),(0.,0.0128242494036034,0.0245270139230258),(0.,0.02),.UNSPECIFIED.);
#5546=B_SPLINE_SURFACE_WITH_KNOTS('',3,1,((#9632,#9633),(#9634,#9635),(#9636,
#9637),(#9638,#9639),(#9640,#9641)),.UNSPECIFIED.,.F.,.F.,.F.,(4,1,4),(2,
2),(0.,0.0107190242883606,0.0250097704133738),(0.,0.02),.UNSPECIFIED.);
#5547=B_SPLINE_SURFACE_WITH_KNOTS('',3,1,((#9658,#9659),(#9660,#9661),(#9662,
#9663),(#9664,#9665),(#9666,#9667)),.UNSPECIFIED.,.F.,.F.,.F.,(4,1,4),(2,
2),(0.,0.0120777234740148,0.0237852991096656),(0.,0.02),.UNSPECIFIED.);
#5548=B_SPLINE_SURFACE_WITH_KNOTS('',3,1,((#9681,#9682),(#9683,#9684),(#9685,
#9686),(#9687,#9688),(#9689,#9690)),.UNSPECIFIED.,.F.,.F.,.F.,(4,1,4),(2,
2),(0.,0.0134934272181639,0.0262110457637179),(0.,0.02),.UNSPECIFIED.);
#5549=B_SPLINE_SURFACE_WITH_KNOTS('',3,1,((#9704,#9705),(#9706,#9707),(#9708,
#9709),(#9710,#9711),(#9712,#9713)),.UNSPECIFIED.,.F.,.F.,.F.,(4,1,4),(2,
2),(0.,0.0103914245803382,0.0230996425074106),(0.,0.02),.UNSPECIFIED.);
#5550=B_SPLINE_SURFACE_WITH_KNOTS('',3,1,((#9727,#9728),(#9729,#9730),(#9731,
#9732),(#9733,#9734),(#9735,#9736)),.UNSPECIFIED.,.F.,.F.,.F.,(4,1,4),(2,
2),(0.,0.00919395562068536,0.0184334575296135),(0.,0.02),.UNSPECIFIED.);
#5551=B_SPLINE_SURFACE_WITH_KNOTS('',3,1,((#9750,#9751),(#9752,#9753),(#9754,
#9755),(#9756,#9757),(#9758,#9759)),.UNSPECIFIED.,.F.,.F.,.F.,(4,1,4),(2,
2),(0.,0.0061040614871687,0.0122852719585315),(0.,0.02),.UNSPECIFIED.);
#5552=B_SPLINE_SURFACE_WITH_KNOTS('',3,1,((#9773,#9774),(#9775,#9776),(#9777,
#9778),(#9779,#9780),(#9781,#9782)),.UNSPECIFIED.,.F.,.F.,.F.,(4,1,4),(2,
2),(0.,0.00649556111843269,0.012691434365285),(0.,0.02),.UNSPECIFIED.);
#5553=B_SPLINE_SURFACE_WITH_KNOTS('',3,1,((#9796,#9797),(#9798,#9799),(#9800,
#9801),(#9802,#9803),(#9804,#9805)),.UNSPECIFIED.,.F.,.F.,.F.,(4,1,4),(2,
2),(0.,0.0131326319505093,0.0220119890109765),(0.,0.02),.UNSPECIFIED.);
#5554=B_SPLINE_SURFACE_WITH_KNOTS('',3,1,((#9819,#9820),(#9821,#9822),(#9823,
#9824),(#9825,#9826),(#9827,#9828)),.UNSPECIFIED.,.F.,.F.,.F.,(4,1,4),(2,
2),(0.,0.0174578611612846,0.0412339901115376),(0.,0.02),.UNSPECIFIED.);
#5555=B_SPLINE_SURFACE_WITH_KNOTS('',3,1,((#9854,#9855),(#9856,#9857),(#9858,
#9859),(#9860,#9861),(#9862,#9863)),.UNSPECIFIED.,.F.,.F.,.F.,(4,1,4),(2,
2),(0.,0.00918678810727932,0.018535410713108),(0.,0.02),.UNSPECIFIED.);
#5556=B_SPLINE_SURFACE_WITH_KNOTS('',3,1,((#9877,#9878),(#9879,#9880),(#9881,
#9882),(#9883,#9884),(#9885,#9886)),.UNSPECIFIED.,.F.,.F.,.F.,(4,1,4),(2,
2),(0.,0.0279529489977113,0.0433628870507992),(0.,0.02),.UNSPECIFIED.);
#5557=B_SPLINE_SURFACE_WITH_KNOTS('',3,1,((#9906,#9907),(#9908,#9909),(#9910,
#9911),(#9912,#9913),(#9914,#9915)),.UNSPECIFIED.,.F.,.F.,.F.,(4,1,4),(2,
2),(0.,0.00884753181863085,0.0226981332005029),(0.,0.02),.UNSPECIFIED.);
#5558=B_SPLINE_SURFACE_WITH_KNOTS('',3,1,((#9929,#9930),(#9931,#9932),(#9933,
#9934),(#9935,#9936),(#9937,#9938)),.UNSPECIFIED.,.F.,.F.,.F.,(4,1,4),(2,
2),(0.,0.00880678825825766,0.0185085320931788),(0.,0.02),.UNSPECIFIED.);
#5559=B_SPLINE_SURFACE_WITH_KNOTS('',3,1,((#9952,#9953),(#9954,#9955),(#9956,
#9957),(#9958,#9959),(#9960,#9961)),.UNSPECIFIED.,.F.,.F.,.F.,(4,1,4),(2,
2),(0.,0.0112035871375347,0.0204521336741911),(0.,0.02),.UNSPECIFIED.);
#5560=B_SPLINE_SURFACE_WITH_KNOTS('',3,1,((#9975,#9976),(#9977,#9978),(#9979,
#9980),(#9981,#9982),(#9983,#9984)),.UNSPECIFIED.,.F.,.F.,.F.,(4,1,4),(2,
2),(0.,0.0168497349775389,0.0305815054821776),(0.,0.02),.UNSPECIFIED.);
#5561=B_SPLINE_SURFACE_WITH_KNOTS('',3,1,((#9998,#9999),(#10000,#10001),
(#10002,#10003),(#10004,#10005),(#10006,#10007)),.UNSPECIFIED.,.F.,.F.,
 .F.,(4,1,4),(2,2),(0.,0.0157871196015929,0.0333985161943011),(0.,0.02),
 .UNSPECIFIED.);
#5562=B_SPLINE_SURFACE_WITH_KNOTS('',3,1,((#10021,#10022),(#10023,#10024),
(#10025,#10026),(#10027,#10028),(#10029,#10030)),.UNSPECIFIED.,.F.,.F.,
 .F.,(4,1,4),(2,2),(0.,0.0124326269100088,0.0264042414898174),(0.,0.02),
 .UNSPECIFIED.);
#5563=B_SPLINE_SURFACE_WITH_KNOTS('',3,1,((#10044,#10045),(#10046,#10047),
(#10048,#10049),(#10050,#10051),(#10052,#10053)),.UNSPECIFIED.,.F.,.F.,
 .F.,(4,1,4),(2,2),(0.,0.0145902450735863,0.0273098521191232),(0.,0.02),
 .UNSPECIFIED.);
#5564=B_SPLINE_SURFACE_WITH_KNOTS('',3,1,((#10073,#10074),(#10075,#10076),
(#10077,#10078),(#10079,#10080),(#10081,#10082)),.UNSPECIFIED.,.F.,.F.,
 .F.,(4,1,4),(2,2),(0.,0.0110556231837516,0.0250694953793148),(0.,0.02),
 .UNSPECIFIED.);
#5565=B_SPLINE_SURFACE_WITH_KNOTS('',3,1,((#10096,#10097),(#10098,#10099),
(#10100,#10101),(#10102,#10103),(#10104,#10105)),.UNSPECIFIED.,.F.,.F.,
 .F.,(4,1,4),(2,2),(0.,0.0151342175418529,0.0265990229022209),(0.,0.02),
 .UNSPECIFIED.);
#5566=B_SPLINE_SURFACE_WITH_KNOTS('',3,1,((#10119,#10120),(#10121,#10122),
(#10123,#10124),(#10125,#10126),(#10127,#10128)),.UNSPECIFIED.,.F.,.F.,
 .F.,(4,1,4),(2,2),(0.,0.0132593549121324,0.0296605762663181),(0.,0.02),
 .UNSPECIFIED.);
#5567=B_SPLINE_SURFACE_WITH_KNOTS('',3,1,((#10142,#10143),(#10144,#10145),
(#10146,#10147),(#10148,#10149),(#10150,#10151)),.UNSPECIFIED.,.F.,.F.,
 .F.,(4,1,4),(2,2),(0.,0.0129076382061692,0.0227593068022873),(0.,0.02),
 .UNSPECIFIED.);
#5568=B_SPLINE_SURFACE_WITH_KNOTS('',3,1,((#10165,#10166),(#10167,#10168),
(#10169,#10170),(#10171,#10172),(#10173,#10174)),.UNSPECIFIED.,.F.,.F.,
 .F.,(4,1,4),(2,2),(0.,0.00412814683974976,0.0064135240358517),(0.,0.02),
 .UNSPECIFIED.);
#5569=B_SPLINE_SURFACE_WITH_KNOTS('',3,1,((#10188,#10189),(#10190,#10191),
(#10192,#10193),(#10194,#10195),(#10196,#10197)),.UNSPECIFIED.,.F.,.F.,
 .F.,(4,1,4),(2,2),(0.,0.026109710022225,0.0446556739871849),(0.,0.02),
 .UNSPECIFIED.);
#5570=B_SPLINE_SURFACE_WITH_KNOTS('',3,1,((#10211,#10212),(#10213,#10214),
(#10215,#10216),(#10217,#10218),(#10219,#10220)),.UNSPECIFIED.,.F.,.F.,
 .F.,(4,1,4),(2,2),(0.,0.00926408856150765,0.0221474020636614),(0.,0.02),
 .UNSPECIFIED.);
#5571=B_SPLINE_SURFACE_WITH_KNOTS('',3,1,((#10234,#10235),(#10236,#10237),
(#10238,#10239),(#10240,#10241),(#10242,#10243)),.UNSPECIFIED.,.F.,.F.,
 .F.,(4,1,4),(2,2),(0.,0.00955891105604393,0.0194793444011533),(0.,0.02),
 .UNSPECIFIED.);
#5572=B_SPLINE_SURFACE_WITH_KNOTS('',3,1,((#10257,#10258),(#10259,#10260),
(#10261,#10262),(#10263,#10264),(#10265,#10266)),.UNSPECIFIED.,.F.,.F.,
 .F.,(4,1,4),(2,2),(0.,0.00970396383669469,0.0191192115322202),(0.,0.02),
 .UNSPECIFIED.);
#5573=B_SPLINE_SURFACE_WITH_KNOTS('',3,1,((#10280,#10281),(#10282,#10283),
(#10284,#10285),(#10286,#10287),(#10288,#10289)),.UNSPECIFIED.,.F.,.F.,
 .F.,(4,1,4),(2,2),(0.,0.0102525050464157,0.020199328684888),(0.,0.02),
 .UNSPECIFIED.);
#5574=B_SPLINE_SURFACE_WITH_KNOTS('',3,1,((#10303,#10304),(#10305,#10306),
(#10307,#10308),(#10309,#10310),(#10311,#10312)),.UNSPECIFIED.,.F.,.F.,
 .F.,(4,1,4),(2,2),(0.,0.0164007085924879,0.0332334114066021),(0.,0.02),
 .UNSPECIFIED.);
#5575=B_SPLINE_SURFACE_WITH_KNOTS('',3,1,((#10326,#10327),(#10328,#10329),
(#10330,#10331),(#10332,#10333),(#10334,#10335)),.UNSPECIFIED.,.F.,.F.,
 .F.,(4,1,4),(2,2),(0.,0.0213122890774148,0.0391861505323182),(0.,0.02),
 .UNSPECIFIED.);
#5576=B_SPLINE_SURFACE_WITH_KNOTS('',3,1,((#10349,#10350),(#10351,#10352),
(#10353,#10354),(#10355,#10356),(#10357,#10358)),.UNSPECIFIED.,.F.,.F.,
 .F.,(4,1,4),(2,2),(0.,0.0135611554748626,0.0276127266602453),(0.,0.02),
 .UNSPECIFIED.);
#5577=B_SPLINE_SURFACE_WITH_KNOTS('',3,1,((#10372,#10373),(#10374,#10375),
(#10376,#10377),(#10378,#10379),(#10380,#10381)),.UNSPECIFIED.,.F.,.F.,
 .F.,(4,1,4),(2,2),(0.,0.0166443216473745,0.0310583415441315),(0.,0.02),
 .UNSPECIFIED.);
#5578=B_SPLINE_SURFACE_WITH_KNOTS('',3,1,((#10395,#10396),(#10397,#10398),
(#10399,#10400),(#10401,#10402),(#10403,#10404)),.UNSPECIFIED.,.F.,.F.,
 .F.,(4,1,4),(2,2),(0.,0.00886196176758083,0.0186085892062097),(0.,0.02),
 .UNSPECIFIED.);
#5579=B_SPLINE_SURFACE_WITH_KNOTS('',3,1,((#10489,#10490),(#10491,#10492),
(#10493,#10494),(#10495,#10496),(#10497,#10498)),.UNSPECIFIED.,.F.,.F.,
 .F.,(4,1,4),(2,2),(0.,0.010719040788261,0.0250097869132741),(0.,0.02),
 .UNSPECIFIED.);
#5580=B_SPLINE_SURFACE_WITH_KNOTS('',3,1,((#10515,#10516),(#10517,#10518),
(#10519,#10520),(#10521,#10522),(#10523,#10524)),.UNSPECIFIED.,.F.,.F.,
 .F.,(4,1,4),(2,2),(0.,0.0120778180683561,0.0237853259843519),(0.,0.02),
 .UNSPECIFIED.);
#5581=B_SPLINE_SURFACE_WITH_KNOTS('',3,1,((#10538,#10539),(#10540,#10541),
(#10542,#10543),(#10544,#10545),(#10546,#10547)),.UNSPECIFIED.,.F.,.F.,
 .F.,(4,1,4),(2,2),(0.,0.0134933087998863,0.026211038280218),(0.,0.02),
 .UNSPECIFIED.);
#5582=B_SPLINE_SURFACE_WITH_KNOTS('',3,1,((#10561,#10562),(#10563,#10564),
(#10565,#10566),(#10567,#10568),(#10569,#10570)),.UNSPECIFIED.,.F.,.F.,
 .F.,(4,1,4),(2,2),(0.,0.0103914245803382,0.0230996425074106),(0.,0.02),
 .UNSPECIFIED.);
#5583=B_SPLINE_SURFACE_WITH_KNOTS('',3,1,((#10584,#10585),(#10586,#10587),
(#10588,#10589),(#10590,#10591),(#10592,#10593)),.UNSPECIFIED.,.F.,.F.,
 .F.,(4,1,4),(2,2),(0.,0.00919395562068536,0.0184334575296135),(0.,0.02),
 .UNSPECIFIED.);
#5584=B_SPLINE_SURFACE_WITH_KNOTS('',3,1,((#10607,#10608),(#10609,#10610),
(#10611,#10612),(#10613,#10614),(#10615,#10616)),.UNSPECIFIED.,.F.,.F.,
 .F.,(4,1,4),(2,2),(0.,0.00610408646441042,0.0122852969357732),(0.,0.02),
 .UNSPECIFIED.);
#5585=B_SPLINE_SURFACE_WITH_KNOTS('',3,1,((#10630,#10631),(#10632,#10633),
(#10634,#10635),(#10636,#10637),(#10638,#10639)),.UNSPECIFIED.,.F.,.F.,
 .F.,(4,1,4),(2,2),(0.,0.00649556111843269,0.012691434365285),(0.,0.02),
 .UNSPECIFIED.);
#5586=B_SPLINE_SURFACE_WITH_KNOTS('',3,1,((#10653,#10654),(#10655,#10656),
(#10657,#10658),(#10659,#10660),(#10661,#10662)),.UNSPECIFIED.,.F.,.F.,
 .F.,(4,1,4),(2,2),(0.,0.0131327492861536,0.0220119923299315),(0.,0.02),
 .UNSPECIFIED.);
#5587=B_SPLINE_SURFACE_WITH_KNOTS('',3,1,((#10676,#10677),(#10678,#10679),
(#10680,#10681),(#10682,#10683),(#10684,#10685)),.UNSPECIFIED.,.F.,.F.,
 .F.,(4,1,4),(2,2),(0.,0.0174578041025238,0.0412339917069032),(0.,0.02),
 .UNSPECIFIED.);
#5588=B_SPLINE_SURFACE_WITH_KNOTS('',3,1,((#10711,#10712),(#10713,#10714),
(#10715,#10716),(#10717,#10718),(#10719,#10720)),.UNSPECIFIED.,.F.,.F.,
 .F.,(4,1,4),(2,2),(0.,0.00918675779071031,0.0185354297579028),(0.,0.02),
 .UNSPECIFIED.);
#5589=B_SPLINE_SURFACE_WITH_KNOTS('',3,1,((#10734,#10735),(#10736,#10737),
(#10738,#10739),(#10740,#10741),(#10742,#10743)),.UNSPECIFIED.,.F.,.F.,
 .F.,(4,1,4),(2,2),(0.,0.0279529489977113,0.0433628870507992),(0.,0.02),
 .UNSPECIFIED.);
#5590=B_SPLINE_SURFACE_WITH_KNOTS('',3,1,((#10763,#10764),(#10765,#10766),
(#10767,#10768),(#10769,#10770),(#10771,#10772)),.UNSPECIFIED.,.F.,.F.,
 .F.,(4,1,4),(2,2),(0.,0.00884751940996848,0.0226981234333029),(0.,0.02),
 .UNSPECIFIED.);
#5591=B_SPLINE_SURFACE_WITH_KNOTS('',3,1,((#10786,#10787),(#10788,#10789),
(#10790,#10791),(#10792,#10793),(#10794,#10795)),.UNSPECIFIED.,.F.,.F.,
 .F.,(4,1,4),(2,2),(0.,0.00880688243637882,0.0185085893919017),(0.,0.02),
 .UNSPECIFIED.);
#5592=B_SPLINE_SURFACE_WITH_KNOTS('',3,1,((#10809,#10810),(#10811,#10812),
(#10813,#10814),(#10815,#10816),(#10817,#10818)),.UNSPECIFIED.,.F.,.F.,
 .F.,(4,1,4),(2,2),(0.,0.0112035871375347,0.0204520886134064),(0.,0.02),
 .UNSPECIFIED.);
#5593=B_SPLINE_SURFACE_WITH_KNOTS('',3,1,((#10832,#10833),(#10834,#10835),
(#10836,#10837),(#10838,#10839),(#10840,#10841)),.UNSPECIFIED.,.F.,.F.,
 .F.,(4,1,4),(2,2),(0.,0.0168498539364946,0.0305815086702288),(0.,0.02),
 .UNSPECIFIED.);
#5594=B_SPLINE_SURFACE_WITH_KNOTS('',3,1,((#10855,#10856),(#10857,#10858),
(#10859,#10860),(#10861,#10862),(#10863,#10864)),.UNSPECIFIED.,.F.,.F.,
 .F.,(4,1,4),(2,2),(0.,0.0157871774190055,0.0333984551172047),(0.,0.02),
 .UNSPECIFIED.);
#5595=B_SPLINE_SURFACE_WITH_KNOTS('',3,1,((#10878,#10879),(#10880,#10881),
(#10882,#10883),(#10884,#10885),(#10886,#10887)),.UNSPECIFIED.,.F.,.F.,
 .F.,(4,1,4),(2,2),(0.,0.0124325829245985,0.0264042509034053),(0.,0.02),
 .UNSPECIFIED.);
#5596=B_SPLINE_SURFACE_WITH_KNOTS('',3,1,((#10901,#10902),(#10903,#10904),
(#10905,#10906),(#10907,#10908),(#10909,#10910)),.UNSPECIFIED.,.F.,.F.,
 .F.,(4,1,4),(2,2),(0.,0.0145902627687876,0.0273098698143244),(0.,0.02),
 .UNSPECIFIED.);
#5597=B_SPLINE_SURFACE_WITH_KNOTS('',3,1,((#10930,#10931),(#10932,#10933),
(#10934,#10935),(#10936,#10937),(#10938,#10939)),.UNSPECIFIED.,.F.,.F.,
 .F.,(4,1,4),(2,2),(0.,0.0110555457698589,0.0250694607590376),(0.,0.02),
 .UNSPECIFIED.);
#5598=B_SPLINE_SURFACE_WITH_KNOTS('',3,1,((#10953,#10954),(#10955,#10956),
(#10957,#10958),(#10959,#10960),(#10961,#10962)),.UNSPECIFIED.,.F.,.F.,
 .F.,(4,1,4),(2,2),(0.,0.0151343361501774,0.0265990321056562),(0.,0.02),
 .UNSPECIFIED.);
#5599=B_SPLINE_SURFACE_WITH_KNOTS('',3,1,((#10976,#10977),(#10978,#10979),
(#10980,#10981),(#10982,#10983),(#10984,#10985)),.UNSPECIFIED.,.F.,.F.,
 .F.,(4,1,4),(2,2),(0.,0.0132593549121324,0.0296605762663181),(0.,0.02),
 .UNSPECIFIED.);
#5600=B_SPLINE_SURFACE_WITH_KNOTS('',3,1,((#10999,#11000),(#11001,#11002),
(#11003,#11004),(#11005,#11006),(#11007,#11008)),.UNSPECIFIED.,.F.,.F.,
 .F.,(4,1,4),(2,2),(0.,0.0129076462383926,0.0227592832623156),(0.,0.02),
 .UNSPECIFIED.);
#5601=B_SPLINE_SURFACE_WITH_KNOTS('',3,1,((#11022,#11023),(#11024,#11025),
(#11026,#11027),(#11028,#11029),(#11030,#11031)),.UNSPECIFIED.,.F.,.F.,
 .F.,(4,1,4),(2,2),(0.,0.0041281453616563,0.00641352255775824),(0.,0.02),
 .UNSPECIFIED.);
#5602=B_SPLINE_SURFACE_WITH_KNOTS('',3,1,((#11045,#11046),(#11047,#11048),
(#11049,#11050),(#11051,#11052),(#11053,#11054)),.UNSPECIFIED.,.F.,.F.,
 .F.,(4,1,4),(2,2),(0.,0.026109710022225,0.0446557317536688),(0.,0.02),
 .UNSPECIFIED.);
#5603=B_SPLINE_SURFACE_WITH_KNOTS('',3,1,((#11068,#11069),(#11070,#11071),
(#11072,#11073),(#11074,#11075),(#11076,#11077)),.UNSPECIFIED.,.F.,.F.,
 .F.,(4,1,4),(2,2),(0.,0.00926420530142875,0.022147459788554),(0.,0.02),
 .UNSPECIFIED.);
#5604=B_SPLINE_SURFACE_WITH_KNOTS('',3,1,((#11091,#11092),(#11093,#11094),
(#11095,#11096),(#11097,#11098),(#11099,#11100)),.UNSPECIFIED.,.F.,.F.,
 .F.,(4,1,4),(2,2),(0.,0.00955891105604393,0.0194792883552665),(0.,0.02),
 .UNSPECIFIED.);
#5605=B_SPLINE_SURFACE_WITH_KNOTS('',3,1,((#11114,#11115),(#11116,#11117),
(#11118,#11119),(#11120,#11121),(#11122,#11123)),.UNSPECIFIED.,.F.,.F.,
 .F.,(4,1,4),(2,2),(0.,0.00970399819326782,0.0191192009783217),(0.,0.02),
 .UNSPECIFIED.);
#5606=B_SPLINE_SURFACE_WITH_KNOTS('',3,1,((#11137,#11138),(#11139,#11140),
(#11141,#11142),(#11143,#11144),(#11145,#11146)),.UNSPECIFIED.,.F.,.F.,
 .F.,(4,1,4),(2,2),(0.,0.0102525050464157,0.020199328684888),(0.,0.02),
 .UNSPECIFIED.);
#5607=B_SPLINE_SURFACE_WITH_KNOTS('',3,1,((#11160,#11161),(#11162,#11163),
(#11164,#11165),(#11166,#11167),(#11168,#11169)),.UNSPECIFIED.,.F.,.F.,
 .F.,(4,1,4),(2,2),(0.,0.0164006736379662,0.0332333764520804),(0.,0.02),
 .UNSPECIFIED.);
#5608=B_SPLINE_SURFACE_WITH_KNOTS('',3,1,((#11183,#11184),(#11185,#11186),
(#11187,#11188),(#11189,#11190),(#11191,#11192)),.UNSPECIFIED.,.F.,.F.,
 .F.,(4,1,4),(2,2),(0.,0.0213122890774148,0.0391862025096179),(0.,0.02),
 .UNSPECIFIED.);
#5609=B_SPLINE_SURFACE_WITH_KNOTS('',3,1,((#11206,#11207),(#11208,#11209),
(#11210,#11211),(#11212,#11213),(#11214,#11215)),.UNSPECIFIED.,.F.,.F.,
 .F.,(4,1,4),(2,2),(0.,0.0135612129636747,0.0276126653707243),(0.,0.02),
 .UNSPECIFIED.);
#5610=B_SPLINE_SURFACE_WITH_KNOTS('',3,1,((#11229,#11230),(#11231,#11232),
(#11233,#11234),(#11235,#11236),(#11237,#11238)),.UNSPECIFIED.,.F.,.F.,
 .F.,(4,1,4),(2,2),(0.,0.0166443695863482,0.0310583362417938),(0.,0.02),
 .UNSPECIFIED.);
#5611=B_SPLINE_SURFACE_WITH_KNOTS('',3,1,((#11252,#11253),(#11254,#11255),
(#11256,#11257),(#11258,#11259),(#11260,#11261)),.UNSPECIFIED.,.F.,.F.,
 .F.,(4,1,4),(2,2),(0.,0.00886194066305453,0.0186085897934693),(0.,0.02),
 .UNSPECIFIED.);
#5612=B_SPLINE_SURFACE_WITH_KNOTS('',3,1,((#11282,#11283),(#11284,#11285),
(#11286,#11287),(#11288,#11289),(#11290,#11291)),.UNSPECIFIED.,.F.,.F.,
 .F.,(4,1,4),(2,2),(0.,0.0119296302406285,0.0271754653930171),(0.,0.02),
 .UNSPECIFIED.);
#5613=B_SPLINE_SURFACE_WITH_KNOTS('',3,1,((#11305,#11306),(#11307,#11308),
(#11309,#11310),(#11311,#11312),(#11313,#11314)),.UNSPECIFIED.,.F.,.F.,
 .F.,(4,1,4),(2,2),(0.,0.0105973104825112,0.0208593587865516),(0.,0.02),
 .UNSPECIFIED.);
#5614=B_SPLINE_SURFACE_WITH_KNOTS('',3,1,((#11328,#11329),(#11330,#11331),
(#11332,#11333),(#11334,#11335),(#11336,#11337)),.UNSPECIFIED.,.F.,.F.,
 .F.,(4,1,4),(2,2),(0.,0.0106841874215253,0.0214950109221814),(0.,0.02),
 .UNSPECIFIED.);
#5615=B_SPLINE_SURFACE_WITH_KNOTS('',3,1,((#11351,#11352),(#11353,#11354),
(#11355,#11356),(#11357,#11358),(#11359,#11360)),.UNSPECIFIED.,.F.,.F.,
 .F.,(4,1,4),(2,2),(0.,0.0115079237079225,0.024620168805296),(0.,0.02),
 .UNSPECIFIED.);
#5616=B_SPLINE_SURFACE_WITH_KNOTS('',3,1,((#11374,#11375),(#11376,#11377),
(#11378,#11379),(#11380,#11381),(#11382,#11383)),.UNSPECIFIED.,.F.,.F.,
 .F.,(4,1,4),(2,2),(0.,0.0160352599287357,0.0284679640994867),(0.,0.02),
 .UNSPECIFIED.);
#5617=B_SPLINE_SURFACE_WITH_KNOTS('',3,1,((#11415,#11416),(#11417,#11418),
(#11419,#11420),(#11421,#11422),(#11423,#11424)),.UNSPECIFIED.,.F.,.F.,
 .F.,(4,1,4),(2,2),(0.,0.0142375426337393,0.0330396297987152),(0.,0.02),
 .UNSPECIFIED.);
#5618=B_SPLINE_SURFACE_WITH_KNOTS('',3,1,((#11438,#11439),(#11440,#11441),
(#11442,#11443),(#11444,#11445),(#11446,#11447)),.UNSPECIFIED.,.F.,.F.,
 .F.,(4,1,4),(2,2),(0.,0.0126775237431482,0.0247531442810967),(0.,0.02),
 .UNSPECIFIED.);
#5619=B_SPLINE_SURFACE_WITH_KNOTS('',3,1,((#11461,#11462),(#11463,#11464),
(#11465,#11466),(#11467,#11468),(#11469,#11470)),.UNSPECIFIED.,.F.,.F.,
 .F.,(4,1,4),(2,2),(0.,0.0151242562874032,0.028898413904018),(0.,0.02),
 .UNSPECIFIED.);
#5620=B_SPLINE_SURFACE_WITH_KNOTS('',3,1,((#11484,#11485),(#11486,#11487),
(#11488,#11489),(#11490,#11491),(#11492,#11493)),.UNSPECIFIED.,.F.,.F.,
 .F.,(4,1,4),(2,2),(0.,0.0245173594077183,0.0489724016471166),(0.,0.02),
 .UNSPECIFIED.);
#5621=B_SPLINE_SURFACE_WITH_KNOTS('',3,1,((#11529,#11530),(#11531,#11532),
(#11533,#11534),(#11535,#11536),(#11537,#11538)),.UNSPECIFIED.,.F.,.F.,
 .F.,(4,1,4),(2,2),(0.,0.00380426916164201,0.00865063301288271),(0.,0.02),
 .UNSPECIFIED.);
#5622=B_SPLINE_SURFACE_WITH_KNOTS('',3,1,((#11555,#11556),(#11557,#11558),
(#11559,#11560),(#11561,#11562),(#11563,#11564)),.UNSPECIFIED.,.F.,.F.,
 .F.,(4,1,4),(2,2),(0.,0.00318871342431981,0.00645955382036183),(0.,0.02),
 .UNSPECIFIED.);
#5623=B_SPLINE_SURFACE_WITH_KNOTS('',3,1,((#11578,#11579),(#11580,#11581),
(#11582,#11583),(#11584,#11585),(#11586,#11587)),.UNSPECIFIED.,.F.,.F.,
 .F.,(4,1,4),(2,2),(0.,0.00863500078608489,0.0136081307233676),(0.,0.02),
 .UNSPECIFIED.);
#5624=B_SPLINE_SURFACE_WITH_KNOTS('',3,1,((#11667,#11668),(#11669,#11670),
(#11671,#11672),(#11673,#11674),(#11675,#11676)),.UNSPECIFIED.,.F.,.F.,
 .F.,(4,1,4),(2,2),(0.,0.0109267402086592,0.0292402073632511),(0.,0.02),
 .UNSPECIFIED.);
#5625=B_SPLINE_SURFACE_WITH_KNOTS('',3,1,((#11690,#11691),(#11692,#11693),
(#11694,#11695),(#11696,#11697),(#11698,#11699)),.UNSPECIFIED.,.F.,.F.,
 .F.,(4,1,4),(2,2),(0.,0.00795842964338913,0.0154078845702128),(0.,0.02),
 .UNSPECIFIED.);
#5626=B_SPLINE_SURFACE_WITH_KNOTS('',3,1,((#11713,#11714),(#11715,#11716),
(#11717,#11718),(#11719,#11720),(#11721,#11722)),.UNSPECIFIED.,.F.,.F.,
 .F.,(4,1,4),(2,2),(0.,0.0119160124986716,0.0213339129121696),(0.,0.02),
 .UNSPECIFIED.);
#5627=B_SPLINE_SURFACE_WITH_KNOTS('',3,1,((#11736,#11737),(#11738,#11739),
(#11740,#11741),(#11742,#11743),(#11744,#11745)),.UNSPECIFIED.,.F.,.F.,
 .F.,(4,1,4),(2,2),(0.,0.00995812707270104,0.0187064101257768),(0.,0.02),
 .UNSPECIFIED.);
#5628=B_SPLINE_SURFACE_WITH_KNOTS('',3,1,((#11765,#11766),(#11767,#11768),
(#11769,#11770),(#11771,#11772),(#11773,#11774)),.UNSPECIFIED.,.F.,.F.,
 .F.,(4,1,4),(2,2),(0.,0.00474681224881336,0.0108259709495462),(0.,0.02),
 .UNSPECIFIED.);
#5629=B_SPLINE_SURFACE_WITH_KNOTS('',3,1,((#11843,#11844),(#11845,#11846),
(#11847,#11848),(#11849,#11850),(#11851,#11852)),.UNSPECIFIED.,.F.,.F.,
 .F.,(4,1,4),(2,2),(0.,0.0141617232497088,0.0337804981226302),(0.,0.02),
 .UNSPECIFIED.);
#5630=B_SPLINE_SURFACE_WITH_KNOTS('',3,1,((#11866,#11867),(#11868,#11869),
(#11870,#11871),(#11872,#11873),(#11874,#11875)),.UNSPECIFIED.,.F.,.F.,
 .F.,(4,1,4),(2,2),(0.,0.0181952033111783,0.0311069583818874),(0.,0.02),
 .UNSPECIFIED.);
#5631=ADVANCED_FACE('',(#184),#5430,.F.);
#5632=ADVANCED_FACE('',(#185),#5431,.F.);
#5633=ADVANCED_FACE('',(#186),#5432,.F.);
#5634=ADVANCED_FACE('',(#187),#5433,.F.);
#5635=ADVANCED_FACE('',(#188),#5434,.F.);
#5636=ADVANCED_FACE('',(#189),#5435,.F.);
#5637=ADVANCED_FACE('',(#190),#5436,.F.);
#5638=ADVANCED_FACE('',(#191),#5437,.F.);
#5639=ADVANCED_FACE('',(#192),#5438,.F.);
#5640=ADVANCED_FACE('',(#193),#79,.F.);
#5641=ADVANCED_FACE('',(#194),#80,.F.);
#5642=ADVANCED_FACE('',(#195),#5439,.F.);
#5643=ADVANCED_FACE('',(#196),#5440,.F.);
#5644=ADVANCED_FACE('',(#197),#81,.F.);
#5645=ADVANCED_FACE('',(#198),#5441,.F.);
#5646=ADVANCED_FACE('',(#199),#5442,.F.);
#5647=ADVANCED_FACE('',(#200),#5443,.F.);
#5648=ADVANCED_FACE('',(#201),#5444,.F.);
#5649=ADVANCED_FACE('',(#202),#5445,.F.);
#5650=ADVANCED_FACE('',(#203),#5446,.F.);
#5651=ADVANCED_FACE('',(#204),#5447,.F.);
#5652=ADVANCED_FACE('',(#205),#82,.F.);
#5653=ADVANCED_FACE('',(#206),#5448,.F.);
#5654=ADVANCED_FACE('',(#207),#5449,.F.);
#5655=ADVANCED_FACE('',(#208),#5450,.F.);
#5656=ADVANCED_FACE('',(#209),#5451,.F.);
#5657=ADVANCED_FACE('',(#210),#5452,.F.);
#5658=ADVANCED_FACE('',(#211),#5453,.F.);
#5659=ADVANCED_FACE('',(#212),#5454,.F.);
#5660=ADVANCED_FACE('',(#213),#5455,.F.);
#5661=ADVANCED_FACE('',(#214),#5456,.F.);
#5662=ADVANCED_FACE('',(#215),#5457,.F.);
#5663=ADVANCED_FACE('',(#216),#5458,.F.);
#5664=ADVANCED_FACE('',(#217),#5459,.F.);
#5665=ADVANCED_FACE('',(#218),#5460,.F.);
#5666=ADVANCED_FACE('',(#219),#5461,.F.);
#5667=ADVANCED_FACE('',(#220),#5462,.F.);
#5668=ADVANCED_FACE('',(#221,#51),#83,.T.);
#5669=ADVANCED_FACE('',(#222),#5463,.F.);
#5670=ADVANCED_FACE('',(#223),#5464,.F.);
#5671=ADVANCED_FACE('',(#224),#5465,.F.);
#5672=ADVANCED_FACE('',(#225),#5466,.F.);
#5673=ADVANCED_FACE('',(#226),#5467,.F.);
#5674=ADVANCED_FACE('',(#227),#5468,.F.);
#5675=ADVANCED_FACE('',(#228),#5469,.F.);
#5676=ADVANCED_FACE('',(#229),#5470,.F.);
#5677=ADVANCED_FACE('',(#230),#5471,.F.);
#5678=ADVANCED_FACE('',(#231),#5472,.F.);
#5679=ADVANCED_FACE('',(#232),#5473,.F.);
#5680=ADVANCED_FACE('',(#233),#5474,.F.);
#5681=ADVANCED_FACE('',(#234),#5475,.F.);
#5682=ADVANCED_FACE('',(#235),#5476,.F.);
#5683=ADVANCED_FACE('',(#236),#84,.F.);
#5684=ADVANCED_FACE('',(#237),#5477,.F.);
#5685=ADVANCED_FACE('',(#238),#5478,.F.);
#5686=ADVANCED_FACE('',(#239),#5479,.F.);
#5687=ADVANCED_FACE('',(#240),#5480,.F.);
#5688=ADVANCED_FACE('',(#241),#5481,.F.);
#5689=ADVANCED_FACE('',(#242),#5482,.F.);
#5690=ADVANCED_FACE('',(#243),#5483,.F.);
#5691=ADVANCED_FACE('',(#244),#5484,.F.);
#5692=ADVANCED_FACE('',(#245),#5485,.F.);
#5693=ADVANCED_FACE('',(#246),#5486,.F.);
#5694=ADVANCED_FACE('',(#247),#5487,.F.);
#5695=ADVANCED_FACE('',(#248),#5488,.F.);
#5696=ADVANCED_FACE('',(#249),#5489,.F.);
#5697=ADVANCED_FACE('',(#250),#5490,.F.);
#5698=ADVANCED_FACE('',(#251),#5491,.F.);
#5699=ADVANCED_FACE('',(#252),#5492,.F.);
#5700=ADVANCED_FACE('',(#253),#85,.F.);
#5701=ADVANCED_FACE('',(#254),#5493,.F.);
#5702=ADVANCED_FACE('',(#255),#86,.T.);
#5703=ADVANCED_FACE('',(#256),#5494,.F.);
#5704=ADVANCED_FACE('',(#257),#5495,.F.);
#5705=ADVANCED_FACE('',(#258),#5496,.F.);
#5706=ADVANCED_FACE('',(#259),#5497,.F.);
#5707=ADVANCED_FACE('',(#260),#5498,.F.);
#5708=ADVANCED_FACE('',(#261),#5499,.F.);
#5709=ADVANCED_FACE('',(#262),#5500,.F.);
#5710=ADVANCED_FACE('',(#263),#5501,.F.);
#5711=ADVANCED_FACE('',(#264),#87,.F.);
#5712=ADVANCED_FACE('',(#265),#88,.F.);
#5713=ADVANCED_FACE('',(#266),#89,.F.);
#5714=ADVANCED_FACE('',(#267),#5502,.F.);
#5715=ADVANCED_FACE('',(#268),#5503,.F.);
#5716=ADVANCED_FACE('',(#269),#5504,.F.);
#5717=ADVANCED_FACE('',(#270),#5505,.F.);
#5718=ADVANCED_FACE('',(#271),#5506,.F.);
#5719=ADVANCED_FACE('',(#272),#5507,.F.);
#5720=ADVANCED_FACE('',(#273),#5508,.F.);
#5721=ADVANCED_FACE('',(#274),#5509,.F.);
#5722=ADVANCED_FACE('',(#275),#5510,.F.);
#5723=ADVANCED_FACE('',(#276),#90,.F.);
#5724=ADVANCED_FACE('',(#277),#91,.F.);
#5725=ADVANCED_FACE('',(#278,#52),#92,.T.);
#5726=ADVANCED_FACE('',(#279),#5511,.F.);
#5727=ADVANCED_FACE('',(#280),#5512,.F.);
#5728=ADVANCED_FACE('',(#281),#5513,.F.);
#5729=ADVANCED_FACE('',(#282),#5514,.F.);
#5730=ADVANCED_FACE('',(#283),#5515,.F.);
#5731=ADVANCED_FACE('',(#284),#5516,.F.);
#5732=ADVANCED_FACE('',(#285),#5517,.F.);
#5733=ADVANCED_FACE('',(#286),#93,.F.);
#5734=ADVANCED_FACE('',(#287),#5518,.F.);
#5735=ADVANCED_FACE('',(#288),#5519,.F.);
#5736=ADVANCED_FACE('',(#289),#5520,.F.);
#5737=ADVANCED_FACE('',(#290),#5521,.F.);
#5738=ADVANCED_FACE('',(#291),#5522,.F.);
#5739=ADVANCED_FACE('',(#292),#5523,.F.);
#5740=ADVANCED_FACE('',(#293),#5524,.F.);
#5741=ADVANCED_FACE('',(#294),#5525,.F.);
#5742=ADVANCED_FACE('',(#295),#5526,.F.);
#5743=ADVANCED_FACE('',(#296),#94,.F.);
#5744=ADVANCED_FACE('',(#297),#5527,.F.);
#5745=ADVANCED_FACE('',(#298),#95,.T.);
#5746=ADVANCED_FACE('',(#299),#5528,.F.);
#5747=ADVANCED_FACE('',(#300),#5529,.F.);
#5748=ADVANCED_FACE('',(#301),#5530,.F.);
#5749=ADVANCED_FACE('',(#302),#5531,.F.);
#5750=ADVANCED_FACE('',(#303),#5532,.F.);
#5751=ADVANCED_FACE('',(#304),#5533,.F.);
#5752=ADVANCED_FACE('',(#305),#5534,.F.);
#5753=ADVANCED_FACE('',(#306),#5535,.F.);
#5754=ADVANCED_FACE('',(#307),#96,.F.);
#5755=ADVANCED_FACE('',(#308),#5536,.F.);
#5756=ADVANCED_FACE('',(#309),#5537,.F.);
#5757=ADVANCED_FACE('',(#310),#5538,.F.);
#5758=ADVANCED_FACE('',(#311),#5539,.F.);
#5759=ADVANCED_FACE('',(#312),#5540,.F.);
#5760=ADVANCED_FACE('',(#313),#5541,.F.);
#5761=ADVANCED_FACE('',(#314),#5542,.F.);
#5762=ADVANCED_FACE('',(#315),#5543,.F.);
#5763=ADVANCED_FACE('',(#316),#5544,.F.);
#5764=ADVANCED_FACE('',(#317),#5545,.F.);
#5765=ADVANCED_FACE('',(#318),#97,.F.);
#5766=ADVANCED_FACE('',(#319),#98,.F.);
#5767=ADVANCED_FACE('',(#320),#99,.F.);
#5768=ADVANCED_FACE('',(#321),#100,.F.);
#5769=ADVANCED_FACE('',(#322,#53),#101,.T.);
#5770=ADVANCED_FACE('',(#323),#5546,.F.);
#5771=ADVANCED_FACE('',(#324),#5547,.F.);
#5772=ADVANCED_FACE('',(#325),#5548,.F.);
#5773=ADVANCED_FACE('',(#326),#5549,.F.);
#5774=ADVANCED_FACE('',(#327),#5550,.F.);
#5775=ADVANCED_FACE('',(#328),#5551,.F.);
#5776=ADVANCED_FACE('',(#329),#5552,.F.);
#5777=ADVANCED_FACE('',(#330),#5553,.F.);
#5778=ADVANCED_FACE('',(#331),#5554,.F.);
#5779=ADVANCED_FACE('',(#332),#102,.F.);
#5780=ADVANCED_FACE('',(#333),#103,.F.);
#5781=ADVANCED_FACE('',(#334),#5555,.F.);
#5782=ADVANCED_FACE('',(#335),#5556,.F.);
#5783=ADVANCED_FACE('',(#336),#104,.F.);
#5784=ADVANCED_FACE('',(#337),#5557,.F.);
#5785=ADVANCED_FACE('',(#338),#5558,.F.);
#5786=ADVANCED_FACE('',(#339),#5559,.F.);
#5787=ADVANCED_FACE('',(#340),#5560,.F.);
#5788=ADVANCED_FACE('',(#341),#5561,.F.);
#5789=ADVANCED_FACE('',(#342),#5562,.F.);
#5790=ADVANCED_FACE('',(#343),#5563,.F.);
#5791=ADVANCED_FACE('',(#344),#105,.F.);
#5792=ADVANCED_FACE('',(#345),#5564,.F.);
#5793=ADVANCED_FACE('',(#346),#5565,.F.);
#5794=ADVANCED_FACE('',(#347),#5566,.F.);
#5795=ADVANCED_FACE('',(#348),#5567,.F.);
#5796=ADVANCED_FACE('',(#349),#5568,.F.);
#5797=ADVANCED_FACE('',(#350),#5569,.F.);
#5798=ADVANCED_FACE('',(#351),#5570,.F.);
#5799=ADVANCED_FACE('',(#352),#5571,.F.);
#5800=ADVANCED_FACE('',(#353),#5572,.F.);
#5801=ADVANCED_FACE('',(#354),#5573,.F.);
#5802=ADVANCED_FACE('',(#355),#5574,.F.);
#5803=ADVANCED_FACE('',(#356),#5575,.F.);
#5804=ADVANCED_FACE('',(#357),#5576,.F.);
#5805=ADVANCED_FACE('',(#358),#5577,.F.);
#5806=ADVANCED_FACE('',(#359),#5578,.F.);
#5807=ADVANCED_FACE('',(#360,#54),#106,.T.);
#5808=ADVANCED_FACE('',(#361),#107,.F.);
#5809=ADVANCED_FACE('',(#362),#108,.F.);
#5810=ADVANCED_FACE('',(#363),#109,.F.);
#5811=ADVANCED_FACE('',(#364),#110,.F.);
#5812=ADVANCED_FACE('',(#365),#111,.F.);
#5813=ADVANCED_FACE('',(#366),#112,.F.);
#5814=ADVANCED_FACE('',(#367),#113,.F.);
#5815=ADVANCED_FACE('',(#368),#114,.F.);
#5816=ADVANCED_FACE('',(#369),#115,.F.);
#5817=ADVANCED_FACE('',(#370),#116,.F.);
#5818=ADVANCED_FACE('',(#371),#117,.F.);
#5819=ADVANCED_FACE('',(#372),#118,.F.);
#5820=ADVANCED_FACE('',(#373),#119,.F.);
#5821=ADVANCED_FACE('',(#374),#5579,.F.);
#5822=ADVANCED_FACE('',(#375),#5580,.F.);
#5823=ADVANCED_FACE('',(#376),#5581,.F.);
#5824=ADVANCED_FACE('',(#377),#5582,.F.);
#5825=ADVANCED_FACE('',(#378),#5583,.F.);
#5826=ADVANCED_FACE('',(#379),#5584,.F.);
#5827=ADVANCED_FACE('',(#380),#5585,.F.);
#5828=ADVANCED_FACE('',(#381),#5586,.F.);
#5829=ADVANCED_FACE('',(#382),#5587,.F.);
#5830=ADVANCED_FACE('',(#383),#120,.F.);
#5831=ADVANCED_FACE('',(#384),#121,.F.);
#5832=ADVANCED_FACE('',(#385),#5588,.F.);
#5833=ADVANCED_FACE('',(#386),#5589,.F.);
#5834=ADVANCED_FACE('',(#387),#122,.F.);
#5835=ADVANCED_FACE('',(#388),#5590,.F.);
#5836=ADVANCED_FACE('',(#389),#5591,.F.);
#5837=ADVANCED_FACE('',(#390),#5592,.F.);
#5838=ADVANCED_FACE('',(#391),#5593,.F.);
#5839=ADVANCED_FACE('',(#392),#5594,.F.);
#5840=ADVANCED_FACE('',(#393),#5595,.F.);
#5841=ADVANCED_FACE('',(#394),#5596,.F.);
#5842=ADVANCED_FACE('',(#395),#123,.F.);
#5843=ADVANCED_FACE('',(#396),#5597,.F.);
#5844=ADVANCED_FACE('',(#397),#5598,.F.);
#5845=ADVANCED_FACE('',(#398),#5599,.F.);
#5846=ADVANCED_FACE('',(#399),#5600,.F.);
#5847=ADVANCED_FACE('',(#400),#5601,.F.);
#5848=ADVANCED_FACE('',(#401),#5602,.F.);
#5849=ADVANCED_FACE('',(#402),#5603,.F.);
#5850=ADVANCED_FACE('',(#403),#5604,.F.);
#5851=ADVANCED_FACE('',(#404),#5605,.F.);
#5852=ADVANCED_FACE('',(#405),#5606,.F.);
#5853=ADVANCED_FACE('',(#406),#5607,.F.);
#5854=ADVANCED_FACE('',(#407),#5608,.F.);
#5855=ADVANCED_FACE('',(#408),#5609,.F.);
#5856=ADVANCED_FACE('',(#409),#5610,.F.);
#5857=ADVANCED_FACE('',(#410),#5611,.F.);
#5858=ADVANCED_FACE('',(#411,#55),#124,.T.);
#5859=ADVANCED_FACE('',(#412),#125,.F.);
#5860=ADVANCED_FACE('',(#413),#5612,.F.);
#5861=ADVANCED_FACE('',(#414),#5613,.F.);
#5862=ADVANCED_FACE('',(#415),#5614,.F.);
#5863=ADVANCED_FACE('',(#416),#5615,.F.);
#5864=ADVANCED_FACE('',(#417),#5616,.F.);
#5865=ADVANCED_FACE('',(#418),#126,.F.);
#5866=ADVANCED_FACE('',(#419),#127,.F.);
#5867=ADVANCED_FACE('',(#420),#128,.F.);
#5868=ADVANCED_FACE('',(#421),#5617,.F.);
#5869=ADVANCED_FACE('',(#422),#5618,.F.);
#5870=ADVANCED_FACE('',(#423),#5619,.F.);
#5871=ADVANCED_FACE('',(#424),#5620,.F.);
#5872=ADVANCED_FACE('',(#425),#129,.F.);
#5873=ADVANCED_FACE('',(#426),#130,.F.);
#5874=ADVANCED_FACE('',(#427),#131,.F.);
#5875=ADVANCED_FACE('',(#428),#132,.F.);
#5876=ADVANCED_FACE('',(#429),#133,.T.);
#5877=ADVANCED_FACE('',(#430),#5621,.F.);
#5878=ADVANCED_FACE('',(#431),#5622,.F.);
#5879=ADVANCED_FACE('',(#432),#5623,.F.);
#5880=ADVANCED_FACE('',(#433),#134,.F.);
#5881=ADVANCED_FACE('',(#434),#135,.F.);
#5882=ADVANCED_FACE('',(#435),#136,.F.);
#5883=ADVANCED_FACE('',(#436),#137,.F.);
#5884=ADVANCED_FACE('',(#437),#138,.F.);
#5885=ADVANCED_FACE('',(#438),#139,.F.);
#5886=ADVANCED_FACE('',(#439),#140,.F.);
#5887=ADVANCED_FACE('',(#440),#141,.F.);
#5888=ADVANCED_FACE('',(#441),#142,.F.);
#5889=ADVANCED_FACE('',(#442),#143,.F.);
#5890=ADVANCED_FACE('',(#443),#144,.F.);
#5891=ADVANCED_FACE('',(#444),#5624,.F.);
#5892=ADVANCED_FACE('',(#445),#5625,.F.);
#5893=ADVANCED_FACE('',(#446),#5626,.F.);
#5894=ADVANCED_FACE('',(#447),#5627,.F.);
#5895=ADVANCED_FACE('',(#448),#145,.F.);
#5896=ADVANCED_FACE('',(#449),#5628,.F.);
#5897=ADVANCED_FACE('',(#450),#146,.T.);
#5898=ADVANCED_FACE('',(#451),#147,.F.);
#5899=ADVANCED_FACE('',(#452),#148,.F.);
#5900=ADVANCED_FACE('',(#453),#149,.F.);
#5901=ADVANCED_FACE('',(#454),#150,.F.);
#5902=ADVANCED_FACE('',(#455),#151,.F.);
#5903=ADVANCED_FACE('',(#456),#152,.F.);
#5904=ADVANCED_FACE('',(#457),#153,.F.);
#5905=ADVANCED_FACE('',(#458),#154,.F.);
#5906=ADVANCED_FACE('',(#459),#155,.F.);
#5907=ADVANCED_FACE('',(#460),#5629,.F.);
#5908=ADVANCED_FACE('',(#461),#5630,.F.);
#5909=ADVANCED_FACE('',(#462),#156,.F.);
#5910=ADVANCED_FACE('',(#463),#157,.F.);
#5911=ADVANCED_FACE('',(#464),#158,.F.);
#5912=ADVANCED_FACE('',(#465),#159,.F.);
#5913=ADVANCED_FACE('',(#466),#160,.T.);
#5914=ADVANCED_FACE('',(#467,#56,#57,#58,#59,#60,#61,#62,#63,#64,#65,#66,
#67,#68,#69,#70),#161,.F.);
#5915=ADVANCED_FACE('',(#468),#162,.F.);
#5916=ADVANCED_FACE('',(#469),#163,.F.);
#5917=ADVANCED_FACE('',(#470),#164,.F.);
#5918=ADVANCED_FACE('',(#471),#165,.F.);
#5919=ADVANCED_FACE('',(#472),#15,.T.);
#5920=ADVANCED_FACE('',(#473),#166,.T.);
#5921=ADVANCED_FACE('',(#474,#71,#72,#73,#74),#167,.T.);
#5922=ADVANCED_FACE('',(#475),#16,.T.);
#5923=ADVANCED_FACE('',(#476),#168,.T.);
#5924=ADVANCED_FACE('',(#477),#17,.T.);
#5925=ADVANCED_FACE('',(#478),#169,.T.);
#5926=ADVANCED_FACE('',(#479),#18,.T.);
#5927=ADVANCED_FACE('',(#480),#170,.T.);
#5928=ADVANCED_FACE('',(#481),#171,.F.);
#5929=ADVANCED_FACE('',(#482),#172,.F.);
#5930=ADVANCED_FACE('',(#483),#173,.F.);
#5931=ADVANCED_FACE('',(#484),#174,.T.);
#5932=ADVANCED_FACE('',(#485),#175,.T.);
#5933=ADVANCED_FACE('',(#486),#176,.T.);
#5934=ADVANCED_FACE('',(#487),#19,.F.);
#5935=ADVANCED_FACE('',(#488),#20,.F.);
#5936=ADVANCED_FACE('',(#489),#21,.F.);
#5937=ADVANCED_FACE('',(#490),#22,.F.);
#5938=ADVANCED_FACE('',(#491),#177,.T.);
#5939=ADVANCED_FACE('',(#492),#178,.T.);
#5940=ADVANCED_FACE('',(#493),#179,.F.);
#5941=ADVANCED_FACE('',(#494),#23,.F.);
#5942=ADVANCED_FACE('',(#495,#75),#180,.F.);
#5943=ADVANCED_FACE('',(#496),#24,.F.);
#5944=ADVANCED_FACE('',(#497,#76),#181,.F.);
#5945=ADVANCED_FACE('',(#498),#25,.F.);
#5946=ADVANCED_FACE('',(#499,#77),#182,.F.);
#5947=ADVANCED_FACE('',(#500),#26,.F.);
#5948=ADVANCED_FACE('',(#501,#78),#183,.F.);
#5949=CLOSED_SHELL('',(#5631,#5632,#5633,#5634,#5635,#5636,#5637,#5638,
#5639,#5640,#5641,#5642,#5643,#5644,#5645,#5646,#5647,#5648,#5649,#5650,
#5651,#5652,#5653,#5654,#5655,#5656,#5657,#5658,#5659,#5660,#5661,#5662,
#5663,#5664,#5665,#5666,#5667,#5668,#5669,#5670,#5671,#5672,#5673,#5674,
#5675,#5676,#5677,#5678,#5679,#5680,#5681,#5682,#5683,#5684,#5685,#5686,
#5687,#5688,#5689,#5690,#5691,#5692,#5693,#5694,#5695,#5696,#5697,#5698,
#5699,#5700,#5701,#5702,#5703,#5704,#5705,#5706,#5707,#5708,#5709,#5710,
#5711,#5712,#5713,#5714,#5715,#5716,#5717,#5718,#5719,#5720,#5721,#5722,
#5723,#5724,#5725,#5726,#5727,#5728,#5729,#5730,#5731,#5732,#5733,#5734,
#5735,#5736,#5737,#5738,#5739,#5740,#5741,#5742,#5743,#5744,#5745,#5746,
#5747,#5748,#5749,#5750,#5751,#5752,#5753,#5754,#5755,#5756,#5757,#5758,
#5759,#5760,#5761,#5762,#5763,#5764,#5765,#5766,#5767,#5768,#5769,#5770,
#5771,#5772,#5773,#5774,#5775,#5776,#5777,#5778,#5779,#5780,#5781,#5782,
#5783,#5784,#5785,#5786,#5787,#5788,#5789,#5790,#5791,#5792,#5793,#5794,
#5795,#5796,#5797,#5798,#5799,#5800,#5801,#5802,#5803,#5804,#5805,#5806,
#5807,#5808,#5809,#5810,#5811,#5812,#5813,#5814,#5815,#5816,#5817,#5818,
#5819,#5820,#5821,#5822,#5823,#5824,#5825,#5826,#5827,#5828,#5829,#5830,
#5831,#5832,#5833,#5834,#5835,#5836,#5837,#5838,#5839,#5840,#5841,#5842,
#5843,#5844,#5845,#5846,#5847,#5848,#5849,#5850,#5851,#5852,#5853,#5854,
#5855,#5856,#5857,#5858,#5859,#5860,#5861,#5862,#5863,#5864,#5865,#5866,
#5867,#5868,#5869,#5870,#5871,#5872,#5873,#5874,#5875,#5876,#5877,#5878,
#5879,#5880,#5881,#5882,#5883,#5884,#5885,#5886,#5887,#5888,#5889,#5890,
#5891,#5892,#5893,#5894,#5895,#5896,#5897,#5898,#5899,#5900,#5901,#5902,
#5903,#5904,#5905,#5906,#5907,#5908,#5909,#5910,#5911,#5912,#5913,#5914,
#5915,#5916,#5917,#5918,#5919,#5920,#5921,#5922,#5923,#5924,#5925,#5926,
#5927,#5928,#5929,#5930,#5931,#5932,#5933,#5934,#5935,#5936,#5937,#5938,
#5939,#5940,#5941,#5942,#5943,#5944,#5945,#5946,#5947,#5948));
#5950=DERIVED_UNIT_ELEMENT(#5952,1.);
#5951=DERIVED_UNIT_ELEMENT(#12071,-3.);
#5952=(
MASS_UNIT()
NAMED_UNIT(*)
SI_UNIT(.KILO.,.GRAM.)
);
#5953=DERIVED_UNIT((#5950,#5951));
#5954=MEASURE_REPRESENTATION_ITEM('density measure',
POSITIVE_RATIO_MEASURE(7850.),#5953);
#5955=PROPERTY_DEFINITION_REPRESENTATION(#5960,#5957);
#5956=PROPERTY_DEFINITION_REPRESENTATION(#5961,#5958);
#5957=REPRESENTATION('material name',(#5959),#12068);
#5958=REPRESENTATION('density',(#5954),#12068);
#5959=DESCRIPTIVE_REPRESENTATION_ITEM('Steel','Steel');
#5960=PROPERTY_DEFINITION('material property','material name',#12078);
#5961=PROPERTY_DEFINITION('material property','density of part',#12078);
#5962=AXIS2_PLACEMENT_3D('',#6850,#6104,#6105);
#5963=AXIS2_PLACEMENT_3D('',#7061,#6116,#6117);
#5964=AXIS2_PLACEMENT_3D('',#7064,#6120,#6121);
#5965=AXIS2_PLACEMENT_3D('',#7119,#6128,#6129);
#5966=AXIS2_PLACEMENT_3D('',#7286,#6140,#6141);
#5967=AXIS2_PLACEMENT_3D('',#7634,#6159,#6160);
#5968=AXIS2_PLACEMENT_3D('',#7960,#6176,#6177);
#5969=AXIS2_PLACEMENT_3D('',#8334,#6197,#6198);
#5970=AXIS2_PLACEMENT_3D('',#8360,#6202,#6203);
#5971=AXIS2_PLACEMENT_3D('',#8545,#6212,#6213);
#5972=AXIS2_PLACEMENT_3D('',#8554,#6218,#6219);
#5973=AXIS2_PLACEMENT_3D('',#8560,#6223,#6224);
#5974=AXIS2_PLACEMENT_3D('',#8773,#6237,#6238);
#5975=AXIS2_PLACEMENT_3D('',#8779,#6242,#6243);
#5976=AXIS2_PLACEMENT_3D('',#8782,#6246,#6247);
#5977=AXIS2_PLACEMENT_3D('',#8947,#6256,#6257);
#5978=AXIS2_PLACEMENT_3D('',#9160,#6270,#6271);
#5979=AXIS2_PLACEMENT_3D('',#9186,#6275,#6276);
#5980=AXIS2_PLACEMENT_3D('',#9371,#6285,#6286);
#5981=AXIS2_PLACEMENT_3D('',#9610,#6301,#6302);
#5982=AXIS2_PLACEMENT_3D('',#9616,#6306,#6307);
#5983=AXIS2_PLACEMENT_3D('',#9622,#6311,#6312);
#5984=AXIS2_PLACEMENT_3D('',#9628,#6316,#6317);
#5985=AXIS2_PLACEMENT_3D('',#9631,#6320,#6321);
#5986=AXIS2_PLACEMENT_3D('',#9842,#6332,#6333);
#5987=AXIS2_PLACEMENT_3D('',#9845,#6336,#6337);
#5988=AXIS2_PLACEMENT_3D('',#9900,#6344,#6345);
#5989=AXIS2_PLACEMENT_3D('',#10067,#6356,#6357);
#5990=AXIS2_PLACEMENT_3D('',#10415,#6375,#6376);
#5991=AXIS2_PLACEMENT_3D('',#10416,#6377,#6378);
#5992=AXIS2_PLACEMENT_3D('',#10425,#6383,#6384);
#5993=AXIS2_PLACEMENT_3D('',#10431,#6388,#6389);
#5994=AXIS2_PLACEMENT_3D('',#10437,#6393,#6394);
#5995=AXIS2_PLACEMENT_3D('',#10443,#6398,#6399);
#5996=AXIS2_PLACEMENT_3D('',#10449,#6403,#6404);
#5997=AXIS2_PLACEMENT_3D('',#10455,#6408,#6409);
#5998=AXIS2_PLACEMENT_3D('',#10461,#6413,#6414);
#5999=AXIS2_PLACEMENT_3D('',#10467,#6418,#6419);
#6000=AXIS2_PLACEMENT_3D('',#10473,#6423,#6424);
#6001=AXIS2_PLACEMENT_3D('',#10479,#6428,#6429);
#6002=AXIS2_PLACEMENT_3D('',#10485,#6433,#6434);
#6003=AXIS2_PLACEMENT_3D('',#10488,#6437,#6438);
#6004=AXIS2_PLACEMENT_3D('',#10699,#6449,#6450);
#6005=AXIS2_PLACEMENT_3D('',#10702,#6453,#6454);
#6006=AXIS2_PLACEMENT_3D('',#10757,#6461,#6462);
#6007=AXIS2_PLACEMENT_3D('',#10924,#6473,#6474);
#6008=AXIS2_PLACEMENT_3D('',#11272,#6492,#6493);
#6009=AXIS2_PLACEMENT_3D('',#11273,#6494,#6495);
#6010=AXIS2_PLACEMENT_3D('',#11397,#6505,#6506);
#6011=AXIS2_PLACEMENT_3D('',#11403,#6510,#6511);
#6012=AXIS2_PLACEMENT_3D('',#11409,#6515,#6516);
#6013=AXIS2_PLACEMENT_3D('',#11507,#6524,#6525);
#6014=AXIS2_PLACEMENT_3D('',#11513,#6529,#6530);
#6015=AXIS2_PLACEMENT_3D('',#11519,#6534,#6535);
#6016=AXIS2_PLACEMENT_3D('',#11525,#6539,#6540);
#6017=AXIS2_PLACEMENT_3D('',#11528,#6543,#6544);
#6018=AXIS2_PLACEMENT_3D('',#11601,#6549,#6550);
#6019=AXIS2_PLACEMENT_3D('',#11607,#6554,#6555);
#6020=AXIS2_PLACEMENT_3D('',#11613,#6559,#6560);
#6021=AXIS2_PLACEMENT_3D('',#11619,#6564,#6565);
#6022=AXIS2_PLACEMENT_3D('',#11625,#6569,#6570);
#6023=AXIS2_PLACEMENT_3D('',#11631,#6574,#6575);
#6024=AXIS2_PLACEMENT_3D('',#11637,#6579,#6580);
#6025=AXIS2_PLACEMENT_3D('',#11643,#6584,#6585);
#6026=AXIS2_PLACEMENT_3D('',#11649,#6589,#6590);
#6027=AXIS2_PLACEMENT_3D('',#11655,#6594,#6595);
#6028=AXIS2_PLACEMENT_3D('',#11661,#6599,#6600);
#6029=AXIS2_PLACEMENT_3D('',#11759,#6608,#6609);
#6030=AXIS2_PLACEMENT_3D('',#11785,#6613,#6614);
#6031=AXIS2_PLACEMENT_3D('',#11786,#6615,#6616);
#6032=AXIS2_PLACEMENT_3D('',#11795,#6621,#6622);
#6033=AXIS2_PLACEMENT_3D('',#11801,#6626,#6627);
#6034=AXIS2_PLACEMENT_3D('',#11807,#6631,#6632);
#6035=AXIS2_PLACEMENT_3D('',#11813,#6636,#6637);
#6036=AXIS2_PLACEMENT_3D('',#11819,#6641,#6642);
#6037=AXIS2_PLACEMENT_3D('',#11825,#6646,#6647);
#6038=AXIS2_PLACEMENT_3D('',#11831,#6651,#6652);
#6039=AXIS2_PLACEMENT_3D('',#11837,#6656,#6657);
#6040=AXIS2_PLACEMENT_3D('',#11889,#6663,#6664);
#6041=AXIS2_PLACEMENT_3D('',#11895,#6668,#6669);
#6042=AXIS2_PLACEMENT_3D('',#11901,#6673,#6674);
#6043=AXIS2_PLACEMENT_3D('',#11907,#6678,#6679);
#6044=AXIS2_PLACEMENT_3D('',#11910,#6682,#6683);
#6045=AXIS2_PLACEMENT_3D('',#11911,#6684,#6685);
#6046=AXIS2_PLACEMENT_3D('',#11914,#6686,#6687);
#6047=AXIS2_PLACEMENT_3D('',#11918,#6689,#6690);
#6048=AXIS2_PLACEMENT_3D('',#11922,#6692,#6693);
#6049=AXIS2_PLACEMENT_3D('',#11926,#6695,#6696);
#6050=AXIS2_PLACEMENT_3D('',#11929,#6698,#6699);
#6051=AXIS2_PLACEMENT_3D('',#11931,#6700,#6701);
#6052=AXIS2_PLACEMENT_3D('',#11933,#6702,#6703);
#6053=AXIS2_PLACEMENT_3D('',#11935,#6704,#6705);
#6054=AXIS2_PLACEMENT_3D('',#11936,#6706,#6707);
#6055=AXIS2_PLACEMENT_3D('',#11937,#6708,#6709);
#6056=AXIS2_PLACEMENT_3D('',#11938,#6710,#6711);
#6057=AXIS2_PLACEMENT_3D('',#11939,#6712,#6713);
#6058=AXIS2_PLACEMENT_3D('',#11940,#6714,#6715);
#6059=AXIS2_PLACEMENT_3D('',#11943,#6716,#6717);
#6060=AXIS2_PLACEMENT_3D('',#11946,#6720,#6721);
#6061=AXIS2_PLACEMENT_3D('',#11950,#6724,#6725);
#6062=AXIS2_PLACEMENT_3D('',#11970,#6735,#6736);
#6063=AXIS2_PLACEMENT_3D('',#11974,#6738,#6739);
#6064=AXIS2_PLACEMENT_3D('',#11977,#6741,#6742);
#6065=AXIS2_PLACEMENT_3D('',#11979,#6743,#6744);
#6066=AXIS2_PLACEMENT_3D('',#11981,#6745,#6746);
#6067=AXIS2_PLACEMENT_3D('',#11983,#6747,#6748);
#6068=AXIS2_PLACEMENT_3D('',#11985,#6749,#6750);
#6069=AXIS2_PLACEMENT_3D('',#11986,#6751,#6752);
#6070=AXIS2_PLACEMENT_3D('',#11988,#6754,#6755);
#6071=AXIS2_PLACEMENT_3D('',#11990,#6757,#6758);
#6072=AXIS2_PLACEMENT_3D('',#11992,#6760,#6761);
#6073=AXIS2_PLACEMENT_3D('',#11994,#6763,#6764);
#6074=AXIS2_PLACEMENT_3D('',#11996,#6766,#6767);
#6075=AXIS2_PLACEMENT_3D('',#12002,#6771,#6772);
#6076=AXIS2_PLACEMENT_3D('',#12006,#6775,#6776);
#6077=AXIS2_PLACEMENT_3D('',#12010,#6779,#6780);
#6078=AXIS2_PLACEMENT_3D('',#12012,#6782,#6783);
#6079=AXIS2_PLACEMENT_3D('',#12018,#6787,#6788);
#6080=AXIS2_PLACEMENT_3D('',#12024,#6792,#6793);
#6081=AXIS2_PLACEMENT_3D('',#12026,#6795,#6796);
#6082=AXIS2_PLACEMENT_3D('',#12028,#6797,#6798);
#6083=AXIS2_PLACEMENT_3D('',#12030,#6800,#6801);
#6084=AXIS2_PLACEMENT_3D('',#12032,#6802,#6803);
#6085=AXIS2_PLACEMENT_3D('',#12034,#6805,#6806);
#6086=AXIS2_PLACEMENT_3D('',#12036,#6807,#6808);
#6087=AXIS2_PLACEMENT_3D('',#12038,#6810,#6811);
#6088=AXIS2_PLACEMENT_3D('',#12040,#6812,#6813);
#6089=AXIS2_PLACEMENT_3D('',#12042,#6815,#6816);
#6090=AXIS2_PLACEMENT_3D('',#12044,#6818,#6819);
#6091=AXIS2_PLACEMENT_3D('',#12045,#6820,#6821);
#6092=AXIS2_PLACEMENT_3D('',#12046,#6822,#6823);
#6093=AXIS2_PLACEMENT_3D('',#12049,#6825,#6826);
#6094=AXIS2_PLACEMENT_3D('',#12050,#6827,#6828);
#6095=AXIS2_PLACEMENT_3D('',#12051,#6829,#6830);
#6096=AXIS2_PLACEMENT_3D('',#12054,#6832,#6833);
#6097=AXIS2_PLACEMENT_3D('',#12055,#6834,#6835);
#6098=AXIS2_PLACEMENT_3D('',#12056,#6836,#6837);
#6099=AXIS2_PLACEMENT_3D('',#12059,#6839,#6840);
#6100=AXIS2_PLACEMENT_3D('',#12060,#6841,#6842);
#6101=AXIS2_PLACEMENT_3D('',#12061,#6843,#6844);
#6102=AXIS2_PLACEMENT_3D('',#12064,#6846,#6847);
#6103=AXIS2_PLACEMENT_3D('',#12065,#6848,#6849);
#6104=DIRECTION('axis',(0.,0.,1.));
#6105=DIRECTION('refdir',(1.,0.,0.));
#6106=DIRECTION('',(0.,1.,0.));
#6107=DIRECTION('',(0.,1.,0.));
#6108=DIRECTION('',(0.,1.,0.));
#6109=DIRECTION('',(0.,1.,0.));
#6110=DIRECTION('',(0.,1.,0.));
#6111=DIRECTION('',(0.,1.,0.));
#6112=DIRECTION('',(0.,1.,0.));
#6113=DIRECTION('',(0.,1.,0.));
#6114=DIRECTION('',(0.,1.,0.));
#6115=DIRECTION('',(0.,1.,0.));
#6116=DIRECTION('center_axis',(-1.,0.,0.));
#6117=DIRECTION('ref_axis',(0.,0.,1.));
#6118=DIRECTION('',(0.,0.,1.));
#6119=DIRECTION('',(0.,0.,1.));
#6120=DIRECTION('center_axis',(0.,0.,-1.));
#6121=DIRECTION('ref_axis',(-1.,0.,0.));
#6122=DIRECTION('',(-1.,0.,0.));
#6123=DIRECTION('',(0.,1.,0.));
#6124=DIRECTION('',(-1.,0.,0.));
#6125=DIRECTION('',(0.,1.,0.));
#6126=DIRECTION('',(0.,1.,0.));
#6127=DIRECTION('',(0.,1.,0.));
#6128=DIRECTION('center_axis',(1.,0.,0.));
#6129=DIRECTION('ref_axis',(0.,0.,-1.));
#6130=DIRECTION('',(0.,0.,-1.));
#6131=DIRECTION('',(0.,1.,0.));
#6132=DIRECTION('',(0.,0.,-1.));
#6133=DIRECTION('',(0.,1.,0.));
#6134=DIRECTION('',(0.,1.,0.));
#6135=DIRECTION('',(0.,1.,0.));
#6136=DIRECTION('',(0.,1.,0.));
#6137=DIRECTION('',(0.,1.,0.));
#6138=DIRECTION('',(0.,1.,0.));
#6139=DIRECTION('',(0.,1.,0.));
#6140=DIRECTION('center_axis',(-0.135113204733314,0.,-0.990830168044299));
#6141=DIRECTION('ref_axis',(-0.990830168044299,0.,0.135113204733313));
#6142=DIRECTION('',(-0.990830168044299,0.,0.135113204733313));
#6143=DIRECTION('',(0.,1.,0.));
#6144=DIRECTION('',(-0.990830168044299,0.,0.135113204733313));
#6145=DIRECTION('',(0.,1.,0.));
#6146=DIRECTION('',(0.,1.,0.));
#6147=DIRECTION('',(0.,1.,0.));
#6148=DIRECTION('',(0.,1.,0.));
#6149=DIRECTION('',(0.,1.,0.));
#6150=DIRECTION('',(0.,1.,0.));
#6151=DIRECTION('',(0.,1.,0.));
#6152=DIRECTION('',(0.,1.,0.));
#6153=DIRECTION('',(0.,1.,0.));
#6154=DIRECTION('',(0.,1.,0.));
#6155=DIRECTION('',(0.,1.,0.));
#6156=DIRECTION('',(0.,1.,0.));
#6157=DIRECTION('',(0.,1.,0.));
#6158=DIRECTION('',(0.,1.,0.));
#6159=DIRECTION('center_axis',(0.,-1.,0.));
#6160=DIRECTION('ref_axis',(-1.,0.,0.));
#6161=DIRECTION('',(0.,1.,0.));
#6162=DIRECTION('',(0.,1.,0.));
#6163=DIRECTION('',(0.,1.,0.));
#6164=DIRECTION('',(0.,1.,0.));
#6165=DIRECTION('',(0.,1.,0.));
#6166=DIRECTION('',(0.,1.,0.));
#6167=DIRECTION('',(0.,1.,0.));
#6168=DIRECTION('',(0.,1.,0.));
#6169=DIRECTION('',(0.,1.,0.));
#6170=DIRECTION('',(0.,1.,0.));
#6171=DIRECTION('',(0.,1.,0.));
#6172=DIRECTION('',(0.,1.,0.));
#6173=DIRECTION('',(0.,1.,0.));
#6174=DIRECTION('',(0.,1.,0.));
#6175=DIRECTION('',(0.,1.,0.));
#6176=DIRECTION('center_axis',(0.135113973057808,0.,-0.990830063272474));
#6177=DIRECTION('ref_axis',(-0.990830063272474,0.,-0.135113973057808));
#6178=DIRECTION('',(-0.990830063272474,0.,-0.135113973057808));
#6179=DIRECTION('',(0.,1.,0.));
#6180=DIRECTION('',(-0.990830063272474,0.,-0.135113973057808));
#6181=DIRECTION('',(0.,1.,0.));
#6182=DIRECTION('',(0.,1.,0.));
#6183=DIRECTION('',(0.,1.,0.));
#6184=DIRECTION('',(0.,1.,0.));
#6185=DIRECTION('',(0.,1.,0.));
#6186=DIRECTION('',(0.,1.,0.));
#6187=DIRECTION('',(0.,1.,0.));
#6188=DIRECTION('',(0.,1.,0.));
#6189=DIRECTION('',(0.,1.,0.));
#6190=DIRECTION('',(0.,1.,0.));
#6191=DIRECTION('',(0.,1.,0.));
#6192=DIRECTION('',(0.,1.,0.));
#6193=DIRECTION('',(0.,1.,0.));
#6194=DIRECTION('',(0.,1.,0.));
#6195=DIRECTION('',(0.,1.,0.));
#6196=DIRECTION('',(0.,1.,0.));
#6197=DIRECTION('center_axis',(-0.155392348763381,0.,0.98785283212926));
#6198=DIRECTION('ref_axis',(0.98785283212926,0.,0.155392348763381));
#6199=DIRECTION('',(0.98785283212926,0.,0.155392348763381));
#6200=DIRECTION('',(0.,1.,0.));
#6201=DIRECTION('',(0.98785283212926,0.,0.155392348763381));
#6202=DIRECTION('center_axis',(0.,-1.,0.));
#6203=DIRECTION('ref_axis',(-1.,0.,0.));
#6204=DIRECTION('',(0.,1.,0.));
#6205=DIRECTION('',(0.,1.,0.));
#6206=DIRECTION('',(0.,1.,0.));
#6207=DIRECTION('',(0.,1.,0.));
#6208=DIRECTION('',(0.,1.,0.));
#6209=DIRECTION('',(0.,1.,0.));
#6210=DIRECTION('',(0.,1.,0.));
#6211=DIRECTION('',(0.,1.,0.));
#6212=DIRECTION('center_axis',(1.,0.,0.));
#6213=DIRECTION('ref_axis',(0.,0.,-1.));
#6214=DIRECTION('',(0.,0.,-1.));
#6215=DIRECTION('',(0.,1.,0.));
#6216=DIRECTION('',(0.,0.,-1.));
#6217=DIRECTION('',(0.,1.,0.));
#6218=DIRECTION('center_axis',(0.,0.,1.));
#6219=DIRECTION('ref_axis',(1.,0.,0.));
#6220=DIRECTION('',(1.,0.,0.));
#6221=DIRECTION('',(0.,1.,0.));
#6222=DIRECTION('',(1.,0.,0.));
#6223=DIRECTION('center_axis',(-1.,0.,0.));
#6224=DIRECTION('ref_axis',(0.,0.,1.));
#6225=DIRECTION('',(0.,0.,1.));
#6226=DIRECTION('',(0.,1.,0.));
#6227=DIRECTION('',(0.,0.,1.));
#6228=DIRECTION('',(0.,1.,0.));
#6229=DIRECTION('',(0.,1.,0.));
#6230=DIRECTION('',(0.,1.,0.));
#6231=DIRECTION('',(0.,1.,0.));
#6232=DIRECTION('',(0.,1.,0.));
#6233=DIRECTION('',(0.,1.,0.));
#6234=DIRECTION('',(0.,1.,0.));
#6235=DIRECTION('',(0.,1.,0.));
#6236=DIRECTION('',(0.,1.,0.));
#6237=DIRECTION('center_axis',(-1.,0.,0.));
#6238=DIRECTION('ref_axis',(0.,0.,1.));
#6239=DIRECTION('',(0.,0.,1.));
#6240=DIRECTION('',(0.,1.,0.));
#6241=DIRECTION('',(0.,0.,1.));
#6242=DIRECTION('center_axis',(0.,0.,-1.));
#6243=DIRECTION('ref_axis',(-1.,0.,0.));
#6244=DIRECTION('',(-1.,0.,0.));
#6245=DIRECTION('',(-1.,0.,0.));
#6246=DIRECTION('center_axis',(0.,-1.,0.));
#6247=DIRECTION('ref_axis',(-1.,0.,0.));
#6248=DIRECTION('',(0.,1.,0.));
#6249=DIRECTION('',(0.,1.,0.));
#6250=DIRECTION('',(0.,1.,0.));
#6251=DIRECTION('',(0.,1.,0.));
#6252=DIRECTION('',(0.,1.,0.));
#6253=DIRECTION('',(0.,1.,0.));
#6254=DIRECTION('',(0.,1.,0.));
#6255=DIRECTION('',(0.,1.,0.));
#6256=DIRECTION('center_axis',(0.152481945569897,0.,-0.988306256316947));
#6257=DIRECTION('ref_axis',(-0.988306256316947,0.,-0.152481945569897));
#6258=DIRECTION('',(-0.988306256316947,0.,-0.152481945569897));
#6259=DIRECTION('',(0.,1.,0.));
#6260=DIRECTION('',(-0.988306256316947,0.,-0.152481945569897));
#6261=DIRECTION('',(0.,1.,0.));
#6262=DIRECTION('',(0.,1.,0.));
#6263=DIRECTION('',(0.,1.,0.));
#6264=DIRECTION('',(0.,1.,0.));
#6265=DIRECTION('',(0.,1.,0.));
#6266=DIRECTION('',(0.,1.,0.));
#6267=DIRECTION('',(0.,1.,0.));
#6268=DIRECTION('',(0.,1.,0.));
#6269=DIRECTION('',(0.,1.,0.));
#6270=DIRECTION('center_axis',(0.128859553629824,0.,0.991662853715073));
#6271=DIRECTION('ref_axis',(0.991662853715073,0.,-0.128859553629824));
#6272=DIRECTION('',(0.991662853715073,0.,-0.128859553629824));
#6273=DIRECTION('',(0.,1.,0.));
#6274=DIRECTION('',(0.991662853715073,0.,-0.128859553629824));
#6275=DIRECTION('center_axis',(0.,-1.,0.));
#6276=DIRECTION('ref_axis',(-1.,0.,0.));
#6277=DIRECTION('',(0.,1.,0.));
#6278=DIRECTION('',(0.,1.,0.));
#6279=DIRECTION('',(0.,1.,0.));
#6280=DIRECTION('',(0.,1.,0.));
#6281=DIRECTION('',(0.,1.,0.));
#6282=DIRECTION('',(0.,1.,0.));
#6283=DIRECTION('',(0.,1.,0.));
#6284=DIRECTION('',(0.,1.,0.));
#6285=DIRECTION('center_axis',(1.,0.,0.));
#6286=DIRECTION('ref_axis',(0.,0.,-1.));
#6287=DIRECTION('',(0.,0.,-1.));
#6288=DIRECTION('',(0.,1.,0.));
#6289=DIRECTION('',(0.,0.,-1.));
#6290=DIRECTION('',(0.,1.,0.));
#6291=DIRECTION('',(0.,1.,0.));
#6292=DIRECTION('',(0.,1.,0.));
#6293=DIRECTION('',(0.,1.,0.));
#6294=DIRECTION('',(0.,1.,0.));
#6295=DIRECTION('',(0.,1.,0.));
#6296=DIRECTION('',(0.,1.,0.));
#6297=DIRECTION('',(0.,1.,0.));
#6298=DIRECTION('',(0.,1.,0.));
#6299=DIRECTION('',(0.,1.,0.));
#6300=DIRECTION('',(0.,1.,0.));
#6301=DIRECTION('center_axis',(1.,0.,0.));
#6302=DIRECTION('ref_axis',(0.,0.,-1.));
#6303=DIRECTION('',(0.,0.,-1.));
#6304=DIRECTION('',(0.,1.,0.));
#6305=DIRECTION('',(0.,0.,-1.));
#6306=DIRECTION('center_axis',(0.,0.,1.));
#6307=DIRECTION('ref_axis',(1.,0.,0.));
#6308=DIRECTION('',(1.,0.,0.));
#6309=DIRECTION('',(0.,1.,0.));
#6310=DIRECTION('',(1.,0.,0.));
#6311=DIRECTION('center_axis',(-1.,0.,0.));
#6312=DIRECTION('ref_axis',(0.,0.,1.));
#6313=DIRECTION('',(0.,0.,1.));
#6314=DIRECTION('',(0.,1.,0.));
#6315=DIRECTION('',(0.,0.,1.));
#6316=DIRECTION('center_axis',(0.,0.,-1.));
#6317=DIRECTION('ref_axis',(-1.,0.,0.));
#6318=DIRECTION('',(-1.,0.,0.));
#6319=DIRECTION('',(-1.,0.,0.));
#6320=DIRECTION('center_axis',(0.,-1.,0.));
#6321=DIRECTION('ref_axis',(-1.,0.,0.));
#6322=DIRECTION('',(0.,1.,0.));
#6323=DIRECTION('',(0.,1.,0.));
#6324=DIRECTION('',(0.,1.,0.));
#6325=DIRECTION('',(0.,1.,0.));
#6326=DIRECTION('',(0.,1.,0.));
#6327=DIRECTION('',(0.,1.,0.));
#6328=DIRECTION('',(0.,1.,0.));
#6329=DIRECTION('',(0.,1.,0.));
#6330=DIRECTION('',(0.,1.,0.));
#6331=DIRECTION('',(0.,1.,0.));
#6332=DIRECTION('center_axis',(-1.,0.,0.));
#6333=DIRECTION('ref_axis',(0.,0.,1.));
#6334=DIRECTION('',(0.,0.,1.));
#6335=DIRECTION('',(0.,0.,1.));
#6336=DIRECTION('center_axis',(0.,0.,-1.));
#6337=DIRECTION('ref_axis',(-1.,0.,0.));
#6338=DIRECTION('',(-1.,0.,0.));
#6339=DIRECTION('',(0.,1.,0.));
#6340=DIRECTION('',(-1.,0.,0.));
#6341=DIRECTION('',(0.,1.,0.));
#6342=DIRECTION('',(0.,1.,0.));
#6343=DIRECTION('',(0.,1.,0.));
#6344=DIRECTION('center_axis',(1.,0.,0.));
#6345=DIRECTION('ref_axis',(0.,0.,-1.));
#6346=DIRECTION('',(0.,0.,-1.));
#6347=DIRECTION('',(0.,1.,0.));
#6348=DIRECTION('',(0.,0.,-1.));
#6349=DIRECTION('',(0.,1.,0.));
#6350=DIRECTION('',(0.,1.,0.));
#6351=DIRECTION('',(0.,1.,0.));
#6352=DIRECTION('',(0.,1.,0.));
#6353=DIRECTION('',(0.,1.,0.));
#6354=DIRECTION('',(0.,1.,0.));
#6355=DIRECTION('',(0.,1.,0.));
#6356=DIRECTION('center_axis',(-0.135113369374297,0.,-0.990830145593242));
#6357=DIRECTION('ref_axis',(-0.990830145593242,0.,0.135113369374297));
#6358=DIRECTION('',(-0.990830145593242,0.,0.135113369374297));
#6359=DIRECTION('',(0.,1.,0.));
#6360=DIRECTION('',(-0.990830145593242,0.,0.135113369374297));
#6361=DIRECTION('',(0.,1.,0.));
#6362=DIRECTION('',(0.,1.,0.));
#6363=DIRECTION('',(0.,1.,0.));
#6364=DIRECTION('',(0.,1.,0.));
#6365=DIRECTION('',(0.,1.,0.));
#6366=DIRECTION('',(0.,1.,0.));
#6367=DIRECTION('',(0.,1.,0.));
#6368=DIRECTION('',(0.,1.,0.));
#6369=DIRECTION('',(0.,1.,0.));
#6370=DIRECTION('',(0.,1.,0.));
#6371=DIRECTION('',(0.,1.,0.));
#6372=DIRECTION('',(0.,1.,0.));
#6373=DIRECTION('',(0.,1.,0.));
#6374=DIRECTION('',(0.,1.,0.));
#6375=DIRECTION('center_axis',(0.,-1.,0.));
#6376=DIRECTION('ref_axis',(-1.,0.,0.));
#6377=DIRECTION('center_axis',(1.,0.,0.));
#6378=DIRECTION('ref_axis',(0.,0.,-1.));
#6379=DIRECTION('',(0.,0.,-1.));
#6380=DIRECTION('',(0.,1.,0.));
#6381=DIRECTION('',(0.,0.,-1.));
#6382=DIRECTION('',(0.,1.,0.));
#6383=DIRECTION('center_axis',(0.692769386361602,0.,-0.721159189999108));
#6384=DIRECTION('ref_axis',(-0.721159189999108,0.,-0.692769386361602));
#6385=DIRECTION('',(-0.721159189999108,0.,-0.692769386361602));
#6386=DIRECTION('',(0.,1.,0.));
#6387=DIRECTION('',(-0.721159189999108,0.,-0.692769386361602));
#6388=DIRECTION('center_axis',(-0.839818955829392,0.,-0.542866577926502));
#6389=DIRECTION('ref_axis',(-0.542866577926502,0.,0.839818955829392));
#6390=DIRECTION('',(-0.542866577926502,0.,0.839818955829392));
#6391=DIRECTION('',(0.,1.,0.));
#6392=DIRECTION('',(-0.542866577926502,0.,0.839818955829392));
#6393=DIRECTION('center_axis',(0.,0.,-1.));
#6394=DIRECTION('ref_axis',(-1.,0.,0.));
#6395=DIRECTION('',(-1.,0.,0.));
#6396=DIRECTION('',(0.,1.,0.));
#6397=DIRECTION('',(-1.,0.,0.));
#6398=DIRECTION('center_axis',(0.831091658596987,0.,0.556135464622164));
#6399=DIRECTION('ref_axis',(0.556135464622164,0.,-0.831091658596987));
#6400=DIRECTION('',(0.556135464622164,0.,-0.831091658596987));
#6401=DIRECTION('',(0.,1.,0.));
#6402=DIRECTION('',(0.556135464622164,0.,-0.831091658596987));
#6403=DIRECTION('center_axis',(0.69642187952009,0.,-0.717632611944096));
#6404=DIRECTION('ref_axis',(-0.717632611944096,0.,-0.69642187952009));
#6405=DIRECTION('',(-0.717632611944096,0.,-0.69642187952009));
#6406=DIRECTION('',(0.,1.,0.));
#6407=DIRECTION('',(-0.717632611944096,0.,-0.69642187952009));
#6408=DIRECTION('center_axis',(0.,0.,1.));
#6409=DIRECTION('ref_axis',(1.,0.,0.));
#6410=DIRECTION('',(1.,0.,0.));
#6411=DIRECTION('',(0.,1.,0.));
#6412=DIRECTION('',(1.,0.,0.));
#6413=DIRECTION('center_axis',(-0.712034514085759,0.,0.702144465726717));
#6414=DIRECTION('ref_axis',(0.702144465726717,0.,0.712034514085759));
#6415=DIRECTION('',(0.702144465726717,0.,0.712034514085759));
#6416=DIRECTION('',(0.,1.,0.));
#6417=DIRECTION('',(0.702144465726717,0.,0.712034514085759));
#6418=DIRECTION('center_axis',(1.,0.,0.));
#6419=DIRECTION('ref_axis',(0.,0.,-1.));
#6420=DIRECTION('',(0.,0.,-1.));
#6421=DIRECTION('',(0.,1.,0.));
#6422=DIRECTION('',(0.,0.,-1.));
#6423=DIRECTION('center_axis',(0.,0.,1.));
#6424=DIRECTION('ref_axis',(1.,0.,0.));
#6425=DIRECTION('',(1.,0.,0.));
#6426=DIRECTION('',(0.,1.,0.));
#6427=DIRECTION('',(1.,0.,0.));
#6428=DIRECTION('center_axis',(-1.,0.,0.));
#6429=DIRECTION('ref_axis',(0.,0.,1.));
#6430=DIRECTION('',(0.,0.,1.));
#6431=DIRECTION('',(0.,1.,0.));
#6432=DIRECTION('',(0.,0.,1.));
#6433=DIRECTION('center_axis',(0.,0.,-1.));
#6434=DIRECTION('ref_axis',(-1.,0.,0.));
#6435=DIRECTION('',(-1.,0.,0.));
#6436=DIRECTION('',(-1.,0.,0.));
#6437=DIRECTION('center_axis',(0.,1.,0.));
#6438=DIRECTION('ref_axis',(0.,0.,1.));
#6439=DIRECTION('',(0.,1.,0.));
#6440=DIRECTION('',(0.,1.,0.));
#6441=DIRECTION('',(0.,1.,0.));
#6442=DIRECTION('',(0.,1.,0.));
#6443=DIRECTION('',(0.,1.,0.));
#6444=DIRECTION('',(0.,1.,0.));
#6445=DIRECTION('',(0.,1.,0.));
#6446=DIRECTION('',(0.,1.,0.));
#6447=DIRECTION('',(0.,1.,0.));
#6448=DIRECTION('',(0.,1.,0.));
#6449=DIRECTION('center_axis',(-1.,0.,0.));
#6450=DIRECTION('ref_axis',(0.,0.,1.));
#6451=DIRECTION('',(0.,0.,1.));
#6452=DIRECTION('',(0.,0.,1.));
#6453=DIRECTION('center_axis',(0.,0.,-1.));
#6454=DIRECTION('ref_axis',(-1.,0.,0.));
#6455=DIRECTION('',(-1.,0.,0.));
#6456=DIRECTION('',(0.,1.,0.));
#6457=DIRECTION('',(-1.,0.,0.));
#6458=DIRECTION('',(0.,1.,0.));
#6459=DIRECTION('',(0.,1.,0.));
#6460=DIRECTION('',(0.,1.,0.));
#6461=DIRECTION('center_axis',(1.,0.,0.));
#6462=DIRECTION('ref_axis',(0.,0.,-1.));
#6463=DIRECTION('',(0.,0.,-1.));
#6464=DIRECTION('',(0.,1.,0.));
#6465=DIRECTION('',(0.,0.,-1.));
#6466=DIRECTION('',(0.,1.,0.));
#6467=DIRECTION('',(0.,1.,0.));
#6468=DIRECTION('',(0.,1.,0.));
#6469=DIRECTION('',(0.,1.,0.));
#6470=DIRECTION('',(0.,1.,0.));
#6471=DIRECTION('',(0.,1.,0.));
#6472=DIRECTION('',(0.,1.,0.));
#6473=DIRECTION('center_axis',(-0.135113369374297,0.,-0.990830145593242));
#6474=DIRECTION('ref_axis',(-0.990830145593242,0.,0.135113369374297));
#6475=DIRECTION('',(-0.990830145593242,0.,0.135113369374297));
#6476=DIRECTION('',(0.,1.,0.));
#6477=DIRECTION('',(-0.990830145593242,0.,0.135113369374297));
#6478=DIRECTION('',(0.,1.,0.));
#6479=DIRECTION('',(0.,1.,0.));
#6480=DIRECTION('',(0.,1.,0.));
#6481=DIRECTION('',(0.,1.,0.));
#6482=DIRECTION('',(0.,1.,0.));
#6483=DIRECTION('',(0.,1.,0.));
#6484=DIRECTION('',(0.,1.,0.));
#6485=DIRECTION('',(0.,1.,0.));
#6486=DIRECTION('',(0.,1.,0.));
#6487=DIRECTION('',(0.,1.,0.));
#6488=DIRECTION('',(0.,1.,0.));
#6489=DIRECTION('',(0.,1.,0.));
#6490=DIRECTION('',(0.,1.,0.));
#6491=DIRECTION('',(0.,1.,0.));
#6492=DIRECTION('center_axis',(0.,-1.,0.));
#6493=DIRECTION('ref_axis',(-1.,0.,0.));
#6494=DIRECTION('center_axis',(1.,0.,0.));
#6495=DIRECTION('ref_axis',(0.,0.,-1.));
#6496=DIRECTION('',(0.,0.,-1.));
#6497=DIRECTION('',(0.,1.,0.));
#6498=DIRECTION('',(0.,0.,-1.));
#6499=DIRECTION('',(0.,1.,0.));
#6500=DIRECTION('',(0.,1.,0.));
#6501=DIRECTION('',(0.,1.,0.));
#6502=DIRECTION('',(0.,1.,0.));
#6503=DIRECTION('',(0.,1.,0.));
#6504=DIRECTION('',(0.,1.,0.));
#6505=DIRECTION('center_axis',(-1.,0.,0.));
#6506=DIRECTION('ref_axis',(0.,0.,1.));
#6507=DIRECTION('',(0.,0.,1.));
#6508=DIRECTION('',(0.,1.,0.));
#6509=DIRECTION('',(0.,0.,1.));
#6510=DIRECTION('center_axis',(0.,0.,-1.));
#6511=DIRECTION('ref_axis',(-1.,0.,0.));
#6512=DIRECTION('',(-1.,0.,0.));
#6513=DIRECTION('',(0.,1.,0.));
#6514=DIRECTION('',(-1.,0.,0.));
#6515=DIRECTION('center_axis',(1.,0.,0.));
#6516=DIRECTION('ref_axis',(0.,0.,-1.));
#6517=DIRECTION('',(0.,0.,-1.));
#6518=DIRECTION('',(0.,1.,0.));
#6519=DIRECTION('',(0.,0.,-1.));
#6520=DIRECTION('',(0.,1.,0.));
#6521=DIRECTION('',(0.,1.,0.));
#6522=DIRECTION('',(0.,1.,0.));
#6523=DIRECTION('',(0.,1.,0.));
#6524=DIRECTION('center_axis',(1.,0.,0.));
#6525=DIRECTION('ref_axis',(0.,0.,-1.));
#6526=DIRECTION('',(0.,0.,-1.));
#6527=DIRECTION('',(0.,1.,0.));
#6528=DIRECTION('',(0.,0.,-1.));
#6529=DIRECTION('center_axis',(0.,0.,1.));
#6530=DIRECTION('ref_axis',(1.,0.,0.));
#6531=DIRECTION('',(1.,0.,0.));
#6532=DIRECTION('',(0.,1.,0.));
#6533=DIRECTION('',(1.,0.,0.));
#6534=DIRECTION('center_axis',(-1.,0.,0.));
#6535=DIRECTION('ref_axis',(0.,0.,1.));
#6536=DIRECTION('',(0.,0.,1.));
#6537=DIRECTION('',(0.,1.,0.));
#6538=DIRECTION('',(0.,0.,1.));
#6539=DIRECTION('center_axis',(0.,0.,-1.));
#6540=DIRECTION('ref_axis',(-1.,0.,0.));
#6541=DIRECTION('',(-1.,0.,0.));
#6542=DIRECTION('',(-1.,0.,0.));
#6543=DIRECTION('center_axis',(0.,-1.,0.));
#6544=DIRECTION('ref_axis',(-1.,0.,0.));
#6545=DIRECTION('',(0.,1.,0.));
#6546=DIRECTION('',(0.,1.,0.));
#6547=DIRECTION('',(0.,1.,0.));
#6548=DIRECTION('',(0.,1.,0.));
#6549=DIRECTION('center_axis',(1.,0.,0.));
#6550=DIRECTION('ref_axis',(0.,0.,-1.));
#6551=DIRECTION('',(0.,0.,-1.));
#6552=DIRECTION('',(0.,1.,0.));
#6553=DIRECTION('',(0.,0.,-1.));
#6554=DIRECTION('center_axis',(0.,0.,-1.));
#6555=DIRECTION('ref_axis',(-1.,0.,0.));
#6556=DIRECTION('',(-1.,0.,0.));
#6557=DIRECTION('',(0.,1.,0.));
#6558=DIRECTION('',(-1.,0.,0.));
#6559=DIRECTION('center_axis',(1.,0.,0.));
#6560=DIRECTION('ref_axis',(0.,0.,-1.));
#6561=DIRECTION('',(0.,0.,-1.));
#6562=DIRECTION('',(0.,1.,0.));
#6563=DIRECTION('',(0.,0.,-1.));
#6564=DIRECTION('center_axis',(0.,0.,1.));
#6565=DIRECTION('ref_axis',(1.,0.,0.));
#6566=DIRECTION('',(1.,0.,0.));
#6567=DIRECTION('',(0.,1.,0.));
#6568=DIRECTION('',(1.,0.,0.));
#6569=DIRECTION('center_axis',(1.,0.,0.));
#6570=DIRECTION('ref_axis',(0.,0.,-1.));
#6571=DIRECTION('',(0.,0.,-1.));
#6572=DIRECTION('',(0.,1.,0.));
#6573=DIRECTION('',(0.,0.,-1.));
#6574=DIRECTION('center_axis',(-0.516604347277836,0.,0.856224239538709));
#6575=DIRECTION('ref_axis',(0.856224239538709,0.,0.516604347277836));
#6576=DIRECTION('',(0.856224239538709,0.,0.516604347277836));
#6577=DIRECTION('',(0.,1.,0.));
#6578=DIRECTION('',(0.856224239538709,0.,0.516604347277836));
#6579=DIRECTION('center_axis',(-1.,0.,0.));
#6580=DIRECTION('ref_axis',(0.,0.,1.));
#6581=DIRECTION('',(0.,0.,1.));
#6582=DIRECTION('',(0.,1.,0.));
#6583=DIRECTION('',(0.,0.,1.));
#6584=DIRECTION('center_axis',(0.,0.,1.));
#6585=DIRECTION('ref_axis',(1.,0.,0.));
#6586=DIRECTION('',(1.,0.,0.));
#6587=DIRECTION('',(0.,1.,0.));
#6588=DIRECTION('',(1.,0.,0.));
#6589=DIRECTION('center_axis',(-1.,0.,0.));
#6590=DIRECTION('ref_axis',(0.,0.,1.));
#6591=DIRECTION('',(0.,0.,1.));
#6592=DIRECTION('',(0.,1.,0.));
#6593=DIRECTION('',(0.,0.,1.));
#6594=DIRECTION('center_axis',(0.,0.,-1.));
#6595=DIRECTION('ref_axis',(-1.,0.,0.));
#6596=DIRECTION('',(-1.,0.,0.));
#6597=DIRECTION('',(0.,1.,0.));
#6598=DIRECTION('',(-1.,0.,0.));
#6599=DIRECTION('center_axis',(-1.,0.,0.));
#6600=DIRECTION('ref_axis',(0.,0.,1.));
#6601=DIRECTION('',(0.,0.,1.));
#6602=DIRECTION('',(0.,1.,0.));
#6603=DIRECTION('',(0.,0.,1.));
#6604=DIRECTION('',(0.,1.,0.));
#6605=DIRECTION('',(0.,1.,0.));
#6606=DIRECTION('',(0.,1.,0.));
#6607=DIRECTION('',(0.,1.,0.));
#6608=DIRECTION('center_axis',(0.986892541544706,0.,0.161378782506965));
#6609=DIRECTION('ref_axis',(0.161378782506965,0.,-0.986892541544706));
#6610=DIRECTION('',(0.161378782506965,0.,-0.986892541544706));
#6611=DIRECTION('',(0.,1.,0.));
#6612=DIRECTION('',(0.161378782506965,0.,-0.986892541544706));
#6613=DIRECTION('center_axis',(0.,-1.,0.));
#6614=DIRECTION('ref_axis',(-1.,0.,0.));
#6615=DIRECTION('center_axis',(1.,0.,0.));
#6616=DIRECTION('ref_axis',(0.,0.,-1.));
#6617=DIRECTION('',(0.,0.,-1.));
#6618=DIRECTION('',(0.,1.,0.));
#6619=DIRECTION('',(0.,0.,-1.));
#6620=DIRECTION('',(0.,1.,0.));
#6621=DIRECTION('center_axis',(-0.946846723579393,0.,-0.321685066558845));
#6622=DIRECTION('ref_axis',(-0.321685066558845,0.,0.946846723579393));
#6623=DIRECTION('',(-0.321685066558845,0.,0.946846723579393));
#6624=DIRECTION('',(0.,1.,0.));
#6625=DIRECTION('',(-0.321685066558845,0.,0.946846723579393));
#6626=DIRECTION('center_axis',(0.,0.,-1.));
#6627=DIRECTION('ref_axis',(-1.,0.,0.));
#6628=DIRECTION('',(-1.,0.,0.));
#6629=DIRECTION('',(0.,1.,0.));
#6630=DIRECTION('',(-1.,0.,0.));
#6631=DIRECTION('center_axis',(0.944683594340865,0.,-0.32798308886774));
#6632=DIRECTION('ref_axis',(-0.32798308886774,0.,-0.944683594340865));
#6633=DIRECTION('',(-0.32798308886774,0.,-0.944683594340865));
#6634=DIRECTION('',(0.,1.,0.));
#6635=DIRECTION('',(-0.32798308886774,0.,-0.944683594340865));
#6636=DIRECTION('center_axis',(-1.,0.,0.));
#6637=DIRECTION('ref_axis',(0.,0.,1.));
#6638=DIRECTION('',(0.,0.,1.));
#6639=DIRECTION('',(0.,1.,0.));
#6640=DIRECTION('',(0.,0.,1.));
#6641=DIRECTION('center_axis',(0.,0.,-1.));
#6642=DIRECTION('ref_axis',(-1.,0.,0.));
#6643=DIRECTION('',(-1.,0.,0.));
#6644=DIRECTION('',(0.,1.,0.));
#6645=DIRECTION('',(-1.,0.,0.));
#6646=DIRECTION('center_axis',(1.,0.,0.));
#6647=DIRECTION('ref_axis',(0.,0.,-1.));
#6648=DIRECTION('',(0.,0.,-1.));
#6649=DIRECTION('',(0.,1.,0.));
#6650=DIRECTION('',(0.,0.,-1.));
#6651=DIRECTION('center_axis',(0.,0.,1.));
#6652=DIRECTION('ref_axis',(1.,0.,0.));
#6653=DIRECTION('',(1.,0.,0.));
#6654=DIRECTION('',(0.,1.,0.));
#6655=DIRECTION('',(1.,0.,0.));
#6656=DIRECTION('center_axis',(-0.945579709129771,0.,0.325390555612877));
#6657=DIRECTION('ref_axis',(0.325390555612877,0.,0.945579709129771));
#6658=DIRECTION('',(0.325390555612877,0.,0.945579709129771));
#6659=DIRECTION('',(0.,1.,0.));
#6660=DIRECTION('',(0.325390555612877,0.,0.945579709129771));
#6661=DIRECTION('',(0.,1.,0.));
#6662=DIRECTION('',(0.,1.,0.));
#6663=DIRECTION('center_axis',(0.948408833683609,0.,0.31704997112584));
#6664=DIRECTION('ref_axis',(0.31704997112584,0.,-0.948408833683609));
#6665=DIRECTION('',(0.31704997112584,0.,-0.948408833683609));
#6666=DIRECTION('',(0.,1.,0.));
#6667=DIRECTION('',(0.31704997112584,0.,-0.948408833683609));
#6668=DIRECTION('center_axis',(0.,0.,1.));
#6669=DIRECTION('ref_axis',(1.,0.,0.));
#6670=DIRECTION('',(1.,0.,0.));
#6671=DIRECTION('',(0.,1.,0.));
#6672=DIRECTION('',(1.,0.,0.));
#6673=DIRECTION('center_axis',(-1.,0.,0.));
#6674=DIRECTION('ref_axis',(0.,0.,1.));
#6675=DIRECTION('',(0.,0.,1.));
#6676=DIRECTION('',(0.,1.,0.));
#6677=DIRECTION('',(0.,0.,1.));
#6678=DIRECTION('center_axis',(0.,0.,-1.));
#6679=DIRECTION('ref_axis',(-1.,0.,0.));
#6680=DIRECTION('',(-1.,0.,0.));
#6681=DIRECTION('',(-1.,0.,0.));
#6682=DIRECTION('center_axis',(0.,-1.,0.));
#6683=DIRECTION('ref_axis',(-1.,0.,0.));
#6684=DIRECTION('center_axis',(0.,1.,0.));
#6685=DIRECTION('ref_axis',(1.,0.,0.));
#6686=DIRECTION('center_axis',(0.,1.,0.));
#6687=DIRECTION('ref_axis',(0.707106781186547,0.,-0.707106781186547));
#6688=DIRECTION('',(0.,0.,1.));
#6689=DIRECTION('center_axis',(0.,1.,0.));
#6690=DIRECTION('ref_axis',(0.707106781186547,0.,0.707106781186547));
#6691=DIRECTION('',(-1.,0.,0.));
#6692=DIRECTION('center_axis',(0.,1.,0.));
#6693=DIRECTION('ref_axis',(-0.707106781186547,0.,0.707106781186547));
#6694=DIRECTION('',(0.,0.,-1.));
#6695=DIRECTION('center_axis',(0.,1.,0.));
#6696=DIRECTION('ref_axis',(-0.707106781186547,0.,-0.707106781186547));
#6697=DIRECTION('',(1.,0.,0.));
#6698=DIRECTION('center_axis',(0.,-1.,0.));
#6699=DIRECTION('ref_axis',(1.,0.,0.));
#6700=DIRECTION('center_axis',(0.,-1.,0.));
#6701=DIRECTION('ref_axis',(1.,0.,0.));
#6702=DIRECTION('center_axis',(0.,-1.,0.));
#6703=DIRECTION('ref_axis',(1.,0.,0.));
#6704=DIRECTION('center_axis',(0.,-1.,0.));
#6705=DIRECTION('ref_axis',(1.,0.,0.));
#6706=DIRECTION('center_axis',(0.,1.,0.));
#6707=DIRECTION('ref_axis',(1.,0.,0.));
#6708=DIRECTION('center_axis',(0.,1.,0.));
#6709=DIRECTION('ref_axis',(1.,0.,0.));
#6710=DIRECTION('center_axis',(0.,1.,0.));
#6711=DIRECTION('ref_axis',(1.,0.,0.));
#6712=DIRECTION('center_axis',(0.,1.,0.));
#6713=DIRECTION('ref_axis',(1.,0.,0.));
#6714=DIRECTION('center_axis',(0.,1.,0.));
#6715=DIRECTION('ref_axis',(0.707106781186547,0.,-0.707106781186547));
#6716=DIRECTION('center_axis',(0.,-1.,0.));
#6717=DIRECTION('ref_axis',(0.707106781186547,0.,-0.707106781186547));
#6718=DIRECTION('',(0.,-1.,0.));
#6719=DIRECTION('',(0.,1.,0.));
#6720=DIRECTION('center_axis',(1.,0.,0.));
#6721=DIRECTION('ref_axis',(0.,0.,-1.));
#6722=DIRECTION('',(0.,0.,-1.));
#6723=DIRECTION('',(0.,1.,0.));
#6724=DIRECTION('center_axis',(0.,1.,0.));
#6725=DIRECTION('ref_axis',(1.,0.,0.));
#6726=DIRECTION('',(-1.,0.,0.));
#6727=DIRECTION('',(0.,0.,1.));
#6728=DIRECTION('',(1.,0.,0.));
#6729=DIRECTION('',(0.,0.,1.));
#6730=DIRECTION('',(-1.,0.,0.));
#6731=DIRECTION('',(0.,0.,-1.));
#6732=DIRECTION('',(1.,0.,0.));
#6733=DIRECTION('',(0.,0.,-1.));
#6734=DIRECTION('',(-1.,0.,0.));
#6735=DIRECTION('center_axis',(0.,-1.,0.));
#6736=DIRECTION('ref_axis',(-0.707106781186547,0.,-0.707106781186547));
#6737=DIRECTION('',(0.,0.,1.));
#6738=DIRECTION('center_axis',(0.,-1.,0.));
#6739=DIRECTION('ref_axis',(-0.707106781186547,0.,0.707106781186547));
#6740=DIRECTION('',(1.,0.,0.));
#6741=DIRECTION('center_axis',(0.,-1.,0.));
#6742=DIRECTION('ref_axis',(0.707106781186547,0.,0.707106781186547));
#6743=DIRECTION('center_axis',(0.,-1.,0.));
#6744=DIRECTION('ref_axis',(1.,0.,0.));
#6745=DIRECTION('center_axis',(0.,-1.,0.));
#6746=DIRECTION('ref_axis',(1.,0.,0.));
#6747=DIRECTION('center_axis',(0.,-1.,0.));
#6748=DIRECTION('ref_axis',(1.,0.,0.));
#6749=DIRECTION('center_axis',(0.,-1.,0.));
#6750=DIRECTION('ref_axis',(1.,0.,0.));
#6751=DIRECTION('center_axis',(0.,1.,0.));
#6752=DIRECTION('ref_axis',(0.707106781186547,0.,0.707106781186547));
#6753=DIRECTION('',(0.,-1.,0.));
#6754=DIRECTION('center_axis',(0.,0.,1.));
#6755=DIRECTION('ref_axis',(1.,0.,0.));
#6756=DIRECTION('',(0.,1.,0.));
#6757=DIRECTION('center_axis',(0.,1.,0.));
#6758=DIRECTION('ref_axis',(-0.707106781186547,0.,0.707106781186547));
#6759=DIRECTION('',(0.,-1.,0.));
#6760=DIRECTION('center_axis',(-1.,0.,0.));
#6761=DIRECTION('ref_axis',(0.,0.,1.));
#6762=DIRECTION('',(0.,1.,0.));
#6763=DIRECTION('center_axis',(0.,1.,0.));
#6764=DIRECTION('ref_axis',(-0.707106781186547,0.,-0.707106781186547));
#6765=DIRECTION('',(0.,-1.,0.));
#6766=DIRECTION('center_axis',(0.,0.,-1.));
#6767=DIRECTION('ref_axis',(-1.,0.,0.));
#6768=DIRECTION('',(0.,-1.,0.));
#6769=DIRECTION('',(1.,0.,0.));
#6770=DIRECTION('',(0.,1.,0.));
#6771=DIRECTION('center_axis',(1.,0.,0.));
#6772=DIRECTION('ref_axis',(0.,0.,1.));
#6773=DIRECTION('',(0.,0.,1.));
#6774=DIRECTION('',(0.,-1.,0.));
#6775=DIRECTION('center_axis',(-1.,0.,0.));
#6776=DIRECTION('ref_axis',(0.,0.,-1.));
#6777=DIRECTION('',(0.,1.,0.));
#6778=DIRECTION('',(0.,0.,-1.));
#6779=DIRECTION('center_axis',(0.,-1.,0.));
#6780=DIRECTION('ref_axis',(0.,0.,-1.));
#6781=DIRECTION('',(-1.,0.,0.));
#6782=DIRECTION('center_axis',(0.,0.,1.));
#6783=DIRECTION('ref_axis',(1.,0.,0.));
#6784=DIRECTION('',(0.,1.,0.));
#6785=DIRECTION('',(1.,0.,0.));
#6786=DIRECTION('',(0.,1.,0.));
#6787=DIRECTION('center_axis',(0.,1.,0.));
#6788=DIRECTION('ref_axis',(0.,0.,1.));
#6789=DIRECTION('',(-1.,0.,0.));
#6790=DIRECTION('',(0.,0.,1.));
#6791=DIRECTION('',(0.,0.,-1.));
#6792=DIRECTION('center_axis',(-1.,0.,0.));
#6793=DIRECTION('ref_axis',(0.,0.,1.));
#6794=DIRECTION('',(0.,1.,0.));
#6795=DIRECTION('center_axis',(0.,1.,0.));
#6796=DIRECTION('ref_axis',(1.,0.,0.));
#6797=DIRECTION('center_axis',(0.,1.,0.));
#6798=DIRECTION('ref_axis',(1.,0.,0.));
#6799=DIRECTION('',(0.,-1.,0.));
#6800=DIRECTION('center_axis',(0.,1.,0.));
#6801=DIRECTION('ref_axis',(1.,0.,0.));
#6802=DIRECTION('center_axis',(0.,1.,0.));
#6803=DIRECTION('ref_axis',(1.,0.,0.));
#6804=DIRECTION('',(0.,-1.,0.));
#6805=DIRECTION('center_axis',(0.,1.,0.));
#6806=DIRECTION('ref_axis',(1.,0.,0.));
#6807=DIRECTION('center_axis',(0.,1.,0.));
#6808=DIRECTION('ref_axis',(1.,0.,0.));
#6809=DIRECTION('',(0.,-1.,0.));
#6810=DIRECTION('center_axis',(0.,1.,0.));
#6811=DIRECTION('ref_axis',(1.,0.,0.));
#6812=DIRECTION('center_axis',(0.,1.,0.));
#6813=DIRECTION('ref_axis',(1.,0.,0.));
#6814=DIRECTION('',(0.,-1.,0.));
#6815=DIRECTION('center_axis',(1.,0.,0.));
#6816=DIRECTION('ref_axis',(0.,0.,-1.));
#6817=DIRECTION('',(0.,1.,0.));
#6818=DIRECTION('center_axis',(0.,0.,-1.));
#6819=DIRECTION('ref_axis',(-1.,0.,0.));
#6820=DIRECTION('center_axis',(0.,1.,0.));
#6821=DIRECTION('ref_axis',(1.,0.,0.));
#6822=DIRECTION('center_axis',(0.,1.,0.));
#6823=DIRECTION('ref_axis',(1.,0.,0.));
#6824=DIRECTION('',(0.,-1.,0.));
#6825=DIRECTION('center_axis',(0.,-1.,0.));
#6826=DIRECTION('ref_axis',(1.,0.,0.));
#6827=DIRECTION('center_axis',(0.,1.,0.));
#6828=DIRECTION('ref_axis',(1.,0.,0.));
#6829=DIRECTION('center_axis',(0.,1.,0.));
#6830=DIRECTION('ref_axis',(1.,0.,0.));
#6831=DIRECTION('',(0.,-1.,0.));
#6832=DIRECTION('center_axis',(0.,-1.,0.));
#6833=DIRECTION('ref_axis',(1.,0.,0.));
#6834=DIRECTION('center_axis',(0.,1.,0.));
#6835=DIRECTION('ref_axis',(1.,0.,0.));
#6836=DIRECTION('center_axis',(0.,1.,0.));
#6837=DIRECTION('ref_axis',(1.,0.,0.));
#6838=DIRECTION('',(0.,-1.,0.));
#6839=DIRECTION('center_axis',(0.,-1.,0.));
#6840=DIRECTION('ref_axis',(1.,0.,0.));
#6841=DIRECTION('center_axis',(0.,1.,0.));
#6842=DIRECTION('ref_axis',(1.,0.,0.));
#6843=DIRECTION('center_axis',(0.,1.,0.));
#6844=DIRECTION('ref_axis',(1.,0.,0.));
#6845=DIRECTION('',(0.,-1.,0.));
#6846=DIRECTION('center_axis',(0.,-1.,0.));
#6847=DIRECTION('ref_axis',(1.,0.,0.));
#6848=DIRECTION('center_axis',(0.,1.,0.));
#6849=DIRECTION('ref_axis',(1.,0.,0.));
#6850=CARTESIAN_POINT('',(0.,0.,0.));
#6851=CARTESIAN_POINT('Ctrl Pts',(-49.689702476348,0.,34.7460837616052));
#6852=CARTESIAN_POINT('Ctrl Pts',(-49.689702476348,0.2,34.7460837616052));
#6853=CARTESIAN_POINT('Ctrl Pts',(-49.6782220555205,0.,34.7801367224495));
#6854=CARTESIAN_POINT('Ctrl Pts',(-49.6782220555205,0.2,34.7801367224495));
#6855=CARTESIAN_POINT('Ctrl Pts',(-49.6514357845481,0.,34.8595895448053));
#6856=CARTESIAN_POINT('Ctrl Pts',(-49.6514357845481,0.2,34.8595895448053));
#6857=CARTESIAN_POINT('Ctrl Pts',(-49.6506107356562,0.,34.9436291827858));
#6858=CARTESIAN_POINT('Ctrl Pts',(-49.6506107356562,0.2,34.9436291827858));
#6859=CARTESIAN_POINT('Ctrl Pts',(-49.6501392973319,0.,34.9916499806966));
#6860=CARTESIAN_POINT('Ctrl Pts',(-49.6501392973319,0.2,34.9916499806966));
#6861=CARTESIAN_POINT('',(-49.689702476348,0.,34.7460837616052));
#6862=CARTESIAN_POINT('',(-49.6501392973319,0.,34.9916499806966));
#6863=CARTESIAN_POINT('Ctrl Pts',(-49.689702476348,0.,34.7460837616052));
#6864=CARTESIAN_POINT('Ctrl Pts',(-49.6782220555205,0.,34.7801367224495));
#6865=CARTESIAN_POINT('Ctrl Pts',(-49.6514357845481,0.,34.8595895448053));
#6866=CARTESIAN_POINT('Ctrl Pts',(-49.6506107356562,0.,34.9436291827858));
#6867=CARTESIAN_POINT('Ctrl Pts',(-49.6501392973319,0.,34.9916499806966));
#6868=CARTESIAN_POINT('',(-49.689702476348,0.2,34.7460837616052));
#6869=CARTESIAN_POINT('',(-49.689702476348,0.,34.7460837616052));
#6870=CARTESIAN_POINT('',(-49.6501392973319,0.2,34.9916499806966));
#6871=CARTESIAN_POINT('Ctrl Pts',(-49.689702476348,0.2,34.7460837616052));
#6872=CARTESIAN_POINT('Ctrl Pts',(-49.6782220555205,0.2,34.7801367224495));
#6873=CARTESIAN_POINT('Ctrl Pts',(-49.6514357845481,0.2,34.8595895448053));
#6874=CARTESIAN_POINT('Ctrl Pts',(-49.6506107356562,0.2,34.9436291827858));
#6875=CARTESIAN_POINT('Ctrl Pts',(-49.6501392973319,0.2,34.9916499806966));
#6876=CARTESIAN_POINT('',(-49.6501392973319,0.,34.9916499806966));
#6877=CARTESIAN_POINT('Ctrl Pts',(-49.8520491374389,0.,34.5762339188184));
#6878=CARTESIAN_POINT('Ctrl Pts',(-49.8520491374389,0.2,34.5762339188184));
#6879=CARTESIAN_POINT('Ctrl Pts',(-49.8177985141945,0.,34.598541968431));
#6880=CARTESIAN_POINT('Ctrl Pts',(-49.8177985141945,0.2,34.598541968431));
#6881=CARTESIAN_POINT('Ctrl Pts',(-49.7503471298214,0.,34.6424742734959));
#6882=CARTESIAN_POINT('Ctrl Pts',(-49.7503471298214,0.2,34.6424742734959));
#6883=CARTESIAN_POINT('Ctrl Pts',(-49.7097065074957,0.,34.7119075018918));
#6884=CARTESIAN_POINT('Ctrl Pts',(-49.7097065074957,0.2,34.7119075018918));
#6885=CARTESIAN_POINT('Ctrl Pts',(-49.689702476348,0.,34.7460837616052));
#6886=CARTESIAN_POINT('Ctrl Pts',(-49.689702476348,0.2,34.7460837616052));
#6887=CARTESIAN_POINT('',(-49.8520491374389,0.,34.5762339188184));
#6888=CARTESIAN_POINT('Ctrl Pts',(-49.8520491374389,0.,34.5762339188184));
#6889=CARTESIAN_POINT('Ctrl Pts',(-49.8177985141945,0.,34.598541968431));
#6890=CARTESIAN_POINT('Ctrl Pts',(-49.7503471298214,0.,34.6424742734959));
#6891=CARTESIAN_POINT('Ctrl Pts',(-49.7097065074957,0.,34.7119075018918));
#6892=CARTESIAN_POINT('Ctrl Pts',(-49.689702476348,0.,34.7460837616052));
#6893=CARTESIAN_POINT('',(-49.8520491374389,0.2,34.5762339188184));
#6894=CARTESIAN_POINT('',(-49.8520491374389,0.,34.5762339188184));
#6895=CARTESIAN_POINT('Ctrl Pts',(-49.8520491374389,0.2,34.5762339188184));
#6896=CARTESIAN_POINT('Ctrl Pts',(-49.8177985141945,0.2,34.598541968431));
#6897=CARTESIAN_POINT('Ctrl Pts',(-49.7503471298214,0.2,34.6424742734959));
#6898=CARTESIAN_POINT('Ctrl Pts',(-49.7097065074957,0.2,34.7119075018918));
#6899=CARTESIAN_POINT('Ctrl Pts',(-49.689702476348,0.2,34.7460837616052));
#6900=CARTESIAN_POINT('Ctrl Pts',(-50.10443666109,0.,34.5141601516332));
#6901=CARTESIAN_POINT('Ctrl Pts',(-50.10443666109,0.2,34.5141601516332));
#6902=CARTESIAN_POINT('Ctrl Pts',(-50.0590304432665,0.,34.5164264205842));
#6903=CARTESIAN_POINT('Ctrl Pts',(-50.0590304432665,0.2,34.5164264205842));
#6904=CARTESIAN_POINT('Ctrl Pts',(-49.9708282773853,0.,34.5208286773571));
#6905=CARTESIAN_POINT('Ctrl Pts',(-49.9708282773853,0.2,34.5208286773571));
#6906=CARTESIAN_POINT('Ctrl Pts',(-49.8908532526329,0.,34.5581335068017));
#6907=CARTESIAN_POINT('Ctrl Pts',(-49.8908532526329,0.2,34.5581335068017));
#6908=CARTESIAN_POINT('Ctrl Pts',(-49.8520491374389,0.,34.5762339188184));
#6909=CARTESIAN_POINT('Ctrl Pts',(-49.8520491374389,0.2,34.5762339188184));
#6910=CARTESIAN_POINT('',(-50.10443666109,0.,34.5141601516332));
#6911=CARTESIAN_POINT('Ctrl Pts',(-50.10443666109,0.,34.5141601516332));
#6912=CARTESIAN_POINT('Ctrl Pts',(-50.0590304432665,0.,34.5164264205842));
#6913=CARTESIAN_POINT('Ctrl Pts',(-49.9708282773853,0.,34.5208286773571));
#6914=CARTESIAN_POINT('Ctrl Pts',(-49.8908532526329,0.,34.5581335068017));
#6915=CARTESIAN_POINT('Ctrl Pts',(-49.8520491374389,0.,34.5762339188184));
#6916=CARTESIAN_POINT('',(-50.10443666109,0.2,34.5141601516332));
#6917=CARTESIAN_POINT('',(-50.10443666109,0.,34.5141601516332));
#6918=CARTESIAN_POINT('Ctrl Pts',(-50.10443666109,0.2,34.5141601516332));
#6919=CARTESIAN_POINT('Ctrl Pts',(-50.0590304432665,0.2,34.5164264205842));
#6920=CARTESIAN_POINT('Ctrl Pts',(-49.9708282773853,0.2,34.5208286773571));
#6921=CARTESIAN_POINT('Ctrl Pts',(-49.8908532526329,0.2,34.5581335068017));
#6922=CARTESIAN_POINT('Ctrl Pts',(-49.8520491374389,0.2,34.5762339188184));
#6923=CARTESIAN_POINT('Ctrl Pts',(-50.3220356357948,0.,34.5796444965925));
#6924=CARTESIAN_POINT('Ctrl Pts',(-50.3220356357948,0.2,34.5796444965925));
#6925=CARTESIAN_POINT('Ctrl Pts',(-50.2923706004137,0.,34.5605947495065));
#6926=CARTESIAN_POINT('Ctrl Pts',(-50.2923706004137,0.2,34.5605947495065));
#6927=CARTESIAN_POINT('Ctrl Pts',(-50.2264267296613,0.,34.5182481268388));
#6928=CARTESIAN_POINT('Ctrl Pts',(-50.2264267296613,0.2,34.5182481268388));
#6929=CARTESIAN_POINT('Ctrl Pts',(-50.1477309328077,0.,34.5156109739124));
#6930=CARTESIAN_POINT('Ctrl Pts',(-50.1477309328077,0.2,34.5156109739124));
#6931=CARTESIAN_POINT('Ctrl Pts',(-50.10443666109,0.,34.5141601516332));
#6932=CARTESIAN_POINT('Ctrl Pts',(-50.10443666109,0.2,34.5141601516332));
#6933=CARTESIAN_POINT('',(-50.3220356357948,0.,34.5796444965925));
#6934=CARTESIAN_POINT('Ctrl Pts',(-50.3220356357948,0.,34.5796444965925));
#6935=CARTESIAN_POINT('Ctrl Pts',(-50.2923706004137,0.,34.5605947495065));
#6936=CARTESIAN_POINT('Ctrl Pts',(-50.2264267296613,0.,34.5182481268388));
#6937=CARTESIAN_POINT('Ctrl Pts',(-50.1477309328077,0.,34.5156109739124));
#6938=CARTESIAN_POINT('Ctrl Pts',(-50.10443666109,0.,34.5141601516332));
#6939=CARTESIAN_POINT('',(-50.3220356357948,0.2,34.5796444965925));
#6940=CARTESIAN_POINT('',(-50.3220356357948,0.,34.5796444965925));
#6941=CARTESIAN_POINT('Ctrl Pts',(-50.3220356357948,0.2,34.5796444965925));
#6942=CARTESIAN_POINT('Ctrl Pts',(-50.2923706004137,0.2,34.5605947495065));
#6943=CARTESIAN_POINT('Ctrl Pts',(-50.2264267296613,0.2,34.5182481268388));
#6944=CARTESIAN_POINT('Ctrl Pts',(-50.1477309328077,0.2,34.5156109739124));
#6945=CARTESIAN_POINT('Ctrl Pts',(-50.10443666109,0.2,34.5141601516332));
#6946=CARTESIAN_POINT('Ctrl Pts',(-50.3963876617805,0.,34.743355209979));
#6947=CARTESIAN_POINT('Ctrl Pts',(-50.3963876617805,0.2,34.743355209979));
#6948=CARTESIAN_POINT('Ctrl Pts',(-50.3932591391259,0.,34.7119505066695));
#6949=CARTESIAN_POINT('Ctrl Pts',(-50.3932591391259,0.2,34.7119505066695));
#6950=CARTESIAN_POINT('Ctrl Pts',(-50.3869865871279,0.,34.6489854409673));
#6951=CARTESIAN_POINT('Ctrl Pts',(-50.3869865871279,0.2,34.6489854409673));
#6952=CARTESIAN_POINT('Ctrl Pts',(-50.3437216054131,0.,34.6027962069547));
#6953=CARTESIAN_POINT('Ctrl Pts',(-50.3437216054131,0.2,34.6027962069547));
#6954=CARTESIAN_POINT('Ctrl Pts',(-50.3220356357948,0.,34.5796444965925));
#6955=CARTESIAN_POINT('Ctrl Pts',(-50.3220356357948,0.2,34.5796444965925));
#6956=CARTESIAN_POINT('',(-50.3963876617805,0.,34.743355209979));
#6957=CARTESIAN_POINT('Ctrl Pts',(-50.3963876617805,0.,34.743355209979));
#6958=CARTESIAN_POINT('Ctrl Pts',(-50.3932591391259,0.,34.7119505066695));
#6959=CARTESIAN_POINT('Ctrl Pts',(-50.3869865871279,0.,34.6489854409673));
#6960=CARTESIAN_POINT('Ctrl Pts',(-50.3437216054131,0.,34.6027962069547));
#6961=CARTESIAN_POINT('Ctrl Pts',(-50.3220356357948,0.,34.5796444965925));
#6962=CARTESIAN_POINT('',(-50.3963876617805,0.2,34.743355209979));
#6963=CARTESIAN_POINT('',(-50.3963876617805,0.,34.743355209979));
#6964=CARTESIAN_POINT('Ctrl Pts',(-50.3963876617805,0.2,34.743355209979));
#6965=CARTESIAN_POINT('Ctrl Pts',(-50.3932591391259,0.2,34.7119505066695));
#6966=CARTESIAN_POINT('Ctrl Pts',(-50.3869865871279,0.2,34.6489854409673));
#6967=CARTESIAN_POINT('Ctrl Pts',(-50.3437216054131,0.2,34.6027962069547));
#6968=CARTESIAN_POINT('Ctrl Pts',(-50.3220356357948,0.2,34.5796444965925));
#6969=CARTESIAN_POINT('Ctrl Pts',(-50.3622809899703,0.,34.8599991156186));
#6970=CARTESIAN_POINT('Ctrl Pts',(-50.3622809899703,0.2,34.8599991156186));
#6971=CARTESIAN_POINT('Ctrl Pts',(-50.3722287693609,0.,34.8419417993083));
#6972=CARTESIAN_POINT('Ctrl Pts',(-50.3722287693609,0.2,34.8419417993083));
#6973=CARTESIAN_POINT('Ctrl Pts',(-50.3922499412703,0.,34.805599152384));
#6974=CARTESIAN_POINT('Ctrl Pts',(-50.3922499412703,0.2,34.805599152384));
#6975=CARTESIAN_POINT('Ctrl Pts',(-50.3950026647345,0.,34.7641897917608));
#6976=CARTESIAN_POINT('Ctrl Pts',(-50.3950026647345,0.2,34.7641897917608));
#6977=CARTESIAN_POINT('Ctrl Pts',(-50.3963876617805,0.,34.743355209979));
#6978=CARTESIAN_POINT('Ctrl Pts',(-50.3963876617805,0.2,34.743355209979));
#6979=CARTESIAN_POINT('',(-50.3622809899703,0.,34.8599991156186));
#6980=CARTESIAN_POINT('Ctrl Pts',(-50.3622809899703,0.,34.8599991156186));
#6981=CARTESIAN_POINT('Ctrl Pts',(-50.3722287693609,0.,34.8419417993083));
#6982=CARTESIAN_POINT('Ctrl Pts',(-50.3922499412703,0.,34.805599152384));
#6983=CARTESIAN_POINT('Ctrl Pts',(-50.3950026647345,0.,34.7641897917608));
#6984=CARTESIAN_POINT('Ctrl Pts',(-50.3963876617805,0.,34.743355209979));
#6985=CARTESIAN_POINT('',(-50.3622809899703,0.2,34.8599991156186));
#6986=CARTESIAN_POINT('',(-50.3622809899703,0.,34.8599991156186));
#6987=CARTESIAN_POINT('Ctrl Pts',(-50.3622809899703,0.2,34.8599991156186));
#6988=CARTESIAN_POINT('Ctrl Pts',(-50.3722287693609,0.2,34.8419417993083));
#6989=CARTESIAN_POINT('Ctrl Pts',(-50.3922499412703,0.2,34.805599152384));
#6990=CARTESIAN_POINT('Ctrl Pts',(-50.3950026647345,0.2,34.7641897917608));
#6991=CARTESIAN_POINT('Ctrl Pts',(-50.3963876617805,0.2,34.743355209979));
#6992=CARTESIAN_POINT('Ctrl Pts',(-50.265418971862,0.,34.9398082448568));
#6993=CARTESIAN_POINT('Ctrl Pts',(-50.265418971862,0.2,34.9398082448568));
#6994=CARTESIAN_POINT('Ctrl Pts',(-50.2850016685684,0.,34.9298770459088));
#6995=CARTESIAN_POINT('Ctrl Pts',(-50.2850016685684,0.2,34.9298770459088));
#6996=CARTESIAN_POINT('Ctrl Pts',(-50.3232635087215,0.,34.9104728774036));
#6997=CARTESIAN_POINT('Ctrl Pts',(-50.3232635087215,0.2,34.9104728774036));
#6998=CARTESIAN_POINT('Ctrl Pts',(-50.349481542488,0.,34.8765567262722));
#6999=CARTESIAN_POINT('Ctrl Pts',(-50.349481542488,0.2,34.8765567262722));
#7000=CARTESIAN_POINT('Ctrl Pts',(-50.3622809899703,0.,34.8599991156186));
#7001=CARTESIAN_POINT('Ctrl Pts',(-50.3622809899703,0.2,34.8599991156186));
#7002=CARTESIAN_POINT('',(-50.265418971862,0.,34.9398082448568));
#7003=CARTESIAN_POINT('Ctrl Pts',(-50.265418971862,0.,34.9398082448568));
#7004=CARTESIAN_POINT('Ctrl Pts',(-50.2850016685684,0.,34.9298770459088));
#7005=CARTESIAN_POINT('Ctrl Pts',(-50.3232635087215,0.,34.9104728774036));
#7006=CARTESIAN_POINT('Ctrl Pts',(-50.349481542488,0.,34.8765567262722));
#7007=CARTESIAN_POINT('Ctrl Pts',(-50.3622809899703,0.,34.8599991156186));
#7008=CARTESIAN_POINT('',(-50.265418971862,0.2,34.9398082448568));
#7009=CARTESIAN_POINT('',(-50.265418971862,0.,34.9398082448568));
#7010=CARTESIAN_POINT('Ctrl Pts',(-50.265418971862,0.2,34.9398082448568));
#7011=CARTESIAN_POINT('Ctrl Pts',(-50.2850016685684,0.2,34.9298770459088));
#7012=CARTESIAN_POINT('Ctrl Pts',(-50.3232635087215,0.2,34.9104728774036));
#7013=CARTESIAN_POINT('Ctrl Pts',(-50.349481542488,0.2,34.8765567262722));
#7014=CARTESIAN_POINT('Ctrl Pts',(-50.3622809899703,0.2,34.8599991156186));
#7015=CARTESIAN_POINT('Ctrl Pts',(-50.0512305749313,0.,34.9889214290704));
#7016=CARTESIAN_POINT('Ctrl Pts',(-50.0512305749313,0.2,34.9889214290704));
#7017=CARTESIAN_POINT('Ctrl Pts',(-50.094681953672,0.,34.9826966720665));
#7018=CARTESIAN_POINT('Ctrl Pts',(-50.094681953672,0.2,34.9826966720665));
#7019=CARTESIAN_POINT('Ctrl Pts',(-50.1675115366688,0.,34.9722632526909));
#7020=CARTESIAN_POINT('Ctrl Pts',(-50.1675115366688,0.2,34.9722632526909));
#7021=CARTESIAN_POINT('Ctrl Pts',(-50.2372768438833,0.,34.9491369846222));
#7022=CARTESIAN_POINT('Ctrl Pts',(-50.2372768438833,0.2,34.9491369846222));
#7023=CARTESIAN_POINT('Ctrl Pts',(-50.265418971862,0.,34.9398082448568));
#7024=CARTESIAN_POINT('Ctrl Pts',(-50.265418971862,0.2,34.9398082448568));
#7025=CARTESIAN_POINT('',(-50.0512305749313,0.,34.9889214290704));
#7026=CARTESIAN_POINT('Ctrl Pts',(-50.0512305749313,0.,34.9889214290704));
#7027=CARTESIAN_POINT('Ctrl Pts',(-50.094681953672,0.,34.9826966720665));
#7028=CARTESIAN_POINT('Ctrl Pts',(-50.1675115366688,0.,34.9722632526909));
#7029=CARTESIAN_POINT('Ctrl Pts',(-50.2372768438833,0.,34.9491369846222));
#7030=CARTESIAN_POINT('Ctrl Pts',(-50.265418971862,0.,34.9398082448568));
#7031=CARTESIAN_POINT('',(-50.0512305749313,0.2,34.9889214290704));
#7032=CARTESIAN_POINT('',(-50.0512305749313,0.,34.9889214290704));
#7033=CARTESIAN_POINT('Ctrl Pts',(-50.0512305749313,0.2,34.9889214290704));
#7034=CARTESIAN_POINT('Ctrl Pts',(-50.094681953672,0.2,34.9826966720665));
#7035=CARTESIAN_POINT('Ctrl Pts',(-50.1675115366688,0.2,34.9722632526909));
#7036=CARTESIAN_POINT('Ctrl Pts',(-50.2372768438833,0.2,34.9491369846222));
#7037=CARTESIAN_POINT('Ctrl Pts',(-50.265418971862,0.2,34.9398082448568));
#7038=CARTESIAN_POINT('Ctrl Pts',(-49.6501392973319,0.,35.0816908432569));
#7039=CARTESIAN_POINT('Ctrl Pts',(-49.6501392973319,0.2,35.0816908432569));
#7040=CARTESIAN_POINT('Ctrl Pts',(-49.7055167672492,0.,35.0634944040008));
#7041=CARTESIAN_POINT('Ctrl Pts',(-49.7055167672492,0.2,35.0634944040008));
#7042=CARTESIAN_POINT('Ctrl Pts',(-49.8363137862852,0.,35.0205159144575));
#7043=CARTESIAN_POINT('Ctrl Pts',(-49.8363137862852,0.2,35.0205159144575));
#7044=CARTESIAN_POINT('Ctrl Pts',(-49.9726290957059,0.,35.0004764746415));
#7045=CARTESIAN_POINT('Ctrl Pts',(-49.9726290957059,0.2,35.0004764746415));
#7046=CARTESIAN_POINT('Ctrl Pts',(-50.0512305749313,0.,34.9889214290704));
#7047=CARTESIAN_POINT('Ctrl Pts',(-50.0512305749313,0.2,34.9889214290704));
#7048=CARTESIAN_POINT('',(-49.6501392973319,0.,35.0816908432569));
#7049=CARTESIAN_POINT('Ctrl Pts',(-49.6501392973319,0.,35.0816908432569));
#7050=CARTESIAN_POINT('Ctrl Pts',(-49.7055167672492,0.,35.0634944040008));
#7051=CARTESIAN_POINT('Ctrl Pts',(-49.8363137862852,0.,35.0205159144575));
#7052=CARTESIAN_POINT('Ctrl Pts',(-49.9726290957059,0.,35.0004764746415));
#7053=CARTESIAN_POINT('Ctrl Pts',(-50.0512305749313,0.,34.9889214290704));
#7054=CARTESIAN_POINT('',(-49.6501392973319,0.2,35.0816908432569));
#7055=CARTESIAN_POINT('',(-49.6501392973319,0.,35.0816908432569));
#7056=CARTESIAN_POINT('Ctrl Pts',(-49.6501392973319,0.2,35.0816908432569));
#7057=CARTESIAN_POINT('Ctrl Pts',(-49.7055167672492,0.2,35.0634944040008));
#7058=CARTESIAN_POINT('Ctrl Pts',(-49.8363137862852,0.2,35.0205159144575));
#7059=CARTESIAN_POINT('Ctrl Pts',(-49.9726290957059,0.2,35.0004764746415));
#7060=CARTESIAN_POINT('Ctrl Pts',(-50.0512305749313,0.2,34.9889214290704));
#7061=CARTESIAN_POINT('Origin',(-49.6501392973319,0.,34.9916499806966));
#7062=CARTESIAN_POINT('',(-49.6501392973319,0.,16.7324532149538));
#7063=CARTESIAN_POINT('',(-49.6501392973319,0.2,34.9916499806966));
#7064=CARTESIAN_POINT('Origin',(-49.3240819228545,0.,34.3545421911802));
#7065=CARTESIAN_POINT('',(-49.3240819228545,0.,34.3545421911802));
#7066=CARTESIAN_POINT('',(-49.5805621994392,0.,34.3545421911802));
#7067=CARTESIAN_POINT('',(-39.8623835626705,0.,34.3545421911802));
#7068=CARTESIAN_POINT('',(-49.3240819228545,0.2,34.3545421911802));
#7069=CARTESIAN_POINT('',(-49.3240819228545,0.,34.3545421911802));
#7070=CARTESIAN_POINT('',(-49.5805621994392,0.2,34.3545421911802));
#7071=CARTESIAN_POINT('',(-49.3240819228545,0.2,34.3545421911802));
#7072=CARTESIAN_POINT('',(-49.5805621994392,0.,34.3545421911802));
#7073=CARTESIAN_POINT('Ctrl Pts',(-49.3861556900398,0.,34.5284849359121));
#7074=CARTESIAN_POINT('Ctrl Pts',(-49.3861556900398,0.2,34.5284849359121));
#7075=CARTESIAN_POINT('Ctrl Pts',(-49.3795803442708,0.,34.4984375312586));
#7076=CARTESIAN_POINT('Ctrl Pts',(-49.3795803442708,0.2,34.4984375312586));
#7077=CARTESIAN_POINT('Ctrl Pts',(-49.3663137838757,0.,34.4378132352052));
#7078=CARTESIAN_POINT('Ctrl Pts',(-49.3663137838757,0.2,34.4378132352052));
#7079=CARTESIAN_POINT('Ctrl Pts',(-49.3382409383687,0.,34.3824603547591));
#7080=CARTESIAN_POINT('Ctrl Pts',(-49.3382409383687,0.2,34.3824603547591));
#7081=CARTESIAN_POINT('Ctrl Pts',(-49.3240819228545,0.,34.3545421911802));
#7082=CARTESIAN_POINT('Ctrl Pts',(-49.3240819228545,0.2,34.3545421911802));
#7083=CARTESIAN_POINT('',(-49.3861556900398,0.,34.5284849359121));
#7084=CARTESIAN_POINT('Ctrl Pts',(-49.3861556900398,0.,34.5284849359121));
#7085=CARTESIAN_POINT('Ctrl Pts',(-49.3795803442708,0.,34.4984375312586));
#7086=CARTESIAN_POINT('Ctrl Pts',(-49.3663137838757,0.,34.4378132352052));
#7087=CARTESIAN_POINT('Ctrl Pts',(-49.3382409383687,0.,34.3824603547591));
#7088=CARTESIAN_POINT('Ctrl Pts',(-49.3240819228545,0.,34.3545421911802));
#7089=CARTESIAN_POINT('',(-49.3861556900398,0.2,34.5284849359121));
#7090=CARTESIAN_POINT('',(-49.3861556900398,0.,34.5284849359121));
#7091=CARTESIAN_POINT('Ctrl Pts',(-49.3861556900398,0.2,34.5284849359121));
#7092=CARTESIAN_POINT('Ctrl Pts',(-49.3795803442708,0.2,34.4984375312586));
#7093=CARTESIAN_POINT('Ctrl Pts',(-49.3663137838757,0.2,34.4378132352052));
#7094=CARTESIAN_POINT('Ctrl Pts',(-49.3382409383687,0.2,34.3824603547591));
#7095=CARTESIAN_POINT('Ctrl Pts',(-49.3240819228545,0.2,34.3545421911802));
#7096=CARTESIAN_POINT('Ctrl Pts',(-49.4018445266143,0.,34.9616363598432));
#7097=CARTESIAN_POINT('Ctrl Pts',(-49.4018445266143,0.2,34.9616363598432));
#7098=CARTESIAN_POINT('Ctrl Pts',(-49.4024088561534,0.,34.8683843143113));
#7099=CARTESIAN_POINT('Ctrl Pts',(-49.4024088561534,0.2,34.8683843143113));
#7100=CARTESIAN_POINT('Ctrl Pts',(-49.4032842899177,0.,34.7237241758742));
#7101=CARTESIAN_POINT('Ctrl Pts',(-49.4032842899177,0.2,34.7237241758742));
#7102=CARTESIAN_POINT('Ctrl Pts',(-49.3906467217986,0.,34.5796756714943));
#7103=CARTESIAN_POINT('Ctrl Pts',(-49.3906467217986,0.2,34.5796756714943));
#7104=CARTESIAN_POINT('Ctrl Pts',(-49.3861556900398,0.,34.5284849359121));
#7105=CARTESIAN_POINT('Ctrl Pts',(-49.3861556900398,0.2,34.5284849359121));
#7106=CARTESIAN_POINT('',(-49.4018445266143,0.,34.9616363598432));
#7107=CARTESIAN_POINT('Ctrl Pts',(-49.4018445266143,0.,34.9616363598432));
#7108=CARTESIAN_POINT('Ctrl Pts',(-49.4024088561534,0.,34.8683843143113));
#7109=CARTESIAN_POINT('Ctrl Pts',(-49.4032842899177,0.,34.7237241758742));
#7110=CARTESIAN_POINT('Ctrl Pts',(-49.3906467217986,0.,34.5796756714943));
#7111=CARTESIAN_POINT('Ctrl Pts',(-49.3861556900398,0.,34.5284849359121));
#7112=CARTESIAN_POINT('',(-49.4018445266143,0.2,34.9616363598432));
#7113=CARTESIAN_POINT('',(-49.4018445266143,0.,34.9616363598432));
#7114=CARTESIAN_POINT('Ctrl Pts',(-49.4018445266143,0.2,34.9616363598432));
#7115=CARTESIAN_POINT('Ctrl Pts',(-49.4024088561534,0.2,34.8683843143113));
#7116=CARTESIAN_POINT('Ctrl Pts',(-49.4032842899177,0.2,34.7237241758742));
#7117=CARTESIAN_POINT('Ctrl Pts',(-49.3906467217986,0.2,34.5796756714943));
#7118=CARTESIAN_POINT('Ctrl Pts',(-49.3861556900398,0.2,34.5284849359121));
#7119=CARTESIAN_POINT('Origin',(-49.4018445266143,0.,35.2890577866163));
#7120=CARTESIAN_POINT('',(-49.4018445266143,0.,35.2890577866163));
#7121=CARTESIAN_POINT('',(-49.4018445266143,0.,16.8811571179136));
#7122=CARTESIAN_POINT('',(-49.4018445266143,0.2,35.2890577866163));
#7123=CARTESIAN_POINT('',(-49.4018445266143,0.,35.2890577866163));
#7124=CARTESIAN_POINT('',(-49.4018445266143,0.2,35.2890577866163));
#7125=CARTESIAN_POINT('Ctrl Pts',(-49.4141227854148,0.,35.5155244423475));
#7126=CARTESIAN_POINT('Ctrl Pts',(-49.4141227854148,0.2,35.5155244423475));
#7127=CARTESIAN_POINT('Ctrl Pts',(-49.4105822609291,0.,35.4862227054004));
#7128=CARTESIAN_POINT('Ctrl Pts',(-49.4105822609291,0.2,35.4862227054004));
#7129=CARTESIAN_POINT('Ctrl Pts',(-49.4014991207028,0.,35.4110497227978));
#7130=CARTESIAN_POINT('Ctrl Pts',(-49.4014991207028,0.2,35.4110497227978));
#7131=CARTESIAN_POINT('Ctrl Pts',(-49.4017136306629,0.,35.3352881782104));
#7132=CARTESIAN_POINT('Ctrl Pts',(-49.4017136306629,0.2,35.3352881782104));
#7133=CARTESIAN_POINT('Ctrl Pts',(-49.4018445266143,0.,35.2890577866163));
#7134=CARTESIAN_POINT('Ctrl Pts',(-49.4018445266143,0.2,35.2890577866163));
#7135=CARTESIAN_POINT('',(-49.4141227854148,0.,35.5155244423475));
#7136=CARTESIAN_POINT('Ctrl Pts',(-49.4141227854148,0.,35.5155244423475));
#7137=CARTESIAN_POINT('Ctrl Pts',(-49.4105822609291,0.,35.4862227054004));
#7138=CARTESIAN_POINT('Ctrl Pts',(-49.4014991207028,0.,35.4110497227978));
#7139=CARTESIAN_POINT('Ctrl Pts',(-49.4017136306629,0.,35.3352881782104));
#7140=CARTESIAN_POINT('Ctrl Pts',(-49.4018445266143,0.,35.2890577866163));
#7141=CARTESIAN_POINT('',(-49.4141227854148,0.2,35.5155244423475));
#7142=CARTESIAN_POINT('',(-49.4141227854148,0.,35.5155244423475));
#7143=CARTESIAN_POINT('Ctrl Pts',(-49.4141227854148,0.2,35.5155244423475));
#7144=CARTESIAN_POINT('Ctrl Pts',(-49.4105822609291,0.2,35.4862227054004));
#7145=CARTESIAN_POINT('Ctrl Pts',(-49.4014991207028,0.2,35.4110497227978));
#7146=CARTESIAN_POINT('Ctrl Pts',(-49.4017136306629,0.2,35.3352881782104));
#7147=CARTESIAN_POINT('Ctrl Pts',(-49.4018445266143,0.2,35.2890577866163));
#7148=CARTESIAN_POINT('Ctrl Pts',(-49.4905210388557,0.,35.6826458825197));
#7149=CARTESIAN_POINT('Ctrl Pts',(-49.4905210388557,0.2,35.6826458825197));
#7150=CARTESIAN_POINT('Ctrl Pts',(-49.4735416606401,0.,35.6583959550349));
#7151=CARTESIAN_POINT('Ctrl Pts',(-49.4735416606401,0.2,35.6583959550349));
#7152=CARTESIAN_POINT('Ctrl Pts',(-49.437857661003,0.,35.6074321097996));
#7153=CARTESIAN_POINT('Ctrl Pts',(-49.437857661003,0.2,35.6074321097996));
#7154=CARTESIAN_POINT('Ctrl Pts',(-49.4222853726201,0.,35.5471321222623));
#7155=CARTESIAN_POINT('Ctrl Pts',(-49.4222853726201,0.2,35.5471321222623));
#7156=CARTESIAN_POINT('Ctrl Pts',(-49.4141227854148,0.,35.5155244423475));
#7157=CARTESIAN_POINT('Ctrl Pts',(-49.4141227854148,0.2,35.5155244423475));
#7158=CARTESIAN_POINT('',(-49.4905210388557,0.,35.6826458825197));
#7159=CARTESIAN_POINT('Ctrl Pts',(-49.4905210388557,0.,35.6826458825197));
#7160=CARTESIAN_POINT('Ctrl Pts',(-49.4735416606401,0.,35.6583959550349));
#7161=CARTESIAN_POINT('Ctrl Pts',(-49.437857661003,0.,35.6074321097996));
#7162=CARTESIAN_POINT('Ctrl Pts',(-49.4222853726201,0.,35.5471321222623));
#7163=CARTESIAN_POINT('Ctrl Pts',(-49.4141227854148,0.,35.5155244423475));
#7164=CARTESIAN_POINT('',(-49.4905210388557,0.2,35.6826458825197));
#7165=CARTESIAN_POINT('',(-49.4905210388557,0.,35.6826458825197));
#7166=CARTESIAN_POINT('Ctrl Pts',(-49.4905210388557,0.2,35.6826458825197));
#7167=CARTESIAN_POINT('Ctrl Pts',(-49.4735416606401,0.2,35.6583959550349));
#7168=CARTESIAN_POINT('Ctrl Pts',(-49.437857661003,0.2,35.6074321097996));
#7169=CARTESIAN_POINT('Ctrl Pts',(-49.4222853726201,0.2,35.5471321222623));
#7170=CARTESIAN_POINT('Ctrl Pts',(-49.4141227854148,0.2,35.5155244423475));
#7171=CARTESIAN_POINT('Ctrl Pts',(-49.6610532058135,0.,35.7924684835996));
#7172=CARTESIAN_POINT('Ctrl Pts',(-49.6610532058135,0.2,35.7924684835996));
#7173=CARTESIAN_POINT('Ctrl Pts',(-49.626062077139,0.,35.7782365558406));
#7174=CARTESIAN_POINT('Ctrl Pts',(-49.626062077139,0.2,35.7782365558406));
#7175=CARTESIAN_POINT('Ctrl Pts',(-49.562186027221,0.,35.7522562756266));
#7176=CARTESIAN_POINT('Ctrl Pts',(-49.562186027221,0.2,35.7522562756266));
#7177=CARTESIAN_POINT('Ctrl Pts',(-49.512836863269,0.,35.7043219246896));
#7178=CARTESIAN_POINT('Ctrl Pts',(-49.512836863269,0.2,35.7043219246896));
#7179=CARTESIAN_POINT('Ctrl Pts',(-49.4905210388557,0.,35.6826458825197));
#7180=CARTESIAN_POINT('Ctrl Pts',(-49.4905210388557,0.2,35.6826458825197));
#7181=CARTESIAN_POINT('',(-49.6610532058135,0.,35.7924684835996));
#7182=CARTESIAN_POINT('Ctrl Pts',(-49.6610532058135,0.,35.7924684835996));
#7183=CARTESIAN_POINT('Ctrl Pts',(-49.626062077139,0.,35.7782365558406));
#7184=CARTESIAN_POINT('Ctrl Pts',(-49.562186027221,0.,35.7522562756266));
#7185=CARTESIAN_POINT('Ctrl Pts',(-49.512836863269,0.,35.7043219246896));
#7186=CARTESIAN_POINT('Ctrl Pts',(-49.4905210388557,0.,35.6826458825197));
#7187=CARTESIAN_POINT('',(-49.6610532058135,0.2,35.7924684835996));
#7188=CARTESIAN_POINT('',(-49.6610532058135,0.,35.7924684835996));
#7189=CARTESIAN_POINT('Ctrl Pts',(-49.6610532058135,0.2,35.7924684835996));
#7190=CARTESIAN_POINT('Ctrl Pts',(-49.626062077139,0.2,35.7782365558406));
#7191=CARTESIAN_POINT('Ctrl Pts',(-49.562186027221,0.2,35.7522562756266));
#7192=CARTESIAN_POINT('Ctrl Pts',(-49.512836863269,0.2,35.7043219246896));
#7193=CARTESIAN_POINT('Ctrl Pts',(-49.4905210388557,0.2,35.6826458825197));
#7194=CARTESIAN_POINT('Ctrl Pts',(-49.9625540626899,0.,35.8361247135724));
#7195=CARTESIAN_POINT('Ctrl Pts',(-49.9625540626899,0.2,35.8361247135724));
#7196=CARTESIAN_POINT('Ctrl Pts',(-49.9060920201331,0.,35.8351739363869));
#7197=CARTESIAN_POINT('Ctrl Pts',(-49.9060920201331,0.2,35.8351739363869));
#7198=CARTESIAN_POINT('Ctrl Pts',(-49.8036165871315,0.,35.8334483292469));
#7199=CARTESIAN_POINT('Ctrl Pts',(-49.8036165871315,0.2,35.8334483292469));
#7200=CARTESIAN_POINT('Ctrl Pts',(-49.7052304332671,0.,35.8051672281541));
#7201=CARTESIAN_POINT('Ctrl Pts',(-49.7052304332671,0.2,35.8051672281541));
#7202=CARTESIAN_POINT('Ctrl Pts',(-49.6610532058135,0.,35.7924684835996));
#7203=CARTESIAN_POINT('Ctrl Pts',(-49.6610532058135,0.2,35.7924684835996));
#7204=CARTESIAN_POINT('',(-49.9625540626899,0.,35.8361247135724));
#7205=CARTESIAN_POINT('Ctrl Pts',(-49.9625540626899,0.,35.8361247135724));
#7206=CARTESIAN_POINT('Ctrl Pts',(-49.9060920201331,0.,35.8351739363869));
#7207=CARTESIAN_POINT('Ctrl Pts',(-49.8036165871315,0.,35.8334483292469));
#7208=CARTESIAN_POINT('Ctrl Pts',(-49.7052304332671,0.,35.8051672281541));
#7209=CARTESIAN_POINT('Ctrl Pts',(-49.6610532058135,0.,35.7924684835996));
#7210=CARTESIAN_POINT('',(-49.9625540626899,0.2,35.8361247135724));
#7211=CARTESIAN_POINT('',(-49.9625540626899,0.,35.8361247135724));
#7212=CARTESIAN_POINT('Ctrl Pts',(-49.9625540626899,0.2,35.8361247135724));
#7213=CARTESIAN_POINT('Ctrl Pts',(-49.9060920201331,0.2,35.8351739363869));
#7214=CARTESIAN_POINT('Ctrl Pts',(-49.8036165871315,0.2,35.8334483292469));
#7215=CARTESIAN_POINT('Ctrl Pts',(-49.7052304332671,0.2,35.8051672281541));
#7216=CARTESIAN_POINT('Ctrl Pts',(-49.6610532058135,0.2,35.7924684835996));
#7217=CARTESIAN_POINT('Ctrl Pts',(-50.2913398397819,0.,35.7849650038804));
#7218=CARTESIAN_POINT('Ctrl Pts',(-50.2913398397819,0.2,35.7849650038804));
#7219=CARTESIAN_POINT('Ctrl Pts',(-50.2406339165692,0.,35.7998745092873));
#7220=CARTESIAN_POINT('Ctrl Pts',(-50.2406339165692,0.2,35.7998745092873));
#7221=CARTESIAN_POINT('Ctrl Pts',(-50.1333633478255,0.,35.8314162113875));
#7222=CARTESIAN_POINT('Ctrl Pts',(-50.1333633478255,0.2,35.8314162113875));
#7223=CARTESIAN_POINT('Ctrl Pts',(-50.0215265290786,0.,35.834499087737));
#7224=CARTESIAN_POINT('Ctrl Pts',(-50.0215265290786,0.2,35.834499087737));
#7225=CARTESIAN_POINT('Ctrl Pts',(-49.9625540626899,0.,35.8361247135724));
#7226=CARTESIAN_POINT('Ctrl Pts',(-49.9625540626899,0.2,35.8361247135724));
#7227=CARTESIAN_POINT('',(-50.2913398397819,0.,35.7849650038804));
#7228=CARTESIAN_POINT('Ctrl Pts',(-50.2913398397819,0.,35.7849650038804));
#7229=CARTESIAN_POINT('Ctrl Pts',(-50.2406339165692,0.,35.7998745092873));
#7230=CARTESIAN_POINT('Ctrl Pts',(-50.1333633478255,0.,35.8314162113875));
#7231=CARTESIAN_POINT('Ctrl Pts',(-50.0215265290786,0.,35.834499087737));
#7232=CARTESIAN_POINT('Ctrl Pts',(-49.9625540626899,0.,35.8361247135724));
#7233=CARTESIAN_POINT('',(-50.2913398397819,0.2,35.7849650038804));
#7234=CARTESIAN_POINT('',(-50.2913398397819,0.,35.7849650038804));
#7235=CARTESIAN_POINT('Ctrl Pts',(-50.2913398397819,0.2,35.7849650038804));
#7236=CARTESIAN_POINT('Ctrl Pts',(-50.2406339165692,0.2,35.7998745092873));
#7237=CARTESIAN_POINT('Ctrl Pts',(-50.1333633478255,0.2,35.8314162113875));
#7238=CARTESIAN_POINT('Ctrl Pts',(-50.0215265290786,0.2,35.834499087737));
#7239=CARTESIAN_POINT('Ctrl Pts',(-49.9625540626899,0.2,35.8361247135724));
#7240=CARTESIAN_POINT('Ctrl Pts',(-50.5082566393272,0.,35.6389896525468));
#7241=CARTESIAN_POINT('Ctrl Pts',(-50.5082566393272,0.2,35.6389896525468));
#7242=CARTESIAN_POINT('Ctrl Pts',(-50.4792153980604,0.,35.6692064864109));
#7243=CARTESIAN_POINT('Ctrl Pts',(-50.4792153980604,0.2,35.6692064864109));
#7244=CARTESIAN_POINT('Ctrl Pts',(-50.4175377703618,0.,35.7333808311705));
#7245=CARTESIAN_POINT('Ctrl Pts',(-50.4175377703618,0.2,35.7333808311705));
#7246=CARTESIAN_POINT('Ctrl Pts',(-50.3350093248237,0.,35.7671148359086));
#7247=CARTESIAN_POINT('Ctrl Pts',(-50.3350093248237,0.2,35.7671148359086));
#7248=CARTESIAN_POINT('Ctrl Pts',(-50.2913398397819,0.,35.7849650038804));
#7249=CARTESIAN_POINT('Ctrl Pts',(-50.2913398397819,0.2,35.7849650038804));
#7250=CARTESIAN_POINT('',(-50.5082566393272,0.,35.6389896525468));
#7251=CARTESIAN_POINT('Ctrl Pts',(-50.5082566393272,0.,35.6389896525468));
#7252=CARTESIAN_POINT('Ctrl Pts',(-50.4792153980604,0.,35.6692064864109));
#7253=CARTESIAN_POINT('Ctrl Pts',(-50.4175377703618,0.,35.7333808311705));
#7254=CARTESIAN_POINT('Ctrl Pts',(-50.3350093248237,0.,35.7671148359086));
#7255=CARTESIAN_POINT('Ctrl Pts',(-50.2913398397819,0.,35.7849650038804));
#7256=CARTESIAN_POINT('',(-50.5082566393272,0.2,35.6389896525468));
#7257=CARTESIAN_POINT('',(-50.5082566393272,0.,35.6389896525468));
#7258=CARTESIAN_POINT('Ctrl Pts',(-50.5082566393272,0.2,35.6389896525468));
#7259=CARTESIAN_POINT('Ctrl Pts',(-50.4792153980604,0.2,35.6692064864109));
#7260=CARTESIAN_POINT('Ctrl Pts',(-50.4175377703618,0.2,35.7333808311705));
#7261=CARTESIAN_POINT('Ctrl Pts',(-50.3350093248237,0.2,35.7671148359086));
#7262=CARTESIAN_POINT('Ctrl Pts',(-50.2913398397819,0.2,35.7849650038804));
#7263=CARTESIAN_POINT('Ctrl Pts',(-50.6160328639404,0.,35.3900128556814));
#7264=CARTESIAN_POINT('Ctrl Pts',(-50.6160328639404,0.2,35.3900128556814));
#7265=CARTESIAN_POINT('Ctrl Pts',(-50.6043214107844,0.,35.4376605660306));
#7266=CARTESIAN_POINT('Ctrl Pts',(-50.6043214107844,0.2,35.4376605660306));
#7267=CARTESIAN_POINT('Ctrl Pts',(-50.5824000726145,0.,35.5268468999278));
#7268=CARTESIAN_POINT('Ctrl Pts',(-50.5824000726145,0.2,35.5268468999278));
#7269=CARTESIAN_POINT('Ctrl Pts',(-50.5318161510231,0.,35.603355633797));
#7270=CARTESIAN_POINT('Ctrl Pts',(-50.5318161510231,0.2,35.603355633797));
#7271=CARTESIAN_POINT('Ctrl Pts',(-50.5082566393272,0.,35.6389896525468));
#7272=CARTESIAN_POINT('Ctrl Pts',(-50.5082566393272,0.2,35.6389896525468));
#7273=CARTESIAN_POINT('',(-50.6160328639404,0.,35.3900128556814));
#7274=CARTESIAN_POINT('Ctrl Pts',(-50.6160328639404,0.,35.3900128556814));
#7275=CARTESIAN_POINT('Ctrl Pts',(-50.6043214107844,0.,35.4376605660306));
#7276=CARTESIAN_POINT('Ctrl Pts',(-50.5824000726145,0.,35.5268468999278));
#7277=CARTESIAN_POINT('Ctrl Pts',(-50.5318161510231,0.,35.603355633797));
#7278=CARTESIAN_POINT('Ctrl Pts',(-50.5082566393272,0.,35.6389896525468));
#7279=CARTESIAN_POINT('',(-50.6160328639404,0.2,35.3900128556814));
#7280=CARTESIAN_POINT('',(-50.6160328639404,0.,35.3900128556814));
#7281=CARTESIAN_POINT('Ctrl Pts',(-50.6160328639404,0.2,35.3900128556814));
#7282=CARTESIAN_POINT('Ctrl Pts',(-50.6043214107844,0.2,35.4376605660306));
#7283=CARTESIAN_POINT('Ctrl Pts',(-50.5824000726145,0.2,35.5268468999278));
#7284=CARTESIAN_POINT('Ctrl Pts',(-50.5318161510231,0.2,35.603355633797));
#7285=CARTESIAN_POINT('Ctrl Pts',(-50.5082566393272,0.2,35.6389896525468));
#7286=CARTESIAN_POINT('Origin',(-50.3759235990897,0.,35.3572706832017));
#7287=CARTESIAN_POINT('',(-50.3759235990897,0.,35.3572706832017));
#7288=CARTESIAN_POINT('',(-38.101724488137,0.,33.6835162589809));
#7289=CARTESIAN_POINT('',(-50.3759235990897,0.2,35.3572706832017));
#7290=CARTESIAN_POINT('',(-50.3759235990897,0.,35.3572706832017));
#7291=CARTESIAN_POINT('',(-50.3759235990897,0.2,35.3572706832017));
#7292=CARTESIAN_POINT('Ctrl Pts',(-50.2538225901977,0.,35.5721411062803));
#7293=CARTESIAN_POINT('Ctrl Pts',(-50.2538225901977,0.2,35.5721411062803));
#7294=CARTESIAN_POINT('Ctrl Pts',(-50.2801138011459,0.,35.5455218809578));
#7295=CARTESIAN_POINT('Ctrl Pts',(-50.2801138011459,0.2,35.5455218809578));
#7296=CARTESIAN_POINT('Ctrl Pts',(-50.3397314163558,0.,35.4851604645289));
#7297=CARTESIAN_POINT('Ctrl Pts',(-50.3397314163558,0.2,35.4851604645289));
#7298=CARTESIAN_POINT('Ctrl Pts',(-50.362946375598,0.,35.4031273889659));
#7299=CARTESIAN_POINT('Ctrl Pts',(-50.362946375598,0.2,35.4031273889659));
#7300=CARTESIAN_POINT('Ctrl Pts',(-50.3759235990897,0.,35.3572706832017));
#7301=CARTESIAN_POINT('Ctrl Pts',(-50.3759235990897,0.2,35.3572706832017));
#7302=CARTESIAN_POINT('',(-50.2538225901977,0.,35.5721411062803));
#7303=CARTESIAN_POINT('Ctrl Pts',(-50.2538225901977,0.,35.5721411062803));
#7304=CARTESIAN_POINT('Ctrl Pts',(-50.2801138011459,0.,35.5455218809578));
#7305=CARTESIAN_POINT('Ctrl Pts',(-50.3397314163558,0.,35.4851604645289));
#7306=CARTESIAN_POINT('Ctrl Pts',(-50.362946375598,0.,35.4031273889659));
#7307=CARTESIAN_POINT('Ctrl Pts',(-50.3759235990897,0.,35.3572706832017));
#7308=CARTESIAN_POINT('',(-50.2538225901977,0.2,35.5721411062803));
#7309=CARTESIAN_POINT('',(-50.2538225901977,0.,35.5721411062803));
#7310=CARTESIAN_POINT('Ctrl Pts',(-50.2538225901977,0.2,35.5721411062803));
#7311=CARTESIAN_POINT('Ctrl Pts',(-50.2801138011459,0.2,35.5455218809578));
#7312=CARTESIAN_POINT('Ctrl Pts',(-50.3397314163558,0.2,35.4851604645289));
#7313=CARTESIAN_POINT('Ctrl Pts',(-50.362946375598,0.2,35.4031273889659));
#7314=CARTESIAN_POINT('Ctrl Pts',(-50.3759235990897,0.2,35.3572706832017));
#7315=CARTESIAN_POINT('Ctrl Pts',(-49.9980247867957,0.,35.6328505231466));
#7316=CARTESIAN_POINT('Ctrl Pts',(-49.9980247867957,0.2,35.6328505231466));
#7317=CARTESIAN_POINT('Ctrl Pts',(-50.049325970548,0.,35.6320518767387));
#7318=CARTESIAN_POINT('Ctrl Pts',(-50.049325970548,0.2,35.6320518767387));
#7319=CARTESIAN_POINT('Ctrl Pts',(-50.1394896938529,0.,35.6306482262093));
#7320=CARTESIAN_POINT('Ctrl Pts',(-50.1394896938529,0.2,35.6306482262093));
#7321=CARTESIAN_POINT('Ctrl Pts',(-50.2193856731859,0.,35.5897633733443));
#7322=CARTESIAN_POINT('Ctrl Pts',(-50.2193856731859,0.2,35.5897633733443));
#7323=CARTESIAN_POINT('Ctrl Pts',(-50.2538225901977,0.,35.5721411062803));
#7324=CARTESIAN_POINT('Ctrl Pts',(-50.2538225901977,0.2,35.5721411062803));
#7325=CARTESIAN_POINT('',(-49.9980247867957,0.,35.6328505231466));
#7326=CARTESIAN_POINT('Ctrl Pts',(-49.9980247867957,0.,35.6328505231466));
#7327=CARTESIAN_POINT('Ctrl Pts',(-50.049325970548,0.,35.6320518767387));
#7328=CARTESIAN_POINT('Ctrl Pts',(-50.1394896938529,0.,35.6306482262093));
#7329=CARTESIAN_POINT('Ctrl Pts',(-50.2193856731859,0.,35.5897633733443));
#7330=CARTESIAN_POINT('Ctrl Pts',(-50.2538225901977,0.,35.5721411062803));
#7331=CARTESIAN_POINT('',(-49.9980247867957,0.2,35.6328505231466));
#7332=CARTESIAN_POINT('',(-49.9980247867957,0.,35.6328505231466));
#7333=CARTESIAN_POINT('Ctrl Pts',(-49.9980247867957,0.2,35.6328505231466));
#7334=CARTESIAN_POINT('Ctrl Pts',(-50.049325970548,0.2,35.6320518767387));
#7335=CARTESIAN_POINT('Ctrl Pts',(-50.1394896938529,0.2,35.6306482262093));
#7336=CARTESIAN_POINT('Ctrl Pts',(-50.2193856731859,0.2,35.5897633733443));
#7337=CARTESIAN_POINT('Ctrl Pts',(-50.2538225901977,0.2,35.5721411062803));
#7338=CARTESIAN_POINT('Ctrl Pts',(-49.7183520449058,0.,35.5496308161344));
#7339=CARTESIAN_POINT('Ctrl Pts',(-49.7183520449058,0.2,35.5496308161344));
#7340=CARTESIAN_POINT('Ctrl Pts',(-49.7562638555714,0.,35.5738328321297));
#7341=CARTESIAN_POINT('Ctrl Pts',(-49.7562638555714,0.2,35.5738328321297));
#7342=CARTESIAN_POINT('Ctrl Pts',(-49.8410710276064,0.,35.6279717534334));
#7343=CARTESIAN_POINT('Ctrl Pts',(-49.8410710276064,0.2,35.6279717534334));
#7344=CARTESIAN_POINT('Ctrl Pts',(-49.9421382137344,0.,35.6311133381219));
#7345=CARTESIAN_POINT('Ctrl Pts',(-49.9421382137344,0.2,35.6311133381219));
#7346=CARTESIAN_POINT('Ctrl Pts',(-49.9980247867957,0.,35.6328505231466));
#7347=CARTESIAN_POINT('Ctrl Pts',(-49.9980247867957,0.2,35.6328505231466));
#7348=CARTESIAN_POINT('',(-49.7183520449058,0.,35.5496308161344));
#7349=CARTESIAN_POINT('Ctrl Pts',(-49.7183520449058,0.,35.5496308161344));
#7350=CARTESIAN_POINT('Ctrl Pts',(-49.7562638555714,0.,35.5738328321297));
#7351=CARTESIAN_POINT('Ctrl Pts',(-49.8410710276064,0.,35.6279717534334));
#7352=CARTESIAN_POINT('Ctrl Pts',(-49.9421382137344,0.,35.6311133381219));
#7353=CARTESIAN_POINT('Ctrl Pts',(-49.9980247867957,0.,35.6328505231466));
#7354=CARTESIAN_POINT('',(-49.7183520449058,0.2,35.5496308161344));
#7355=CARTESIAN_POINT('',(-49.7183520449058,0.,35.5496308161344));
#7356=CARTESIAN_POINT('Ctrl Pts',(-49.7183520449058,0.2,35.5496308161344));
#7357=CARTESIAN_POINT('Ctrl Pts',(-49.7562638555714,0.2,35.5738328321297));
#7358=CARTESIAN_POINT('Ctrl Pts',(-49.8410710276064,0.2,35.6279717534334));
#7359=CARTESIAN_POINT('Ctrl Pts',(-49.9421382137344,0.2,35.6311133381219));
#7360=CARTESIAN_POINT('Ctrl Pts',(-49.9980247867957,0.2,35.6328505231466));
#7361=CARTESIAN_POINT('Ctrl Pts',(-49.648774947013,0.,35.3381711198415));
#7362=CARTESIAN_POINT('Ctrl Pts',(-49.648774947013,0.2,35.3381711198415));
#7363=CARTESIAN_POINT('Ctrl Pts',(-49.6497547082531,0.,35.3825449942026));
#7364=CARTESIAN_POINT('Ctrl Pts',(-49.6497547082531,0.2,35.3825449942026));
#7365=CARTESIAN_POINT('Ctrl Pts',(-49.6514822604535,0.,35.4607866934565));
#7366=CARTESIAN_POINT('Ctrl Pts',(-49.6514822604535,0.2,35.4607866934565));
#7367=CARTESIAN_POINT('Ctrl Pts',(-49.698150958801,0.,35.5227913730762));
#7368=CARTESIAN_POINT('Ctrl Pts',(-49.698150958801,0.2,35.5227913730762));
#7369=CARTESIAN_POINT('Ctrl Pts',(-49.7183520449058,0.,35.5496308161344));
#7370=CARTESIAN_POINT('Ctrl Pts',(-49.7183520449058,0.2,35.5496308161344));
#7371=CARTESIAN_POINT('',(-49.648774947013,0.,35.3381711198415));
#7372=CARTESIAN_POINT('Ctrl Pts',(-49.648774947013,0.,35.3381711198415));
#7373=CARTESIAN_POINT('Ctrl Pts',(-49.6497547082531,0.,35.3825449942026));
#7374=CARTESIAN_POINT('Ctrl Pts',(-49.6514822604535,0.,35.4607866934565));
#7375=CARTESIAN_POINT('Ctrl Pts',(-49.698150958801,0.,35.5227913730762));
#7376=CARTESIAN_POINT('Ctrl Pts',(-49.7183520449058,0.,35.5496308161344));
#7377=CARTESIAN_POINT('',(-49.648774947013,0.2,35.3381711198415));
#7378=CARTESIAN_POINT('',(-49.648774947013,0.,35.3381711198415));
#7379=CARTESIAN_POINT('Ctrl Pts',(-49.648774947013,0.2,35.3381711198415));
#7380=CARTESIAN_POINT('Ctrl Pts',(-49.6497547082531,0.2,35.3825449942026));
#7381=CARTESIAN_POINT('Ctrl Pts',(-49.6514822604535,0.2,35.4607866934565));
#7382=CARTESIAN_POINT('Ctrl Pts',(-49.698150958801,0.2,35.5227913730762));
#7383=CARTESIAN_POINT('Ctrl Pts',(-49.7183520449058,0.2,35.5496308161344));
#7384=CARTESIAN_POINT('Ctrl Pts',(-49.6501392973319,0.,35.2740511252012));
#7385=CARTESIAN_POINT('Ctrl Pts',(-49.6501392973319,0.2,35.2740511252012));
#7386=CARTESIAN_POINT('Ctrl Pts',(-49.6497544377691,0.,35.2878065122361));
#7387=CARTESIAN_POINT('Ctrl Pts',(-49.6497544377691,0.2,35.2878065122361));
#7388=CARTESIAN_POINT('Ctrl Pts',(-49.6491565166033,0.,35.3091770012355));
#7389=CARTESIAN_POINT('Ctrl Pts',(-49.6491565166033,0.2,35.3091770012355));
#7390=CARTESIAN_POINT('Ctrl Pts',(-49.6488751930746,0.,35.3305537774927));
#7391=CARTESIAN_POINT('Ctrl Pts',(-49.6488751930746,0.2,35.3305537774927));
#7392=CARTESIAN_POINT('Ctrl Pts',(-49.648774947013,0.,35.3381711198415));
#7393=CARTESIAN_POINT('Ctrl Pts',(-49.648774947013,0.2,35.3381711198415));
#7394=CARTESIAN_POINT('',(-49.6501392973319,0.,35.2740511252012));
#7395=CARTESIAN_POINT('Ctrl Pts',(-49.6501392973319,0.,35.2740511252012));
#7396=CARTESIAN_POINT('Ctrl Pts',(-49.6497544377691,0.,35.2878065122361));
#7397=CARTESIAN_POINT('Ctrl Pts',(-49.6491565166033,0.,35.3091770012355));
#7398=CARTESIAN_POINT('Ctrl Pts',(-49.6488751930746,0.,35.3305537774927));
#7399=CARTESIAN_POINT('Ctrl Pts',(-49.648774947013,0.,35.3381711198415));
#7400=CARTESIAN_POINT('',(-49.6501392973319,0.2,35.2740511252012));
#7401=CARTESIAN_POINT('',(-49.6501392973319,0.,35.2740511252012));
#7402=CARTESIAN_POINT('Ctrl Pts',(-49.6501392973319,0.2,35.2740511252012));
#7403=CARTESIAN_POINT('Ctrl Pts',(-49.6497544377691,0.2,35.2878065122361));
#7404=CARTESIAN_POINT('Ctrl Pts',(-49.6491565166033,0.2,35.3091770012355));
#7405=CARTESIAN_POINT('Ctrl Pts',(-49.6488751930746,0.2,35.3305537774927));
#7406=CARTESIAN_POINT('Ctrl Pts',(-49.648774947013,0.2,35.3381711198415));
#7407=CARTESIAN_POINT('Ctrl Pts',(-50.088065649356,0.,35.1894670678701));
#7408=CARTESIAN_POINT('Ctrl Pts',(-50.088065649356,0.2,35.1894670678701));
#7409=CARTESIAN_POINT('Ctrl Pts',(-50.0015028371982,0.,35.199946425014));
#7410=CARTESIAN_POINT('Ctrl Pts',(-50.0015028371982,0.2,35.199946425014));
#7411=CARTESIAN_POINT('Ctrl Pts',(-49.8534534131225,0.,35.2178693962204));
#7412=CARTESIAN_POINT('Ctrl Pts',(-49.8534534131225,0.2,35.2178693962204));
#7413=CARTESIAN_POINT('Ctrl Pts',(-49.7098001383694,0.,35.2575650627903));
#7414=CARTESIAN_POINT('Ctrl Pts',(-49.7098001383694,0.2,35.2575650627903));
#7415=CARTESIAN_POINT('Ctrl Pts',(-49.6501392973319,0.,35.2740511252012));
#7416=CARTESIAN_POINT('Ctrl Pts',(-49.6501392973319,0.2,35.2740511252012));
#7417=CARTESIAN_POINT('',(-50.088065649356,0.,35.1894670678701));
#7418=CARTESIAN_POINT('Ctrl Pts',(-50.088065649356,0.,35.1894670678701));
#7419=CARTESIAN_POINT('Ctrl Pts',(-50.0015028371982,0.,35.199946425014));
#7420=CARTESIAN_POINT('Ctrl Pts',(-49.8534534131225,0.,35.2178693962204));
#7421=CARTESIAN_POINT('Ctrl Pts',(-49.7098001383694,0.,35.2575650627903));
#7422=CARTESIAN_POINT('Ctrl Pts',(-49.6501392973319,0.,35.2740511252012));
#7423=CARTESIAN_POINT('',(-50.088065649356,0.2,35.1894670678701));
#7424=CARTESIAN_POINT('',(-50.088065649356,0.,35.1894670678701));
#7425=CARTESIAN_POINT('Ctrl Pts',(-50.088065649356,0.2,35.1894670678701));
#7426=CARTESIAN_POINT('Ctrl Pts',(-50.0015028371982,0.2,35.199946425014));
#7427=CARTESIAN_POINT('Ctrl Pts',(-49.8534534131225,0.2,35.2178693962204));
#7428=CARTESIAN_POINT('Ctrl Pts',(-49.7098001383694,0.2,35.2575650627903));
#7429=CARTESIAN_POINT('Ctrl Pts',(-49.6501392973319,0.2,35.2740511252012));
#7430=CARTESIAN_POINT('Ctrl Pts',(-50.306346501197,0.,35.1526322914686));
#7431=CARTESIAN_POINT('Ctrl Pts',(-50.306346501197,0.2,35.1526322914686));
#7432=CARTESIAN_POINT('Ctrl Pts',(-50.2761753847158,0.,35.1592866804477));
#7433=CARTESIAN_POINT('Ctrl Pts',(-50.2761753847158,0.2,35.1592866804477));
#7434=CARTESIAN_POINT('Ctrl Pts',(-50.2040469422831,0.,35.1751949652044));
#7435=CARTESIAN_POINT('Ctrl Pts',(-50.2040469422831,0.2,35.1751949652044));
#7436=CARTESIAN_POINT('Ctrl Pts',(-50.130720092417,0.,35.1842182163083));
#7437=CARTESIAN_POINT('Ctrl Pts',(-50.130720092417,0.2,35.1842182163083));
#7438=CARTESIAN_POINT('Ctrl Pts',(-50.088065649356,0.,35.1894670678701));
#7439=CARTESIAN_POINT('Ctrl Pts',(-50.088065649356,0.2,35.1894670678701));
#7440=CARTESIAN_POINT('',(-50.306346501197,0.,35.1526322914686));
#7441=CARTESIAN_POINT('Ctrl Pts',(-50.306346501197,0.,35.1526322914686));
#7442=CARTESIAN_POINT('Ctrl Pts',(-50.2761753847158,0.,35.1592866804477));
#7443=CARTESIAN_POINT('Ctrl Pts',(-50.2040469422831,0.,35.1751949652044));
#7444=CARTESIAN_POINT('Ctrl Pts',(-50.130720092417,0.,35.1842182163083));
#7445=CARTESIAN_POINT('Ctrl Pts',(-50.088065649356,0.,35.1894670678701));
#7446=CARTESIAN_POINT('',(-50.306346501197,0.2,35.1526322914686));
#7447=CARTESIAN_POINT('',(-50.306346501197,0.,35.1526322914686));
#7448=CARTESIAN_POINT('Ctrl Pts',(-50.306346501197,0.2,35.1526322914686));
#7449=CARTESIAN_POINT('Ctrl Pts',(-50.2761753847158,0.2,35.1592866804477));
#7450=CARTESIAN_POINT('Ctrl Pts',(-50.2040469422831,0.2,35.1751949652044));
#7451=CARTESIAN_POINT('Ctrl Pts',(-50.130720092417,0.2,35.1842182163083));
#7452=CARTESIAN_POINT('Ctrl Pts',(-50.088065649356,0.2,35.1894670678701));
#7453=CARTESIAN_POINT('Ctrl Pts',(-50.4830176485435,0.,35.072140987071));
#7454=CARTESIAN_POINT('Ctrl Pts',(-50.4830176485435,0.2,35.072140987071));
#7455=CARTESIAN_POINT('Ctrl Pts',(-50.455751941849,0.,35.0888769169933));
#7456=CARTESIAN_POINT('Ctrl Pts',(-50.455751941849,0.2,35.0888769169933));
#7457=CARTESIAN_POINT('Ctrl Pts',(-50.4001891733156,0.,35.1229818316717));
#7458=CARTESIAN_POINT('Ctrl Pts',(-50.4001891733156,0.2,35.1229818316717));
#7459=CARTESIAN_POINT('Ctrl Pts',(-50.3380121018102,0.,35.142627252218));
#7460=CARTESIAN_POINT('Ctrl Pts',(-50.3380121018102,0.2,35.142627252218));
#7461=CARTESIAN_POINT('Ctrl Pts',(-50.306346501197,0.,35.1526322914686));
#7462=CARTESIAN_POINT('Ctrl Pts',(-50.306346501197,0.2,35.1526322914686));
#7463=CARTESIAN_POINT('',(-50.4830176485435,0.,35.072140987071));
#7464=CARTESIAN_POINT('Ctrl Pts',(-50.4830176485435,0.,35.072140987071));
#7465=CARTESIAN_POINT('Ctrl Pts',(-50.455751941849,0.,35.0888769169933));
#7466=CARTESIAN_POINT('Ctrl Pts',(-50.4001891733156,0.,35.1229818316717));
#7467=CARTESIAN_POINT('Ctrl Pts',(-50.3380121018102,0.,35.142627252218));
#7468=CARTESIAN_POINT('Ctrl Pts',(-50.306346501197,0.,35.1526322914686));
#7469=CARTESIAN_POINT('',(-50.4830176485435,0.2,35.072140987071));
#7470=CARTESIAN_POINT('',(-50.4830176485435,0.,35.072140987071));
#7471=CARTESIAN_POINT('Ctrl Pts',(-50.4830176485435,0.2,35.072140987071));
#7472=CARTESIAN_POINT('Ctrl Pts',(-50.455751941849,0.2,35.0888769169933));
#7473=CARTESIAN_POINT('Ctrl Pts',(-50.4001891733156,0.2,35.1229818316717));
#7474=CARTESIAN_POINT('Ctrl Pts',(-50.3380121018102,0.2,35.142627252218));
#7475=CARTESIAN_POINT('Ctrl Pts',(-50.306346501197,0.2,35.1526322914686));
#7476=CARTESIAN_POINT('Ctrl Pts',(-50.6098935855285,0.,34.9309405638303));
#7477=CARTESIAN_POINT('Ctrl Pts',(-50.6098935855285,0.2,34.9309405638303));
#7478=CARTESIAN_POINT('Ctrl Pts',(-50.5927022538793,0.,34.9586838037184));
#7479=CARTESIAN_POINT('Ctrl Pts',(-50.5927022538793,0.2,34.9586838037184));
#7480=CARTESIAN_POINT('Ctrl Pts',(-50.5588311033554,0.,35.0133448080806));
#7481=CARTESIAN_POINT('Ctrl Pts',(-50.5588311033554,0.2,35.0133448080806));
#7482=CARTESIAN_POINT('Ctrl Pts',(-50.5080330876057,0.,35.0527405754122));
#7483=CARTESIAN_POINT('Ctrl Pts',(-50.5080330876057,0.2,35.0527405754122));
#7484=CARTESIAN_POINT('Ctrl Pts',(-50.4830176485435,0.,35.072140987071));
#7485=CARTESIAN_POINT('Ctrl Pts',(-50.4830176485435,0.2,35.072140987071));
#7486=CARTESIAN_POINT('',(-50.6098935855285,0.,34.9309405638303));
#7487=CARTESIAN_POINT('Ctrl Pts',(-50.6098935855285,0.,34.9309405638303));
#7488=CARTESIAN_POINT('Ctrl Pts',(-50.5927022538793,0.,34.9586838037184));
#7489=CARTESIAN_POINT('Ctrl Pts',(-50.5588311033554,0.,35.0133448080806));
#7490=CARTESIAN_POINT('Ctrl Pts',(-50.5080330876057,0.,35.0527405754122));
#7491=CARTESIAN_POINT('Ctrl Pts',(-50.4830176485435,0.,35.072140987071));
#7492=CARTESIAN_POINT('',(-50.6098935855285,0.2,34.9309405638303));
#7493=CARTESIAN_POINT('',(-50.6098935855285,0.,34.9309405638303));
#7494=CARTESIAN_POINT('Ctrl Pts',(-50.6098935855285,0.2,34.9309405638303));
#7495=CARTESIAN_POINT('Ctrl Pts',(-50.5927022538793,0.2,34.9586838037184));
#7496=CARTESIAN_POINT('Ctrl Pts',(-50.5588311033554,0.2,35.0133448080806));
#7497=CARTESIAN_POINT('Ctrl Pts',(-50.5080330876057,0.2,35.0527405754122));
#7498=CARTESIAN_POINT('Ctrl Pts',(-50.4830176485435,0.2,35.072140987071));
#7499=CARTESIAN_POINT('Ctrl Pts',(-50.6583247435943,0.,34.7365340544309));
#7500=CARTESIAN_POINT('Ctrl Pts',(-50.6583247435943,0.2,34.7365340544309));
#7501=CARTESIAN_POINT('Ctrl Pts',(-50.6564317415171,0.,34.7710081872408));
#7502=CARTESIAN_POINT('Ctrl Pts',(-50.6564317415171,0.2,34.7710081872408));
#7503=CARTESIAN_POINT('Ctrl Pts',(-50.6527021751282,0.,34.8389286446803));
#7504=CARTESIAN_POINT('Ctrl Pts',(-50.6527021751282,0.2,34.8389286446803));
#7505=CARTESIAN_POINT('Ctrl Pts',(-50.6240184295401,0.,34.9005809089723));
#7506=CARTESIAN_POINT('Ctrl Pts',(-50.6240184295401,0.2,34.9005809089723));
#7507=CARTESIAN_POINT('Ctrl Pts',(-50.6098935855285,0.,34.9309405638303));
#7508=CARTESIAN_POINT('Ctrl Pts',(-50.6098935855285,0.2,34.9309405638303));
#7509=CARTESIAN_POINT('',(-50.6583247435943,0.,34.7365340544309));
#7510=CARTESIAN_POINT('Ctrl Pts',(-50.6583247435943,0.,34.7365340544309));
#7511=CARTESIAN_POINT('Ctrl Pts',(-50.6564317415171,0.,34.7710081872408));
#7512=CARTESIAN_POINT('Ctrl Pts',(-50.6527021751282,0.,34.8389286446803));
#7513=CARTESIAN_POINT('Ctrl Pts',(-50.6240184295401,0.,34.9005809089723));
#7514=CARTESIAN_POINT('Ctrl Pts',(-50.6098935855285,0.,34.9309405638303));
#7515=CARTESIAN_POINT('',(-50.6583247435943,0.2,34.7365340544309));
#7516=CARTESIAN_POINT('',(-50.6583247435943,0.,34.7365340544309));
#7517=CARTESIAN_POINT('Ctrl Pts',(-50.6583247435943,0.2,34.7365340544309));
#7518=CARTESIAN_POINT('Ctrl Pts',(-50.6564317415171,0.2,34.7710081872408));
#7519=CARTESIAN_POINT('Ctrl Pts',(-50.6527021751282,0.2,34.8389286446803));
#7520=CARTESIAN_POINT('Ctrl Pts',(-50.6240184295401,0.2,34.9005809089723));
#7521=CARTESIAN_POINT('Ctrl Pts',(-50.6098935855285,0.2,34.9309405638303));
#7522=CARTESIAN_POINT('Ctrl Pts',(-50.5300847543136,0.,34.4384439243402));
#7523=CARTESIAN_POINT('Ctrl Pts',(-50.5300847543136,0.2,34.4384439243402));
#7524=CARTESIAN_POINT('Ctrl Pts',(-50.5674862278215,0.,34.4804092443868));
#7525=CARTESIAN_POINT('Ctrl Pts',(-50.5674862278215,0.2,34.4804092443868));
#7526=CARTESIAN_POINT('Ctrl Pts',(-50.643274410453,0.,34.5654453416732));
#7527=CARTESIAN_POINT('Ctrl Pts',(-50.643274410453,0.2,34.5654453416732));
#7528=CARTESIAN_POINT('Ctrl Pts',(-50.653264675206,0.,34.6790123651173));
#7529=CARTESIAN_POINT('Ctrl Pts',(-50.653264675206,0.2,34.6790123651173));
#7530=CARTESIAN_POINT('Ctrl Pts',(-50.6583247435943,0.,34.7365340544309));
#7531=CARTESIAN_POINT('Ctrl Pts',(-50.6583247435943,0.2,34.7365340544309));
#7532=CARTESIAN_POINT('',(-50.5300847543136,0.,34.4384439243402));
#7533=CARTESIAN_POINT('Ctrl Pts',(-50.5300847543136,0.,34.4384439243402));
#7534=CARTESIAN_POINT('Ctrl Pts',(-50.5674862278215,0.,34.4804092443868));
#7535=CARTESIAN_POINT('Ctrl Pts',(-50.643274410453,0.,34.5654453416732));
#7536=CARTESIAN_POINT('Ctrl Pts',(-50.653264675206,0.,34.6790123651173));
#7537=CARTESIAN_POINT('Ctrl Pts',(-50.6583247435943,0.,34.7365340544309));
#7538=CARTESIAN_POINT('',(-50.5300847543136,0.2,34.4384439243402));
#7539=CARTESIAN_POINT('',(-50.5300847543136,0.,34.4384439243402));
#7540=CARTESIAN_POINT('Ctrl Pts',(-50.5300847543136,0.2,34.4384439243402));
#7541=CARTESIAN_POINT('Ctrl Pts',(-50.5674862278215,0.2,34.4804092443868));
#7542=CARTESIAN_POINT('Ctrl Pts',(-50.643274410453,0.2,34.5654453416732));
#7543=CARTESIAN_POINT('Ctrl Pts',(-50.653264675206,0.2,34.6790123651173));
#7544=CARTESIAN_POINT('Ctrl Pts',(-50.6583247435943,0.2,34.7365340544309));
#7545=CARTESIAN_POINT('Ctrl Pts',(-50.163099552478,0.,34.3218001677122));
#7546=CARTESIAN_POINT('Ctrl Pts',(-50.163099552478,0.2,34.3218001677122));
#7547=CARTESIAN_POINT('Ctrl Pts',(-50.2357629031833,0.,34.3247083916614));
#7548=CARTESIAN_POINT('Ctrl Pts',(-50.2357629031833,0.2,34.3247083916614));
#7549=CARTESIAN_POINT('Ctrl Pts',(-50.3693664348323,0.,34.3300556401254));
#7550=CARTESIAN_POINT('Ctrl Pts',(-50.3693664348323,0.2,34.3300556401254));
#7551=CARTESIAN_POINT('Ctrl Pts',(-50.4797402670021,0.,34.4044916492232));
#7552=CARTESIAN_POINT('Ctrl Pts',(-50.4797402670021,0.2,34.4044916492232));
#7553=CARTESIAN_POINT('Ctrl Pts',(-50.5300847543136,0.,34.4384439243402));
#7554=CARTESIAN_POINT('Ctrl Pts',(-50.5300847543136,0.2,34.4384439243402));
#7555=CARTESIAN_POINT('',(-50.163099552478,0.,34.3218001677122));
#7556=CARTESIAN_POINT('Ctrl Pts',(-50.163099552478,0.,34.3218001677122));
#7557=CARTESIAN_POINT('Ctrl Pts',(-50.2357629031833,0.,34.3247083916614));
#7558=CARTESIAN_POINT('Ctrl Pts',(-50.3693664348323,0.,34.3300556401254));
#7559=CARTESIAN_POINT('Ctrl Pts',(-50.4797402670021,0.,34.4044916492232));
#7560=CARTESIAN_POINT('Ctrl Pts',(-50.5300847543136,0.,34.4384439243402));
#7561=CARTESIAN_POINT('',(-50.163099552478,0.2,34.3218001677122));
#7562=CARTESIAN_POINT('',(-50.163099552478,0.,34.3218001677122));
#7563=CARTESIAN_POINT('Ctrl Pts',(-50.163099552478,0.2,34.3218001677122));
#7564=CARTESIAN_POINT('Ctrl Pts',(-50.2357629031833,0.2,34.3247083916614));
#7565=CARTESIAN_POINT('Ctrl Pts',(-50.3693664348323,0.2,34.3300556401254));
#7566=CARTESIAN_POINT('Ctrl Pts',(-50.4797402670021,0.2,34.4044916492232));
#7567=CARTESIAN_POINT('Ctrl Pts',(-50.5300847543136,0.2,34.4384439243402));
#7568=CARTESIAN_POINT('Ctrl Pts',(-49.8922947896377,0.,34.3695491506185));
#7569=CARTESIAN_POINT('Ctrl Pts',(-49.8922947896377,0.2,34.3695491506185));
#7570=CARTESIAN_POINT('Ctrl Pts',(-49.9355401895397,0.,34.3556236334146));
#7571=CARTESIAN_POINT('Ctrl Pts',(-49.9355401895397,0.2,34.3556236334146));
#7572=CARTESIAN_POINT('Ctrl Pts',(-50.0235945053059,0.,34.3272691288464));
#7573=CARTESIAN_POINT('Ctrl Pts',(-50.0235945053059,0.2,34.3272691288464));
#7574=CARTESIAN_POINT('Ctrl Pts',(-50.1160506447805,0.,34.323644607414));
#7575=CARTESIAN_POINT('Ctrl Pts',(-50.1160506447805,0.2,34.323644607414));
#7576=CARTESIAN_POINT('Ctrl Pts',(-50.163099552478,0.,34.3218001677122));
#7577=CARTESIAN_POINT('Ctrl Pts',(-50.163099552478,0.2,34.3218001677122));
#7578=CARTESIAN_POINT('',(-49.8922947896377,0.,34.3695491506185));
#7579=CARTESIAN_POINT('Ctrl Pts',(-49.8922947896377,0.,34.3695491506185));
#7580=CARTESIAN_POINT('Ctrl Pts',(-49.9355401895397,0.,34.3556236334146));
#7581=CARTESIAN_POINT('Ctrl Pts',(-50.0235945053059,0.,34.3272691288464));
#7582=CARTESIAN_POINT('Ctrl Pts',(-50.1160506447805,0.,34.323644607414));
#7583=CARTESIAN_POINT('Ctrl Pts',(-50.163099552478,0.,34.3218001677122));
#7584=CARTESIAN_POINT('',(-49.8922947896377,0.2,34.3695491506185));
#7585=CARTESIAN_POINT('',(-49.8922947896377,0.,34.3695491506185));
#7586=CARTESIAN_POINT('Ctrl Pts',(-49.8922947896377,0.2,34.3695491506185));
#7587=CARTESIAN_POINT('Ctrl Pts',(-49.9355401895397,0.2,34.3556236334146));
#7588=CARTESIAN_POINT('Ctrl Pts',(-50.0235945053059,0.2,34.3272691288464));
#7589=CARTESIAN_POINT('Ctrl Pts',(-50.1160506447805,0.2,34.323644607414));
#7590=CARTESIAN_POINT('Ctrl Pts',(-50.163099552478,0.2,34.3218001677122));
#7591=CARTESIAN_POINT('Ctrl Pts',(-49.6296752346412,0.,34.533259864005));
#7592=CARTESIAN_POINT('Ctrl Pts',(-49.6296752346412,0.2,34.533259864005));
#7593=CARTESIAN_POINT('Ctrl Pts',(-49.6729753746613,0.,34.4981396606362));
#7594=CARTESIAN_POINT('Ctrl Pts',(-49.6729753746613,0.2,34.4981396606362));
#7595=CARTESIAN_POINT('Ctrl Pts',(-49.7537733558502,0.,34.4326054261088));
#7596=CARTESIAN_POINT('Ctrl Pts',(-49.7537733558502,0.2,34.4326054261088));
#7597=CARTESIAN_POINT('Ctrl Pts',(-49.8483857603997,0.,34.3895369587753));
#7598=CARTESIAN_POINT('Ctrl Pts',(-49.8483857603997,0.2,34.3895369587753));
#7599=CARTESIAN_POINT('Ctrl Pts',(-49.8922947896377,0.,34.3695491506185));
#7600=CARTESIAN_POINT('Ctrl Pts',(-49.8922947896377,0.2,34.3695491506185));
#7601=CARTESIAN_POINT('',(-49.6296752346412,0.,34.533259864005));
#7602=CARTESIAN_POINT('Ctrl Pts',(-49.6296752346412,0.,34.533259864005));
#7603=CARTESIAN_POINT('Ctrl Pts',(-49.6729753746613,0.,34.4981396606362));
#7604=CARTESIAN_POINT('Ctrl Pts',(-49.7537733558502,0.,34.4326054261088));
#7605=CARTESIAN_POINT('Ctrl Pts',(-49.8483857603997,0.,34.3895369587753));
#7606=CARTESIAN_POINT('Ctrl Pts',(-49.8922947896377,0.,34.3695491506185));
#7607=CARTESIAN_POINT('',(-49.6296752346412,0.2,34.533259864005));
#7608=CARTESIAN_POINT('',(-49.6296752346412,0.,34.533259864005));
#7609=CARTESIAN_POINT('Ctrl Pts',(-49.6296752346412,0.2,34.533259864005));
#7610=CARTESIAN_POINT('Ctrl Pts',(-49.6729753746613,0.2,34.4981396606362));
#7611=CARTESIAN_POINT('Ctrl Pts',(-49.7537733558502,0.2,34.4326054261088));
#7612=CARTESIAN_POINT('Ctrl Pts',(-49.8483857603997,0.2,34.3895369587753));
#7613=CARTESIAN_POINT('Ctrl Pts',(-49.8922947896377,0.2,34.3695491506185));
#7614=CARTESIAN_POINT('Ctrl Pts',(-49.5805621994392,0.,34.3545421911802));
#7615=CARTESIAN_POINT('Ctrl Pts',(-49.5805621994392,0.2,34.3545421911802));
#7616=CARTESIAN_POINT('Ctrl Pts',(-49.59223200857,0.,34.3818301101426));
#7617=CARTESIAN_POINT('Ctrl Pts',(-49.59223200857,0.2,34.3818301101426));
#7618=CARTESIAN_POINT('Ctrl Pts',(-49.6167366371576,0.,34.4391301320711));
#7619=CARTESIAN_POINT('Ctrl Pts',(-49.6167366371576,0.2,34.4391301320711));
#7620=CARTESIAN_POINT('Ctrl Pts',(-49.6252278051418,0.,34.5009043210563));
#7621=CARTESIAN_POINT('Ctrl Pts',(-49.6252278051418,0.2,34.5009043210563));
#7622=CARTESIAN_POINT('Ctrl Pts',(-49.6296752346412,0.,34.533259864005));
#7623=CARTESIAN_POINT('Ctrl Pts',(-49.6296752346412,0.2,34.533259864005));
#7624=CARTESIAN_POINT('Ctrl Pts',(-49.5805621994392,0.,34.3545421911802));
#7625=CARTESIAN_POINT('Ctrl Pts',(-49.59223200857,0.,34.3818301101426));
#7626=CARTESIAN_POINT('Ctrl Pts',(-49.6167366371576,0.,34.4391301320711));
#7627=CARTESIAN_POINT('Ctrl Pts',(-49.6252278051418,0.,34.5009043210563));
#7628=CARTESIAN_POINT('Ctrl Pts',(-49.6296752346412,0.,34.533259864005));
#7629=CARTESIAN_POINT('Ctrl Pts',(-49.5805621994392,0.2,34.3545421911802));
#7630=CARTESIAN_POINT('Ctrl Pts',(-49.59223200857,0.2,34.3818301101426));
#7631=CARTESIAN_POINT('Ctrl Pts',(-49.6167366371576,0.2,34.4391301320711));
#7632=CARTESIAN_POINT('Ctrl Pts',(-49.6252278051418,0.2,34.5009043210563));
#7633=CARTESIAN_POINT('Ctrl Pts',(-49.6296752346412,0.2,34.533259864005));
#7634=CARTESIAN_POINT('Origin',(-44.386838144596,0.2,35.0769159896697));
#7635=CARTESIAN_POINT('Ctrl Pts',(-47.7238089693443,0.,34.3218001677122));
#7636=CARTESIAN_POINT('Ctrl Pts',(-47.7238089693443,0.2,34.3218001677122));
#7637=CARTESIAN_POINT('Ctrl Pts',(-47.8088995303952,0.,34.3242013432718));
#7638=CARTESIAN_POINT('Ctrl Pts',(-47.8088995303952,0.2,34.3242013432718));
#7639=CARTESIAN_POINT('Ctrl Pts',(-47.9625337113034,0.,34.3285367552819));
#7640=CARTESIAN_POINT('Ctrl Pts',(-47.9625337113034,0.2,34.3285367552819));
#7641=CARTESIAN_POINT('Ctrl Pts',(-48.0950915457455,0.,34.4050084066239));
#7642=CARTESIAN_POINT('Ctrl Pts',(-48.0950915457455,0.2,34.4050084066239));
#7643=CARTESIAN_POINT('Ctrl Pts',(-48.1542319906608,0.,34.4391260994996));
#7644=CARTESIAN_POINT('Ctrl Pts',(-48.1542319906608,0.2,34.4391260994996));
#7645=CARTESIAN_POINT('',(-47.7238089693443,0.,34.3218001677122));
#7646=CARTESIAN_POINT('',(-48.1542319906608,0.,34.4391260994996));
#7647=CARTESIAN_POINT('Ctrl Pts',(-47.7238089693443,0.,34.3218001677122));
#7648=CARTESIAN_POINT('Ctrl Pts',(-47.8088995303952,0.,34.3242013432718));
#7649=CARTESIAN_POINT('Ctrl Pts',(-47.9625337113034,0.,34.3285367552819));
#7650=CARTESIAN_POINT('Ctrl Pts',(-48.0950915457455,0.,34.4050084066239));
#7651=CARTESIAN_POINT('Ctrl Pts',(-48.1542319906608,0.,34.4391260994996));
#7652=CARTESIAN_POINT('',(-47.7238089693443,0.2,34.3218001677122));
#7653=CARTESIAN_POINT('',(-47.7238089693443,0.,34.3218001677122));
#7654=CARTESIAN_POINT('',(-48.1542319906608,0.2,34.4391260994996));
#7655=CARTESIAN_POINT('Ctrl Pts',(-47.7238089693443,0.2,34.3218001677122));
#7656=CARTESIAN_POINT('Ctrl Pts',(-47.8088995303952,0.2,34.3242013432718));
#7657=CARTESIAN_POINT('Ctrl Pts',(-47.9625337113034,0.2,34.3285367552819));
#7658=CARTESIAN_POINT('Ctrl Pts',(-48.0950915457455,0.2,34.4050084066239));
#7659=CARTESIAN_POINT('Ctrl Pts',(-48.1542319906608,0.2,34.4391260994996));
#7660=CARTESIAN_POINT('',(-48.1542319906608,0.,34.4391260994996));
#7661=CARTESIAN_POINT('Ctrl Pts',(-47.4182153595344,0.,34.3811452342595));
#7662=CARTESIAN_POINT('Ctrl Pts',(-47.4182153595344,0.2,34.3811452342595));
#7663=CARTESIAN_POINT('Ctrl Pts',(-47.465702829874,0.,34.3638428699996));
#7664=CARTESIAN_POINT('Ctrl Pts',(-47.465702829874,0.2,34.3638428699996));
#7665=CARTESIAN_POINT('Ctrl Pts',(-47.5643625021101,0.,34.3278955859143));
#7666=CARTESIAN_POINT('Ctrl Pts',(-47.5643625021101,0.2,34.3278955859143));
#7667=CARTESIAN_POINT('Ctrl Pts',(-47.6693530876421,0.,34.3238819408508));
#7668=CARTESIAN_POINT('Ctrl Pts',(-47.6693530876421,0.2,34.3238819408508));
#7669=CARTESIAN_POINT('Ctrl Pts',(-47.7238089693443,0.,34.3218001677122));
#7670=CARTESIAN_POINT('Ctrl Pts',(-47.7238089693443,0.2,34.3218001677122));
#7671=CARTESIAN_POINT('',(-47.4182153595344,0.,34.3811452342595));
#7672=CARTESIAN_POINT('Ctrl Pts',(-47.4182153595344,0.,34.3811452342595));
#7673=CARTESIAN_POINT('Ctrl Pts',(-47.465702829874,0.,34.3638428699996));
#7674=CARTESIAN_POINT('Ctrl Pts',(-47.5643625021101,0.,34.3278955859143));
#7675=CARTESIAN_POINT('Ctrl Pts',(-47.6693530876421,0.,34.3238819408508));
#7676=CARTESIAN_POINT('Ctrl Pts',(-47.7238089693443,0.,34.3218001677122));
#7677=CARTESIAN_POINT('',(-47.4182153595344,0.2,34.3811452342595));
#7678=CARTESIAN_POINT('',(-47.4182153595344,0.,34.3811452342595));
#7679=CARTESIAN_POINT('Ctrl Pts',(-47.4182153595344,0.2,34.3811452342595));
#7680=CARTESIAN_POINT('Ctrl Pts',(-47.465702829874,0.2,34.3638428699996));
#7681=CARTESIAN_POINT('Ctrl Pts',(-47.5643625021101,0.2,34.3278955859143));
#7682=CARTESIAN_POINT('Ctrl Pts',(-47.6693530876421,0.2,34.3238819408508));
#7683=CARTESIAN_POINT('Ctrl Pts',(-47.7238089693443,0.2,34.3218001677122));
#7684=CARTESIAN_POINT('Ctrl Pts',(-47.2115308893577,0.,34.5489487005796));
#7685=CARTESIAN_POINT('Ctrl Pts',(-47.2115308893577,0.2,34.5489487005796));
#7686=CARTESIAN_POINT('Ctrl Pts',(-47.2387622129251,0.,34.5145357365986));
#7687=CARTESIAN_POINT('Ctrl Pts',(-47.2387622129251,0.2,34.5145357365986));
#7688=CARTESIAN_POINT('Ctrl Pts',(-47.2951202506449,0.,34.4433145520206));
#7689=CARTESIAN_POINT('Ctrl Pts',(-47.2951202506449,0.2,34.4433145520206));
#7690=CARTESIAN_POINT('Ctrl Pts',(-47.3762738907734,0.,34.4023278183792));
#7691=CARTESIAN_POINT('Ctrl Pts',(-47.3762738907734,0.2,34.4023278183792));
#7692=CARTESIAN_POINT('Ctrl Pts',(-47.4182153595344,0.,34.3811452342595));
#7693=CARTESIAN_POINT('Ctrl Pts',(-47.4182153595344,0.2,34.3811452342595));
#7694=CARTESIAN_POINT('',(-47.2115308893577,0.,34.5489487005796));
#7695=CARTESIAN_POINT('Ctrl Pts',(-47.2115308893577,0.,34.5489487005796));
#7696=CARTESIAN_POINT('Ctrl Pts',(-47.2387622129251,0.,34.5145357365986));
#7697=CARTESIAN_POINT('Ctrl Pts',(-47.2951202506449,0.,34.4433145520206));
#7698=CARTESIAN_POINT('Ctrl Pts',(-47.3762738907734,0.,34.4023278183792));
#7699=CARTESIAN_POINT('Ctrl Pts',(-47.4182153595344,0.,34.3811452342595));
#7700=CARTESIAN_POINT('',(-47.2115308893577,0.2,34.5489487005796));
#7701=CARTESIAN_POINT('',(-47.2115308893577,0.,34.5489487005796));
#7702=CARTESIAN_POINT('Ctrl Pts',(-47.2115308893577,0.2,34.5489487005796));
#7703=CARTESIAN_POINT('Ctrl Pts',(-47.2387622129251,0.2,34.5145357365986));
#7704=CARTESIAN_POINT('Ctrl Pts',(-47.2951202506449,0.2,34.4433145520206));
#7705=CARTESIAN_POINT('Ctrl Pts',(-47.3762738907734,0.2,34.4023278183792));
#7706=CARTESIAN_POINT('Ctrl Pts',(-47.4182153595344,0.2,34.3811452342595));
#7707=CARTESIAN_POINT('Ctrl Pts',(-47.1399069679633,0.,34.7801902844037));
#7708=CARTESIAN_POINT('Ctrl Pts',(-47.1399069679633,0.2,34.7801902844037));
#7709=CARTESIAN_POINT('Ctrl Pts',(-47.1430682056201,0.,34.7395937419142));
#7710=CARTESIAN_POINT('Ctrl Pts',(-47.1430682056201,0.2,34.7395937419142));
#7711=CARTESIAN_POINT('Ctrl Pts',(-47.1494880424606,0.,34.6571503424091));
#7712=CARTESIAN_POINT('Ctrl Pts',(-47.1494880424606,0.2,34.6571503424091));
#7713=CARTESIAN_POINT('Ctrl Pts',(-47.1906418976087,0.,34.5853787375048));
#7714=CARTESIAN_POINT('Ctrl Pts',(-47.1906418976087,0.2,34.5853787375048));
#7715=CARTESIAN_POINT('Ctrl Pts',(-47.2115308893577,0.,34.5489487005796));
#7716=CARTESIAN_POINT('Ctrl Pts',(-47.2115308893577,0.2,34.5489487005796));
#7717=CARTESIAN_POINT('',(-47.1399069679633,0.,34.7801902844037));
#7718=CARTESIAN_POINT('Ctrl Pts',(-47.1399069679633,0.,34.7801902844037));
#7719=CARTESIAN_POINT('Ctrl Pts',(-47.1430682056201,0.,34.7395937419142));
#7720=CARTESIAN_POINT('Ctrl Pts',(-47.1494880424606,0.,34.6571503424091));
#7721=CARTESIAN_POINT('Ctrl Pts',(-47.1906418976087,0.,34.5853787375048));
#7722=CARTESIAN_POINT('Ctrl Pts',(-47.2115308893577,0.,34.5489487005796));
#7723=CARTESIAN_POINT('',(-47.1399069679633,0.2,34.7801902844037));
#7724=CARTESIAN_POINT('',(-47.1399069679633,0.,34.7801902844037));
#7725=CARTESIAN_POINT('Ctrl Pts',(-47.1399069679633,0.2,34.7801902844037));
#7726=CARTESIAN_POINT('Ctrl Pts',(-47.1430682056201,0.2,34.7395937419142));
#7727=CARTESIAN_POINT('Ctrl Pts',(-47.1494880424606,0.2,34.6571503424091));
#7728=CARTESIAN_POINT('Ctrl Pts',(-47.1906418976087,0.2,34.5853787375048));
#7729=CARTESIAN_POINT('Ctrl Pts',(-47.2115308893577,0.2,34.5489487005796));
#7730=CARTESIAN_POINT('Ctrl Pts',(-47.1985704553977,0.,34.9902856303777));
#7731=CARTESIAN_POINT('Ctrl Pts',(-47.1985704553977,0.2,34.9902856303777));
#7732=CARTESIAN_POINT('Ctrl Pts',(-47.1814732041757,0.,34.9593808758031));
#7733=CARTESIAN_POINT('Ctrl Pts',(-47.1814732041757,0.2,34.9593808758031));
#7734=CARTESIAN_POINT('Ctrl Pts',(-47.1453678559362,0.,34.894117348252));
#7735=CARTESIAN_POINT('Ctrl Pts',(-47.1453678559362,0.2,34.894117348252));
#7736=CARTESIAN_POINT('Ctrl Pts',(-47.1417903756855,0.,34.819482632622));
#7737=CARTESIAN_POINT('Ctrl Pts',(-47.1417903756855,0.2,34.819482632622));
#7738=CARTESIAN_POINT('Ctrl Pts',(-47.1399069679633,0.,34.7801902844037));
#7739=CARTESIAN_POINT('Ctrl Pts',(-47.1399069679633,0.2,34.7801902844037));
#7740=CARTESIAN_POINT('',(-47.1985704553977,0.,34.9902856303777));
#7741=CARTESIAN_POINT('Ctrl Pts',(-47.1985704553977,0.,34.9902856303777));
#7742=CARTESIAN_POINT('Ctrl Pts',(-47.1814732041757,0.,34.9593808758031));
#7743=CARTESIAN_POINT('Ctrl Pts',(-47.1453678559362,0.,34.894117348252));
#7744=CARTESIAN_POINT('Ctrl Pts',(-47.1417903756855,0.,34.819482632622));
#7745=CARTESIAN_POINT('Ctrl Pts',(-47.1399069679633,0.,34.7801902844037));
#7746=CARTESIAN_POINT('',(-47.1985704553977,0.2,34.9902856303777));
#7747=CARTESIAN_POINT('',(-47.1985704553977,0.,34.9902856303777));
#7748=CARTESIAN_POINT('Ctrl Pts',(-47.1985704553977,0.2,34.9902856303777));
#7749=CARTESIAN_POINT('Ctrl Pts',(-47.1814732041757,0.2,34.9593808758031));
#7750=CARTESIAN_POINT('Ctrl Pts',(-47.1453678559362,0.2,34.894117348252));
#7751=CARTESIAN_POINT('Ctrl Pts',(-47.1417903756855,0.2,34.819482632622));
#7752=CARTESIAN_POINT('Ctrl Pts',(-47.1399069679633,0.2,34.7801902844037));
#7753=CARTESIAN_POINT('Ctrl Pts',(-47.3602349413291,0.,35.1192079438295));
#7754=CARTESIAN_POINT('Ctrl Pts',(-47.3602349413291,0.2,35.1192079438295));
#7755=CARTESIAN_POINT('Ctrl Pts',(-47.3279825542705,0.,35.1030844316136));
#7756=CARTESIAN_POINT('Ctrl Pts',(-47.3279825542705,0.2,35.1030844316136));
#7757=CARTESIAN_POINT('Ctrl Pts',(-47.2649085855865,0.,35.071552690948));
#7758=CARTESIAN_POINT('Ctrl Pts',(-47.2649085855865,0.2,35.071552690948));
#7759=CARTESIAN_POINT('Ctrl Pts',(-47.2203462060882,0.,35.0169618608547));
#7760=CARTESIAN_POINT('Ctrl Pts',(-47.2203462060882,0.2,35.0169618608547));
#7761=CARTESIAN_POINT('Ctrl Pts',(-47.1985704553977,0.,34.9902856303777));
#7762=CARTESIAN_POINT('Ctrl Pts',(-47.1985704553977,0.2,34.9902856303777));
#7763=CARTESIAN_POINT('',(-47.3602349413291,0.,35.1192079438295));
#7764=CARTESIAN_POINT('Ctrl Pts',(-47.3602349413291,0.,35.1192079438295));
#7765=CARTESIAN_POINT('Ctrl Pts',(-47.3279825542705,0.,35.1030844316136));
#7766=CARTESIAN_POINT('Ctrl Pts',(-47.2649085855865,0.,35.071552690948));
#7767=CARTESIAN_POINT('Ctrl Pts',(-47.2203462060882,0.,35.0169618608547));
#7768=CARTESIAN_POINT('Ctrl Pts',(-47.1985704553977,0.,34.9902856303777));
#7769=CARTESIAN_POINT('',(-47.3602349413291,0.2,35.1192079438295));
#7770=CARTESIAN_POINT('',(-47.3602349413291,0.,35.1192079438295));
#7771=CARTESIAN_POINT('Ctrl Pts',(-47.3602349413291,0.2,35.1192079438295));
#7772=CARTESIAN_POINT('Ctrl Pts',(-47.3279825542705,0.2,35.1030844316136));
#7773=CARTESIAN_POINT('Ctrl Pts',(-47.2649085855865,0.2,35.071552690948));
#7774=CARTESIAN_POINT('Ctrl Pts',(-47.2203462060882,0.2,35.0169618608547));
#7775=CARTESIAN_POINT('Ctrl Pts',(-47.1985704553977,0.2,34.9902856303777));
#7776=CARTESIAN_POINT('Ctrl Pts',(-47.7238089693443,0.,35.2331232978429));
#7777=CARTESIAN_POINT('Ctrl Pts',(-47.7238089693443,0.2,35.2331232978429));
#7778=CARTESIAN_POINT('Ctrl Pts',(-47.6496366116768,0.,35.2134250179322));
#7779=CARTESIAN_POINT('Ctrl Pts',(-47.6496366116768,0.2,35.2134250179322));
#7780=CARTESIAN_POINT('Ctrl Pts',(-47.5267361084367,0.,35.1807857896521));
#7781=CARTESIAN_POINT('Ctrl Pts',(-47.5267361084367,0.2,35.1807857896521));
#7782=CARTESIAN_POINT('Ctrl Pts',(-47.4075073120257,0.,35.1366908888742));
#7783=CARTESIAN_POINT('Ctrl Pts',(-47.4075073120257,0.2,35.1366908888742));
#7784=CARTESIAN_POINT('Ctrl Pts',(-47.3602349413291,0.,35.1192079438295));
#7785=CARTESIAN_POINT('Ctrl Pts',(-47.3602349413291,0.2,35.1192079438295));
#7786=CARTESIAN_POINT('',(-47.7238089693443,0.,35.2331232978429));
#7787=CARTESIAN_POINT('Ctrl Pts',(-47.7238089693443,0.,35.2331232978429));
#7788=CARTESIAN_POINT('Ctrl Pts',(-47.6496366116768,0.,35.2134250179322));
#7789=CARTESIAN_POINT('Ctrl Pts',(-47.5267361084367,0.,35.1807857896521));
#7790=CARTESIAN_POINT('Ctrl Pts',(-47.4075073120257,0.,35.1366908888742));
#7791=CARTESIAN_POINT('Ctrl Pts',(-47.3602349413291,0.,35.1192079438295));
#7792=CARTESIAN_POINT('',(-47.7238089693443,0.2,35.2331232978429));
#7793=CARTESIAN_POINT('',(-47.7238089693443,0.,35.2331232978429));
#7794=CARTESIAN_POINT('Ctrl Pts',(-47.7238089693443,0.2,35.2331232978429));
#7795=CARTESIAN_POINT('Ctrl Pts',(-47.6496366116768,0.2,35.2134250179322));
#7796=CARTESIAN_POINT('Ctrl Pts',(-47.5267361084367,0.2,35.1807857896521));
#7797=CARTESIAN_POINT('Ctrl Pts',(-47.4075073120257,0.2,35.1366908888742));
#7798=CARTESIAN_POINT('Ctrl Pts',(-47.3602349413291,0.2,35.1192079438295));
#7799=CARTESIAN_POINT('Ctrl Pts',(-47.9407257688895,0.,35.2958792401876));
#7800=CARTESIAN_POINT('Ctrl Pts',(-47.9407257688895,0.2,35.2958792401876));
#7801=CARTESIAN_POINT('Ctrl Pts',(-47.9165444613692,0.,35.288259377164));
#7802=CARTESIAN_POINT('Ctrl Pts',(-47.9165444613692,0.2,35.288259377164));
#7803=CARTESIAN_POINT('Ctrl Pts',(-47.8447414477835,0.,35.2656332587152));
#7804=CARTESIAN_POINT('Ctrl Pts',(-47.8447414477835,0.2,35.2656332587152));
#7805=CARTESIAN_POINT('Ctrl Pts',(-47.7720319081028,0.,35.2460869439405));
#7806=CARTESIAN_POINT('Ctrl Pts',(-47.7720319081028,0.2,35.2460869439405));
#7807=CARTESIAN_POINT('Ctrl Pts',(-47.7238089693443,0.,35.2331232978429));
#7808=CARTESIAN_POINT('Ctrl Pts',(-47.7238089693443,0.2,35.2331232978429));
#7809=CARTESIAN_POINT('',(-47.9407257688895,0.,35.2958792401876));
#7810=CARTESIAN_POINT('Ctrl Pts',(-47.9407257688895,0.,35.2958792401876));
#7811=CARTESIAN_POINT('Ctrl Pts',(-47.9165444613692,0.,35.288259377164));
#7812=CARTESIAN_POINT('Ctrl Pts',(-47.8447414477835,0.,35.2656332587152));
#7813=CARTESIAN_POINT('Ctrl Pts',(-47.7720319081028,0.,35.2460869439405));
#7814=CARTESIAN_POINT('Ctrl Pts',(-47.7238089693443,0.,35.2331232978429));
#7815=CARTESIAN_POINT('',(-47.9407257688895,0.2,35.2958792401876));
#7816=CARTESIAN_POINT('',(-47.9407257688895,0.,35.2958792401876));
#7817=CARTESIAN_POINT('Ctrl Pts',(-47.9407257688895,0.2,35.2958792401876));
#7818=CARTESIAN_POINT('Ctrl Pts',(-47.9165444613692,0.2,35.288259377164));
#7819=CARTESIAN_POINT('Ctrl Pts',(-47.8447414477835,0.2,35.2656332587152));
#7820=CARTESIAN_POINT('Ctrl Pts',(-47.7720319081028,0.2,35.2460869439405));
#7821=CARTESIAN_POINT('Ctrl Pts',(-47.7238089693443,0.2,35.2331232978429));
#7822=CARTESIAN_POINT('Ctrl Pts',(-48.0348593843833,0.,35.3613634361352));
#7823=CARTESIAN_POINT('Ctrl Pts',(-48.0348593843833,0.2,35.3613634361352));
#7824=CARTESIAN_POINT('Ctrl Pts',(-48.0226365179643,0.,35.3484375816176));
#7825=CARTESIAN_POINT('Ctrl Pts',(-48.0226365179643,0.2,35.3484375816176));
#7826=CARTESIAN_POINT('Ctrl Pts',(-47.9958745980132,0.,35.3201364718745));
#7827=CARTESIAN_POINT('Ctrl Pts',(-47.9958745980132,0.2,35.3201364718745));
#7828=CARTESIAN_POINT('Ctrl Pts',(-47.9601396400707,0.,35.3044184381845));
#7829=CARTESIAN_POINT('Ctrl Pts',(-47.9601396400707,0.2,35.3044184381845));
#7830=CARTESIAN_POINT('Ctrl Pts',(-47.9407257688895,0.,35.2958792401876));
#7831=CARTESIAN_POINT('Ctrl Pts',(-47.9407257688895,0.2,35.2958792401876));
#7832=CARTESIAN_POINT('',(-48.0348593843833,0.,35.3613634361352));
#7833=CARTESIAN_POINT('Ctrl Pts',(-48.0348593843833,0.,35.3613634361352));
#7834=CARTESIAN_POINT('Ctrl Pts',(-48.0226365179643,0.,35.3484375816176));
#7835=CARTESIAN_POINT('Ctrl Pts',(-47.9958745980132,0.,35.3201364718745));
#7836=CARTESIAN_POINT('Ctrl Pts',(-47.9601396400707,0.,35.3044184381845));
#7837=CARTESIAN_POINT('Ctrl Pts',(-47.9407257688895,0.,35.2958792401876));
#7838=CARTESIAN_POINT('',(-48.0348593843833,0.2,35.3613634361352));
#7839=CARTESIAN_POINT('',(-48.0348593843833,0.,35.3613634361352));
#7840=CARTESIAN_POINT('Ctrl Pts',(-48.0348593843833,0.2,35.3613634361352));
#7841=CARTESIAN_POINT('Ctrl Pts',(-48.0226365179643,0.2,35.3484375816176));
#7842=CARTESIAN_POINT('Ctrl Pts',(-47.9958745980132,0.2,35.3201364718745));
#7843=CARTESIAN_POINT('Ctrl Pts',(-47.9601396400707,0.2,35.3044184381845));
#7844=CARTESIAN_POINT('Ctrl Pts',(-47.9407257688895,0.2,35.2958792401876));
#7845=CARTESIAN_POINT('Ctrl Pts',(-48.06487330326,0.,35.4473116947736));
#7846=CARTESIAN_POINT('Ctrl Pts',(-48.06487330326,0.2,35.4473116947736));
#7847=CARTESIAN_POINT('Ctrl Pts',(-48.0635993569907,0.,35.4317637330362));
#7848=CARTESIAN_POINT('Ctrl Pts',(-48.0635993569907,0.2,35.4317637330362));
#7849=CARTESIAN_POINT('Ctrl Pts',(-48.0610394609065,0.,35.4005213114938));
#7850=CARTESIAN_POINT('Ctrl Pts',(-48.0610394609065,0.2,35.4005213114938));
#7851=CARTESIAN_POINT('Ctrl Pts',(-48.0436133140627,0.,35.3744568007394));
#7852=CARTESIAN_POINT('Ctrl Pts',(-48.0436133140627,0.2,35.3744568007394));
#7853=CARTESIAN_POINT('Ctrl Pts',(-48.0348593843833,0.,35.3613634361352));
#7854=CARTESIAN_POINT('Ctrl Pts',(-48.0348593843833,0.2,35.3613634361352));
#7855=CARTESIAN_POINT('',(-48.06487330326,0.,35.4473116947736));
#7856=CARTESIAN_POINT('Ctrl Pts',(-48.06487330326,0.,35.4473116947736));
#7857=CARTESIAN_POINT('Ctrl Pts',(-48.0635993569907,0.,35.4317637330362));
#7858=CARTESIAN_POINT('Ctrl Pts',(-48.0610394609065,0.,35.4005213114938));
#7859=CARTESIAN_POINT('Ctrl Pts',(-48.0436133140627,0.,35.3744568007394));
#7860=CARTESIAN_POINT('Ctrl Pts',(-48.0348593843833,0.,35.3613634361352));
#7861=CARTESIAN_POINT('',(-48.06487330326,0.2,35.4473116947736));
#7862=CARTESIAN_POINT('',(-48.06487330326,0.,35.4473116947736));
#7863=CARTESIAN_POINT('Ctrl Pts',(-48.06487330326,0.2,35.4473116947736));
#7864=CARTESIAN_POINT('Ctrl Pts',(-48.0635993569907,0.2,35.4317637330362));
#7865=CARTESIAN_POINT('Ctrl Pts',(-48.0610394609065,0.2,35.4005213114938));
#7866=CARTESIAN_POINT('Ctrl Pts',(-48.0436133140627,0.2,35.3744568007394));
#7867=CARTESIAN_POINT('Ctrl Pts',(-48.0348593843833,0.2,35.3613634361352));
#7868=CARTESIAN_POINT('Ctrl Pts',(-47.9925675047294,0.,35.5782802356805));
#7869=CARTESIAN_POINT('Ctrl Pts',(-47.9925675047294,0.2,35.5782802356805));
#7870=CARTESIAN_POINT('Ctrl Pts',(-48.0136356177007,0.,35.559641183845));
#7871=CARTESIAN_POINT('Ctrl Pts',(-48.0136356177007,0.2,35.559641183845));
#7872=CARTESIAN_POINT('Ctrl Pts',(-48.053479820611,0.,35.5243908429911));
#7873=CARTESIAN_POINT('Ctrl Pts',(-48.053479820611,0.2,35.5243908429911));
#7874=CARTESIAN_POINT('Ctrl Pts',(-48.0612239687968,0.,35.4720001592798));
#7875=CARTESIAN_POINT('Ctrl Pts',(-48.0612239687968,0.2,35.4720001592798));
#7876=CARTESIAN_POINT('Ctrl Pts',(-48.06487330326,0.,35.4473116947736));
#7877=CARTESIAN_POINT('Ctrl Pts',(-48.06487330326,0.2,35.4473116947736));
#7878=CARTESIAN_POINT('',(-47.9925675047294,0.,35.5782802356805));
#7879=CARTESIAN_POINT('Ctrl Pts',(-47.9925675047294,0.,35.5782802356805));
#7880=CARTESIAN_POINT('Ctrl Pts',(-48.0136356177007,0.,35.559641183845));
#7881=CARTESIAN_POINT('Ctrl Pts',(-48.053479820611,0.,35.5243908429911));
#7882=CARTESIAN_POINT('Ctrl Pts',(-48.0612239687968,0.,35.4720001592798));
#7883=CARTESIAN_POINT('Ctrl Pts',(-48.06487330326,0.,35.4473116947736));
#7884=CARTESIAN_POINT('',(-47.9925675047294,0.2,35.5782802356805));
#7885=CARTESIAN_POINT('',(-47.9925675047294,0.,35.5782802356805));
#7886=CARTESIAN_POINT('Ctrl Pts',(-47.9925675047294,0.2,35.5782802356805));
#7887=CARTESIAN_POINT('Ctrl Pts',(-48.0136356177007,0.2,35.559641183845));
#7888=CARTESIAN_POINT('Ctrl Pts',(-48.053479820611,0.2,35.5243908429911));
#7889=CARTESIAN_POINT('Ctrl Pts',(-48.0612239687968,0.2,35.4720001592798));
#7890=CARTESIAN_POINT('Ctrl Pts',(-48.06487330326,0.2,35.4473116947736));
#7891=CARTESIAN_POINT('Ctrl Pts',(-47.7510941875831,0.,35.6342147244539));
#7892=CARTESIAN_POINT('Ctrl Pts',(-47.7510941875831,0.2,35.6342147244539));
#7893=CARTESIAN_POINT('Ctrl Pts',(-47.8005140500294,0.,35.6338165648682));
#7894=CARTESIAN_POINT('Ctrl Pts',(-47.8005140500294,0.2,35.6338165648682));
#7895=CARTESIAN_POINT('Ctrl Pts',(-47.8856498859938,0.,35.633130653425));
#7896=CARTESIAN_POINT('Ctrl Pts',(-47.8856498859938,0.2,35.633130653425));
#7897=CARTESIAN_POINT('Ctrl Pts',(-47.9609695761942,0.,35.5944904693212));
#7898=CARTESIAN_POINT('Ctrl Pts',(-47.9609695761942,0.2,35.5944904693212));
#7899=CARTESIAN_POINT('Ctrl Pts',(-47.9925675047294,0.,35.5782802356805));
#7900=CARTESIAN_POINT('Ctrl Pts',(-47.9925675047294,0.2,35.5782802356805));
#7901=CARTESIAN_POINT('',(-47.7510941875831,0.,35.6342147244539));
#7902=CARTESIAN_POINT('Ctrl Pts',(-47.7510941875831,0.,35.6342147244539));
#7903=CARTESIAN_POINT('Ctrl Pts',(-47.8005140500294,0.,35.6338165648682));
#7904=CARTESIAN_POINT('Ctrl Pts',(-47.8856498859938,0.,35.633130653425));
#7905=CARTESIAN_POINT('Ctrl Pts',(-47.9609695761942,0.,35.5944904693212));
#7906=CARTESIAN_POINT('Ctrl Pts',(-47.9925675047294,0.,35.5782802356805));
#7907=CARTESIAN_POINT('',(-47.7510941875831,0.2,35.6342147244539));
#7908=CARTESIAN_POINT('',(-47.7510941875831,0.,35.6342147244539));
#7909=CARTESIAN_POINT('Ctrl Pts',(-47.7510941875831,0.2,35.6342147244539));
#7910=CARTESIAN_POINT('Ctrl Pts',(-47.8005140500294,0.2,35.6338165648682));
#7911=CARTESIAN_POINT('Ctrl Pts',(-47.8856498859938,0.2,35.633130653425));
#7912=CARTESIAN_POINT('Ctrl Pts',(-47.9609695761942,0.2,35.5944904693212));
#7913=CARTESIAN_POINT('Ctrl Pts',(-47.9925675047294,0.2,35.5782802356805));
#7914=CARTESIAN_POINT('Ctrl Pts',(-47.5294024599448,0.,35.5714589311208));
#7915=CARTESIAN_POINT('Ctrl Pts',(-47.5294024599448,0.2,35.5714589311208));
#7916=CARTESIAN_POINT('Ctrl Pts',(-47.5601773893012,0.,35.5897191867568));
#7917=CARTESIAN_POINT('Ctrl Pts',(-47.5601773893012,0.2,35.5897191867568));
#7918=CARTESIAN_POINT('Ctrl Pts',(-47.6282226024216,0.,35.6300937062886));
#7919=CARTESIAN_POINT('Ctrl Pts',(-47.6282226024216,0.2,35.6300937062886));
#7920=CARTESIAN_POINT('Ctrl Pts',(-47.707610949304,0.,35.6327563301913));
#7921=CARTESIAN_POINT('Ctrl Pts',(-47.707610949304,0.2,35.6327563301913));
#7922=CARTESIAN_POINT('Ctrl Pts',(-47.7510941875831,0.,35.6342147244539));
#7923=CARTESIAN_POINT('Ctrl Pts',(-47.7510941875831,0.2,35.6342147244539));
#7924=CARTESIAN_POINT('',(-47.5294024599448,0.,35.5714589311208));
#7925=CARTESIAN_POINT('Ctrl Pts',(-47.5294024599448,0.,35.5714589311208));
#7926=CARTESIAN_POINT('Ctrl Pts',(-47.5601773893012,0.,35.5897191867568));
#7927=CARTESIAN_POINT('Ctrl Pts',(-47.6282226024216,0.,35.6300937062886));
#7928=CARTESIAN_POINT('Ctrl Pts',(-47.707610949304,0.,35.6327563301913));
#7929=CARTESIAN_POINT('Ctrl Pts',(-47.7510941875831,0.,35.6342147244539));
#7930=CARTESIAN_POINT('',(-47.5294024599448,0.2,35.5714589311208));
#7931=CARTESIAN_POINT('',(-47.5294024599448,0.,35.5714589311208));
#7932=CARTESIAN_POINT('Ctrl Pts',(-47.5294024599448,0.2,35.5714589311208));
#7933=CARTESIAN_POINT('Ctrl Pts',(-47.5601773893012,0.2,35.5897191867568));
#7934=CARTESIAN_POINT('Ctrl Pts',(-47.6282226024216,0.2,35.6300937062886));
#7935=CARTESIAN_POINT('Ctrl Pts',(-47.707610949304,0.2,35.6327563301913));
#7936=CARTESIAN_POINT('Ctrl Pts',(-47.7510941875831,0.2,35.6342147244539));
#7937=CARTESIAN_POINT('Ctrl Pts',(-47.4345863712684,0.,35.3968340112295));
#7938=CARTESIAN_POINT('Ctrl Pts',(-47.4345863712684,0.2,35.3968340112295));
#7939=CARTESIAN_POINT('Ctrl Pts',(-47.4421775652723,0.,35.4317062891818));
#7940=CARTESIAN_POINT('Ctrl Pts',(-47.4421775652723,0.2,35.4317062891818));
#7941=CARTESIAN_POINT('Ctrl Pts',(-47.4568776480162,0.,35.4992352406359));
#7942=CARTESIAN_POINT('Ctrl Pts',(-47.4568776480162,0.2,35.4992352406359));
#7943=CARTESIAN_POINT('Ctrl Pts',(-47.5057621512182,0.,35.5479167764425));
#7944=CARTESIAN_POINT('Ctrl Pts',(-47.5057621512182,0.2,35.5479167764425));
#7945=CARTESIAN_POINT('Ctrl Pts',(-47.5294024599448,0.,35.5714589311208));
#7946=CARTESIAN_POINT('Ctrl Pts',(-47.5294024599448,0.2,35.5714589311208));
#7947=CARTESIAN_POINT('',(-47.4345863712684,0.,35.3968340112295));
#7948=CARTESIAN_POINT('Ctrl Pts',(-47.4345863712684,0.,35.3968340112295));
#7949=CARTESIAN_POINT('Ctrl Pts',(-47.4421775652723,0.,35.4317062891818));
#7950=CARTESIAN_POINT('Ctrl Pts',(-47.4568776480162,0.,35.4992352406359));
#7951=CARTESIAN_POINT('Ctrl Pts',(-47.5057621512182,0.,35.5479167764425));
#7952=CARTESIAN_POINT('Ctrl Pts',(-47.5294024599448,0.,35.5714589311208));
#7953=CARTESIAN_POINT('',(-47.4345863712684,0.2,35.3968340112295));
#7954=CARTESIAN_POINT('',(-47.4345863712684,0.,35.3968340112295));
#7955=CARTESIAN_POINT('Ctrl Pts',(-47.4345863712684,0.2,35.3968340112295));
#7956=CARTESIAN_POINT('Ctrl Pts',(-47.4421775652723,0.2,35.4317062891818));
#7957=CARTESIAN_POINT('Ctrl Pts',(-47.4568776480162,0.2,35.4992352406359));
#7958=CARTESIAN_POINT('Ctrl Pts',(-47.5057621512182,0.2,35.5479167764425));
#7959=CARTESIAN_POINT('Ctrl Pts',(-47.5294024599448,0.2,35.5714589311208));
#7960=CARTESIAN_POINT('Origin',(-47.194477404441,0.,35.4295763327207));
#7961=CARTESIAN_POINT('',(-47.194477404441,0.,35.4295763327207));
#7962=CARTESIAN_POINT('',(-41.4246366516225,0.,36.2163773563487));
#7963=CARTESIAN_POINT('',(-47.194477404441,0.2,35.4295763327207));
#7964=CARTESIAN_POINT('',(-47.194477404441,0.,35.4295763327207));
#7965=CARTESIAN_POINT('',(-47.194477404441,0.2,35.4295763327207));
#7966=CARTESIAN_POINT('Ctrl Pts',(-47.2790611637489,0.,35.6539964629735));
#7967=CARTESIAN_POINT('Ctrl Pts',(-47.2790611637489,0.2,35.6539964629735));
#7968=CARTESIAN_POINT('Ctrl Pts',(-47.2599414953104,0.,35.6220243435212));
#7969=CARTESIAN_POINT('Ctrl Pts',(-47.2599414953104,0.2,35.6220243435212));
#7970=CARTESIAN_POINT('Ctrl Pts',(-47.2183200143158,0.,35.5524244460949));
#7971=CARTESIAN_POINT('Ctrl Pts',(-47.2183200143158,0.2,35.5524244460949));
#7972=CARTESIAN_POINT('Ctrl Pts',(-47.2028441290514,0.,35.4726855535195));
#7973=CARTESIAN_POINT('Ctrl Pts',(-47.2028441290514,0.2,35.4726855535195));
#7974=CARTESIAN_POINT('Ctrl Pts',(-47.194477404441,0.,35.4295763327207));
#7975=CARTESIAN_POINT('Ctrl Pts',(-47.194477404441,0.2,35.4295763327207));
#7976=CARTESIAN_POINT('',(-47.2790611637489,0.,35.6539964629735));
#7977=CARTESIAN_POINT('Ctrl Pts',(-47.2790611637489,0.,35.6539964629735));
#7978=CARTESIAN_POINT('Ctrl Pts',(-47.2599414953104,0.,35.6220243435212));
#7979=CARTESIAN_POINT('Ctrl Pts',(-47.2183200143158,0.,35.5524244460949));
#7980=CARTESIAN_POINT('Ctrl Pts',(-47.2028441290514,0.,35.4726855535195));
#7981=CARTESIAN_POINT('Ctrl Pts',(-47.194477404441,0.,35.4295763327207));
#7982=CARTESIAN_POINT('',(-47.2790611637489,0.2,35.6539964629735));
#7983=CARTESIAN_POINT('',(-47.2790611637489,0.,35.6539964629735));
#7984=CARTESIAN_POINT('Ctrl Pts',(-47.2790611637489,0.2,35.6539964629735));
#7985=CARTESIAN_POINT('Ctrl Pts',(-47.2599414953104,0.2,35.6220243435212));
#7986=CARTESIAN_POINT('Ctrl Pts',(-47.2183200143158,0.2,35.5524244460949));
#7987=CARTESIAN_POINT('Ctrl Pts',(-47.2028441290514,0.2,35.4726855535195));
#7988=CARTESIAN_POINT('Ctrl Pts',(-47.194477404441,0.2,35.4295763327207));
#7989=CARTESIAN_POINT('Ctrl Pts',(-47.469375218238,0.,35.7870115293588));
#7990=CARTESIAN_POINT('Ctrl Pts',(-47.469375218238,0.2,35.7870115293588));
#7991=CARTESIAN_POINT('Ctrl Pts',(-47.4301364685603,0.,35.7703867632239));
#7992=CARTESIAN_POINT('Ctrl Pts',(-47.4301364685603,0.2,35.7703867632239));
#7993=CARTESIAN_POINT('Ctrl Pts',(-47.3571142467264,0.,35.7394485358183));
#7994=CARTESIAN_POINT('Ctrl Pts',(-47.3571142467264,0.2,35.7394485358183));
#7995=CARTESIAN_POINT('Ctrl Pts',(-47.3037499612929,0.,35.6810256185906));
#7996=CARTESIAN_POINT('Ctrl Pts',(-47.3037499612929,0.2,35.6810256185906));
#7997=CARTESIAN_POINT('Ctrl Pts',(-47.2790611637489,0.,35.6539964629735));
#7998=CARTESIAN_POINT('Ctrl Pts',(-47.2790611637489,0.2,35.6539964629735));
#7999=CARTESIAN_POINT('',(-47.469375218238,0.,35.7870115293588));
#8000=CARTESIAN_POINT('Ctrl Pts',(-47.469375218238,0.,35.7870115293588));
#8001=CARTESIAN_POINT('Ctrl Pts',(-47.4301364685603,0.,35.7703867632239));
#8002=CARTESIAN_POINT('Ctrl Pts',(-47.3571142467264,0.,35.7394485358183));
#8003=CARTESIAN_POINT('Ctrl Pts',(-47.3037499612929,0.,35.6810256185906));
#8004=CARTESIAN_POINT('Ctrl Pts',(-47.2790611637489,0.,35.6539964629735));
#8005=CARTESIAN_POINT('',(-47.469375218238,0.2,35.7870115293588));
#8006=CARTESIAN_POINT('',(-47.469375218238,0.,35.7870115293588));
#8007=CARTESIAN_POINT('Ctrl Pts',(-47.469375218238,0.2,35.7870115293588));
#8008=CARTESIAN_POINT('Ctrl Pts',(-47.4301364685603,0.2,35.7703867632239));
#8009=CARTESIAN_POINT('Ctrl Pts',(-47.3571142467264,0.2,35.7394485358183));
#8010=CARTESIAN_POINT('Ctrl Pts',(-47.3037499612929,0.2,35.6810256185906));
#8011=CARTESIAN_POINT('Ctrl Pts',(-47.2790611637489,0.2,35.6539964629735));
#8012=CARTESIAN_POINT('Ctrl Pts',(-47.768829549636,0.,35.8361247135724));
#8013=CARTESIAN_POINT('Ctrl Pts',(-47.768829549636,0.2,35.8361247135724));
#8014=CARTESIAN_POINT('Ctrl Pts',(-47.7150256705402,0.,35.8345592785431));
#8015=CARTESIAN_POINT('Ctrl Pts',(-47.7150256705402,0.2,35.8345592785431));
#8016=CARTESIAN_POINT('Ctrl Pts',(-47.6129417095135,0.,35.8315891245094));
#8017=CARTESIAN_POINT('Ctrl Pts',(-47.6129417095135,0.2,35.8315891245094));
#8018=CARTESIAN_POINT('Ctrl Pts',(-47.5154726882513,0.,35.8013248578902));
#8019=CARTESIAN_POINT('Ctrl Pts',(-47.5154726882513,0.2,35.8013248578902));
#8020=CARTESIAN_POINT('Ctrl Pts',(-47.469375218238,0.,35.7870115293588));
#8021=CARTESIAN_POINT('Ctrl Pts',(-47.469375218238,0.2,35.7870115293588));
#8022=CARTESIAN_POINT('',(-47.768829549636,0.,35.8361247135724));
#8023=CARTESIAN_POINT('Ctrl Pts',(-47.768829549636,0.,35.8361247135724));
#8024=CARTESIAN_POINT('Ctrl Pts',(-47.7150256705402,0.,35.8345592785431));
#8025=CARTESIAN_POINT('Ctrl Pts',(-47.6129417095135,0.,35.8315891245094));
#8026=CARTESIAN_POINT('Ctrl Pts',(-47.5154726882513,0.,35.8013248578902));
#8027=CARTESIAN_POINT('Ctrl Pts',(-47.469375218238,0.,35.7870115293588));
#8028=CARTESIAN_POINT('',(-47.768829549636,0.2,35.8361247135724));
#8029=CARTESIAN_POINT('',(-47.768829549636,0.,35.8361247135724));
#8030=CARTESIAN_POINT('Ctrl Pts',(-47.768829549636,0.2,35.8361247135724));
#8031=CARTESIAN_POINT('Ctrl Pts',(-47.7150256705402,0.2,35.8345592785431));
#8032=CARTESIAN_POINT('Ctrl Pts',(-47.6129417095135,0.2,35.8315891245094));
#8033=CARTESIAN_POINT('Ctrl Pts',(-47.5154726882513,0.2,35.8013248578902));
#8034=CARTESIAN_POINT('Ctrl Pts',(-47.469375218238,0.2,35.7870115293588));
#8035=CARTESIAN_POINT('Ctrl Pts',(-47.9809714210883,0.,35.8067931188669));
#8036=CARTESIAN_POINT('Ctrl Pts',(-47.9809714210883,0.2,35.8067931188669));
#8037=CARTESIAN_POINT('Ctrl Pts',(-47.9469791505444,0.,35.8153468526483));
#8038=CARTESIAN_POINT('Ctrl Pts',(-47.9469791505444,0.2,35.8153468526483));
#8039=CARTESIAN_POINT('Ctrl Pts',(-47.8773494593327,0.,35.8328683018595));
#8040=CARTESIAN_POINT('Ctrl Pts',(-47.8773494593327,0.2,35.8328683018595));
#8041=CARTESIAN_POINT('Ctrl Pts',(-47.8055681815187,0.,35.8350222788993));
#8042=CARTESIAN_POINT('Ctrl Pts',(-47.8055681815187,0.2,35.8350222788993));
#8043=CARTESIAN_POINT('Ctrl Pts',(-47.768829549636,0.,35.8361247135724));
#8044=CARTESIAN_POINT('Ctrl Pts',(-47.768829549636,0.2,35.8361247135724));
#8045=CARTESIAN_POINT('',(-47.9809714210883,0.,35.8067931188669));
#8046=CARTESIAN_POINT('Ctrl Pts',(-47.9809714210883,0.,35.8067931188669));
#8047=CARTESIAN_POINT('Ctrl Pts',(-47.9469791505444,0.,35.8153468526483));
#8048=CARTESIAN_POINT('Ctrl Pts',(-47.8773494593327,0.,35.8328683018595));
#8049=CARTESIAN_POINT('Ctrl Pts',(-47.8055681815187,0.,35.8350222788993));
#8050=CARTESIAN_POINT('Ctrl Pts',(-47.768829549636,0.,35.8361247135724));
#8051=CARTESIAN_POINT('',(-47.9809714210883,0.2,35.8067931188669));
#8052=CARTESIAN_POINT('',(-47.9809714210883,0.,35.8067931188669));
#8053=CARTESIAN_POINT('Ctrl Pts',(-47.9809714210883,0.2,35.8067931188669));
#8054=CARTESIAN_POINT('Ctrl Pts',(-47.9469791505444,0.2,35.8153468526483));
#8055=CARTESIAN_POINT('Ctrl Pts',(-47.8773494593327,0.2,35.8328683018595));
#8056=CARTESIAN_POINT('Ctrl Pts',(-47.8055681815187,0.2,35.8350222788993));
#8057=CARTESIAN_POINT('Ctrl Pts',(-47.768829549636,0.2,35.8361247135724));
#8058=CARTESIAN_POINT('Ctrl Pts',(-48.1371788037673,0.,35.7351696445074));
#8059=CARTESIAN_POINT('Ctrl Pts',(-48.1371788037673,0.2,35.7351696445074));
#8060=CARTESIAN_POINT('Ctrl Pts',(-48.1150382640491,0.,35.7490977505223));
#8061=CARTESIAN_POINT('Ctrl Pts',(-48.1150382640491,0.2,35.7490977505223));
#8062=CARTESIAN_POINT('Ctrl Pts',(-48.0661813903958,0.,35.7798324898042));
#8063=CARTESIAN_POINT('Ctrl Pts',(-48.0661813903958,0.2,35.7798324898042));
#8064=CARTESIAN_POINT('Ctrl Pts',(-48.0110945039541,0.,35.7972621065925));
#8065=CARTESIAN_POINT('Ctrl Pts',(-48.0110945039541,0.2,35.7972621065925));
#8066=CARTESIAN_POINT('Ctrl Pts',(-47.9809714210883,0.,35.8067931188669));
#8067=CARTESIAN_POINT('Ctrl Pts',(-47.9809714210883,0.2,35.8067931188669));
#8068=CARTESIAN_POINT('',(-48.1371788037673,0.,35.7351696445074));
#8069=CARTESIAN_POINT('Ctrl Pts',(-48.1371788037673,0.,35.7351696445074));
#8070=CARTESIAN_POINT('Ctrl Pts',(-48.1150382640491,0.,35.7490977505223));
#8071=CARTESIAN_POINT('Ctrl Pts',(-48.0661813903958,0.,35.7798324898042));
#8072=CARTESIAN_POINT('Ctrl Pts',(-48.0110945039541,0.,35.7972621065925));
#8073=CARTESIAN_POINT('Ctrl Pts',(-47.9809714210883,0.,35.8067931188669));
#8074=CARTESIAN_POINT('',(-48.1371788037673,0.2,35.7351696445074));
#8075=CARTESIAN_POINT('',(-48.1371788037673,0.,35.7351696445074));
#8076=CARTESIAN_POINT('Ctrl Pts',(-48.1371788037673,0.2,35.7351696445074));
#8077=CARTESIAN_POINT('Ctrl Pts',(-48.1150382640491,0.2,35.7490977505223));
#8078=CARTESIAN_POINT('Ctrl Pts',(-48.0661813903958,0.2,35.7798324898042));
#8079=CARTESIAN_POINT('Ctrl Pts',(-48.0110945039541,0.2,35.7972621065925));
#8080=CARTESIAN_POINT('Ctrl Pts',(-47.9809714210883,0.2,35.8067931188669));
#8081=CARTESIAN_POINT('Ctrl Pts',(-48.2579154623405,0.,35.5980619742002));
#8082=CARTESIAN_POINT('Ctrl Pts',(-48.2579154623405,0.2,35.5980619742002));
#8083=CARTESIAN_POINT('Ctrl Pts',(-48.2417934417543,0.,35.6244140590423));
#8084=CARTESIAN_POINT('Ctrl Pts',(-48.2417934417543,0.2,35.6244140590423));
#8085=CARTESIAN_POINT('Ctrl Pts',(-48.2095320613944,0.,35.6771465703194));
#8086=CARTESIAN_POINT('Ctrl Pts',(-48.2095320613944,0.2,35.6771465703194));
#8087=CARTESIAN_POINT('Ctrl Pts',(-48.1613051963064,0.,35.7158216910067));
#8088=CARTESIAN_POINT('Ctrl Pts',(-48.1613051963064,0.2,35.7158216910067));
#8089=CARTESIAN_POINT('Ctrl Pts',(-48.1371788037673,0.,35.7351696445074));
#8090=CARTESIAN_POINT('Ctrl Pts',(-48.1371788037673,0.2,35.7351696445074));
#8091=CARTESIAN_POINT('',(-48.2579154623405,0.,35.5980619742002));
#8092=CARTESIAN_POINT('Ctrl Pts',(-48.2579154623405,0.,35.5980619742002));
#8093=CARTESIAN_POINT('Ctrl Pts',(-48.2417934417543,0.,35.6244140590423));
#8094=CARTESIAN_POINT('Ctrl Pts',(-48.2095320613944,0.,35.6771465703194));
#8095=CARTESIAN_POINT('Ctrl Pts',(-48.1613051963064,0.,35.7158216910067));
#8096=CARTESIAN_POINT('Ctrl Pts',(-48.1371788037673,0.,35.7351696445074));
#8097=CARTESIAN_POINT('',(-48.2579154623405,0.2,35.5980619742002));
#8098=CARTESIAN_POINT('',(-48.2579154623405,0.,35.5980619742002));
#8099=CARTESIAN_POINT('Ctrl Pts',(-48.2579154623405,0.2,35.5980619742002));
#8100=CARTESIAN_POINT('Ctrl Pts',(-48.2417934417543,0.2,35.6244140590423));
#8101=CARTESIAN_POINT('Ctrl Pts',(-48.2095320613944,0.2,35.6771465703194));
#8102=CARTESIAN_POINT('Ctrl Pts',(-48.1613051963064,0.2,35.7158216910067));
#8103=CARTESIAN_POINT('Ctrl Pts',(-48.1371788037673,0.2,35.7351696445074));
#8104=CARTESIAN_POINT('Ctrl Pts',(-48.3022535694495,0.,35.4186621262159));
#8105=CARTESIAN_POINT('Ctrl Pts',(-48.3022535694495,0.2,35.4186621262159));
#8106=CARTESIAN_POINT('Ctrl Pts',(-48.3004713990411,0.,35.4502307539921));
#8107=CARTESIAN_POINT('Ctrl Pts',(-48.3004713990411,0.2,35.4502307539921));
#8108=CARTESIAN_POINT('Ctrl Pts',(-48.2969378186225,0.,35.5128231325996));
#8109=CARTESIAN_POINT('Ctrl Pts',(-48.2969378186225,0.2,35.5128231325996));
#8110=CARTESIAN_POINT('Ctrl Pts',(-48.2708472067461,0.,35.5698143997831));
#8111=CARTESIAN_POINT('Ctrl Pts',(-48.2708472067461,0.2,35.5698143997831));
#8112=CARTESIAN_POINT('Ctrl Pts',(-48.2579154623405,0.,35.5980619742002));
#8113=CARTESIAN_POINT('Ctrl Pts',(-48.2579154623405,0.2,35.5980619742002));
#8114=CARTESIAN_POINT('',(-48.3022535694495,0.,35.4186621262159));
#8115=CARTESIAN_POINT('Ctrl Pts',(-48.3022535694495,0.,35.4186621262159));
#8116=CARTESIAN_POINT('Ctrl Pts',(-48.3004713990411,0.,35.4502307539921));
#8117=CARTESIAN_POINT('Ctrl Pts',(-48.2969378186225,0.,35.5128231325996));
#8118=CARTESIAN_POINT('Ctrl Pts',(-48.2708472067461,0.,35.5698143997831));
#8119=CARTESIAN_POINT('Ctrl Pts',(-48.2579154623405,0.,35.5980619742002));
#8120=CARTESIAN_POINT('',(-48.3022535694495,0.2,35.4186621262159));
#8121=CARTESIAN_POINT('',(-48.3022535694495,0.,35.4186621262159));
#8122=CARTESIAN_POINT('Ctrl Pts',(-48.3022535694495,0.2,35.4186621262159));
#8123=CARTESIAN_POINT('Ctrl Pts',(-48.3004713990411,0.2,35.4502307539921));
#8124=CARTESIAN_POINT('Ctrl Pts',(-48.2969378186225,0.2,35.5128231325996));
#8125=CARTESIAN_POINT('Ctrl Pts',(-48.2708472067461,0.2,35.5698143997831));
#8126=CARTESIAN_POINT('Ctrl Pts',(-48.2579154623405,0.2,35.5980619742002));
#8127=CARTESIAN_POINT('Ctrl Pts',(-48.2483656061546,0.,35.2242556168165));
#8128=CARTESIAN_POINT('Ctrl Pts',(-48.2483656061546,0.2,35.2242556168165));
#8129=CARTESIAN_POINT('Ctrl Pts',(-48.2640827070679,0.,35.2544968415739));
#8130=CARTESIAN_POINT('Ctrl Pts',(-48.2640827070679,0.2,35.2544968415739));
#8131=CARTESIAN_POINT('Ctrl Pts',(-48.2957751801338,0.,35.3154762299728));
#8132=CARTESIAN_POINT('Ctrl Pts',(-48.2957751801338,0.2,35.3154762299728));
#8133=CARTESIAN_POINT('Ctrl Pts',(-48.3000824060627,0.,35.3840804687942));
#8134=CARTESIAN_POINT('Ctrl Pts',(-48.3000824060627,0.2,35.3840804687942));
#8135=CARTESIAN_POINT('Ctrl Pts',(-48.3022535694495,0.,35.4186621262159));
#8136=CARTESIAN_POINT('Ctrl Pts',(-48.3022535694495,0.2,35.4186621262159));
#8137=CARTESIAN_POINT('',(-48.2483656061546,0.,35.2242556168165));
#8138=CARTESIAN_POINT('Ctrl Pts',(-48.2483656061546,0.,35.2242556168165));
#8139=CARTESIAN_POINT('Ctrl Pts',(-48.2640827070679,0.,35.2544968415739));
#8140=CARTESIAN_POINT('Ctrl Pts',(-48.2957751801338,0.,35.3154762299728));
#8141=CARTESIAN_POINT('Ctrl Pts',(-48.3000824060627,0.,35.3840804687942));
#8142=CARTESIAN_POINT('Ctrl Pts',(-48.3022535694495,0.,35.4186621262159));
#8143=CARTESIAN_POINT('',(-48.2483656061546,0.2,35.2242556168165));
#8144=CARTESIAN_POINT('',(-48.2483656061546,0.,35.2242556168165));
#8145=CARTESIAN_POINT('Ctrl Pts',(-48.2483656061546,0.2,35.2242556168165));
#8146=CARTESIAN_POINT('Ctrl Pts',(-48.2640827070679,0.2,35.2544968415739));
#8147=CARTESIAN_POINT('Ctrl Pts',(-48.2957751801338,0.2,35.3154762299728));
#8148=CARTESIAN_POINT('Ctrl Pts',(-48.3000824060627,0.2,35.3840804687942));
#8149=CARTESIAN_POINT('Ctrl Pts',(-48.3022535694495,0.2,35.4186621262159));
#8150=CARTESIAN_POINT('Ctrl Pts',(-48.0901116979972,0.,35.0864657713499));
#8151=CARTESIAN_POINT('Ctrl Pts',(-48.0901116979972,0.2,35.0864657713499));
#8152=CARTESIAN_POINT('Ctrl Pts',(-48.1225041490525,0.,35.1041870398196));
#8153=CARTESIAN_POINT('Ctrl Pts',(-48.1225041490525,0.2,35.1041870398196));
#8154=CARTESIAN_POINT('Ctrl Pts',(-48.1853848287045,0.,35.1385878143632));
#8155=CARTESIAN_POINT('Ctrl Pts',(-48.1853848287045,0.2,35.1385878143632));
#8156=CARTESIAN_POINT('Ctrl Pts',(-48.2278001697999,0.,35.1962820698022));
#8157=CARTESIAN_POINT('Ctrl Pts',(-48.2278001697999,0.2,35.1962820698022));
#8158=CARTESIAN_POINT('Ctrl Pts',(-48.2483656061546,0.,35.2242556168165));
#8159=CARTESIAN_POINT('Ctrl Pts',(-48.2483656061546,0.2,35.2242556168165));
#8160=CARTESIAN_POINT('',(-48.0901116979972,0.,35.0864657713499));
#8161=CARTESIAN_POINT('Ctrl Pts',(-48.0901116979972,0.,35.0864657713499));
#8162=CARTESIAN_POINT('Ctrl Pts',(-48.1225041490525,0.,35.1041870398196));
#8163=CARTESIAN_POINT('Ctrl Pts',(-48.1853848287045,0.,35.1385878143632));
#8164=CARTESIAN_POINT('Ctrl Pts',(-48.2278001697999,0.,35.1962820698022));
#8165=CARTESIAN_POINT('Ctrl Pts',(-48.2483656061546,0.,35.2242556168165));
#8166=CARTESIAN_POINT('',(-48.0901116979972,0.2,35.0864657713499));
#8167=CARTESIAN_POINT('',(-48.0901116979972,0.,35.0864657713499));
#8168=CARTESIAN_POINT('Ctrl Pts',(-48.0901116979972,0.2,35.0864657713499));
#8169=CARTESIAN_POINT('Ctrl Pts',(-48.1225041490525,0.2,35.1041870398196));
#8170=CARTESIAN_POINT('Ctrl Pts',(-48.1853848287045,0.2,35.1385878143632));
#8171=CARTESIAN_POINT('Ctrl Pts',(-48.2278001697999,0.2,35.1962820698022));
#8172=CARTESIAN_POINT('Ctrl Pts',(-48.2483656061546,0.2,35.2242556168165));
#8173=CARTESIAN_POINT('Ctrl Pts',(-47.7156234634773,0.,34.9684575153913));
#8174=CARTESIAN_POINT('Ctrl Pts',(-47.7156234634773,0.2,34.9684575153913));
#8175=CARTESIAN_POINT('Ctrl Pts',(-47.7924847374324,0.,34.9877109558663));
#8176=CARTESIAN_POINT('Ctrl Pts',(-47.7924847374324,0.2,34.9877109558663));
#8177=CARTESIAN_POINT('Ctrl Pts',(-47.9197382403459,0.,35.019587447336));
#8178=CARTESIAN_POINT('Ctrl Pts',(-47.9197382403459,0.2,35.019587447336));
#8179=CARTESIAN_POINT('Ctrl Pts',(-48.0417823731329,0.,35.0674945988902));
#8180=CARTESIAN_POINT('Ctrl Pts',(-48.0417823731329,0.2,35.0674945988902));
#8181=CARTESIAN_POINT('Ctrl Pts',(-48.0901116979972,0.,35.0864657713499));
#8182=CARTESIAN_POINT('Ctrl Pts',(-48.0901116979972,0.2,35.0864657713499));
#8183=CARTESIAN_POINT('',(-47.7156234634773,0.,34.9684575153913));
#8184=CARTESIAN_POINT('Ctrl Pts',(-47.7156234634773,0.,34.9684575153913));
#8185=CARTESIAN_POINT('Ctrl Pts',(-47.7924847374324,0.,34.9877109558663));
#8186=CARTESIAN_POINT('Ctrl Pts',(-47.9197382403459,0.,35.019587447336));
#8187=CARTESIAN_POINT('Ctrl Pts',(-48.0417823731329,0.,35.0674945988902));
#8188=CARTESIAN_POINT('Ctrl Pts',(-48.0901116979972,0.,35.0864657713499));
#8189=CARTESIAN_POINT('',(-47.7156234634773,0.2,34.9684575153913));
#8190=CARTESIAN_POINT('',(-47.7156234634773,0.,34.9684575153913));
#8191=CARTESIAN_POINT('Ctrl Pts',(-47.7156234634773,0.2,34.9684575153913));
#8192=CARTESIAN_POINT('Ctrl Pts',(-47.7924847374324,0.2,34.9877109558663));
#8193=CARTESIAN_POINT('Ctrl Pts',(-47.9197382403459,0.2,35.019587447336));
#8194=CARTESIAN_POINT('Ctrl Pts',(-48.0417823731329,0.2,35.0674945988902));
#8195=CARTESIAN_POINT('Ctrl Pts',(-48.0901116979972,0.2,35.0864657713499));
#8196=CARTESIAN_POINT('Ctrl Pts',(-47.464600290145,0.,34.8852379573907));
#8197=CARTESIAN_POINT('Ctrl Pts',(-47.464600290145,0.2,34.8852379573907));
#8198=CARTESIAN_POINT('Ctrl Pts',(-47.4936952744236,0.,34.89830379004));
#8199=CARTESIAN_POINT('Ctrl Pts',(-47.4936952744236,0.2,34.89830379004));
#8200=CARTESIAN_POINT('Ctrl Pts',(-47.5743878220796,0.,34.9345408030463));
#8201=CARTESIAN_POINT('Ctrl Pts',(-47.5743878220796,0.2,34.9345408030463));
#8202=CARTESIAN_POINT('Ctrl Pts',(-47.6605368443699,0.,34.9552288643523));
#8203=CARTESIAN_POINT('Ctrl Pts',(-47.6605368443699,0.2,34.9552288643523));
#8204=CARTESIAN_POINT('Ctrl Pts',(-47.7156234634773,0.,34.9684575153913));
#8205=CARTESIAN_POINT('Ctrl Pts',(-47.7156234634773,0.2,34.9684575153913));
#8206=CARTESIAN_POINT('',(-47.464600290145,0.,34.8852379573907));
#8207=CARTESIAN_POINT('Ctrl Pts',(-47.464600290145,0.,34.8852379573907));
#8208=CARTESIAN_POINT('Ctrl Pts',(-47.4936952744236,0.,34.89830379004));
#8209=CARTESIAN_POINT('Ctrl Pts',(-47.5743878220796,0.,34.9345408030463));
#8210=CARTESIAN_POINT('Ctrl Pts',(-47.6605368443699,0.,34.9552288643523));
#8211=CARTESIAN_POINT('Ctrl Pts',(-47.7156234634773,0.,34.9684575153913));
#8212=CARTESIAN_POINT('',(-47.464600290145,0.2,34.8852379573907));
#8213=CARTESIAN_POINT('',(-47.464600290145,0.,34.8852379573907));
#8214=CARTESIAN_POINT('Ctrl Pts',(-47.464600290145,0.2,34.8852379573907));
#8215=CARTESIAN_POINT('Ctrl Pts',(-47.4936952744236,0.2,34.89830379004));
#8216=CARTESIAN_POINT('Ctrl Pts',(-47.5743878220796,0.2,34.9345408030463));
#8217=CARTESIAN_POINT('Ctrl Pts',(-47.6605368443699,0.2,34.9552288643523));
#8218=CARTESIAN_POINT('Ctrl Pts',(-47.7156234634773,0.2,34.9684575153913));
#8219=CARTESIAN_POINT('Ctrl Pts',(-47.3922944916145,0.,34.7542694164838));
#8220=CARTESIAN_POINT('Ctrl Pts',(-47.3922944916145,0.2,34.7542694164838));
#8221=CARTESIAN_POINT('Ctrl Pts',(-47.3954507990221,0.,34.7806252306807));
#8222=CARTESIAN_POINT('Ctrl Pts',(-47.3954507990221,0.2,34.7806252306807));
#8223=CARTESIAN_POINT('Ctrl Pts',(-47.4018409758046,0.,34.8339845174077));
#8224=CARTESIAN_POINT('Ctrl Pts',(-47.4018409758046,0.2,34.8339845174077));
#8225=CARTESIAN_POINT('Ctrl Pts',(-47.4435119223928,0.,34.8680157904138));
#8226=CARTESIAN_POINT('Ctrl Pts',(-47.4435119223928,0.2,34.8680157904138));
#8227=CARTESIAN_POINT('Ctrl Pts',(-47.464600290145,0.,34.8852379573907));
#8228=CARTESIAN_POINT('Ctrl Pts',(-47.464600290145,0.2,34.8852379573907));
#8229=CARTESIAN_POINT('',(-47.3922944916145,0.,34.7542694164838));
#8230=CARTESIAN_POINT('Ctrl Pts',(-47.3922944916145,0.,34.7542694164838));
#8231=CARTESIAN_POINT('Ctrl Pts',(-47.3954507990221,0.,34.7806252306807));
#8232=CARTESIAN_POINT('Ctrl Pts',(-47.4018409758046,0.,34.8339845174077));
#8233=CARTESIAN_POINT('Ctrl Pts',(-47.4435119223928,0.,34.8680157904138));
#8234=CARTESIAN_POINT('Ctrl Pts',(-47.464600290145,0.,34.8852379573907));
#8235=CARTESIAN_POINT('',(-47.3922944916145,0.2,34.7542694164838));
#8236=CARTESIAN_POINT('',(-47.3922944916145,0.,34.7542694164838));
#8237=CARTESIAN_POINT('Ctrl Pts',(-47.3922944916145,0.2,34.7542694164838));
#8238=CARTESIAN_POINT('Ctrl Pts',(-47.3954507990221,0.2,34.7806252306807));
#8239=CARTESIAN_POINT('Ctrl Pts',(-47.4018409758046,0.2,34.8339845174077));
#8240=CARTESIAN_POINT('Ctrl Pts',(-47.4435119223928,0.2,34.8680157904138));
#8241=CARTESIAN_POINT('Ctrl Pts',(-47.464600290145,0.2,34.8852379573907));
#8242=CARTESIAN_POINT('Ctrl Pts',(-47.4741501463309,0.,34.5926049305524));
#8243=CARTESIAN_POINT('Ctrl Pts',(-47.4741501463309,0.2,34.5926049305524));
#8244=CARTESIAN_POINT('Ctrl Pts',(-47.4502876468266,0.,34.6158790441033));
#8245=CARTESIAN_POINT('Ctrl Pts',(-47.4502876468266,0.2,34.6158790441033));
#8246=CARTESIAN_POINT('Ctrl Pts',(-47.4044447428567,0.,34.6605915836386));
#8247=CARTESIAN_POINT('Ctrl Pts',(-47.4044447428567,0.2,34.6605915836386));
#8248=CARTESIAN_POINT('Ctrl Pts',(-47.3962321856436,0.,34.7239099913409));
#8249=CARTESIAN_POINT('Ctrl Pts',(-47.3962321856436,0.2,34.7239099913409));
#8250=CARTESIAN_POINT('Ctrl Pts',(-47.3922944916145,0.,34.7542694164838));
#8251=CARTESIAN_POINT('Ctrl Pts',(-47.3922944916145,0.2,34.7542694164838));
#8252=CARTESIAN_POINT('',(-47.4741501463309,0.,34.5926049305524));
#8253=CARTESIAN_POINT('Ctrl Pts',(-47.4741501463309,0.,34.5926049305524));
#8254=CARTESIAN_POINT('Ctrl Pts',(-47.4502876468266,0.,34.6158790441033));
#8255=CARTESIAN_POINT('Ctrl Pts',(-47.4044447428567,0.,34.6605915836386));
#8256=CARTESIAN_POINT('Ctrl Pts',(-47.3962321856436,0.,34.7239099913409));
#8257=CARTESIAN_POINT('Ctrl Pts',(-47.3922944916145,0.,34.7542694164838));
#8258=CARTESIAN_POINT('',(-47.4741501463309,0.2,34.5926049305524));
#8259=CARTESIAN_POINT('',(-47.4741501463309,0.,34.5926049305524));
#8260=CARTESIAN_POINT('Ctrl Pts',(-47.4741501463309,0.2,34.5926049305524));
#8261=CARTESIAN_POINT('Ctrl Pts',(-47.4502876468266,0.2,34.6158790441033));
#8262=CARTESIAN_POINT('Ctrl Pts',(-47.4044447428567,0.2,34.6605915836386));
#8263=CARTESIAN_POINT('Ctrl Pts',(-47.3962321856436,0.2,34.7239099913409));
#8264=CARTESIAN_POINT('Ctrl Pts',(-47.3922944916145,0.2,34.7542694164838));
#8265=CARTESIAN_POINT('Ctrl Pts',(-47.7251733196632,0.,34.5237100078191));
#8266=CARTESIAN_POINT('Ctrl Pts',(-47.7251733196632,0.2,34.5237100078191));
#8267=CARTESIAN_POINT('Ctrl Pts',(-47.6746965275675,0.,34.5248710501376));
#8268=CARTESIAN_POINT('Ctrl Pts',(-47.6746965275675,0.2,34.5248710501376));
#8269=CARTESIAN_POINT('Ctrl Pts',(-47.58480091458,0.,34.5269387847655));
#8270=CARTESIAN_POINT('Ctrl Pts',(-47.58480091458,0.2,34.5269387847655));
#8271=CARTESIAN_POINT('Ctrl Pts',(-47.507879736171,0.,34.5725879690905));
#8272=CARTESIAN_POINT('Ctrl Pts',(-47.507879736171,0.2,34.5725879690905));
#8273=CARTESIAN_POINT('Ctrl Pts',(-47.4741501463309,0.,34.5926049305524));
#8274=CARTESIAN_POINT('Ctrl Pts',(-47.4741501463309,0.2,34.5926049305524));
#8275=CARTESIAN_POINT('',(-47.7251733196632,0.,34.5237100078191));
#8276=CARTESIAN_POINT('Ctrl Pts',(-47.7251733196632,0.,34.5237100078191));
#8277=CARTESIAN_POINT('Ctrl Pts',(-47.6746965275675,0.,34.5248710501376));
#8278=CARTESIAN_POINT('Ctrl Pts',(-47.58480091458,0.,34.5269387847655));
#8279=CARTESIAN_POINT('Ctrl Pts',(-47.507879736171,0.,34.5725879690905));
#8280=CARTESIAN_POINT('Ctrl Pts',(-47.4741501463309,0.,34.5926049305524));
#8281=CARTESIAN_POINT('',(-47.7251733196632,0.2,34.5237100078191));
#8282=CARTESIAN_POINT('',(-47.7251733196632,0.,34.5237100078191));
#8283=CARTESIAN_POINT('Ctrl Pts',(-47.7251733196632,0.2,34.5237100078191));
#8284=CARTESIAN_POINT('Ctrl Pts',(-47.6746965275675,0.2,34.5248710501376));
#8285=CARTESIAN_POINT('Ctrl Pts',(-47.58480091458,0.2,34.5269387847655));
#8286=CARTESIAN_POINT('Ctrl Pts',(-47.507879736171,0.2,34.5725879690905));
#8287=CARTESIAN_POINT('Ctrl Pts',(-47.4741501463309,0.2,34.5926049305524));
#8288=CARTESIAN_POINT('Ctrl Pts',(-47.9864282263175,0.,34.6014726115789));
#8289=CARTESIAN_POINT('Ctrl Pts',(-47.9864282263175,0.2,34.6014726115789));
#8290=CARTESIAN_POINT('Ctrl Pts',(-47.9500866366164,0.,34.5788372844184));
#8291=CARTESIAN_POINT('Ctrl Pts',(-47.9500866366164,0.2,34.5788372844184));
#8292=CARTESIAN_POINT('Ctrl Pts',(-47.8704504164161,0.,34.5292359347558));
#8293=CARTESIAN_POINT('Ctrl Pts',(-47.8704504164161,0.2,34.5292359347558));
#8294=CARTESIAN_POINT('Ctrl Pts',(-47.776338004428,0.,34.5256561666843));
#8295=CARTESIAN_POINT('Ctrl Pts',(-47.776338004428,0.2,34.5256561666843));
#8296=CARTESIAN_POINT('Ctrl Pts',(-47.7251733196632,0.,34.5237100078191));
#8297=CARTESIAN_POINT('Ctrl Pts',(-47.7251733196632,0.2,34.5237100078191));
#8298=CARTESIAN_POINT('',(-47.9864282263175,0.,34.6014726115789));
#8299=CARTESIAN_POINT('Ctrl Pts',(-47.9864282263175,0.,34.6014726115789));
#8300=CARTESIAN_POINT('Ctrl Pts',(-47.9500866366164,0.,34.5788372844184));
#8301=CARTESIAN_POINT('Ctrl Pts',(-47.8704504164161,0.,34.5292359347558));
#8302=CARTESIAN_POINT('Ctrl Pts',(-47.776338004428,0.,34.5256561666843));
#8303=CARTESIAN_POINT('Ctrl Pts',(-47.7251733196632,0.,34.5237100078191));
#8304=CARTESIAN_POINT('',(-47.9864282263175,0.2,34.6014726115789));
#8305=CARTESIAN_POINT('',(-47.9864282263175,0.,34.6014726115789));
#8306=CARTESIAN_POINT('Ctrl Pts',(-47.9864282263175,0.2,34.6014726115789));
#8307=CARTESIAN_POINT('Ctrl Pts',(-47.9500866366164,0.2,34.5788372844184));
#8308=CARTESIAN_POINT('Ctrl Pts',(-47.8704504164161,0.2,34.5292359347558));
#8309=CARTESIAN_POINT('Ctrl Pts',(-47.776338004428,0.2,34.5256561666843));
#8310=CARTESIAN_POINT('Ctrl Pts',(-47.7251733196632,0.2,34.5237100078191));
#8311=CARTESIAN_POINT('Ctrl Pts',(-48.1003437293426,0.,34.8252105666723));
#8312=CARTESIAN_POINT('Ctrl Pts',(-48.1003437293426,0.2,34.8252105666723));
#8313=CARTESIAN_POINT('Ctrl Pts',(-48.091383907832,0.,34.7801776122184));
#8314=CARTESIAN_POINT('Ctrl Pts',(-48.091383907832,0.2,34.7801776122184));
#8315=CARTESIAN_POINT('Ctrl Pts',(-48.0743687796701,0.,34.6946578849966));
#8316=CARTESIAN_POINT('Ctrl Pts',(-48.0743687796701,0.2,34.6946578849966));
#8317=CARTESIAN_POINT('Ctrl Pts',(-48.0146841432818,0.,34.6314136939079));
#8318=CARTESIAN_POINT('Ctrl Pts',(-48.0146841432818,0.2,34.6314136939079));
#8319=CARTESIAN_POINT('Ctrl Pts',(-47.9864282263175,0.,34.6014726115789));
#8320=CARTESIAN_POINT('Ctrl Pts',(-47.9864282263175,0.2,34.6014726115789));
#8321=CARTESIAN_POINT('',(-48.1003437293426,0.,34.8252105666723));
#8322=CARTESIAN_POINT('Ctrl Pts',(-48.1003437293426,0.,34.8252105666723));
#8323=CARTESIAN_POINT('Ctrl Pts',(-48.091383907832,0.,34.7801776122184));
#8324=CARTESIAN_POINT('Ctrl Pts',(-48.0743687796701,0.,34.6946578849966));
#8325=CARTESIAN_POINT('Ctrl Pts',(-48.0146841432818,0.,34.6314136939079));
#8326=CARTESIAN_POINT('Ctrl Pts',(-47.9864282263175,0.,34.6014726115789));
#8327=CARTESIAN_POINT('',(-48.1003437293426,0.2,34.8252105666723));
#8328=CARTESIAN_POINT('',(-48.1003437293426,0.,34.8252105666723));
#8329=CARTESIAN_POINT('Ctrl Pts',(-48.1003437293426,0.2,34.8252105666723));
#8330=CARTESIAN_POINT('Ctrl Pts',(-48.091383907832,0.2,34.7801776122184));
#8331=CARTESIAN_POINT('Ctrl Pts',(-48.0743687796701,0.2,34.6946578849966));
#8332=CARTESIAN_POINT('Ctrl Pts',(-48.0146841432818,0.2,34.6314136939079));
#8333=CARTESIAN_POINT('Ctrl Pts',(-47.9864282263175,0.2,34.6014726115789));
#8334=CARTESIAN_POINT('Origin',(-48.3431813968078,0.,34.7870114399518));
#8335=CARTESIAN_POINT('',(-48.3431813968078,0.,34.7870114399518));
#8336=CARTESIAN_POINT('',(-42.3757274090417,0.,35.7257106683558));
#8337=CARTESIAN_POINT('',(-48.3431813968078,0.2,34.7870114399518));
#8338=CARTESIAN_POINT('',(-48.3431813968078,0.,34.7870114399518));
#8339=CARTESIAN_POINT('',(-48.3431813968078,0.2,34.7870114399518));
#8340=CARTESIAN_POINT('Ctrl Pts',(-48.1542319906608,0.,34.4391260994996));
#8341=CARTESIAN_POINT('Ctrl Pts',(-48.1542319906608,0.2,34.4391260994996));
#8342=CARTESIAN_POINT('Ctrl Pts',(-48.1994386988938,0.,34.484999702143));
#8343=CARTESIAN_POINT('Ctrl Pts',(-48.1994386988938,0.2,34.484999702143));
#8344=CARTESIAN_POINT('Ctrl Pts',(-48.2955251685409,0.,34.5825036501253));
#8345=CARTESIAN_POINT('Ctrl Pts',(-48.2955251685409,0.2,34.5825036501253));
#8346=CARTESIAN_POINT('Ctrl Pts',(-48.3266827936484,0.,34.7162107704472));
#8347=CARTESIAN_POINT('Ctrl Pts',(-48.3266827936484,0.2,34.7162107704472));
#8348=CARTESIAN_POINT('Ctrl Pts',(-48.3431813968078,0.,34.7870114399518));
#8349=CARTESIAN_POINT('Ctrl Pts',(-48.3431813968078,0.2,34.7870114399518));
#8350=CARTESIAN_POINT('Ctrl Pts',(-48.1542319906608,0.,34.4391260994996));
#8351=CARTESIAN_POINT('Ctrl Pts',(-48.1994386988938,0.,34.484999702143));
#8352=CARTESIAN_POINT('Ctrl Pts',(-48.2955251685409,0.,34.5825036501253));
#8353=CARTESIAN_POINT('Ctrl Pts',(-48.3266827936484,0.,34.7162107704472));
#8354=CARTESIAN_POINT('Ctrl Pts',(-48.3431813968078,0.,34.7870114399518));
#8355=CARTESIAN_POINT('Ctrl Pts',(-48.1542319906608,0.2,34.4391260994996));
#8356=CARTESIAN_POINT('Ctrl Pts',(-48.1994386988938,0.2,34.484999702143));
#8357=CARTESIAN_POINT('Ctrl Pts',(-48.2955251685409,0.2,34.5825036501253));
#8358=CARTESIAN_POINT('Ctrl Pts',(-48.3266827936484,0.2,34.7162107704472));
#8359=CARTESIAN_POINT('Ctrl Pts',(-48.3431813968078,0.2,34.7870114399518));
#8360=CARTESIAN_POINT('Origin',(-44.386838144596,0.2,35.0769159896697));
#8361=CARTESIAN_POINT('Ctrl Pts',(-36.5150792253867,0.,35.6328505231466));
#8362=CARTESIAN_POINT('Ctrl Pts',(-36.5150792253867,0.2,35.6328505231466));
#8363=CARTESIAN_POINT('Ctrl Pts',(-36.5676867509419,0.,35.6269313844649));
#8364=CARTESIAN_POINT('Ctrl Pts',(-36.5676867509419,0.2,35.6269313844649));
#8365=CARTESIAN_POINT('Ctrl Pts',(-36.6746144560281,0.,35.6149004077435));
#8366=CARTESIAN_POINT('Ctrl Pts',(-36.6746144560281,0.2,35.6149004077435));
#8367=CARTESIAN_POINT('Ctrl Pts',(-36.7502092814496,0.,35.5381455488221));
#8368=CARTESIAN_POINT('Ctrl Pts',(-36.7502092814496,0.2,35.5381455488221));
#8369=CARTESIAN_POINT('Ctrl Pts',(-36.7886120928184,0.,35.4991534306135));
#8370=CARTESIAN_POINT('Ctrl Pts',(-36.7886120928184,0.2,35.4991534306135));
#8371=CARTESIAN_POINT('',(-36.5150792253867,0.,35.6328505231466));
#8372=CARTESIAN_POINT('',(-36.7886120928184,0.,35.4991534306135));
#8373=CARTESIAN_POINT('Ctrl Pts',(-36.5150792253867,0.,35.6328505231466));
#8374=CARTESIAN_POINT('Ctrl Pts',(-36.5676867509419,0.,35.6269313844649));
#8375=CARTESIAN_POINT('Ctrl Pts',(-36.6746144560281,0.,35.6149004077435));
#8376=CARTESIAN_POINT('Ctrl Pts',(-36.7502092814496,0.,35.5381455488221));
#8377=CARTESIAN_POINT('Ctrl Pts',(-36.7886120928184,0.,35.4991534306135));
#8378=CARTESIAN_POINT('',(-36.5150792253867,0.2,35.6328505231466));
#8379=CARTESIAN_POINT('',(-36.5150792253867,0.,35.6328505231466));
#8380=CARTESIAN_POINT('',(-36.7886120928184,0.2,35.4991534306135));
#8381=CARTESIAN_POINT('Ctrl Pts',(-36.5150792253867,0.2,35.6328505231466));
#8382=CARTESIAN_POINT('Ctrl Pts',(-36.5676867509419,0.2,35.6269313844649));
#8383=CARTESIAN_POINT('Ctrl Pts',(-36.6746144560281,0.2,35.6149004077435));
#8384=CARTESIAN_POINT('Ctrl Pts',(-36.7502092814496,0.2,35.5381455488221));
#8385=CARTESIAN_POINT('Ctrl Pts',(-36.7886120928184,0.2,35.4991534306135));
#8386=CARTESIAN_POINT('',(-36.7886120928184,0.,35.4991534306135));
#8387=CARTESIAN_POINT('Ctrl Pts',(-36.2326771868125,0.,35.4936963273611));
#8388=CARTESIAN_POINT('Ctrl Pts',(-36.2326771868125,0.2,35.4936963273611));
#8389=CARTESIAN_POINT('Ctrl Pts',(-36.2724909908375,0.,35.5342778765138));
#8390=CARTESIAN_POINT('Ctrl Pts',(-36.2724909908375,0.2,35.5342778765138));
#8391=CARTESIAN_POINT('Ctrl Pts',(-36.3505010520153,0.,35.6137922361593));
#8392=CARTESIAN_POINT('Ctrl Pts',(-36.3505010520153,0.2,35.6137922361593));
#8393=CARTESIAN_POINT('Ctrl Pts',(-36.4609834557061,0.,35.6265861888047));
#8394=CARTESIAN_POINT('Ctrl Pts',(-36.4609834557061,0.2,35.6265861888047));
#8395=CARTESIAN_POINT('Ctrl Pts',(-36.5150792253867,0.,35.6328505231466));
#8396=CARTESIAN_POINT('Ctrl Pts',(-36.5150792253867,0.2,35.6328505231466));
#8397=CARTESIAN_POINT('',(-36.2326771868125,0.,35.4936963273611));
#8398=CARTESIAN_POINT('Ctrl Pts',(-36.2326771868125,0.,35.4936963273611));
#8399=CARTESIAN_POINT('Ctrl Pts',(-36.2724909908375,0.,35.5342778765138));
#8400=CARTESIAN_POINT('Ctrl Pts',(-36.3505010520153,0.,35.6137922361593));
#8401=CARTESIAN_POINT('Ctrl Pts',(-36.4609834557061,0.,35.6265861888047));
#8402=CARTESIAN_POINT('Ctrl Pts',(-36.5150792253867,0.,35.6328505231466));
#8403=CARTESIAN_POINT('',(-36.2326771868125,0.2,35.4936963273611));
#8404=CARTESIAN_POINT('',(-36.2326771868125,0.,35.4936963273611));
#8405=CARTESIAN_POINT('Ctrl Pts',(-36.2326771868125,0.2,35.4936963273611));
#8406=CARTESIAN_POINT('Ctrl Pts',(-36.2724909908375,0.2,35.5342778765138));
#8407=CARTESIAN_POINT('Ctrl Pts',(-36.3505010520153,0.2,35.6137922361593));
#8408=CARTESIAN_POINT('Ctrl Pts',(-36.4609834557061,0.2,35.6265861888047));
#8409=CARTESIAN_POINT('Ctrl Pts',(-36.5150792253867,0.2,35.6328505231466));
#8410=CARTESIAN_POINT('Ctrl Pts',(-36.1180801046745,0.,35.0571343256559));
#8411=CARTESIAN_POINT('Ctrl Pts',(-36.1180801046745,0.2,35.0571343256559));
#8412=CARTESIAN_POINT('Ctrl Pts',(-36.1197153325457,0.,35.1453536904499));
#8413=CARTESIAN_POINT('Ctrl Pts',(-36.1197153325457,0.2,35.1453536904499));
#8414=CARTESIAN_POINT('Ctrl Pts',(-36.1226005360624,0.,35.3010083401962));
#8415=CARTESIAN_POINT('Ctrl Pts',(-36.1226005360624,0.2,35.3010083401962));
#8416=CARTESIAN_POINT('Ctrl Pts',(-36.1994033848369,0.,35.4354508967059));
#8417=CARTESIAN_POINT('Ctrl Pts',(-36.1994033848369,0.2,35.4354508967059));
#8418=CARTESIAN_POINT('Ctrl Pts',(-36.2326771868125,0.,35.4936963273611));
#8419=CARTESIAN_POINT('Ctrl Pts',(-36.2326771868125,0.2,35.4936963273611));
#8420=CARTESIAN_POINT('',(-36.1180801046745,0.,35.0571343256559));
#8421=CARTESIAN_POINT('Ctrl Pts',(-36.1180801046745,0.,35.0571343256559));
#8422=CARTESIAN_POINT('Ctrl Pts',(-36.1197153325457,0.,35.1453536904499));
#8423=CARTESIAN_POINT('Ctrl Pts',(-36.1226005360624,0.,35.3010083401962));
#8424=CARTESIAN_POINT('Ctrl Pts',(-36.1994033848369,0.,35.4354508967059));
#8425=CARTESIAN_POINT('Ctrl Pts',(-36.2326771868125,0.,35.4936963273611));
#8426=CARTESIAN_POINT('',(-36.1180801046745,0.2,35.0571343256559));
#8427=CARTESIAN_POINT('',(-36.1180801046745,0.,35.0571343256559));
#8428=CARTESIAN_POINT('Ctrl Pts',(-36.1180801046745,0.2,35.0571343256559));
#8429=CARTESIAN_POINT('Ctrl Pts',(-36.1197153325457,0.2,35.1453536904499));
#8430=CARTESIAN_POINT('Ctrl Pts',(-36.1226005360624,0.2,35.3010083401962));
#8431=CARTESIAN_POINT('Ctrl Pts',(-36.1994033848369,0.2,35.4354508967059));
#8432=CARTESIAN_POINT('Ctrl Pts',(-36.2326771868125,0.2,35.4936963273611));
#8433=CARTESIAN_POINT('Ctrl Pts',(-36.2306315554038,0.,34.6553607238855));
#8434=CARTESIAN_POINT('Ctrl Pts',(-36.2306315554038,0.2,34.6553607238855));
#8435=CARTESIAN_POINT('Ctrl Pts',(-36.1979236484958,0.,34.7093983102201));
#8436=CARTESIAN_POINT('Ctrl Pts',(-36.1979236484958,0.2,34.7093983102201));
#8437=CARTESIAN_POINT('Ctrl Pts',(-36.123613099054,0.,34.8321687076757));
#8438=CARTESIAN_POINT('Ctrl Pts',(-36.123613099054,0.2,34.8321687076757));
#8439=CARTESIAN_POINT('Ctrl Pts',(-36.1200659630862,0.,34.9763914522374));
#8440=CARTESIAN_POINT('Ctrl Pts',(-36.1200659630862,0.2,34.9763914522374));
#8441=CARTESIAN_POINT('Ctrl Pts',(-36.1180801046745,0.,35.0571343256559));
#8442=CARTESIAN_POINT('Ctrl Pts',(-36.1180801046745,0.2,35.0571343256559));
#8443=CARTESIAN_POINT('',(-36.2306315554038,0.,34.6553607238855));
#8444=CARTESIAN_POINT('Ctrl Pts',(-36.2306315554038,0.,34.6553607238855));
#8445=CARTESIAN_POINT('Ctrl Pts',(-36.1979236484958,0.,34.7093983102201));
#8446=CARTESIAN_POINT('Ctrl Pts',(-36.123613099054,0.,34.8321687076757));
#8447=CARTESIAN_POINT('Ctrl Pts',(-36.1200659630862,0.,34.9763914522374));
#8448=CARTESIAN_POINT('Ctrl Pts',(-36.1180801046745,0.,35.0571343256559));
#8449=CARTESIAN_POINT('',(-36.2306315554038,0.2,34.6553607238855));
#8450=CARTESIAN_POINT('',(-36.2306315554038,0.,34.6553607238855));
#8451=CARTESIAN_POINT('Ctrl Pts',(-36.2306315554038,0.2,34.6553607238855));
#8452=CARTESIAN_POINT('Ctrl Pts',(-36.1979236484958,0.2,34.7093983102201));
#8453=CARTESIAN_POINT('Ctrl Pts',(-36.123613099054,0.2,34.8321687076757));
#8454=CARTESIAN_POINT('Ctrl Pts',(-36.1200659630862,0.2,34.9763914522374));
#8455=CARTESIAN_POINT('Ctrl Pts',(-36.1180801046745,0.2,35.0571343256559));
#8456=CARTESIAN_POINT('Ctrl Pts',(-36.5041644228355,0.,34.5237100078191));
#8457=CARTESIAN_POINT('Ctrl Pts',(-36.5041644228355,0.2,34.5237100078191));
#8458=CARTESIAN_POINT('Ctrl Pts',(-36.4521452873535,0.,34.5296431457355));
#8459=CARTESIAN_POINT('Ctrl Pts',(-36.4521452873535,0.2,34.5296431457355));
#8460=CARTESIAN_POINT('Ctrl Pts',(-36.3458696841154,0.,34.5417646046049));
#8461=CARTESIAN_POINT('Ctrl Pts',(-36.3458696841154,0.2,34.5417646046049));
#8462=CARTESIAN_POINT('Ctrl Pts',(-36.2695796221421,0.,34.6169676218418));
#8463=CARTESIAN_POINT('Ctrl Pts',(-36.2695796221421,0.2,34.6169676218418));
#8464=CARTESIAN_POINT('Ctrl Pts',(-36.2306315554038,0.,34.6553607238855));
#8465=CARTESIAN_POINT('Ctrl Pts',(-36.2306315554038,0.2,34.6553607238855));
#8466=CARTESIAN_POINT('',(-36.5041644228355,0.,34.5237100078191));
#8467=CARTESIAN_POINT('Ctrl Pts',(-36.5041644228355,0.,34.5237100078191));
#8468=CARTESIAN_POINT('Ctrl Pts',(-36.4521452873535,0.,34.5296431457355));
#8469=CARTESIAN_POINT('Ctrl Pts',(-36.3458696841154,0.,34.5417646046049));
#8470=CARTESIAN_POINT('Ctrl Pts',(-36.2695796221421,0.,34.6169676218418));
#8471=CARTESIAN_POINT('Ctrl Pts',(-36.2306315554038,0.,34.6553607238855));
#8472=CARTESIAN_POINT('',(-36.5041644228355,0.2,34.5237100078191));
#8473=CARTESIAN_POINT('',(-36.5041644228355,0.,34.5237100078191));
#8474=CARTESIAN_POINT('Ctrl Pts',(-36.5041644228355,0.2,34.5237100078191));
#8475=CARTESIAN_POINT('Ctrl Pts',(-36.4521452873535,0.2,34.5296431457355));
#8476=CARTESIAN_POINT('Ctrl Pts',(-36.3458696841154,0.2,34.5417646046049));
#8477=CARTESIAN_POINT('Ctrl Pts',(-36.2695796221421,0.2,34.6169676218418));
#8478=CARTESIAN_POINT('Ctrl Pts',(-36.2306315554038,0.2,34.6553607238855));
#8479=CARTESIAN_POINT('Ctrl Pts',(-36.781109060134,0.,34.6614998532857));
#8480=CARTESIAN_POINT('Ctrl Pts',(-36.781109060134,0.2,34.6614998532857));
#8481=CARTESIAN_POINT('Ctrl Pts',(-36.7412654976342,0.,34.6213265966445));
#8482=CARTESIAN_POINT('Ctrl Pts',(-36.7412654976342,0.2,34.6213265966445));
#8483=CARTESIAN_POINT('Ctrl Pts',(-36.6643548577182,0.,34.5437795430697));
#8484=CARTESIAN_POINT('Ctrl Pts',(-36.6643548577182,0.2,34.5437795430697));
#8485=CARTESIAN_POINT('Ctrl Pts',(-36.5562604938054,0.,34.5302368889872));
#8486=CARTESIAN_POINT('Ctrl Pts',(-36.5562604938054,0.2,34.5302368889872));
#8487=CARTESIAN_POINT('Ctrl Pts',(-36.5041644228355,0.,34.5237100078191));
#8488=CARTESIAN_POINT('Ctrl Pts',(-36.5041644228355,0.2,34.5237100078191));
#8489=CARTESIAN_POINT('',(-36.781109060134,0.,34.6614998532857));
#8490=CARTESIAN_POINT('Ctrl Pts',(-36.781109060134,0.,34.6614998532857));
#8491=CARTESIAN_POINT('Ctrl Pts',(-36.7412654976342,0.,34.6213265966445));
#8492=CARTESIAN_POINT('Ctrl Pts',(-36.6643548577182,0.,34.5437795430697));
#8493=CARTESIAN_POINT('Ctrl Pts',(-36.5562604938054,0.,34.5302368889872));
#8494=CARTESIAN_POINT('Ctrl Pts',(-36.5041644228355,0.,34.5237100078191));
#8495=CARTESIAN_POINT('',(-36.781109060134,0.2,34.6614998532857));
#8496=CARTESIAN_POINT('',(-36.781109060134,0.,34.6614998532857));
#8497=CARTESIAN_POINT('Ctrl Pts',(-36.781109060134,0.2,34.6614998532857));
#8498=CARTESIAN_POINT('Ctrl Pts',(-36.7412654976342,0.2,34.6213265966445));
#8499=CARTESIAN_POINT('Ctrl Pts',(-36.6643548577182,0.2,34.5437795430697));
#8500=CARTESIAN_POINT('Ctrl Pts',(-36.5562604938054,0.2,34.5302368889872));
#8501=CARTESIAN_POINT('Ctrl Pts',(-36.5041644228355,0.2,34.5237100078191));
#8502=CARTESIAN_POINT('Ctrl Pts',(-36.8984348429099,0.,35.0775980903234));
#8503=CARTESIAN_POINT('Ctrl Pts',(-36.8984348429099,0.2,35.0775980903234));
#8504=CARTESIAN_POINT('Ctrl Pts',(-36.8962616687402,0.,34.9942249308167));
#8505=CARTESIAN_POINT('Ctrl Pts',(-36.8962616687402,0.2,34.9942249308167));
#8506=CARTESIAN_POINT('Ctrl Pts',(-36.8923670886618,0.,34.8448105623744));
#8507=CARTESIAN_POINT('Ctrl Pts',(-36.8923670886618,0.2,34.8448105623744));
#8508=CARTESIAN_POINT('Ctrl Pts',(-36.8152117498726,0.,34.7176880522007));
#8509=CARTESIAN_POINT('Ctrl Pts',(-36.8152117498726,0.2,34.7176880522007));
#8510=CARTESIAN_POINT('Ctrl Pts',(-36.781109060134,0.,34.6614998532857));
#8511=CARTESIAN_POINT('Ctrl Pts',(-36.781109060134,0.2,34.6614998532857));
#8512=CARTESIAN_POINT('',(-36.8984348429099,0.,35.0775980903234));
#8513=CARTESIAN_POINT('Ctrl Pts',(-36.8984348429099,0.,35.0775980903234));
#8514=CARTESIAN_POINT('Ctrl Pts',(-36.8962616687402,0.,34.9942249308167));
#8515=CARTESIAN_POINT('Ctrl Pts',(-36.8923670886618,0.,34.8448105623744));
#8516=CARTESIAN_POINT('Ctrl Pts',(-36.8152117498726,0.,34.7176880522007));
#8517=CARTESIAN_POINT('Ctrl Pts',(-36.781109060134,0.,34.6614998532857));
#8518=CARTESIAN_POINT('',(-36.8984348429099,0.2,35.0775980903234));
#8519=CARTESIAN_POINT('',(-36.8984348429099,0.,35.0775980903234));
#8520=CARTESIAN_POINT('Ctrl Pts',(-36.8984348429099,0.2,35.0775980903234));
#8521=CARTESIAN_POINT('Ctrl Pts',(-36.8962616687402,0.2,34.9942249308167));
#8522=CARTESIAN_POINT('Ctrl Pts',(-36.8923670886618,0.2,34.8448105623744));
#8523=CARTESIAN_POINT('Ctrl Pts',(-36.8152117498726,0.2,34.7176880522007));
#8524=CARTESIAN_POINT('Ctrl Pts',(-36.781109060134,0.2,34.6614998532857));
#8525=CARTESIAN_POINT('Ctrl Pts',(-36.7886120928184,0.,35.4991534306135));
#8526=CARTESIAN_POINT('Ctrl Pts',(-36.7886120928184,0.2,35.4991534306135));
#8527=CARTESIAN_POINT('Ctrl Pts',(-36.8204952412115,0.,35.4430039610817));
#8528=CARTESIAN_POINT('Ctrl Pts',(-36.8204952412115,0.2,35.4430039610817));
#8529=CARTESIAN_POINT('Ctrl Pts',(-36.8942658137909,0.,35.313086474066));
#8530=CARTESIAN_POINT('Ctrl Pts',(-36.8942658137909,0.2,35.313086474066));
#8531=CARTESIAN_POINT('Ctrl Pts',(-36.8969249612239,0.,35.1628840376561));
#8532=CARTESIAN_POINT('Ctrl Pts',(-36.8969249612239,0.2,35.1628840376561));
#8533=CARTESIAN_POINT('Ctrl Pts',(-36.8984348429099,0.,35.0775980903234));
#8534=CARTESIAN_POINT('Ctrl Pts',(-36.8984348429099,0.2,35.0775980903234));
#8535=CARTESIAN_POINT('Ctrl Pts',(-36.7886120928184,0.,35.4991534306135));
#8536=CARTESIAN_POINT('Ctrl Pts',(-36.8204952412115,0.,35.4430039610817));
#8537=CARTESIAN_POINT('Ctrl Pts',(-36.8942658137909,0.,35.313086474066));
#8538=CARTESIAN_POINT('Ctrl Pts',(-36.8969249612239,0.,35.1628840376561));
#8539=CARTESIAN_POINT('Ctrl Pts',(-36.8984348429099,0.,35.0775980903234));
#8540=CARTESIAN_POINT('Ctrl Pts',(-36.7886120928184,0.2,35.4991534306135));
#8541=CARTESIAN_POINT('Ctrl Pts',(-36.8204952412115,0.2,35.4430039610817));
#8542=CARTESIAN_POINT('Ctrl Pts',(-36.8942658137909,0.2,35.313086474066));
#8543=CARTESIAN_POINT('Ctrl Pts',(-36.8969249612239,0.2,35.1628840376561));
#8544=CARTESIAN_POINT('Ctrl Pts',(-36.8984348429099,0.2,35.0775980903234));
#8545=CARTESIAN_POINT('Origin',(-35.8943421495811,0.,36.3545420719709));
#8546=CARTESIAN_POINT('',(-35.8943421495811,0.,36.3545420719709));
#8547=CARTESIAN_POINT('',(-35.8943421495811,0.,34.3545421911802));
#8548=CARTESIAN_POINT('',(-35.8943421495811,0.,17.4138992605909));
#8549=CARTESIAN_POINT('',(-35.8943421495811,0.2,36.3545420719709));
#8550=CARTESIAN_POINT('',(-35.8943421495811,0.,36.3545420719709));
#8551=CARTESIAN_POINT('',(-35.8943421495811,0.2,34.3545421911802));
#8552=CARTESIAN_POINT('',(-35.8943421495811,0.2,36.3545420719709));
#8553=CARTESIAN_POINT('',(-35.8943421495811,0.,34.3545421911802));
#8554=CARTESIAN_POINT('Origin',(-36.1385435713187,0.,36.3545420719709));
#8555=CARTESIAN_POINT('',(-36.1385435713187,0.,36.3545420719709));
#8556=CARTESIAN_POINT('',(-33.2696143869026,0.,36.3545420719709));
#8557=CARTESIAN_POINT('',(-36.1385435713187,0.2,36.3545420719709));
#8558=CARTESIAN_POINT('',(-36.1385435713187,0.,36.3545420719709));
#8559=CARTESIAN_POINT('',(-36.1385435713187,0.2,36.3545420719709));
#8560=CARTESIAN_POINT('Origin',(-36.1385435713187,0.,35.6369432760801));
#8561=CARTESIAN_POINT('',(-36.1385435713187,0.,35.6369432760801));
#8562=CARTESIAN_POINT('',(-36.1385435713187,0.,17.0550998626455));
#8563=CARTESIAN_POINT('',(-36.1385435713187,0.2,35.6369432760801));
#8564=CARTESIAN_POINT('',(-36.1385435713187,0.,35.6369432760801));
#8565=CARTESIAN_POINT('',(-36.1385435713187,0.2,35.6369432760801));
#8566=CARTESIAN_POINT('Ctrl Pts',(-36.3049835813895,0.,35.7808722509469));
#8567=CARTESIAN_POINT('Ctrl Pts',(-36.3049835813895,0.2,35.7808722509469));
#8568=CARTESIAN_POINT('Ctrl Pts',(-36.2726434063991,0.,35.7613019777199));
#8569=CARTESIAN_POINT('Ctrl Pts',(-36.2726434063991,0.2,35.7613019777199));
#8570=CARTESIAN_POINT('Ctrl Pts',(-36.2089673408232,0.,35.7227691620591));
#8571=CARTESIAN_POINT('Ctrl Pts',(-36.2089673408232,0.2,35.7227691620591));
#8572=CARTESIAN_POINT('Ctrl Pts',(-36.1617700327554,0.,35.6652495091174));
#8573=CARTESIAN_POINT('Ctrl Pts',(-36.1617700327554,0.2,35.6652495091174));
#8574=CARTESIAN_POINT('Ctrl Pts',(-36.1385435713187,0.,35.6369432760801));
#8575=CARTESIAN_POINT('Ctrl Pts',(-36.1385435713187,0.2,35.6369432760801));
#8576=CARTESIAN_POINT('',(-36.3049835813895,0.,35.7808722509469));
#8577=CARTESIAN_POINT('Ctrl Pts',(-36.3049835813895,0.,35.7808722509469));
#8578=CARTESIAN_POINT('Ctrl Pts',(-36.2726434063991,0.,35.7613019777199));
#8579=CARTESIAN_POINT('Ctrl Pts',(-36.2089673408232,0.,35.7227691620591));
#8580=CARTESIAN_POINT('Ctrl Pts',(-36.1617700327554,0.,35.6652495091174));
#8581=CARTESIAN_POINT('Ctrl Pts',(-36.1385435713187,0.,35.6369432760801));
#8582=CARTESIAN_POINT('',(-36.3049835813895,0.2,35.7808722509469));
#8583=CARTESIAN_POINT('',(-36.3049835813895,0.,35.7808722509469));
#8584=CARTESIAN_POINT('Ctrl Pts',(-36.3049835813895,0.2,35.7808722509469));
#8585=CARTESIAN_POINT('Ctrl Pts',(-36.2726434063991,0.2,35.7613019777199));
#8586=CARTESIAN_POINT('Ctrl Pts',(-36.2089673408232,0.2,35.7227691620591));
#8587=CARTESIAN_POINT('Ctrl Pts',(-36.1617700327554,0.2,35.6652495091174));
#8588=CARTESIAN_POINT('Ctrl Pts',(-36.1385435713187,0.2,35.6369432760801));
#8589=CARTESIAN_POINT('Ctrl Pts',(-36.5382713926688,0.,35.8361247135724));
#8590=CARTESIAN_POINT('Ctrl Pts',(-36.5382713926688,0.2,35.8361247135724));
#8591=CARTESIAN_POINT('Ctrl Pts',(-36.496375621647,0.,35.8341226185863));
#8592=CARTESIAN_POINT('Ctrl Pts',(-36.496375621647,0.2,35.8341226185863));
#8593=CARTESIAN_POINT('Ctrl Pts',(-36.4151105470584,0.,35.8302391622274));
#8594=CARTESIAN_POINT('Ctrl Pts',(-36.4151105470584,0.2,35.8302391622274));
#8595=CARTESIAN_POINT('Ctrl Pts',(-36.3409237670033,0.,35.7969832546763));
#8596=CARTESIAN_POINT('Ctrl Pts',(-36.3409237670033,0.2,35.7969832546763));
#8597=CARTESIAN_POINT('Ctrl Pts',(-36.3049835813895,0.,35.7808722509469));
#8598=CARTESIAN_POINT('Ctrl Pts',(-36.3049835813895,0.2,35.7808722509469));
#8599=CARTESIAN_POINT('',(-36.5382713926688,0.,35.8361247135724));
#8600=CARTESIAN_POINT('Ctrl Pts',(-36.5382713926688,0.,35.8361247135724));
#8601=CARTESIAN_POINT('Ctrl Pts',(-36.496375621647,0.,35.8341226185863));
#8602=CARTESIAN_POINT('Ctrl Pts',(-36.4151105470584,0.,35.8302391622274));
#8603=CARTESIAN_POINT('Ctrl Pts',(-36.3409237670033,0.,35.7969832546763));
#8604=CARTESIAN_POINT('Ctrl Pts',(-36.3049835813895,0.,35.7808722509469));
#8605=CARTESIAN_POINT('',(-36.5382713926688,0.2,35.8361247135724));
#8606=CARTESIAN_POINT('',(-36.5382713926688,0.,35.8361247135724));
#8607=CARTESIAN_POINT('Ctrl Pts',(-36.5382713926688,0.2,35.8361247135724));
#8608=CARTESIAN_POINT('Ctrl Pts',(-36.496375621647,0.2,35.8341226185863));
#8609=CARTESIAN_POINT('Ctrl Pts',(-36.4151105470584,0.2,35.8302391622274));
#8610=CARTESIAN_POINT('Ctrl Pts',(-36.3409237670033,0.2,35.7969832546763));
#8611=CARTESIAN_POINT('Ctrl Pts',(-36.3049835813895,0.2,35.7808722509469));
#8612=CARTESIAN_POINT('Ctrl Pts',(-36.8616003645316,0.,35.7419909490671));
#8613=CARTESIAN_POINT('Ctrl Pts',(-36.8616003645316,0.2,35.7419909490671));
#8614=CARTESIAN_POINT('Ctrl Pts',(-36.8117021742287,0.,35.7694459696673));
#8615=CARTESIAN_POINT('Ctrl Pts',(-36.8117021742287,0.2,35.7694459696673));
#8616=CARTESIAN_POINT('Ctrl Pts',(-36.7109640355697,0.,35.8248741857072));
#8617=CARTESIAN_POINT('Ctrl Pts',(-36.7109640355697,0.2,35.8248741857072));
#8618=CARTESIAN_POINT('Ctrl Pts',(-36.5961932547232,0.,35.8323512376901));
#8619=CARTESIAN_POINT('Ctrl Pts',(-36.5961932547232,0.2,35.8323512376901));
#8620=CARTESIAN_POINT('Ctrl Pts',(-36.5382713926688,0.,35.8361247135724));
#8621=CARTESIAN_POINT('Ctrl Pts',(-36.5382713926688,0.2,35.8361247135724));
#8622=CARTESIAN_POINT('',(-36.8616003645316,0.,35.7419909490671));
#8623=CARTESIAN_POINT('Ctrl Pts',(-36.8616003645316,0.,35.7419909490671));
#8624=CARTESIAN_POINT('Ctrl Pts',(-36.8117021742287,0.,35.7694459696673));
#8625=CARTESIAN_POINT('Ctrl Pts',(-36.7109640355697,0.,35.8248741857072));
#8626=CARTESIAN_POINT('Ctrl Pts',(-36.5961932547232,0.,35.8323512376901));
#8627=CARTESIAN_POINT('Ctrl Pts',(-36.5382713926688,0.,35.8361247135724));
#8628=CARTESIAN_POINT('',(-36.8616003645316,0.2,35.7419909490671));
#8629=CARTESIAN_POINT('',(-36.8616003645316,0.,35.7419909490671));
#8630=CARTESIAN_POINT('Ctrl Pts',(-36.8616003645316,0.2,35.7419909490671));
#8631=CARTESIAN_POINT('Ctrl Pts',(-36.8117021742287,0.2,35.7694459696673));
#8632=CARTESIAN_POINT('Ctrl Pts',(-36.7109640355697,0.2,35.8248741857072));
#8633=CARTESIAN_POINT('Ctrl Pts',(-36.5961932547232,0.2,35.8323512376901));
#8634=CARTESIAN_POINT('Ctrl Pts',(-36.5382713926688,0.2,35.8361247135724));
#8635=CARTESIAN_POINT('Ctrl Pts',(-37.0785171640769,0.,35.4711860372152));
#8636=CARTESIAN_POINT('Ctrl Pts',(-37.0785171640769,0.2,35.4711860372152));
#8637=CARTESIAN_POINT('Ctrl Pts',(-37.0520858092217,0.,35.5261845182454));
#8638=CARTESIAN_POINT('Ctrl Pts',(-37.0520858092217,0.2,35.5261845182454));
#8639=CARTESIAN_POINT('Ctrl Pts',(-37.0006146559716,0.,35.6332859234188));
#8640=CARTESIAN_POINT('Ctrl Pts',(-37.0006146559716,0.2,35.6332859234188));
#8641=CARTESIAN_POINT('Ctrl Pts',(-36.9070956793438,0.,35.7064149711421));
#8642=CARTESIAN_POINT('Ctrl Pts',(-36.9070956793438,0.2,35.7064149711421));
#8643=CARTESIAN_POINT('Ctrl Pts',(-36.8616003645316,0.,35.7419909490671));
#8644=CARTESIAN_POINT('Ctrl Pts',(-36.8616003645316,0.2,35.7419909490671));
#8645=CARTESIAN_POINT('',(-37.0785171640769,0.,35.4711860372152));
#8646=CARTESIAN_POINT('Ctrl Pts',(-37.0785171640769,0.,35.4711860372152));
#8647=CARTESIAN_POINT('Ctrl Pts',(-37.0520858092217,0.,35.5261845182454));
#8648=CARTESIAN_POINT('Ctrl Pts',(-37.0006146559716,0.,35.6332859234188));
#8649=CARTESIAN_POINT('Ctrl Pts',(-36.9070956793438,0.,35.7064149711421));
#8650=CARTESIAN_POINT('Ctrl Pts',(-36.8616003645316,0.,35.7419909490671));
#8651=CARTESIAN_POINT('',(-37.0785171640769,0.2,35.4711860372152));
#8652=CARTESIAN_POINT('',(-37.0785171640769,0.,35.4711860372152));
#8653=CARTESIAN_POINT('Ctrl Pts',(-37.0785171640769,0.2,35.4711860372152));
#8654=CARTESIAN_POINT('Ctrl Pts',(-37.0520858092217,0.2,35.5261845182454));
#8655=CARTESIAN_POINT('Ctrl Pts',(-37.0006146559716,0.2,35.6332859234188));
#8656=CARTESIAN_POINT('Ctrl Pts',(-36.9070956793438,0.2,35.7064149711421));
#8657=CARTESIAN_POINT('Ctrl Pts',(-36.8616003645316,0.2,35.7419909490671));
#8658=CARTESIAN_POINT('Ctrl Pts',(-37.1508223665611,0.,35.0775980903234));
#8659=CARTESIAN_POINT('Ctrl Pts',(-37.1508223665611,0.2,35.0775980903234));
#8660=CARTESIAN_POINT('Ctrl Pts',(-37.1482249795922,0.,35.1471910918102));
#8661=CARTESIAN_POINT('Ctrl Pts',(-37.1482249795922,0.2,35.1471910918102));
#8662=CARTESIAN_POINT('Ctrl Pts',(-37.1431952779868,0.,35.2819542347329));
#8663=CARTESIAN_POINT('Ctrl Pts',(-37.1431952779868,0.2,35.2819542347329));
#8664=CARTESIAN_POINT('Ctrl Pts',(-37.0995996058766,0.,35.4095041448204));
#8665=CARTESIAN_POINT('Ctrl Pts',(-37.0995996058766,0.2,35.4095041448204));
#8666=CARTESIAN_POINT('Ctrl Pts',(-37.0785171640769,0.,35.4711860372152));
#8667=CARTESIAN_POINT('Ctrl Pts',(-37.0785171640769,0.2,35.4711860372152));
#8668=CARTESIAN_POINT('',(-37.1508223665611,0.,35.0775980903234));
#8669=CARTESIAN_POINT('Ctrl Pts',(-37.1508223665611,0.,35.0775980903234));
#8670=CARTESIAN_POINT('Ctrl Pts',(-37.1482249795922,0.,35.1471910918102));
#8671=CARTESIAN_POINT('Ctrl Pts',(-37.1431952779868,0.,35.2819542347329));
#8672=CARTESIAN_POINT('Ctrl Pts',(-37.0995996058766,0.,35.4095041448204));
#8673=CARTESIAN_POINT('Ctrl Pts',(-37.0785171640769,0.,35.4711860372152));
#8674=CARTESIAN_POINT('',(-37.1508223665611,0.2,35.0775980903234));
#8675=CARTESIAN_POINT('',(-37.1508223665611,0.,35.0775980903234));
#8676=CARTESIAN_POINT('Ctrl Pts',(-37.1508223665611,0.2,35.0775980903234));
#8677=CARTESIAN_POINT('Ctrl Pts',(-37.1482249795922,0.2,35.1471910918102));
#8678=CARTESIAN_POINT('Ctrl Pts',(-37.1431952779868,0.2,35.2819542347329));
#8679=CARTESIAN_POINT('Ctrl Pts',(-37.0995996058766,0.2,35.4095041448204));
#8680=CARTESIAN_POINT('Ctrl Pts',(-37.0785171640769,0.2,35.4711860372152));
#8681=CARTESIAN_POINT('Ctrl Pts',(-37.0710129392997,0.,34.6840101434316));
#8682=CARTESIAN_POINT('Ctrl Pts',(-37.0710129392997,0.2,34.6840101434316));
#8683=CARTESIAN_POINT('Ctrl Pts',(-37.0942794872516,0.,34.7446567471885));
#8684=CARTESIAN_POINT('Ctrl Pts',(-37.0942794872516,0.2,34.7446567471885));
#8685=CARTESIAN_POINT('Ctrl Pts',(-37.142861092247,0.,34.8712896002497));
#8686=CARTESIAN_POINT('Ctrl Pts',(-37.142861092247,0.2,34.8712896002497));
#8687=CARTESIAN_POINT('Ctrl Pts',(-37.1480950429197,0.,35.0069222160595));
#8688=CARTESIAN_POINT('Ctrl Pts',(-37.1480950429197,0.2,35.0069222160595));
#8689=CARTESIAN_POINT('Ctrl Pts',(-37.1508223665611,0.,35.0775980903234));
#8690=CARTESIAN_POINT('Ctrl Pts',(-37.1508223665611,0.2,35.0775980903234));
#8691=CARTESIAN_POINT('',(-37.0710129392997,0.,34.6840101434316));
#8692=CARTESIAN_POINT('Ctrl Pts',(-37.0710129392997,0.,34.6840101434316));
#8693=CARTESIAN_POINT('Ctrl Pts',(-37.0942794872516,0.,34.7446567471885));
#8694=CARTESIAN_POINT('Ctrl Pts',(-37.142861092247,0.,34.8712896002497));
#8695=CARTESIAN_POINT('Ctrl Pts',(-37.1480950429197,0.,35.0069222160595));
#8696=CARTESIAN_POINT('Ctrl Pts',(-37.1508223665611,0.,35.0775980903234));
#8697=CARTESIAN_POINT('',(-37.0710129392997,0.2,34.6840101434316));
#8698=CARTESIAN_POINT('',(-37.0710129392997,0.,34.6840101434316));
#8699=CARTESIAN_POINT('Ctrl Pts',(-37.0710129392997,0.2,34.6840101434316));
#8700=CARTESIAN_POINT('Ctrl Pts',(-37.0942794872516,0.2,34.7446567471885));
#8701=CARTESIAN_POINT('Ctrl Pts',(-37.142861092247,0.2,34.8712896002497));
#8702=CARTESIAN_POINT('Ctrl Pts',(-37.1480950429197,0.2,35.0069222160595));
#8703=CARTESIAN_POINT('Ctrl Pts',(-37.1508223665611,0.2,35.0775980903234));
#8704=CARTESIAN_POINT('Ctrl Pts',(-36.8459112299339,0.,34.4172979845132));
#8705=CARTESIAN_POINT('Ctrl Pts',(-36.8459112299339,0.2,34.4172979845132));
#8706=CARTESIAN_POINT('Ctrl Pts',(-36.8918907684281,0.,34.4528877836558));
#8707=CARTESIAN_POINT('Ctrl Pts',(-36.8918907684281,0.2,34.4528877836558));
#8708=CARTESIAN_POINT('Ctrl Pts',(-36.9859131225963,0.,34.5256644319074));
#8709=CARTESIAN_POINT('Ctrl Pts',(-36.9859131225963,0.2,34.5256644319074));
#8710=CARTESIAN_POINT('Ctrl Pts',(-37.0422343525968,0.,34.6304616639558));
#8711=CARTESIAN_POINT('Ctrl Pts',(-37.0422343525968,0.2,34.6304616639558));
#8712=CARTESIAN_POINT('Ctrl Pts',(-37.0710129392997,0.,34.6840101434316));
#8713=CARTESIAN_POINT('Ctrl Pts',(-37.0710129392997,0.2,34.6840101434316));
#8714=CARTESIAN_POINT('',(-36.8459112299339,0.,34.4172979845132));
#8715=CARTESIAN_POINT('Ctrl Pts',(-36.8459112299339,0.,34.4172979845132));
#8716=CARTESIAN_POINT('Ctrl Pts',(-36.8918907684281,0.,34.4528877836558));
#8717=CARTESIAN_POINT('Ctrl Pts',(-36.9859131225963,0.,34.5256644319074));
#8718=CARTESIAN_POINT('Ctrl Pts',(-37.0422343525968,0.,34.6304616639558));
#8719=CARTESIAN_POINT('Ctrl Pts',(-37.0710129392997,0.,34.6840101434316));
#8720=CARTESIAN_POINT('',(-36.8459112299339,0.2,34.4172979845132));
#8721=CARTESIAN_POINT('',(-36.8459112299339,0.,34.4172979845132));
#8722=CARTESIAN_POINT('Ctrl Pts',(-36.8459112299339,0.2,34.4172979845132));
#8723=CARTESIAN_POINT('Ctrl Pts',(-36.8918907684281,0.2,34.4528877836558));
#8724=CARTESIAN_POINT('Ctrl Pts',(-36.9859131225963,0.2,34.5256644319074));
#8725=CARTESIAN_POINT('Ctrl Pts',(-37.0422343525968,0.2,34.6304616639558));
#8726=CARTESIAN_POINT('Ctrl Pts',(-37.0710129392997,0.2,34.6840101434316));
#8727=CARTESIAN_POINT('Ctrl Pts',(-36.5273565901176,0.,34.3218001677122));
#8728=CARTESIAN_POINT('Ctrl Pts',(-36.5273565901176,0.2,34.3218001677122));
#8729=CARTESIAN_POINT('Ctrl Pts',(-36.5839676110374,0.,34.3257939651367));
#8730=CARTESIAN_POINT('Ctrl Pts',(-36.5839676110374,0.2,34.3257939651367));
#8731=CARTESIAN_POINT('Ctrl Pts',(-36.6972950190738,0.,34.3337889933661));
#8732=CARTESIAN_POINT('Ctrl Pts',(-36.6972950190738,0.2,34.3337889933661));
#8733=CARTESIAN_POINT('Ctrl Pts',(-36.7963417967219,0.,34.3894444055846));
#8734=CARTESIAN_POINT('Ctrl Pts',(-36.7963417967219,0.2,34.3894444055846));
#8735=CARTESIAN_POINT('Ctrl Pts',(-36.8459112299339,0.,34.4172979845132));
#8736=CARTESIAN_POINT('Ctrl Pts',(-36.8459112299339,0.2,34.4172979845132));
#8737=CARTESIAN_POINT('',(-36.5273565901176,0.,34.3218001677122));
#8738=CARTESIAN_POINT('Ctrl Pts',(-36.5273565901176,0.,34.3218001677122));
#8739=CARTESIAN_POINT('Ctrl Pts',(-36.5839676110374,0.,34.3257939651367));
#8740=CARTESIAN_POINT('Ctrl Pts',(-36.6972950190738,0.,34.3337889933661));
#8741=CARTESIAN_POINT('Ctrl Pts',(-36.7963417967219,0.,34.3894444055846));
#8742=CARTESIAN_POINT('Ctrl Pts',(-36.8459112299339,0.,34.4172979845132));
#8743=CARTESIAN_POINT('',(-36.5273565901176,0.2,34.3218001677122));
#8744=CARTESIAN_POINT('',(-36.5273565901176,0.,34.3218001677122));
#8745=CARTESIAN_POINT('Ctrl Pts',(-36.5273565901176,0.2,34.3218001677122));
#8746=CARTESIAN_POINT('Ctrl Pts',(-36.5839676110374,0.2,34.3257939651367));
#8747=CARTESIAN_POINT('Ctrl Pts',(-36.6972950190738,0.2,34.3337889933661));
#8748=CARTESIAN_POINT('Ctrl Pts',(-36.7963417967219,0.2,34.3894444055846));
#8749=CARTESIAN_POINT('Ctrl Pts',(-36.8459112299339,0.2,34.4172979845132));
#8750=CARTESIAN_POINT('Ctrl Pts',(-36.1221725595847,0.,34.5373526169385));
#8751=CARTESIAN_POINT('Ctrl Pts',(-36.1221725595847,0.2,34.5373526169385));
#8752=CARTESIAN_POINT('Ctrl Pts',(-36.1740845795042,0.,34.4744862425547));
#8753=CARTESIAN_POINT('Ctrl Pts',(-36.1740845795042,0.2,34.4744862425547));
#8754=CARTESIAN_POINT('Ctrl Pts',(-36.2793144770089,0.,34.3470509752856));
#8755=CARTESIAN_POINT('Ctrl Pts',(-36.2793144770089,0.2,34.3470509752856));
#8756=CARTESIAN_POINT('Ctrl Pts',(-36.4439427483578,0.,34.3302917373123));
#8757=CARTESIAN_POINT('Ctrl Pts',(-36.4439427483578,0.2,34.3302917373123));
#8758=CARTESIAN_POINT('Ctrl Pts',(-36.5273565901176,0.,34.3218001677122));
#8759=CARTESIAN_POINT('Ctrl Pts',(-36.5273565901176,0.2,34.3218001677122));
#8760=CARTESIAN_POINT('',(-36.1221725595847,0.,34.5373526169385));
#8761=CARTESIAN_POINT('Ctrl Pts',(-36.1221725595847,0.,34.5373526169385));
#8762=CARTESIAN_POINT('Ctrl Pts',(-36.1740845795042,0.,34.4744862425547));
#8763=CARTESIAN_POINT('Ctrl Pts',(-36.2793144770089,0.,34.3470509752856));
#8764=CARTESIAN_POINT('Ctrl Pts',(-36.4439427483578,0.,34.3302917373123));
#8765=CARTESIAN_POINT('Ctrl Pts',(-36.5273565901176,0.,34.3218001677122));
#8766=CARTESIAN_POINT('',(-36.1221725595847,0.2,34.5373526169385));
#8767=CARTESIAN_POINT('',(-36.1221725595847,0.,34.5373526169385));
#8768=CARTESIAN_POINT('Ctrl Pts',(-36.1221725595847,0.2,34.5373526169385));
#8769=CARTESIAN_POINT('Ctrl Pts',(-36.1740845795042,0.2,34.4744862425547));
#8770=CARTESIAN_POINT('Ctrl Pts',(-36.2793144770089,0.2,34.3470509752856));
#8771=CARTESIAN_POINT('Ctrl Pts',(-36.4439427483578,0.2,34.3302917373123));
#8772=CARTESIAN_POINT('Ctrl Pts',(-36.5273565901176,0.2,34.3218001677122));
#8773=CARTESIAN_POINT('Origin',(-36.1221725595847,0.,34.3545421911802));
#8774=CARTESIAN_POINT('',(-36.1221725595847,0.,34.3545421911802));
#8775=CARTESIAN_POINT('',(-36.1221725595847,0.,16.4138993201956));
#8776=CARTESIAN_POINT('',(-36.1221725595847,0.2,34.3545421911802));
#8777=CARTESIAN_POINT('',(-36.1221725595847,0.,34.3545421911802));
#8778=CARTESIAN_POINT('',(-36.1221725595847,0.2,34.3545421911802));
#8779=CARTESIAN_POINT('Origin',(-35.8943421495811,0.,34.3545421911802));
#8780=CARTESIAN_POINT('',(-33.1475136760338,0.,34.3545421911802));
#8781=CARTESIAN_POINT('',(-35.8943421495811,0.2,34.3545421911802));
#8782=CARTESIAN_POINT('Origin',(-44.386838144596,0.2,35.0769159896697));
#8783=CARTESIAN_POINT('Ctrl Pts',(-42.3827440393821,0.,34.5237100078191));
#8784=CARTESIAN_POINT('Ctrl Pts',(-42.3827440393821,0.2,34.5237100078191));
#8785=CARTESIAN_POINT('Ctrl Pts',(-42.3369878903411,0.,34.5269941167697));
#8786=CARTESIAN_POINT('Ctrl Pts',(-42.3369878903411,0.2,34.5269941167697));
#8787=CARTESIAN_POINT('Ctrl Pts',(-42.2478550062748,0.,34.5333915542397));
#8788=CARTESIAN_POINT('Ctrl Pts',(-42.2478550062748,0.2,34.5333915542397));
#8789=CARTESIAN_POINT('Ctrl Pts',(-42.1761612562638,0.,34.5865277903895));
#8790=CARTESIAN_POINT('Ctrl Pts',(-42.1761612562638,0.2,34.5865277903895));
#8791=CARTESIAN_POINT('Ctrl Pts',(-42.1412713182822,0.,34.6123866690721));
#8792=CARTESIAN_POINT('Ctrl Pts',(-42.1412713182822,0.2,34.6123866690721));
#8793=CARTESIAN_POINT('',(-42.3827440393821,0.,34.5237100078191));
#8794=CARTESIAN_POINT('',(-42.1412713182822,0.,34.6123866690721));
#8795=CARTESIAN_POINT('Ctrl Pts',(-42.3827440393821,0.,34.5237100078191));
#8796=CARTESIAN_POINT('Ctrl Pts',(-42.3369878903411,0.,34.5269941167697));
#8797=CARTESIAN_POINT('Ctrl Pts',(-42.2478550062748,0.,34.5333915542397));
#8798=CARTESIAN_POINT('Ctrl Pts',(-42.1761612562638,0.,34.5865277903895));
#8799=CARTESIAN_POINT('Ctrl Pts',(-42.1412713182822,0.,34.6123866690721));
#8800=CARTESIAN_POINT('',(-42.3827440393821,0.2,34.5237100078191));
#8801=CARTESIAN_POINT('',(-42.3827440393821,0.,34.5237100078191));
#8802=CARTESIAN_POINT('',(-42.1412713182822,0.2,34.6123866690721));
#8803=CARTESIAN_POINT('Ctrl Pts',(-42.3827440393821,0.2,34.5237100078191));
#8804=CARTESIAN_POINT('Ctrl Pts',(-42.3369878903411,0.2,34.5269941167697));
#8805=CARTESIAN_POINT('Ctrl Pts',(-42.2478550062748,0.2,34.5333915542397));
#8806=CARTESIAN_POINT('Ctrl Pts',(-42.1761612562638,0.2,34.5865277903895));
#8807=CARTESIAN_POINT('Ctrl Pts',(-42.1412713182822,0.2,34.6123866690721));
#8808=CARTESIAN_POINT('',(-42.1412713182822,0.,34.6123866690721));
#8809=CARTESIAN_POINT('Ctrl Pts',(-42.6746959341422,0.,34.6560428990449));
#8810=CARTESIAN_POINT('Ctrl Pts',(-42.6746959341422,0.2,34.6560428990449));
#8811=CARTESIAN_POINT('Ctrl Pts',(-42.6342371571683,0.,34.6174471659629));
#8812=CARTESIAN_POINT('Ctrl Pts',(-42.6342371571683,0.2,34.6174471659629));
#8813=CARTESIAN_POINT('Ctrl Pts',(-42.5524120618338,0.,34.5393899488361));
#8814=CARTESIAN_POINT('Ctrl Pts',(-42.5524120618338,0.2,34.5393899488361));
#8815=CARTESIAN_POINT('Ctrl Pts',(-42.4397166904933,0.,34.5289751591193));
#8816=CARTESIAN_POINT('Ctrl Pts',(-42.4397166904933,0.2,34.5289751591193));
#8817=CARTESIAN_POINT('Ctrl Pts',(-42.3827440393821,0.,34.5237100078191));
#8818=CARTESIAN_POINT('Ctrl Pts',(-42.3827440393821,0.2,34.5237100078191));
#8819=CARTESIAN_POINT('',(-42.6746959341422,0.,34.6560428990449));
#8820=CARTESIAN_POINT('Ctrl Pts',(-42.6746959341422,0.,34.6560428990449));
#8821=CARTESIAN_POINT('Ctrl Pts',(-42.6342371571683,0.,34.6174471659629));
#8822=CARTESIAN_POINT('Ctrl Pts',(-42.5524120618338,0.,34.5393899488361));
#8823=CARTESIAN_POINT('Ctrl Pts',(-42.4397166904933,0.,34.5289751591193));
#8824=CARTESIAN_POINT('Ctrl Pts',(-42.3827440393821,0.,34.5237100078191));
#8825=CARTESIAN_POINT('',(-42.6746959341422,0.2,34.6560428990449));
#8826=CARTESIAN_POINT('',(-42.6746959341422,0.,34.6560428990449));
#8827=CARTESIAN_POINT('Ctrl Pts',(-42.6746959341422,0.2,34.6560428990449));
#8828=CARTESIAN_POINT('Ctrl Pts',(-42.6342371571683,0.2,34.6174471659629));
#8829=CARTESIAN_POINT('Ctrl Pts',(-42.5524120618338,0.2,34.5393899488361));
#8830=CARTESIAN_POINT('Ctrl Pts',(-42.4397166904933,0.2,34.5289751591193));
#8831=CARTESIAN_POINT('Ctrl Pts',(-42.3827440393821,0.2,34.5237100078191));
#8832=CARTESIAN_POINT('Ctrl Pts',(-42.7865643156425,0.,35.0803266419496));
#8833=CARTESIAN_POINT('Ctrl Pts',(-42.7865643156425,0.2,35.0803266419496));
#8834=CARTESIAN_POINT('Ctrl Pts',(-42.785130175853,0.,34.9940265632521));
#8835=CARTESIAN_POINT('Ctrl Pts',(-42.785130175853,0.2,34.9940265632521));
#8836=CARTESIAN_POINT('Ctrl Pts',(-42.7826125675479,0.,34.8425282250497));
#8837=CARTESIAN_POINT('Ctrl Pts',(-42.7826125675479,0.2,34.8425282250497));
#8838=CARTESIAN_POINT('Ctrl Pts',(-42.7071651872091,0.,34.7121513880907));
#8839=CARTESIAN_POINT('Ctrl Pts',(-42.7071651872091,0.2,34.7121513880907));
#8840=CARTESIAN_POINT('Ctrl Pts',(-42.6746959341422,0.,34.6560428990449));
#8841=CARTESIAN_POINT('Ctrl Pts',(-42.6746959341422,0.2,34.6560428990449));
#8842=CARTESIAN_POINT('',(-42.7865643156425,0.,35.0803266419496));
#8843=CARTESIAN_POINT('Ctrl Pts',(-42.7865643156425,0.,35.0803266419496));
#8844=CARTESIAN_POINT('Ctrl Pts',(-42.785130175853,0.,34.9940265632521));
#8845=CARTESIAN_POINT('Ctrl Pts',(-42.7826125675479,0.,34.8425282250497));
#8846=CARTESIAN_POINT('Ctrl Pts',(-42.7071651872091,0.,34.7121513880907));
#8847=CARTESIAN_POINT('Ctrl Pts',(-42.6746959341422,0.,34.6560428990449));
#8848=CARTESIAN_POINT('',(-42.7865643156425,0.2,35.0803266419496));
#8849=CARTESIAN_POINT('',(-42.7865643156425,0.,35.0803266419496));
#8850=CARTESIAN_POINT('Ctrl Pts',(-42.7865643156425,0.2,35.0803266419496));
#8851=CARTESIAN_POINT('Ctrl Pts',(-42.785130175853,0.2,34.9940265632521));
#8852=CARTESIAN_POINT('Ctrl Pts',(-42.7826125675479,0.2,34.8425282250497));
#8853=CARTESIAN_POINT('Ctrl Pts',(-42.7071651872091,0.2,34.7121513880907));
#8854=CARTESIAN_POINT('Ctrl Pts',(-42.6746959341422,0.2,34.6560428990449));
#8855=CARTESIAN_POINT('Ctrl Pts',(-42.6706022871391,0.,35.5011996580686));
#8856=CARTESIAN_POINT('Ctrl Pts',(-42.6706022871391,0.2,35.5011996580686));
#8857=CARTESIAN_POINT('Ctrl Pts',(-42.7042766814559,0.,35.4453673080753));
#8858=CARTESIAN_POINT('Ctrl Pts',(-42.7042766814559,0.2,35.4453673080753));
#8859=CARTESIAN_POINT('Ctrl Pts',(-42.7818304054976,0.,35.3167827632954));
#8860=CARTESIAN_POINT('Ctrl Pts',(-42.7818304054976,0.2,35.3167827632954));
#8861=CARTESIAN_POINT('Ctrl Pts',(-42.7848537368693,0.,35.1657690795081));
#8862=CARTESIAN_POINT('Ctrl Pts',(-42.7848537368693,0.2,35.1657690795081));
#8863=CARTESIAN_POINT('Ctrl Pts',(-42.7865643156425,0.,35.0803266419496));
#8864=CARTESIAN_POINT('Ctrl Pts',(-42.7865643156425,0.2,35.0803266419496));
#8865=CARTESIAN_POINT('',(-42.6706022871391,0.,35.5011996580686));
#8866=CARTESIAN_POINT('Ctrl Pts',(-42.6706022871391,0.,35.5011996580686));
#8867=CARTESIAN_POINT('Ctrl Pts',(-42.7042766814559,0.,35.4453673080753));
#8868=CARTESIAN_POINT('Ctrl Pts',(-42.7818304054976,0.,35.3167827632954));
#8869=CARTESIAN_POINT('Ctrl Pts',(-42.7848537368693,0.,35.1657690795081));
#8870=CARTESIAN_POINT('Ctrl Pts',(-42.7865643156425,0.,35.0803266419496));
#8871=CARTESIAN_POINT('',(-42.6706022871391,0.2,35.5011996580686));
#8872=CARTESIAN_POINT('',(-42.6706022871391,0.,35.5011996580686));
#8873=CARTESIAN_POINT('Ctrl Pts',(-42.6706022871391,0.2,35.5011996580686));
#8874=CARTESIAN_POINT('Ctrl Pts',(-42.7042766814559,0.2,35.4453673080753));
#8875=CARTESIAN_POINT('Ctrl Pts',(-42.7818304054976,0.2,35.3167827632954));
#8876=CARTESIAN_POINT('Ctrl Pts',(-42.7848537368693,0.2,35.1657690795081));
#8877=CARTESIAN_POINT('Ctrl Pts',(-42.7865643156425,0.2,35.0803266419496));
#8878=CARTESIAN_POINT('Ctrl Pts',(-42.3691017282859,0.,35.6342147244539));
#8879=CARTESIAN_POINT('Ctrl Pts',(-42.3691017282859,0.2,35.6342147244539));
#8880=CARTESIAN_POINT('Ctrl Pts',(-42.4277617739384,0.,35.6289982320349));
#8881=CARTESIAN_POINT('Ctrl Pts',(-42.4277617739384,0.2,35.6289982320349));
#8882=CARTESIAN_POINT('Ctrl Pts',(-42.5434186506737,0.,35.618713152745));
#8883=CARTESIAN_POINT('Ctrl Pts',(-42.5434186506737,0.2,35.618713152745));
#8884=CARTESIAN_POINT('Ctrl Pts',(-42.6286161384735,0.,35.5399934777361));
#8885=CARTESIAN_POINT('Ctrl Pts',(-42.6286161384735,0.2,35.5399934777361));
#8886=CARTESIAN_POINT('Ctrl Pts',(-42.6706022871391,0.,35.5011996580686));
#8887=CARTESIAN_POINT('Ctrl Pts',(-42.6706022871391,0.2,35.5011996580686));
#8888=CARTESIAN_POINT('',(-42.3691017282859,0.,35.6342147244539));
#8889=CARTESIAN_POINT('Ctrl Pts',(-42.3691017282859,0.,35.6342147244539));
#8890=CARTESIAN_POINT('Ctrl Pts',(-42.4277617739384,0.,35.6289982320349));
#8891=CARTESIAN_POINT('Ctrl Pts',(-42.5434186506737,0.,35.618713152745));
#8892=CARTESIAN_POINT('Ctrl Pts',(-42.6286161384735,0.,35.5399934777361));
#8893=CARTESIAN_POINT('Ctrl Pts',(-42.6706022871391,0.,35.5011996580686));
#8894=CARTESIAN_POINT('',(-42.3691017282859,0.2,35.6342147244539));
#8895=CARTESIAN_POINT('',(-42.3691017282859,0.,35.6342147244539));
#8896=CARTESIAN_POINT('Ctrl Pts',(-42.3691017282859,0.2,35.6342147244539));
#8897=CARTESIAN_POINT('Ctrl Pts',(-42.4277617739384,0.2,35.6289982320349));
#8898=CARTESIAN_POINT('Ctrl Pts',(-42.5434186506737,0.2,35.618713152745));
#8899=CARTESIAN_POINT('Ctrl Pts',(-42.6286161384735,0.2,35.5399934777361));
#8900=CARTESIAN_POINT('Ctrl Pts',(-42.6706022871391,0.2,35.5011996580686));
#8901=CARTESIAN_POINT('Ctrl Pts',(-42.1596891535178,0.,35.5605448736276));
#8902=CARTESIAN_POINT('Ctrl Pts',(-42.1596891535178,0.2,35.5605448736276));
#8903=CARTESIAN_POINT('Ctrl Pts',(-42.190486183446,0.,35.5820292145327));
#8904=CARTESIAN_POINT('Ctrl Pts',(-42.190486183446,0.2,35.5820292145327));
#8905=CARTESIAN_POINT('Ctrl Pts',(-42.253404160507,0.,35.6259214752928));
#8906=CARTESIAN_POINT('Ctrl Pts',(-42.253404160507,0.2,35.6259214752928));
#8907=CARTESIAN_POINT('Ctrl Pts',(-42.3299986398456,0.,35.6314117990196));
#8908=CARTESIAN_POINT('Ctrl Pts',(-42.3299986398456,0.2,35.6314117990196));
#8909=CARTESIAN_POINT('Ctrl Pts',(-42.3691017282859,0.,35.6342147244539));
#8910=CARTESIAN_POINT('Ctrl Pts',(-42.3691017282859,0.2,35.6342147244539));
#8911=CARTESIAN_POINT('',(-42.1596891535178,0.,35.5605448736276));
#8912=CARTESIAN_POINT('Ctrl Pts',(-42.1596891535178,0.,35.5605448736276));
#8913=CARTESIAN_POINT('Ctrl Pts',(-42.190486183446,0.,35.5820292145327));
#8914=CARTESIAN_POINT('Ctrl Pts',(-42.253404160507,0.,35.6259214752928));
#8915=CARTESIAN_POINT('Ctrl Pts',(-42.3299986398456,0.,35.6314117990196));
#8916=CARTESIAN_POINT('Ctrl Pts',(-42.3691017282859,0.,35.6342147244539));
#8917=CARTESIAN_POINT('',(-42.1596891535178,0.2,35.5605448736276));
#8918=CARTESIAN_POINT('',(-42.1596891535178,0.,35.5605448736276));
#8919=CARTESIAN_POINT('Ctrl Pts',(-42.1596891535178,0.2,35.5605448736276));
#8920=CARTESIAN_POINT('Ctrl Pts',(-42.190486183446,0.2,35.5820292145327));
#8921=CARTESIAN_POINT('Ctrl Pts',(-42.253404160507,0.2,35.6259214752928));
#8922=CARTESIAN_POINT('Ctrl Pts',(-42.3299986398456,0.2,35.6314117990196));
#8923=CARTESIAN_POINT('Ctrl Pts',(-42.3691017282859,0.2,35.6342147244539));
#8924=CARTESIAN_POINT('Ctrl Pts',(-42.038951600875,0.,35.3408995224561));
#8925=CARTESIAN_POINT('Ctrl Pts',(-42.038951600875,0.2,35.3408995224561));
#8926=CARTESIAN_POINT('Ctrl Pts',(-42.051295874972,0.,35.3854559412776));
#8927=CARTESIAN_POINT('Ctrl Pts',(-42.051295874972,0.2,35.3854559412776));
#8928=CARTESIAN_POINT('Ctrl Pts',(-42.0742834967146,0.,35.4684293177619));
#8929=CARTESIAN_POINT('Ctrl Pts',(-42.0742834967146,0.2,35.4684293177619));
#8930=CARTESIAN_POINT('Ctrl Pts',(-42.1326604322887,0.,35.5313926397645));
#8931=CARTESIAN_POINT('Ctrl Pts',(-42.1326604322887,0.2,35.5313926397645));
#8932=CARTESIAN_POINT('Ctrl Pts',(-42.1596891535178,0.,35.5605448736276));
#8933=CARTESIAN_POINT('Ctrl Pts',(-42.1596891535178,0.2,35.5605448736276));
#8934=CARTESIAN_POINT('',(-42.038951600875,0.,35.3408995224561));
#8935=CARTESIAN_POINT('Ctrl Pts',(-42.038951600875,0.,35.3408995224561));
#8936=CARTESIAN_POINT('Ctrl Pts',(-42.051295874972,0.,35.3854559412776));
#8937=CARTESIAN_POINT('Ctrl Pts',(-42.0742834967146,0.,35.4684293177619));
#8938=CARTESIAN_POINT('Ctrl Pts',(-42.1326604322887,0.,35.5313926397645));
#8939=CARTESIAN_POINT('Ctrl Pts',(-42.1596891535178,0.,35.5605448736276));
#8940=CARTESIAN_POINT('',(-42.038951600875,0.2,35.3408995224561));
#8941=CARTESIAN_POINT('',(-42.038951600875,0.,35.3408995224561));
#8942=CARTESIAN_POINT('Ctrl Pts',(-42.038951600875,0.2,35.3408995224561));
#8943=CARTESIAN_POINT('Ctrl Pts',(-42.051295874972,0.2,35.3854559412776));
#8944=CARTESIAN_POINT('Ctrl Pts',(-42.0742834967146,0.2,35.4684293177619));
#8945=CARTESIAN_POINT('Ctrl Pts',(-42.1326604322887,0.2,35.5313926397645));
#8946=CARTESIAN_POINT('Ctrl Pts',(-42.1596891535178,0.2,35.5605448736276));
#8947=CARTESIAN_POINT('Origin',(-41.8002063883201,0.,35.3777345968809));
#8948=CARTESIAN_POINT('',(-41.8002063883201,0.,35.3777345968809));
#8949=CARTESIAN_POINT('',(-39.0137008755478,0.,35.8076537431101));
#8950=CARTESIAN_POINT('',(-41.8002063883201,0.2,35.3777345968809));
#8951=CARTESIAN_POINT('',(-41.8002063883201,0.,35.3777345968809));
#8952=CARTESIAN_POINT('',(-41.8002063883201,0.2,35.3777345968809));
#8953=CARTESIAN_POINT('Ctrl Pts',(-41.9925672663108,0.,35.7167522563066));
#8954=CARTESIAN_POINT('Ctrl Pts',(-41.9925672663108,0.2,35.7167522563066));
#8955=CARTESIAN_POINT('Ctrl Pts',(-41.9467771602577,0.,35.6713488201142));
#8956=CARTESIAN_POINT('Ctrl Pts',(-41.9467771602577,0.2,35.6713488201142));
#8957=CARTESIAN_POINT('Ctrl Pts',(-41.8511602215274,0.,35.5765393088299));
#8958=CARTESIAN_POINT('Ctrl Pts',(-41.8511602215274,0.2,35.5765393088299));
#8959=CARTESIAN_POINT('Ctrl Pts',(-41.8176623996495,0.,35.4458420793936));
#8960=CARTESIAN_POINT('Ctrl Pts',(-41.8176623996495,0.2,35.4458420793936));
#8961=CARTESIAN_POINT('Ctrl Pts',(-41.8002063883201,0.,35.3777345968809));
#8962=CARTESIAN_POINT('Ctrl Pts',(-41.8002063883201,0.2,35.3777345968809));
#8963=CARTESIAN_POINT('',(-41.9925672663108,0.,35.7167522563066));
#8964=CARTESIAN_POINT('Ctrl Pts',(-41.9925672663108,0.,35.7167522563066));
#8965=CARTESIAN_POINT('Ctrl Pts',(-41.9467771602577,0.,35.6713488201142));
#8966=CARTESIAN_POINT('Ctrl Pts',(-41.8511602215274,0.,35.5765393088299));
#8967=CARTESIAN_POINT('Ctrl Pts',(-41.8176623996495,0.,35.4458420793936));
#8968=CARTESIAN_POINT('Ctrl Pts',(-41.8002063883201,0.,35.3777345968809));
#8969=CARTESIAN_POINT('',(-41.9925672663108,0.2,35.7167522563066));
#8970=CARTESIAN_POINT('',(-41.9925672663108,0.,35.7167522563066));
#8971=CARTESIAN_POINT('Ctrl Pts',(-41.9925672663108,0.2,35.7167522563066));
#8972=CARTESIAN_POINT('Ctrl Pts',(-41.9467771602577,0.2,35.6713488201142));
#8973=CARTESIAN_POINT('Ctrl Pts',(-41.8511602215274,0.2,35.5765393088299));
#8974=CARTESIAN_POINT('Ctrl Pts',(-41.8176623996495,0.2,35.4458420793936));
#8975=CARTESIAN_POINT('Ctrl Pts',(-41.8002063883201,0.2,35.3777345968809));
#8976=CARTESIAN_POINT('Ctrl Pts',(-42.3786515844718,0.,35.8361247135724));
#8977=CARTESIAN_POINT('Ctrl Pts',(-42.3786515844718,0.2,35.8361247135724));
#8978=CARTESIAN_POINT('Ctrl Pts',(-42.3051600841148,0.,35.8323709918447));
#8979=CARTESIAN_POINT('Ctrl Pts',(-42.3051600841148,0.2,35.8323709918447));
#8980=CARTESIAN_POINT('Ctrl Pts',(-42.1660100588377,0.,35.8252636328881));
#8981=CARTESIAN_POINT('Ctrl Pts',(-42.1660100588377,0.2,35.8252636328881));
#8982=CARTESIAN_POINT('Ctrl Pts',(-42.0481704035058,0.,35.7515393631755));
#8983=CARTESIAN_POINT('Ctrl Pts',(-42.0481704035058,0.2,35.7515393631755));
#8984=CARTESIAN_POINT('Ctrl Pts',(-41.9925672663108,0.,35.7167522563066));
#8985=CARTESIAN_POINT('Ctrl Pts',(-41.9925672663108,0.2,35.7167522563066));
#8986=CARTESIAN_POINT('',(-42.3786515844718,0.,35.8361247135724));
#8987=CARTESIAN_POINT('Ctrl Pts',(-42.3786515844718,0.,35.8361247135724));
#8988=CARTESIAN_POINT('Ctrl Pts',(-42.3051600841148,0.,35.8323709918447));
#8989=CARTESIAN_POINT('Ctrl Pts',(-42.1660100588377,0.,35.8252636328881));
#8990=CARTESIAN_POINT('Ctrl Pts',(-42.0481704035058,0.,35.7515393631755));
#8991=CARTESIAN_POINT('Ctrl Pts',(-41.9925672663108,0.,35.7167522563066));
#8992=CARTESIAN_POINT('',(-42.3786515844718,0.2,35.8361247135724));
#8993=CARTESIAN_POINT('',(-42.3786515844718,0.,35.8361247135724));
#8994=CARTESIAN_POINT('Ctrl Pts',(-42.3786515844718,0.2,35.8361247135724));
#8995=CARTESIAN_POINT('Ctrl Pts',(-42.3051600841148,0.2,35.8323709918447));
#8996=CARTESIAN_POINT('Ctrl Pts',(-42.1660100588377,0.2,35.8252636328881));
#8997=CARTESIAN_POINT('Ctrl Pts',(-42.0481704035058,0.2,35.7515393631755));
#8998=CARTESIAN_POINT('Ctrl Pts',(-41.9925672663108,0.2,35.7167522563066));
#8999=CARTESIAN_POINT('Ctrl Pts',(-42.7244908464805,0.,35.7481300784673));
#9000=CARTESIAN_POINT('Ctrl Pts',(-42.7244908464805,0.2,35.7481300784673));
#9001=CARTESIAN_POINT('Ctrl Pts',(-42.6701182470278,0.,35.7737947761598));
#9002=CARTESIAN_POINT('Ctrl Pts',(-42.6701182470278,0.2,35.7737947761598));
#9003=CARTESIAN_POINT('Ctrl Pts',(-42.5605565811774,0.,35.8255095564174));
#9004=CARTESIAN_POINT('Ctrl Pts',(-42.5605565811774,0.2,35.8255095564174));
#9005=CARTESIAN_POINT('Ctrl Pts',(-42.439587076559,0.,35.8325687924238));
#9006=CARTESIAN_POINT('Ctrl Pts',(-42.439587076559,0.2,35.8325687924238));
#9007=CARTESIAN_POINT('Ctrl Pts',(-42.3786515844718,0.,35.8361247135724));
#9008=CARTESIAN_POINT('Ctrl Pts',(-42.3786515844718,0.2,35.8361247135724));
#9009=CARTESIAN_POINT('',(-42.7244908464805,0.,35.7481300784673));
#9010=CARTESIAN_POINT('Ctrl Pts',(-42.7244908464805,0.,35.7481300784673));
#9011=CARTESIAN_POINT('Ctrl Pts',(-42.6701182470278,0.,35.7737947761598));
#9012=CARTESIAN_POINT('Ctrl Pts',(-42.5605565811774,0.,35.8255095564174));
#9013=CARTESIAN_POINT('Ctrl Pts',(-42.439587076559,0.,35.8325687924238));
#9014=CARTESIAN_POINT('Ctrl Pts',(-42.3786515844718,0.,35.8361247135724));
#9015=CARTESIAN_POINT('',(-42.7244908464805,0.2,35.7481300784673));
#9016=CARTESIAN_POINT('',(-42.7244908464805,0.,35.7481300784673));
#9017=CARTESIAN_POINT('Ctrl Pts',(-42.7244908464805,0.2,35.7481300784673));
#9018=CARTESIAN_POINT('Ctrl Pts',(-42.6701182470278,0.2,35.7737947761598));
#9019=CARTESIAN_POINT('Ctrl Pts',(-42.5605565811774,0.2,35.8255095564174));
#9020=CARTESIAN_POINT('Ctrl Pts',(-42.439587076559,0.2,35.8325687924238));
#9021=CARTESIAN_POINT('Ctrl Pts',(-42.3786515844718,0.2,35.8361247135724));
#9022=CARTESIAN_POINT('Ctrl Pts',(-42.9611892355338,0.,35.4841464711751));
#9023=CARTESIAN_POINT('Ctrl Pts',(-42.9611892355338,0.2,35.4841464711751));
#9024=CARTESIAN_POINT('Ctrl Pts',(-42.9323090369736,0.,35.5389063078398));
#9025=CARTESIAN_POINT('Ctrl Pts',(-42.9323090369736,0.2,35.5389063078398));
#9026=CARTESIAN_POINT('Ctrl Pts',(-42.8754320094326,0.,35.6467510212904));
#9027=CARTESIAN_POINT('Ctrl Pts',(-42.8754320094326,0.2,35.6467510212904));
#9028=CARTESIAN_POINT('Ctrl Pts',(-42.774280900786,0.,35.7146887781384));
#9029=CARTESIAN_POINT('Ctrl Pts',(-42.774280900786,0.2,35.7146887781384));
#9030=CARTESIAN_POINT('Ctrl Pts',(-42.7244908464805,0.,35.7481300784673));
#9031=CARTESIAN_POINT('Ctrl Pts',(-42.7244908464805,0.2,35.7481300784673));
#9032=CARTESIAN_POINT('',(-42.9611892355338,0.,35.4841464711751));
#9033=CARTESIAN_POINT('Ctrl Pts',(-42.9611892355338,0.,35.4841464711751));
#9034=CARTESIAN_POINT('Ctrl Pts',(-42.9323090369736,0.,35.5389063078398));
#9035=CARTESIAN_POINT('Ctrl Pts',(-42.8754320094326,0.,35.6467510212904));
#9036=CARTESIAN_POINT('Ctrl Pts',(-42.774280900786,0.,35.7146887781384));
#9037=CARTESIAN_POINT('Ctrl Pts',(-42.7244908464805,0.,35.7481300784673));
#9038=CARTESIAN_POINT('',(-42.9611892355338,0.2,35.4841464711751));
#9039=CARTESIAN_POINT('',(-42.9611892355338,0.,35.4841464711751));
#9040=CARTESIAN_POINT('Ctrl Pts',(-42.9611892355338,0.2,35.4841464711751));
#9041=CARTESIAN_POINT('Ctrl Pts',(-42.9323090369736,0.2,35.5389063078398));
#9042=CARTESIAN_POINT('Ctrl Pts',(-42.8754320094326,0.2,35.6467510212904));
#9043=CARTESIAN_POINT('Ctrl Pts',(-42.774280900786,0.2,35.7146887781384));
#9044=CARTESIAN_POINT('Ctrl Pts',(-42.7244908464805,0.2,35.7481300784673));
#9045=CARTESIAN_POINT('Ctrl Pts',(-43.0389518392936,0.,35.0735053373899));
#9046=CARTESIAN_POINT('Ctrl Pts',(-43.0389518392936,0.2,35.0735053373899));
#9047=CARTESIAN_POINT('Ctrl Pts',(-43.036427322068,0.,35.1476051844836));
#9048=CARTESIAN_POINT('Ctrl Pts',(-43.036427322068,0.2,35.1476051844836));
#9049=CARTESIAN_POINT('Ctrl Pts',(-43.0316236944171,0.,35.2886016771263));
#9050=CARTESIAN_POINT('Ctrl Pts',(-43.0316236944171,0.2,35.2886016771263));
#9051=CARTESIAN_POINT('Ctrl Pts',(-42.9838539038886,0.,35.4212233228201));
#9052=CARTESIAN_POINT('Ctrl Pts',(-42.9838539038886,0.2,35.4212233228201));
#9053=CARTESIAN_POINT('Ctrl Pts',(-42.9611892355338,0.,35.4841464711751));
#9054=CARTESIAN_POINT('Ctrl Pts',(-42.9611892355338,0.2,35.4841464711751));
#9055=CARTESIAN_POINT('',(-43.0389518392936,0.,35.0735053373899));
#9056=CARTESIAN_POINT('Ctrl Pts',(-43.0389518392936,0.,35.0735053373899));
#9057=CARTESIAN_POINT('Ctrl Pts',(-43.036427322068,0.,35.1476051844836));
#9058=CARTESIAN_POINT('Ctrl Pts',(-43.0316236944171,0.,35.2886016771263));
#9059=CARTESIAN_POINT('Ctrl Pts',(-42.9838539038886,0.,35.4212233228201));
#9060=CARTESIAN_POINT('Ctrl Pts',(-42.9611892355338,0.,35.4841464711751));
#9061=CARTESIAN_POINT('',(-43.0389518392936,0.2,35.0735053373899));
#9062=CARTESIAN_POINT('',(-43.0389518392936,0.,35.0735053373899));
#9063=CARTESIAN_POINT('Ctrl Pts',(-43.0389518392936,0.2,35.0735053373899));
#9064=CARTESIAN_POINT('Ctrl Pts',(-43.036427322068,0.2,35.1476051844836));
#9065=CARTESIAN_POINT('Ctrl Pts',(-43.0316236944171,0.2,35.2886016771263));
#9066=CARTESIAN_POINT('Ctrl Pts',(-42.9838539038886,0.2,35.4212233228201));
#9067=CARTESIAN_POINT('Ctrl Pts',(-42.9611892355338,0.2,35.4841464711751));
#9068=CARTESIAN_POINT('Ctrl Pts',(-42.8581876409904,0.,34.5162065281));
#9069=CARTESIAN_POINT('Ctrl Pts',(-42.8581876409904,0.2,34.5162065281));
#9070=CARTESIAN_POINT('Ctrl Pts',(-42.9108079186285,0.,34.592502750109));
#9071=CARTESIAN_POINT('Ctrl Pts',(-42.9108079186285,0.2,34.592502750109));
#9072=CARTESIAN_POINT('Ctrl Pts',(-43.0259521399652,0.,34.7594549113));
#9073=CARTESIAN_POINT('Ctrl Pts',(-43.0259521399652,0.2,34.7594549113));
#9074=CARTESIAN_POINT('Ctrl Pts',(-43.0343770609773,0.,34.9629865443611));
#9075=CARTESIAN_POINT('Ctrl Pts',(-43.0343770609773,0.2,34.9629865443611));
#9076=CARTESIAN_POINT('Ctrl Pts',(-43.0389518392936,0.,35.0735053373899));
#9077=CARTESIAN_POINT('Ctrl Pts',(-43.0389518392936,0.2,35.0735053373899));
#9078=CARTESIAN_POINT('',(-42.8581876409904,0.,34.5162065281));
#9079=CARTESIAN_POINT('Ctrl Pts',(-42.8581876409904,0.,34.5162065281));
#9080=CARTESIAN_POINT('Ctrl Pts',(-42.9108079186285,0.,34.592502750109));
#9081=CARTESIAN_POINT('Ctrl Pts',(-43.0259521399652,0.,34.7594549113));
#9082=CARTESIAN_POINT('Ctrl Pts',(-43.0343770609773,0.,34.9629865443611));
#9083=CARTESIAN_POINT('Ctrl Pts',(-43.0389518392936,0.,35.0735053373899));
#9084=CARTESIAN_POINT('',(-42.8581876409904,0.2,34.5162065281));
#9085=CARTESIAN_POINT('',(-42.8581876409904,0.,34.5162065281));
#9086=CARTESIAN_POINT('Ctrl Pts',(-42.8581876409904,0.2,34.5162065281));
#9087=CARTESIAN_POINT('Ctrl Pts',(-42.9108079186285,0.2,34.592502750109));
#9088=CARTESIAN_POINT('Ctrl Pts',(-43.0259521399652,0.2,34.7594549113));
#9089=CARTESIAN_POINT('Ctrl Pts',(-43.0343770609773,0.2,34.9629865443611));
#9090=CARTESIAN_POINT('Ctrl Pts',(-43.0389518392936,0.2,35.0735053373899));
#9091=CARTESIAN_POINT('Ctrl Pts',(-42.3800165308372,0.,34.3218001677122));
#9092=CARTESIAN_POINT('Ctrl Pts',(-42.3800165308372,0.2,34.3218001677122));
#9093=CARTESIAN_POINT('Ctrl Pts',(-42.4732460159696,0.,34.3288042307177));
#9094=CARTESIAN_POINT('Ctrl Pts',(-42.4732460159696,0.2,34.3288042307177));
#9095=CARTESIAN_POINT('Ctrl Pts',(-42.653884194361,0.,34.3423750573813));
#9096=CARTESIAN_POINT('Ctrl Pts',(-42.653884194361,0.2,34.3423750573813));
#9097=CARTESIAN_POINT('Ctrl Pts',(-42.7915653477018,0.,34.4595209879582));
#9098=CARTESIAN_POINT('Ctrl Pts',(-42.7915653477018,0.2,34.4595209879582));
#9099=CARTESIAN_POINT('Ctrl Pts',(-42.8581876409904,0.,34.5162065281));
#9100=CARTESIAN_POINT('Ctrl Pts',(-42.8581876409904,0.2,34.5162065281));
#9101=CARTESIAN_POINT('',(-42.3800165308372,0.,34.3218001677122));
#9102=CARTESIAN_POINT('Ctrl Pts',(-42.3800165308372,0.,34.3218001677122));
#9103=CARTESIAN_POINT('Ctrl Pts',(-42.4732460159696,0.,34.3288042307177));
#9104=CARTESIAN_POINT('Ctrl Pts',(-42.653884194361,0.,34.3423750573813));
#9105=CARTESIAN_POINT('Ctrl Pts',(-42.7915653477018,0.,34.4595209879582));
#9106=CARTESIAN_POINT('Ctrl Pts',(-42.8581876409904,0.,34.5162065281));
#9107=CARTESIAN_POINT('',(-42.3800165308372,0.2,34.3218001677122));
#9108=CARTESIAN_POINT('',(-42.3800165308372,0.,34.3218001677122));
#9109=CARTESIAN_POINT('Ctrl Pts',(-42.3800165308372,0.2,34.3218001677122));
#9110=CARTESIAN_POINT('Ctrl Pts',(-42.4732460159696,0.2,34.3288042307177));
#9111=CARTESIAN_POINT('Ctrl Pts',(-42.653884194361,0.2,34.3423750573813));
#9112=CARTESIAN_POINT('Ctrl Pts',(-42.7915653477018,0.2,34.4595209879582));
#9113=CARTESIAN_POINT('Ctrl Pts',(-42.8581876409904,0.2,34.5162065281));
#9114=CARTESIAN_POINT('Ctrl Pts',(-41.9796068323508,0.,34.4630005909528));
#9115=CARTESIAN_POINT('Ctrl Pts',(-41.9796068323508,0.2,34.4630005909528));
#9116=CARTESIAN_POINT('Ctrl Pts',(-42.0380413312405,0.,34.4218251765027));
#9117=CARTESIAN_POINT('Ctrl Pts',(-42.0380413312405,0.2,34.4218251765027));
#9118=CARTESIAN_POINT('Ctrl Pts',(-42.1580750198983,0.,34.3372443728271));
#9119=CARTESIAN_POINT('Ctrl Pts',(-42.1580750198983,0.2,34.3372443728271));
#9120=CARTESIAN_POINT('Ctrl Pts',(-42.3047470236409,0.,34.3270379337484));
#9121=CARTESIAN_POINT('Ctrl Pts',(-42.3047470236409,0.2,34.3270379337484));
#9122=CARTESIAN_POINT('Ctrl Pts',(-42.3800165308372,0.,34.3218001677122));
#9123=CARTESIAN_POINT('Ctrl Pts',(-42.3800165308372,0.2,34.3218001677122));
#9124=CARTESIAN_POINT('',(-41.9796068323508,0.,34.4630005909528));
#9125=CARTESIAN_POINT('Ctrl Pts',(-41.9796068323508,0.,34.4630005909528));
#9126=CARTESIAN_POINT('Ctrl Pts',(-42.0380413312405,0.,34.4218251765027));
#9127=CARTESIAN_POINT('Ctrl Pts',(-42.1580750198983,0.,34.3372443728271));
#9128=CARTESIAN_POINT('Ctrl Pts',(-42.3047470236409,0.,34.3270379337484));
#9129=CARTESIAN_POINT('Ctrl Pts',(-42.3800165308372,0.,34.3218001677122));
#9130=CARTESIAN_POINT('',(-41.9796068323508,0.2,34.4630005909528));
#9131=CARTESIAN_POINT('',(-41.9796068323508,0.,34.4630005909528));
#9132=CARTESIAN_POINT('Ctrl Pts',(-41.9796068323508,0.2,34.4630005909528));
#9133=CARTESIAN_POINT('Ctrl Pts',(-42.0380413312405,0.2,34.4218251765027));
#9134=CARTESIAN_POINT('Ctrl Pts',(-42.1580750198983,0.2,34.3372443728271));
#9135=CARTESIAN_POINT('Ctrl Pts',(-42.3047470236409,0.2,34.3270379337484));
#9136=CARTESIAN_POINT('Ctrl Pts',(-42.3800165308372,0.2,34.3218001677122));
#9137=CARTESIAN_POINT('Ctrl Pts',(-41.777014221038,0.,34.85386013523));
#9138=CARTESIAN_POINT('Ctrl Pts',(-41.777014221038,0.2,34.85386013523));
#9139=CARTESIAN_POINT('Ctrl Pts',(-41.7940803474892,0.,34.7762915758478));
#9140=CARTESIAN_POINT('Ctrl Pts',(-41.7940803474892,0.2,34.7762915758478));
#9141=CARTESIAN_POINT('Ctrl Pts',(-41.826792685236,0.,34.627608222288));
#9142=CARTESIAN_POINT('Ctrl Pts',(-41.826792685236,0.2,34.627608222288));
#9143=CARTESIAN_POINT('Ctrl Pts',(-41.9301644383572,0.,34.5162587186621));
#9144=CARTESIAN_POINT('Ctrl Pts',(-41.9301644383572,0.2,34.5162587186621));
#9145=CARTESIAN_POINT('Ctrl Pts',(-41.9796068323508,0.,34.4630005909528));
#9146=CARTESIAN_POINT('Ctrl Pts',(-41.9796068323508,0.2,34.4630005909528));
#9147=CARTESIAN_POINT('',(-41.777014221038,0.,34.85386013523));
#9148=CARTESIAN_POINT('Ctrl Pts',(-41.777014221038,0.,34.85386013523));
#9149=CARTESIAN_POINT('Ctrl Pts',(-41.7940803474892,0.,34.7762915758478));
#9150=CARTESIAN_POINT('Ctrl Pts',(-41.826792685236,0.,34.627608222288));
#9151=CARTESIAN_POINT('Ctrl Pts',(-41.9301644383572,0.,34.5162587186621));
#9152=CARTESIAN_POINT('Ctrl Pts',(-41.9796068323508,0.,34.4630005909528));
#9153=CARTESIAN_POINT('',(-41.777014221038,0.2,34.85386013523));
#9154=CARTESIAN_POINT('',(-41.777014221038,0.,34.85386013523));
#9155=CARTESIAN_POINT('Ctrl Pts',(-41.777014221038,0.2,34.85386013523));
#9156=CARTESIAN_POINT('Ctrl Pts',(-41.7940803474892,0.2,34.7762915758478));
#9157=CARTESIAN_POINT('Ctrl Pts',(-41.826792685236,0.2,34.627608222288));
#9158=CARTESIAN_POINT('Ctrl Pts',(-41.9301644383572,0.2,34.5162587186621));
#9159=CARTESIAN_POINT('Ctrl Pts',(-41.9796068323508,0.2,34.4630005909528));
#9160=CARTESIAN_POINT('Origin',(-42.0184881342307,0.,34.8852379573907));
#9161=CARTESIAN_POINT('',(-42.0184881342307,0.,34.8852379573907));
#9162=CARTESIAN_POINT('',(-33.9795854610399,0.,33.8406395777497));
#9163=CARTESIAN_POINT('',(-42.0184881342307,0.2,34.8852379573907));
#9164=CARTESIAN_POINT('',(-42.0184881342307,0.,34.8852379573907));
#9165=CARTESIAN_POINT('',(-42.0184881342307,0.2,34.8852379573907));
#9166=CARTESIAN_POINT('Ctrl Pts',(-42.1412713182822,0.,34.6123866690721));
#9167=CARTESIAN_POINT('Ctrl Pts',(-42.1412713182822,0.2,34.6123866690721));
#9168=CARTESIAN_POINT('Ctrl Pts',(-42.1116514490945,0.,34.6483789877057));
#9169=CARTESIAN_POINT('Ctrl Pts',(-42.1116514490945,0.2,34.6483789877057));
#9170=CARTESIAN_POINT('Ctrl Pts',(-42.0462637214064,0.,34.7278342990968));
#9171=CARTESIAN_POINT('Ctrl Pts',(-42.0462637214064,0.2,34.7278342990968));
#9172=CARTESIAN_POINT('Ctrl Pts',(-42.0283093740584,0.,34.8295812014029));
#9173=CARTESIAN_POINT('Ctrl Pts',(-42.0283093740584,0.2,34.8295812014029));
#9174=CARTESIAN_POINT('Ctrl Pts',(-42.0184881342307,0.,34.8852379573907));
#9175=CARTESIAN_POINT('Ctrl Pts',(-42.0184881342307,0.2,34.8852379573907));
#9176=CARTESIAN_POINT('Ctrl Pts',(-42.1412713182822,0.,34.6123866690721));
#9177=CARTESIAN_POINT('Ctrl Pts',(-42.1116514490945,0.,34.6483789877057));
#9178=CARTESIAN_POINT('Ctrl Pts',(-42.0462637214064,0.,34.7278342990968));
#9179=CARTESIAN_POINT('Ctrl Pts',(-42.0283093740584,0.,34.8295812014029));
#9180=CARTESIAN_POINT('Ctrl Pts',(-42.0184881342307,0.,34.8852379573907));
#9181=CARTESIAN_POINT('Ctrl Pts',(-42.1412713182822,0.2,34.6123866690721));
#9182=CARTESIAN_POINT('Ctrl Pts',(-42.1116514490945,0.2,34.6483789877057));
#9183=CARTESIAN_POINT('Ctrl Pts',(-42.0462637214064,0.2,34.7278342990968));
#9184=CARTESIAN_POINT('Ctrl Pts',(-42.0283093740584,0.2,34.8295812014029));
#9185=CARTESIAN_POINT('Ctrl Pts',(-42.0184881342307,0.2,34.8852379573907));
#9186=CARTESIAN_POINT('Origin',(-44.386838144596,0.2,35.0769159896697));
#9187=CARTESIAN_POINT('Ctrl Pts',(-39.5491833341972,0.,35.6437644316282));
#9188=CARTESIAN_POINT('Ctrl Pts',(-39.5491833341972,0.2,35.6437644316282));
#9189=CARTESIAN_POINT('Ctrl Pts',(-39.6009589500562,0.,35.6364110918545));
#9190=CARTESIAN_POINT('Ctrl Pts',(-39.6009589500562,0.2,35.6364110918545));
#9191=CARTESIAN_POINT('Ctrl Pts',(-39.7105560789156,0.,35.6208457545168));
#9192=CARTESIAN_POINT('Ctrl Pts',(-39.7105560789156,0.2,35.6208457545168));
#9193=CARTESIAN_POINT('Ctrl Pts',(-39.7866591892889,0.,35.5398426925522));
#9194=CARTESIAN_POINT('Ctrl Pts',(-39.7866591892889,0.2,35.5398426925522));
#9195=CARTESIAN_POINT('Ctrl Pts',(-39.826809848632,0.,35.4971069051351));
#9196=CARTESIAN_POINT('Ctrl Pts',(-39.826809848632,0.2,35.4971069051351));
#9197=CARTESIAN_POINT('',(-39.5491833341972,0.,35.6437644316282));
#9198=CARTESIAN_POINT('',(-39.826809848632,0.,35.4971069051351));
#9199=CARTESIAN_POINT('Ctrl Pts',(-39.5491833341972,0.,35.6437644316282));
#9200=CARTESIAN_POINT('Ctrl Pts',(-39.6009589500562,0.,35.6364110918545));
#9201=CARTESIAN_POINT('Ctrl Pts',(-39.7105560789156,0.,35.6208457545168));
#9202=CARTESIAN_POINT('Ctrl Pts',(-39.7866591892889,0.,35.5398426925522));
#9203=CARTESIAN_POINT('Ctrl Pts',(-39.826809848632,0.,35.4971069051351));
#9204=CARTESIAN_POINT('',(-39.5491833341972,0.2,35.6437644316282));
#9205=CARTESIAN_POINT('',(-39.5491833341972,0.,35.6437644316282));
#9206=CARTESIAN_POINT('',(-39.826809848632,0.2,35.4971069051351));
#9207=CARTESIAN_POINT('Ctrl Pts',(-39.5491833341972,0.2,35.6437644316282));
#9208=CARTESIAN_POINT('Ctrl Pts',(-39.6009589500562,0.2,35.6364110918545));
#9209=CARTESIAN_POINT('Ctrl Pts',(-39.7105560789156,0.2,35.6208457545168));
#9210=CARTESIAN_POINT('Ctrl Pts',(-39.7866591892889,0.2,35.5398426925522));
#9211=CARTESIAN_POINT('Ctrl Pts',(-39.826809848632,0.2,35.4971069051351));
#9212=CARTESIAN_POINT('',(-39.826809848632,0.,35.4971069051351));
#9213=CARTESIAN_POINT('Ctrl Pts',(-39.277014221038,0.,35.5059745861616));
#9214=CARTESIAN_POINT('Ctrl Pts',(-39.277014221038,0.2,35.5059745861616));
#9215=CARTESIAN_POINT('Ctrl Pts',(-39.3158411636565,0.,35.5461485129066));
#9216=CARTESIAN_POINT('Ctrl Pts',(-39.3158411636565,0.2,35.5461485129066));
#9217=CARTESIAN_POINT('Ctrl Pts',(-39.3908518730597,0.,35.623761493518));
#9218=CARTESIAN_POINT('Ctrl Pts',(-39.3908518730597,0.2,35.623761493518));
#9219=CARTESIAN_POINT('Ctrl Pts',(-39.4976607328874,0.,35.6372552805228));
#9220=CARTESIAN_POINT('Ctrl Pts',(-39.4976607328874,0.2,35.6372552805228));
#9221=CARTESIAN_POINT('Ctrl Pts',(-39.5491833341972,0.,35.6437644316282));
#9222=CARTESIAN_POINT('Ctrl Pts',(-39.5491833341972,0.2,35.6437644316282));
#9223=CARTESIAN_POINT('',(-39.277014221038,0.,35.5059745861616));
#9224=CARTESIAN_POINT('Ctrl Pts',(-39.277014221038,0.,35.5059745861616));
#9225=CARTESIAN_POINT('Ctrl Pts',(-39.3158411636565,0.,35.5461485129066));
#9226=CARTESIAN_POINT('Ctrl Pts',(-39.3908518730597,0.,35.623761493518));
#9227=CARTESIAN_POINT('Ctrl Pts',(-39.4976607328874,0.,35.6372552805228));
#9228=CARTESIAN_POINT('Ctrl Pts',(-39.5491833341972,0.,35.6437644316282));
#9229=CARTESIAN_POINT('',(-39.277014221038,0.2,35.5059745861616));
#9230=CARTESIAN_POINT('',(-39.277014221038,0.,35.5059745861616));
#9231=CARTESIAN_POINT('Ctrl Pts',(-39.277014221038,0.2,35.5059745861616));
#9232=CARTESIAN_POINT('Ctrl Pts',(-39.3158411636565,0.2,35.5461485129066));
#9233=CARTESIAN_POINT('Ctrl Pts',(-39.3908518730597,0.2,35.623761493518));
#9234=CARTESIAN_POINT('Ctrl Pts',(-39.4976607328874,0.2,35.6372552805228));
#9235=CARTESIAN_POINT('Ctrl Pts',(-39.5491833341972,0.2,35.6437644316282));
#9236=CARTESIAN_POINT('Ctrl Pts',(-39.1630990160361,0.,35.0912406994428));
#9237=CARTESIAN_POINT('Ctrl Pts',(-39.1630990160361,0.2,35.0912406994428));
#9238=CARTESIAN_POINT('Ctrl Pts',(-39.1651705271921,0.,35.1741607630133));
#9239=CARTESIAN_POINT('Ctrl Pts',(-39.1651705271921,0.2,35.1741607630133));
#9240=CARTESIAN_POINT('Ctrl Pts',(-39.168878083803,0.,35.3225697295654));
#9241=CARTESIAN_POINT('Ctrl Pts',(-39.168878083803,0.2,35.3225697295654));
#9242=CARTESIAN_POINT('Ctrl Pts',(-39.2439062849205,0.,35.4498216993368));
#9243=CARTESIAN_POINT('Ctrl Pts',(-39.2439062849205,0.2,35.4498216993368));
#9244=CARTESIAN_POINT('Ctrl Pts',(-39.277014221038,0.,35.5059745861616));
#9245=CARTESIAN_POINT('Ctrl Pts',(-39.277014221038,0.2,35.5059745861616));
#9246=CARTESIAN_POINT('',(-39.1630990160361,0.,35.0912406994428));
#9247=CARTESIAN_POINT('Ctrl Pts',(-39.1630990160361,0.,35.0912406994428));
#9248=CARTESIAN_POINT('Ctrl Pts',(-39.1651705271921,0.,35.1741607630133));
#9249=CARTESIAN_POINT('Ctrl Pts',(-39.168878083803,0.,35.3225697295654));
#9250=CARTESIAN_POINT('Ctrl Pts',(-39.2439062849205,0.,35.4498216993368));
#9251=CARTESIAN_POINT('Ctrl Pts',(-39.277014221038,0.,35.5059745861616));
#9252=CARTESIAN_POINT('',(-39.1630990160361,0.2,35.0912406994428));
#9253=CARTESIAN_POINT('',(-39.1630990160361,0.,35.0912406994428));
#9254=CARTESIAN_POINT('Ctrl Pts',(-39.1630990160361,0.2,35.0912406994428));
#9255=CARTESIAN_POINT('Ctrl Pts',(-39.1651705271921,0.2,35.1741607630133));
#9256=CARTESIAN_POINT('Ctrl Pts',(-39.168878083803,0.2,35.3225697295654));
#9257=CARTESIAN_POINT('Ctrl Pts',(-39.2439062849205,0.2,35.4498216993368));
#9258=CARTESIAN_POINT('Ctrl Pts',(-39.277014221038,0.2,35.5059745861616));
#9259=CARTESIAN_POINT('Ctrl Pts',(-39.2797429216758,0.,34.6621820284452));
#9260=CARTESIAN_POINT('Ctrl Pts',(-39.2797429216758,0.2,34.6621820284452));
#9261=CARTESIAN_POINT('Ctrl Pts',(-39.2458606116526,0.,34.7196192267786));
#9262=CARTESIAN_POINT('Ctrl Pts',(-39.2458606116526,0.2,34.7196192267786));
#9263=CARTESIAN_POINT('Ctrl Pts',(-39.1682500748573,0.,34.8511843943132));
#9264=CARTESIAN_POINT('Ctrl Pts',(-39.1682500748573,0.2,34.8511843943132));
#9265=CARTESIAN_POINT('Ctrl Pts',(-39.1649553615405,0.,35.0047288854096));
#9266=CARTESIAN_POINT('Ctrl Pts',(-39.1649553615405,0.2,35.0047288854096));
#9267=CARTESIAN_POINT('Ctrl Pts',(-39.1630990160361,0.,35.0912406994428));
#9268=CARTESIAN_POINT('Ctrl Pts',(-39.1630990160361,0.2,35.0912406994428));
#9269=CARTESIAN_POINT('',(-39.2797429216758,0.,34.6621820284452));
#9270=CARTESIAN_POINT('Ctrl Pts',(-39.2797429216758,0.,34.6621820284452));
#9271=CARTESIAN_POINT('Ctrl Pts',(-39.2458606116526,0.,34.7196192267786));
#9272=CARTESIAN_POINT('Ctrl Pts',(-39.1682500748573,0.,34.8511843943132));
#9273=CARTESIAN_POINT('Ctrl Pts',(-39.1649553615405,0.,35.0047288854096));
#9274=CARTESIAN_POINT('Ctrl Pts',(-39.1630990160361,0.,35.0912406994428));
#9275=CARTESIAN_POINT('',(-39.2797429216758,0.2,34.6621820284452));
#9276=CARTESIAN_POINT('',(-39.2797429216758,0.,34.6621820284452));
#9277=CARTESIAN_POINT('Ctrl Pts',(-39.2797429216758,0.2,34.6621820284452));
#9278=CARTESIAN_POINT('Ctrl Pts',(-39.2458606116526,0.2,34.7196192267786));
#9279=CARTESIAN_POINT('Ctrl Pts',(-39.1682500748573,0.2,34.8511843943132));
#9280=CARTESIAN_POINT('Ctrl Pts',(-39.1649553615405,0.2,35.0047288854096));
#9281=CARTESIAN_POINT('Ctrl Pts',(-39.1630990160361,0.2,35.0912406994428));
#9282=CARTESIAN_POINT('Ctrl Pts',(-39.5600981367484,0.,34.5237100078191));
#9283=CARTESIAN_POINT('Ctrl Pts',(-39.5600981367484,0.2,34.5237100078191));
#9284=CARTESIAN_POINT('Ctrl Pts',(-39.5069599263828,0.,34.5301210303342));
#9285=CARTESIAN_POINT('Ctrl Pts',(-39.5069599263828,0.2,34.5301210303342));
#9286=CARTESIAN_POINT('Ctrl Pts',(-39.3975076819014,0.,34.5433262323699));
#9287=CARTESIAN_POINT('Ctrl Pts',(-39.3975076819014,0.2,34.5433262323699));
#9288=CARTESIAN_POINT('Ctrl Pts',(-39.319749904888,0.,34.6218043991005));
#9289=CARTESIAN_POINT('Ctrl Pts',(-39.319749904888,0.2,34.6218043991005));
#9290=CARTESIAN_POINT('Ctrl Pts',(-39.2797429216758,0.,34.6621820284452));
#9291=CARTESIAN_POINT('Ctrl Pts',(-39.2797429216758,0.2,34.6621820284452));
#9292=CARTESIAN_POINT('',(-39.5600981367484,0.,34.5237100078191));
#9293=CARTESIAN_POINT('Ctrl Pts',(-39.5600981367484,0.,34.5237100078191));
#9294=CARTESIAN_POINT('Ctrl Pts',(-39.5069599263828,0.,34.5301210303342));
#9295=CARTESIAN_POINT('Ctrl Pts',(-39.3975076819014,0.,34.5433262323699));
#9296=CARTESIAN_POINT('Ctrl Pts',(-39.319749904888,0.,34.6218043991005));
#9297=CARTESIAN_POINT('Ctrl Pts',(-39.2797429216758,0.,34.6621820284452));
#9298=CARTESIAN_POINT('',(-39.5600981367484,0.2,34.5237100078191));
#9299=CARTESIAN_POINT('',(-39.5600981367484,0.,34.5237100078191));
#9300=CARTESIAN_POINT('Ctrl Pts',(-39.5600981367484,0.2,34.5237100078191));
#9301=CARTESIAN_POINT('Ctrl Pts',(-39.5069599263828,0.2,34.5301210303342));
#9302=CARTESIAN_POINT('Ctrl Pts',(-39.3975076819014,0.2,34.5433262323699));
#9303=CARTESIAN_POINT('Ctrl Pts',(-39.319749904888,0.2,34.6218043991005));
#9304=CARTESIAN_POINT('Ctrl Pts',(-39.2797429216758,0.2,34.6621820284452));
#9305=CARTESIAN_POINT('Ctrl Pts',(-39.8343128813163,0.,34.6574071003522));
#9306=CARTESIAN_POINT('Ctrl Pts',(-39.8343128813163,0.2,34.6574071003522));
#9307=CARTESIAN_POINT('Ctrl Pts',(-39.7952636558431,0.,34.6184188654864));
#9308=CARTESIAN_POINT('Ctrl Pts',(-39.7952636558431,0.2,34.6184188654864));
#9309=CARTESIAN_POINT('Ctrl Pts',(-39.7190240026952,0.,34.5422982903149));
#9310=CARTESIAN_POINT('Ctrl Pts',(-39.7190240026952,0.2,34.5422982903149));
#9311=CARTESIAN_POINT('Ctrl Pts',(-39.6122053104388,0.,34.5298045655479));
#9312=CARTESIAN_POINT('Ctrl Pts',(-39.6122053104388,0.2,34.5298045655479));
#9313=CARTESIAN_POINT('Ctrl Pts',(-39.5600981367484,0.,34.5237100078191));
#9314=CARTESIAN_POINT('Ctrl Pts',(-39.5600981367484,0.2,34.5237100078191));
#9315=CARTESIAN_POINT('',(-39.8343128813163,0.,34.6574071003522));
#9316=CARTESIAN_POINT('Ctrl Pts',(-39.8343128813163,0.,34.6574071003522));
#9317=CARTESIAN_POINT('Ctrl Pts',(-39.7952636558431,0.,34.6184188654864));
#9318=CARTESIAN_POINT('Ctrl Pts',(-39.7190240026952,0.,34.5422982903149));
#9319=CARTESIAN_POINT('Ctrl Pts',(-39.6122053104388,0.,34.5298045655479));
#9320=CARTESIAN_POINT('Ctrl Pts',(-39.5600981367484,0.,34.5237100078191));
#9321=CARTESIAN_POINT('',(-39.8343128813163,0.2,34.6574071003522));
#9322=CARTESIAN_POINT('',(-39.8343128813163,0.,34.6574071003522));
#9323=CARTESIAN_POINT('Ctrl Pts',(-39.8343128813163,0.2,34.6574071003522));
#9324=CARTESIAN_POINT('Ctrl Pts',(-39.7952636558431,0.2,34.6184188654864));
#9325=CARTESIAN_POINT('Ctrl Pts',(-39.7190240026952,0.2,34.5422982903149));
#9326=CARTESIAN_POINT('Ctrl Pts',(-39.6122053104388,0.2,34.5298045655479));
#9327=CARTESIAN_POINT('Ctrl Pts',(-39.5600981367484,0.2,34.5237100078191));
#9328=CARTESIAN_POINT('Ctrl Pts',(-39.9475462091819,0.,35.0707767857637));
#9329=CARTESIAN_POINT('Ctrl Pts',(-39.9475462091819,0.2,35.0707767857637));
#9330=CARTESIAN_POINT('Ctrl Pts',(-39.9457077299826,0.,34.9874551784042));
#9331=CARTESIAN_POINT('Ctrl Pts',(-39.9457077299826,0.2,34.9874551784042));
#9332=CARTESIAN_POINT('Ctrl Pts',(-39.9424409245803,0.,34.8394004834395));
#9333=CARTESIAN_POINT('Ctrl Pts',(-39.9424409245803,0.2,34.8394004834395));
#9334=CARTESIAN_POINT('Ctrl Pts',(-39.8672069789597,0.,34.7127720910893));
#9335=CARTESIAN_POINT('Ctrl Pts',(-39.8672069789597,0.2,34.7127720910893));
#9336=CARTESIAN_POINT('Ctrl Pts',(-39.8343128813163,0.,34.6574071003522));
#9337=CARTESIAN_POINT('Ctrl Pts',(-39.8343128813163,0.2,34.6574071003522));
#9338=CARTESIAN_POINT('',(-39.9475462091819,0.,35.0707767857637));
#9339=CARTESIAN_POINT('Ctrl Pts',(-39.9475462091819,0.,35.0707767857637));
#9340=CARTESIAN_POINT('Ctrl Pts',(-39.9457077299826,0.,34.9874551784042));
#9341=CARTESIAN_POINT('Ctrl Pts',(-39.9424409245803,0.,34.8394004834395));
#9342=CARTESIAN_POINT('Ctrl Pts',(-39.8672069789597,0.,34.7127720910893));
#9343=CARTESIAN_POINT('Ctrl Pts',(-39.8343128813163,0.,34.6574071003522));
#9344=CARTESIAN_POINT('',(-39.9475462091819,0.2,35.0707767857637));
#9345=CARTESIAN_POINT('',(-39.9475462091819,0.,35.0707767857637));
#9346=CARTESIAN_POINT('Ctrl Pts',(-39.9475462091819,0.2,35.0707767857637));
#9347=CARTESIAN_POINT('Ctrl Pts',(-39.9457077299826,0.2,34.9874551784042));
#9348=CARTESIAN_POINT('Ctrl Pts',(-39.9424409245803,0.2,34.8394004834395));
#9349=CARTESIAN_POINT('Ctrl Pts',(-39.8672069789597,0.2,34.7127720910893));
#9350=CARTESIAN_POINT('Ctrl Pts',(-39.8343128813163,0.2,34.6574071003522));
#9351=CARTESIAN_POINT('Ctrl Pts',(-39.826809848632,0.,35.4971069051351));
#9352=CARTESIAN_POINT('Ctrl Pts',(-39.826809848632,0.2,35.4971069051351));
#9353=CARTESIAN_POINT('Ctrl Pts',(-39.8619258671029,0.,35.4386302047002));
#9354=CARTESIAN_POINT('Ctrl Pts',(-39.8619258671029,0.2,35.4386302047002));
#9355=CARTESIAN_POINT('Ctrl Pts',(-39.9403253650406,0.,35.3080759973961));
#9356=CARTESIAN_POINT('Ctrl Pts',(-39.9403253650406,0.2,35.3080759973961));
#9357=CARTESIAN_POINT('Ctrl Pts',(-39.9449777048127,0.,35.1551857620499));
#9358=CARTESIAN_POINT('Ctrl Pts',(-39.9449777048127,0.2,35.1551857620499));
#9359=CARTESIAN_POINT('Ctrl Pts',(-39.9475462091819,0.,35.0707767857637));
#9360=CARTESIAN_POINT('Ctrl Pts',(-39.9475462091819,0.2,35.0707767857637));
#9361=CARTESIAN_POINT('Ctrl Pts',(-39.826809848632,0.,35.4971069051351));
#9362=CARTESIAN_POINT('Ctrl Pts',(-39.8619258671029,0.,35.4386302047002));
#9363=CARTESIAN_POINT('Ctrl Pts',(-39.9403253650406,0.,35.3080759973961));
#9364=CARTESIAN_POINT('Ctrl Pts',(-39.9449777048127,0.,35.1551857620499));
#9365=CARTESIAN_POINT('Ctrl Pts',(-39.9475462091819,0.,35.0707767857637));
#9366=CARTESIAN_POINT('Ctrl Pts',(-39.826809848632,0.2,35.4971069051351));
#9367=CARTESIAN_POINT('Ctrl Pts',(-39.8619258671029,0.2,35.4386302047002));
#9368=CARTESIAN_POINT('Ctrl Pts',(-39.9403253650406,0.2,35.3080759973961));
#9369=CARTESIAN_POINT('Ctrl Pts',(-39.9449777048127,0.2,35.1551857620499));
#9370=CARTESIAN_POINT('Ctrl Pts',(-39.9475462091819,0.2,35.0707767857637));
#9371=CARTESIAN_POINT('Origin',(-39.9243540418998,0.,34.5046104444589));
#9372=CARTESIAN_POINT('',(-39.9243540418998,0.,34.5046104444589));
#9373=CARTESIAN_POINT('',(-39.9243540418998,0.,33.799289758357));
#9374=CARTESIAN_POINT('',(-39.9243540418998,0.,16.4889334468349));
#9375=CARTESIAN_POINT('',(-39.9243540418998,0.2,34.5046104444589));
#9376=CARTESIAN_POINT('',(-39.9243540418998,0.,34.5046104444589));
#9377=CARTESIAN_POINT('',(-39.9243540418998,0.2,33.799289758357));
#9378=CARTESIAN_POINT('',(-39.9243540418998,0.2,34.5046104444589));
#9379=CARTESIAN_POINT('',(-39.9243540418998,0.,33.799289758357));
#9380=CARTESIAN_POINT('Ctrl Pts',(-39.7640545023338,0.,34.373641903552));
#9381=CARTESIAN_POINT('Ctrl Pts',(-39.7640545023338,0.2,34.373641903552));
#9382=CARTESIAN_POINT('Ctrl Pts',(-39.7948646795062,0.,34.3917412673264));
#9383=CARTESIAN_POINT('Ctrl Pts',(-39.7948646795062,0.2,34.3917412673264));
#9384=CARTESIAN_POINT('Ctrl Pts',(-39.8550924768414,0.,34.4271219406411));
#9385=CARTESIAN_POINT('Ctrl Pts',(-39.8550924768414,0.2,34.4271219406411));
#9386=CARTESIAN_POINT('Ctrl Pts',(-39.9016254912428,0.,34.4791821801269));
#9387=CARTESIAN_POINT('Ctrl Pts',(-39.9016254912428,0.2,34.4791821801269));
#9388=CARTESIAN_POINT('Ctrl Pts',(-39.9243540418998,0.,34.5046104444589));
#9389=CARTESIAN_POINT('Ctrl Pts',(-39.9243540418998,0.2,34.5046104444589));
#9390=CARTESIAN_POINT('',(-39.7640545023338,0.,34.373641903552));
#9391=CARTESIAN_POINT('Ctrl Pts',(-39.7640545023338,0.,34.373641903552));
#9392=CARTESIAN_POINT('Ctrl Pts',(-39.7948646795062,0.,34.3917412673264));
#9393=CARTESIAN_POINT('Ctrl Pts',(-39.8550924768414,0.,34.4271219406411));
#9394=CARTESIAN_POINT('Ctrl Pts',(-39.9016254912428,0.,34.4791821801269));
#9395=CARTESIAN_POINT('Ctrl Pts',(-39.9243540418998,0.,34.5046104444589));
#9396=CARTESIAN_POINT('',(-39.7640545023338,0.2,34.373641903552));
#9397=CARTESIAN_POINT('',(-39.7640545023338,0.,34.373641903552));
#9398=CARTESIAN_POINT('Ctrl Pts',(-39.7640545023338,0.2,34.373641903552));
#9399=CARTESIAN_POINT('Ctrl Pts',(-39.7948646795062,0.2,34.3917412673264));
#9400=CARTESIAN_POINT('Ctrl Pts',(-39.8550924768414,0.2,34.4271219406411));
#9401=CARTESIAN_POINT('Ctrl Pts',(-39.9016254912428,0.2,34.4791821801269));
#9402=CARTESIAN_POINT('Ctrl Pts',(-39.9243540418998,0.2,34.5046104444589));
#9403=CARTESIAN_POINT('Ctrl Pts',(-39.5437271250144,0.,34.3218001677122));
#9404=CARTESIAN_POINT('Ctrl Pts',(-39.5437271250144,0.2,34.3218001677122));
#9405=CARTESIAN_POINT('Ctrl Pts',(-39.5831267029158,0.,34.3237115658186));
#9406=CARTESIAN_POINT('Ctrl Pts',(-39.5831267029158,0.2,34.3237115658186));
#9407=CARTESIAN_POINT('Ctrl Pts',(-39.6598090241193,0.,34.3274316676917));
#9408=CARTESIAN_POINT('Ctrl Pts',(-39.6598090241193,0.2,34.3274316676917));
#9409=CARTESIAN_POINT('Ctrl Pts',(-39.72995144258,0.,34.3585246009911));
#9410=CARTESIAN_POINT('Ctrl Pts',(-39.72995144258,0.2,34.3585246009911));
#9411=CARTESIAN_POINT('Ctrl Pts',(-39.7640545023338,0.,34.373641903552));
#9412=CARTESIAN_POINT('Ctrl Pts',(-39.7640545023338,0.2,34.373641903552));
#9413=CARTESIAN_POINT('',(-39.5437271250144,0.,34.3218001677122));
#9414=CARTESIAN_POINT('Ctrl Pts',(-39.5437271250144,0.,34.3218001677122));
#9415=CARTESIAN_POINT('Ctrl Pts',(-39.5831267029158,0.,34.3237115658186));
#9416=CARTESIAN_POINT('Ctrl Pts',(-39.6598090241193,0.,34.3274316676917));
#9417=CARTESIAN_POINT('Ctrl Pts',(-39.72995144258,0.,34.3585246009911));
#9418=CARTESIAN_POINT('Ctrl Pts',(-39.7640545023338,0.,34.373641903552));
#9419=CARTESIAN_POINT('',(-39.5437271250144,0.2,34.3218001677122));
#9420=CARTESIAN_POINT('',(-39.5437271250144,0.,34.3218001677122));
#9421=CARTESIAN_POINT('Ctrl Pts',(-39.5437271250144,0.2,34.3218001677122));
#9422=CARTESIAN_POINT('Ctrl Pts',(-39.5831267029158,0.2,34.3237115658186));
#9423=CARTESIAN_POINT('Ctrl Pts',(-39.6598090241193,0.2,34.3274316676917));
#9424=CARTESIAN_POINT('Ctrl Pts',(-39.72995144258,0.2,34.3585246009911));
#9425=CARTESIAN_POINT('Ctrl Pts',(-39.7640545023338,0.2,34.373641903552));
#9426=CARTESIAN_POINT('Ctrl Pts',(-39.2238087309257,0.,34.4166158093538));
#9427=CARTESIAN_POINT('Ctrl Pts',(-39.2238087309257,0.2,34.4166158093538));
#9428=CARTESIAN_POINT('Ctrl Pts',(-39.2746615096434,0.,34.388963683706));
#9429=CARTESIAN_POINT('Ctrl Pts',(-39.2746615096434,0.2,34.388963683706));
#9430=CARTESIAN_POINT('Ctrl Pts',(-39.374620438238,0.,34.3346091936897));
#9431=CARTESIAN_POINT('Ctrl Pts',(-39.374620438238,0.2,34.3346091936897));
#9432=CARTESIAN_POINT('Ctrl Pts',(-39.4880187163705,0.,34.3260198142979));
#9433=CARTESIAN_POINT('Ctrl Pts',(-39.4880187163705,0.2,34.3260198142979));
#9434=CARTESIAN_POINT('Ctrl Pts',(-39.5437271250144,0.,34.3218001677122));
#9435=CARTESIAN_POINT('Ctrl Pts',(-39.5437271250144,0.2,34.3218001677122));
#9436=CARTESIAN_POINT('',(-39.2238087309257,0.,34.4166158093538));
#9437=CARTESIAN_POINT('Ctrl Pts',(-39.2238087309257,0.,34.4166158093538));
#9438=CARTESIAN_POINT('Ctrl Pts',(-39.2746615096434,0.,34.388963683706));
#9439=CARTESIAN_POINT('Ctrl Pts',(-39.374620438238,0.,34.3346091936897));
#9440=CARTESIAN_POINT('Ctrl Pts',(-39.4880187163705,0.,34.3260198142979));
#9441=CARTESIAN_POINT('Ctrl Pts',(-39.5437271250144,0.,34.3218001677122));
#9442=CARTESIAN_POINT('',(-39.2238087309257,0.2,34.4166158093538));
#9443=CARTESIAN_POINT('',(-39.2238087309257,0.,34.4166158093538));
#9444=CARTESIAN_POINT('Ctrl Pts',(-39.2238087309257,0.2,34.4166158093538));
#9445=CARTESIAN_POINT('Ctrl Pts',(-39.2746615096434,0.2,34.388963683706));
#9446=CARTESIAN_POINT('Ctrl Pts',(-39.374620438238,0.2,34.3346091936897));
#9447=CARTESIAN_POINT('Ctrl Pts',(-39.4880187163705,0.2,34.3260198142979));
#9448=CARTESIAN_POINT('Ctrl Pts',(-39.5437271250144,0.2,34.3218001677122));
#9449=CARTESIAN_POINT('Ctrl Pts',(-38.9918846739188,0.,34.6894670976724));
#9450=CARTESIAN_POINT('Ctrl Pts',(-38.9918846739188,0.2,34.6894670976724));
#9451=CARTESIAN_POINT('Ctrl Pts',(-39.0209037555589,0.,34.6339671532271));
#9452=CARTESIAN_POINT('Ctrl Pts',(-39.0209037555589,0.2,34.6339671532271));
#9453=CARTESIAN_POINT('Ctrl Pts',(-39.0776576938266,0.,34.5254233867501));
#9454=CARTESIAN_POINT('Ctrl Pts',(-39.0776576938266,0.2,34.5254233867501));
#9455=CARTESIAN_POINT('Ctrl Pts',(-39.1758322144545,0.,34.4523337120985));
#9456=CARTESIAN_POINT('Ctrl Pts',(-39.1758322144545,0.2,34.4523337120985));
#9457=CARTESIAN_POINT('Ctrl Pts',(-39.2238087309257,0.,34.4166158093538));
#9458=CARTESIAN_POINT('Ctrl Pts',(-39.2238087309257,0.2,34.4166158093538));
#9459=CARTESIAN_POINT('',(-38.9918846739188,0.,34.6894670976724));
#9460=CARTESIAN_POINT('Ctrl Pts',(-38.9918846739188,0.,34.6894670976724));
#9461=CARTESIAN_POINT('Ctrl Pts',(-39.0209037555589,0.,34.6339671532271));
#9462=CARTESIAN_POINT('Ctrl Pts',(-39.0776576938266,0.,34.5254233867501));
#9463=CARTESIAN_POINT('Ctrl Pts',(-39.1758322144545,0.,34.4523337120985));
#9464=CARTESIAN_POINT('Ctrl Pts',(-39.2238087309257,0.,34.4166158093538));
#9465=CARTESIAN_POINT('',(-38.9918846739188,0.2,34.6894670976724));
#9466=CARTESIAN_POINT('',(-38.9918846739188,0.,34.6894670976724));
#9467=CARTESIAN_POINT('Ctrl Pts',(-38.9918846739188,0.2,34.6894670976724));
#9468=CARTESIAN_POINT('Ctrl Pts',(-39.0209037555589,0.2,34.6339671532271));
#9469=CARTESIAN_POINT('Ctrl Pts',(-39.0776576938266,0.2,34.5254233867501));
#9470=CARTESIAN_POINT('Ctrl Pts',(-39.1758322144545,0.2,34.4523337120985));
#9471=CARTESIAN_POINT('Ctrl Pts',(-39.2238087309257,0.2,34.4166158093538));
#9472=CARTESIAN_POINT('Ctrl Pts',(-38.9120764387504,0.,35.0898763491239));
#9473=CARTESIAN_POINT('Ctrl Pts',(-38.9120764387504,0.2,35.0898763491239));
#9474=CARTESIAN_POINT('Ctrl Pts',(-38.9149291572895,0.,35.0186754375433));
#9475=CARTESIAN_POINT('Ctrl Pts',(-38.9149291572895,0.2,35.0186754375433));
#9476=CARTESIAN_POINT('Ctrl Pts',(-38.9204482562339,0.,34.8809244219584));
#9477=CARTESIAN_POINT('Ctrl Pts',(-38.9204482562339,0.2,34.8809244219584));
#9478=CARTESIAN_POINT('Ctrl Pts',(-38.9686146055209,0.,34.7518333973248));
#9479=CARTESIAN_POINT('Ctrl Pts',(-38.9686146055209,0.2,34.7518333973248));
#9480=CARTESIAN_POINT('Ctrl Pts',(-38.9918846739188,0.,34.6894670976724));
#9481=CARTESIAN_POINT('Ctrl Pts',(-38.9918846739188,0.2,34.6894670976724));
#9482=CARTESIAN_POINT('',(-38.9120764387504,0.,35.0898763491239));
#9483=CARTESIAN_POINT('Ctrl Pts',(-38.9120764387504,0.,35.0898763491239));
#9484=CARTESIAN_POINT('Ctrl Pts',(-38.9149291572895,0.,35.0186754375433));
#9485=CARTESIAN_POINT('Ctrl Pts',(-38.9204482562339,0.,34.8809244219584));
#9486=CARTESIAN_POINT('Ctrl Pts',(-38.9686146055209,0.,34.7518333973248));
#9487=CARTESIAN_POINT('Ctrl Pts',(-38.9918846739188,0.,34.6894670976724));
#9488=CARTESIAN_POINT('',(-38.9120764387504,0.2,35.0898763491239));
#9489=CARTESIAN_POINT('',(-38.9120764387504,0.,35.0898763491239));
#9490=CARTESIAN_POINT('Ctrl Pts',(-38.9120764387504,0.2,35.0898763491239));
#9491=CARTESIAN_POINT('Ctrl Pts',(-38.9149291572895,0.2,35.0186754375433));
#9492=CARTESIAN_POINT('Ctrl Pts',(-38.9204482562339,0.2,34.8809244219584));
#9493=CARTESIAN_POINT('Ctrl Pts',(-38.9686146055209,0.2,34.7518333973248));
#9494=CARTESIAN_POINT('Ctrl Pts',(-38.9918846739188,0.2,34.6894670976724));
#9495=CARTESIAN_POINT('Ctrl Pts',(-38.9843816412345,0.,35.4711860372152));
#9496=CARTESIAN_POINT('Ctrl Pts',(-38.9843816412345,0.2,35.4711860372152));
#9497=CARTESIAN_POINT('Ctrl Pts',(-38.9632965069395,0.,35.4109980549887));
#9498=CARTESIAN_POINT('Ctrl Pts',(-38.9632965069395,0.2,35.4109980549887));
#9499=CARTESIAN_POINT('Ctrl Pts',(-38.9200578801795,0.,35.2875724385086));
#9500=CARTESIAN_POINT('Ctrl Pts',(-38.9200578801795,0.2,35.2875724385086));
#9501=CARTESIAN_POINT('Ctrl Pts',(-38.9147803854133,0.,35.1568516800728));
#9502=CARTESIAN_POINT('Ctrl Pts',(-38.9147803854133,0.2,35.1568516800728));
#9503=CARTESIAN_POINT('Ctrl Pts',(-38.9120764387504,0.,35.0898763491239));
#9504=CARTESIAN_POINT('Ctrl Pts',(-38.9120764387504,0.2,35.0898763491239));
#9505=CARTESIAN_POINT('',(-38.9843816412345,0.,35.4711860372152));
#9506=CARTESIAN_POINT('Ctrl Pts',(-38.9843816412345,0.,35.4711860372152));
#9507=CARTESIAN_POINT('Ctrl Pts',(-38.9632965069395,0.,35.4109980549887));
#9508=CARTESIAN_POINT('Ctrl Pts',(-38.9200578801795,0.,35.2875724385086));
#9509=CARTESIAN_POINT('Ctrl Pts',(-38.9147803854133,0.,35.1568516800728));
#9510=CARTESIAN_POINT('Ctrl Pts',(-38.9120764387504,0.,35.0898763491239));
#9511=CARTESIAN_POINT('',(-38.9843816412345,0.2,35.4711860372152));
#9512=CARTESIAN_POINT('',(-38.9843816412345,0.,35.4711860372152));
#9513=CARTESIAN_POINT('Ctrl Pts',(-38.9843816412345,0.2,35.4711860372152));
#9514=CARTESIAN_POINT('Ctrl Pts',(-38.9632965069395,0.2,35.4109980549887));
#9515=CARTESIAN_POINT('Ctrl Pts',(-38.9200578801795,0.2,35.2875724385086));
#9516=CARTESIAN_POINT('Ctrl Pts',(-38.9147803854133,0.2,35.1568516800728));
#9517=CARTESIAN_POINT('Ctrl Pts',(-38.9120764387504,0.2,35.0898763491239));
#9518=CARTESIAN_POINT('Ctrl Pts',(-39.198569740142,0.,35.7406267477598));
#9519=CARTESIAN_POINT('Ctrl Pts',(-39.198569740142,0.2,35.7406267477598));
#9520=CARTESIAN_POINT('Ctrl Pts',(-39.1538834904359,0.,35.704812980996));
#9521=CARTESIAN_POINT('Ctrl Pts',(-39.1538834904359,0.2,35.704812980996));
#9522=CARTESIAN_POINT('Ctrl Pts',(-39.0621510825113,0.,35.6312941002732));
#9523=CARTESIAN_POINT('Ctrl Pts',(-39.0621510825113,0.2,35.6312941002732));
#9524=CARTESIAN_POINT('Ctrl Pts',(-39.0107456075195,0.,35.5254629293608));
#9525=CARTESIAN_POINT('Ctrl Pts',(-39.0107456075195,0.2,35.5254629293608));
#9526=CARTESIAN_POINT('Ctrl Pts',(-38.9843816412345,0.,35.4711860372152));
#9527=CARTESIAN_POINT('Ctrl Pts',(-38.9843816412345,0.2,35.4711860372152));
#9528=CARTESIAN_POINT('',(-39.198569740142,0.,35.7406267477598));
#9529=CARTESIAN_POINT('Ctrl Pts',(-39.198569740142,0.,35.7406267477598));
#9530=CARTESIAN_POINT('Ctrl Pts',(-39.1538834904359,0.,35.704812980996));
#9531=CARTESIAN_POINT('Ctrl Pts',(-39.0621510825113,0.,35.6312941002732));
#9532=CARTESIAN_POINT('Ctrl Pts',(-39.0107456075195,0.,35.5254629293608));
#9533=CARTESIAN_POINT('Ctrl Pts',(-38.9843816412345,0.,35.4711860372152));
#9534=CARTESIAN_POINT('',(-39.198569740142,0.2,35.7406267477598));
#9535=CARTESIAN_POINT('',(-39.198569740142,0.,35.7406267477598));
#9536=CARTESIAN_POINT('Ctrl Pts',(-39.198569740142,0.2,35.7406267477598));
#9537=CARTESIAN_POINT('Ctrl Pts',(-39.1538834904359,0.2,35.704812980996));
#9538=CARTESIAN_POINT('Ctrl Pts',(-39.0621510825113,0.2,35.6312941002732));
#9539=CARTESIAN_POINT('Ctrl Pts',(-39.0107456075195,0.2,35.5254629293608));
#9540=CARTESIAN_POINT('Ctrl Pts',(-38.9843816412345,0.2,35.4711860372152));
#9541=CARTESIAN_POINT('Ctrl Pts',(-39.5259911669151,0.,35.8361247135724));
#9542=CARTESIAN_POINT('Ctrl Pts',(-39.5259911669151,0.2,35.8361247135724));
#9543=CARTESIAN_POINT('Ctrl Pts',(-39.4665024235211,0.,35.8325031241687));
#9544=CARTESIAN_POINT('Ctrl Pts',(-39.4665024235211,0.2,35.8325031241687));
#9545=CARTESIAN_POINT('Ctrl Pts',(-39.3500560493599,0.,35.8254140358688));
#9546=CARTESIAN_POINT('Ctrl Pts',(-39.3500560493599,0.2,35.8254140358688));
#9547=CARTESIAN_POINT('Ctrl Pts',(-39.2483281137752,0.,35.7684766411452));
#9548=CARTESIAN_POINT('Ctrl Pts',(-39.2483281137752,0.2,35.7684766411452));
#9549=CARTESIAN_POINT('Ctrl Pts',(-39.198569740142,0.,35.7406267477598));
#9550=CARTESIAN_POINT('Ctrl Pts',(-39.198569740142,0.2,35.7406267477598));
#9551=CARTESIAN_POINT('',(-39.5259911669151,0.,35.8361247135724));
#9552=CARTESIAN_POINT('Ctrl Pts',(-39.5259911669151,0.,35.8361247135724));
#9553=CARTESIAN_POINT('Ctrl Pts',(-39.4665024235211,0.,35.8325031241687));
#9554=CARTESIAN_POINT('Ctrl Pts',(-39.3500560493599,0.,35.8254140358688));
#9555=CARTESIAN_POINT('Ctrl Pts',(-39.2483281137752,0.,35.7684766411452));
#9556=CARTESIAN_POINT('Ctrl Pts',(-39.198569740142,0.,35.7406267477598));
#9557=CARTESIAN_POINT('',(-39.5259911669151,0.2,35.8361247135724));
#9558=CARTESIAN_POINT('',(-39.5259911669151,0.,35.8361247135724));
#9559=CARTESIAN_POINT('Ctrl Pts',(-39.5259911669151,0.2,35.8361247135724));
#9560=CARTESIAN_POINT('Ctrl Pts',(-39.4665024235211,0.2,35.8325031241687));
#9561=CARTESIAN_POINT('Ctrl Pts',(-39.3500560493599,0.2,35.8254140358688));
#9562=CARTESIAN_POINT('Ctrl Pts',(-39.2483281137752,0.2,35.7684766411452));
#9563=CARTESIAN_POINT('Ctrl Pts',(-39.198569740142,0.2,35.7406267477598));
#9564=CARTESIAN_POINT('Ctrl Pts',(-39.7674650801078,0.,35.7808722509469));
#9565=CARTESIAN_POINT('Ctrl Pts',(-39.7674650801078,0.2,35.7808722509469));
#9566=CARTESIAN_POINT('Ctrl Pts',(-39.7312850849169,0.,35.7969732234903));
#9567=CARTESIAN_POINT('Ctrl Pts',(-39.7312850849169,0.2,35.7969732234903));
#9568=CARTESIAN_POINT('Ctrl Pts',(-39.6545186684874,0.,35.8311361346975));
#9569=CARTESIAN_POINT('Ctrl Pts',(-39.6545186684874,0.2,35.8311361346975));
#9570=CARTESIAN_POINT('Ctrl Pts',(-39.5704423401735,0.,35.83439941602));
#9571=CARTESIAN_POINT('Ctrl Pts',(-39.5704423401735,0.2,35.83439941602));
#9572=CARTESIAN_POINT('Ctrl Pts',(-39.5259911669151,0.,35.8361247135724));
#9573=CARTESIAN_POINT('Ctrl Pts',(-39.5259911669151,0.2,35.8361247135724));
#9574=CARTESIAN_POINT('',(-39.7674650801078,0.,35.7808722509469));
#9575=CARTESIAN_POINT('Ctrl Pts',(-39.7674650801078,0.,35.7808722509469));
#9576=CARTESIAN_POINT('Ctrl Pts',(-39.7312850849169,0.,35.7969732234903));
#9577=CARTESIAN_POINT('Ctrl Pts',(-39.6545186684874,0.,35.8311361346975));
#9578=CARTESIAN_POINT('Ctrl Pts',(-39.5704423401735,0.,35.83439941602));
#9579=CARTESIAN_POINT('Ctrl Pts',(-39.5259911669151,0.,35.8361247135724));
#9580=CARTESIAN_POINT('',(-39.7674650801078,0.2,35.7808722509469));
#9581=CARTESIAN_POINT('',(-39.7674650801078,0.,35.7808722509469));
#9582=CARTESIAN_POINT('Ctrl Pts',(-39.7674650801078,0.2,35.7808722509469));
#9583=CARTESIAN_POINT('Ctrl Pts',(-39.7312850849169,0.2,35.7969732234903));
#9584=CARTESIAN_POINT('Ctrl Pts',(-39.6545186684874,0.2,35.8311361346975));
#9585=CARTESIAN_POINT('Ctrl Pts',(-39.5704423401735,0.2,35.83439941602));
#9586=CARTESIAN_POINT('Ctrl Pts',(-39.5259911669151,0.2,35.8361247135724));
#9587=CARTESIAN_POINT('Ctrl Pts',(-39.9461824549094,0.,35.6151151610937));
#9588=CARTESIAN_POINT('Ctrl Pts',(-39.9461824549094,0.2,35.6151151610937));
#9589=CARTESIAN_POINT('Ctrl Pts',(-39.9197821073736,0.,35.6491764173113));
#9590=CARTESIAN_POINT('Ctrl Pts',(-39.9197821073736,0.2,35.6491764173113));
#9591=CARTESIAN_POINT('Ctrl Pts',(-39.8692901314921,0.,35.714320261539));
#9592=CARTESIAN_POINT('Ctrl Pts',(-39.8692901314921,0.2,35.714320261539));
#9593=CARTESIAN_POINT('Ctrl Pts',(-39.8003561064888,0.,35.7593749552464));
#9594=CARTESIAN_POINT('Ctrl Pts',(-39.8003561064888,0.2,35.7593749552464));
#9595=CARTESIAN_POINT('Ctrl Pts',(-39.7674650801078,0.,35.7808722509469));
#9596=CARTESIAN_POINT('Ctrl Pts',(-39.7674650801078,0.2,35.7808722509469));
#9597=CARTESIAN_POINT('',(-39.9461824549094,0.,35.6151151610937));
#9598=CARTESIAN_POINT('Ctrl Pts',(-39.9461824549094,0.,35.6151151610937));
#9599=CARTESIAN_POINT('Ctrl Pts',(-39.9197821073736,0.,35.6491764173113));
#9600=CARTESIAN_POINT('Ctrl Pts',(-39.8692901314921,0.,35.714320261539));
#9601=CARTESIAN_POINT('Ctrl Pts',(-39.8003561064888,0.,35.7593749552464));
#9602=CARTESIAN_POINT('Ctrl Pts',(-39.7674650801078,0.,35.7808722509469));
#9603=CARTESIAN_POINT('',(-39.9461824549094,0.2,35.6151151610937));
#9604=CARTESIAN_POINT('',(-39.9461824549094,0.,35.6151151610937));
#9605=CARTESIAN_POINT('Ctrl Pts',(-39.9461824549094,0.2,35.6151151610937));
#9606=CARTESIAN_POINT('Ctrl Pts',(-39.9197821073736,0.2,35.6491764173113));
#9607=CARTESIAN_POINT('Ctrl Pts',(-39.8692901314921,0.2,35.714320261539));
#9608=CARTESIAN_POINT('Ctrl Pts',(-39.8003561064888,0.2,35.7593749552464));
#9609=CARTESIAN_POINT('Ctrl Pts',(-39.7674650801078,0.2,35.7808722509469));
#9610=CARTESIAN_POINT('Origin',(-39.9461824549094,0.,35.8033825410928));
#9611=CARTESIAN_POINT('',(-39.9461824549094,0.,35.8033825410928));
#9612=CARTESIAN_POINT('',(-39.9461824549094,0.,17.1383194951519));
#9613=CARTESIAN_POINT('',(-39.9461824549094,0.2,35.8033825410928));
#9614=CARTESIAN_POINT('',(-39.9461824549094,0.,35.8033825410928));
#9615=CARTESIAN_POINT('',(-39.9461824549094,0.2,35.8033825410928));
#9616=CARTESIAN_POINT('Origin',(-40.1699204100028,0.,35.8033825410928));
#9617=CARTESIAN_POINT('',(-40.1699204100028,0.,35.8033825410928));
#9618=CARTESIAN_POINT('',(-35.2853028062447,0.,35.8033825410928));
#9619=CARTESIAN_POINT('',(-40.1699204100028,0.2,35.8033825410928));
#9620=CARTESIAN_POINT('',(-40.1699204100028,0.,35.8033825410928));
#9621=CARTESIAN_POINT('',(-40.1699204100028,0.2,35.8033825410928));
#9622=CARTESIAN_POINT('Origin',(-40.1699204100028,0.,33.799289758357));
#9623=CARTESIAN_POINT('',(-40.1699204100028,0.,33.799289758357));
#9624=CARTESIAN_POINT('',(-40.1699204100028,0.,16.136273103784));
#9625=CARTESIAN_POINT('',(-40.1699204100028,0.2,33.799289758357));
#9626=CARTESIAN_POINT('',(-40.1699204100028,0.,33.799289758357));
#9627=CARTESIAN_POINT('',(-40.1699204100028,0.2,33.799289758357));
#9628=CARTESIAN_POINT('Origin',(-39.9243540418998,0.,33.799289758357));
#9629=CARTESIAN_POINT('',(-35.1625196221931,0.,33.799289758357));
#9630=CARTESIAN_POINT('',(-39.9243540418998,0.2,33.799289758357));
#9631=CARTESIAN_POINT('Origin',(-44.386838144596,0.2,35.0769159896697));
#9632=CARTESIAN_POINT('Ctrl Pts',(-37.7306313169852,0.,34.7460837616052));
#9633=CARTESIAN_POINT('Ctrl Pts',(-37.7306313169852,0.2,34.7460837616052));
#9634=CARTESIAN_POINT('Ctrl Pts',(-37.7191508961577,0.,34.7801367224495));
#9635=CARTESIAN_POINT('Ctrl Pts',(-37.7191508961577,0.2,34.7801367224495));
#9636=CARTESIAN_POINT('Ctrl Pts',(-37.6923646251853,0.,34.8595895448053));
#9637=CARTESIAN_POINT('Ctrl Pts',(-37.6923646251853,0.2,34.8595895448053));
#9638=CARTESIAN_POINT('Ctrl Pts',(-37.6915395762934,0.,34.9436291827858));
#9639=CARTESIAN_POINT('Ctrl Pts',(-37.6915395762934,0.2,34.9436291827858));
#9640=CARTESIAN_POINT('Ctrl Pts',(-37.6910681379691,0.,34.9916499806966));
#9641=CARTESIAN_POINT('Ctrl Pts',(-37.6910681379691,0.2,34.9916499806966));
#9642=CARTESIAN_POINT('',(-37.7306313169852,0.,34.7460837616052));
#9643=CARTESIAN_POINT('',(-37.6910681379691,0.,34.9916499806966));
#9644=CARTESIAN_POINT('Ctrl Pts',(-37.7306313169852,0.,34.7460837616052));
#9645=CARTESIAN_POINT('Ctrl Pts',(-37.7191508961577,0.,34.7801367224495));
#9646=CARTESIAN_POINT('Ctrl Pts',(-37.6923646251853,0.,34.8595895448053));
#9647=CARTESIAN_POINT('Ctrl Pts',(-37.6915395762934,0.,34.9436291827858));
#9648=CARTESIAN_POINT('Ctrl Pts',(-37.6910681379691,0.,34.9916499806966));
#9649=CARTESIAN_POINT('',(-37.7306313169852,0.2,34.7460837616052));
#9650=CARTESIAN_POINT('',(-37.7306313169852,0.,34.7460837616052));
#9651=CARTESIAN_POINT('',(-37.6910681379691,0.2,34.9916499806966));
#9652=CARTESIAN_POINT('Ctrl Pts',(-37.7306313169852,0.2,34.7460837616052));
#9653=CARTESIAN_POINT('Ctrl Pts',(-37.7191508961577,0.2,34.7801367224495));
#9654=CARTESIAN_POINT('Ctrl Pts',(-37.6923646251853,0.2,34.8595895448053));
#9655=CARTESIAN_POINT('Ctrl Pts',(-37.6915395762934,0.2,34.9436291827858));
#9656=CARTESIAN_POINT('Ctrl Pts',(-37.6910681379691,0.2,34.9916499806966));
#9657=CARTESIAN_POINT('',(-37.6910681379691,0.,34.9916499806966));
#9658=CARTESIAN_POINT('Ctrl Pts',(-37.8929776800529,0.,34.5762339188184));
#9659=CARTESIAN_POINT('Ctrl Pts',(-37.8929776800529,0.2,34.5762339188184));
#9660=CARTESIAN_POINT('Ctrl Pts',(-37.8587273068998,0.,34.5985420193219));
#9661=CARTESIAN_POINT('Ctrl Pts',(-37.8587273068998,0.2,34.5985420193219));
#9662=CARTESIAN_POINT('Ctrl Pts',(-37.7912762370176,0.,34.6424745405611));
#9663=CARTESIAN_POINT('Ctrl Pts',(-37.7912762370176,0.2,34.6424745405611));
#9664=CARTESIAN_POINT('Ctrl Pts',(-37.7506354725599,0.,34.711907527625));
#9665=CARTESIAN_POINT('Ctrl Pts',(-37.7506354725599,0.2,34.711907527625));
#9666=CARTESIAN_POINT('Ctrl Pts',(-37.7306313169852,0.,34.7460837616052));
#9667=CARTESIAN_POINT('Ctrl Pts',(-37.7306313169852,0.2,34.7460837616052));
#9668=CARTESIAN_POINT('',(-37.8929776800529,0.,34.5762339188184));
#9669=CARTESIAN_POINT('Ctrl Pts',(-37.8929776800529,0.,34.5762339188184));
#9670=CARTESIAN_POINT('Ctrl Pts',(-37.8587273068998,0.,34.5985420193219));
#9671=CARTESIAN_POINT('Ctrl Pts',(-37.7912762370176,0.,34.6424745405611));
#9672=CARTESIAN_POINT('Ctrl Pts',(-37.7506354725599,0.,34.711907527625));
#9673=CARTESIAN_POINT('Ctrl Pts',(-37.7306313169852,0.,34.7460837616052));
#9674=CARTESIAN_POINT('',(-37.8929776800529,0.2,34.5762339188184));
#9675=CARTESIAN_POINT('',(-37.8929776800529,0.,34.5762339188184));
#9676=CARTESIAN_POINT('Ctrl Pts',(-37.8929776800529,0.2,34.5762339188184));
#9677=CARTESIAN_POINT('Ctrl Pts',(-37.8587273068998,0.2,34.5985420193219));
#9678=CARTESIAN_POINT('Ctrl Pts',(-37.7912762370176,0.2,34.6424745405611));
#9679=CARTESIAN_POINT('Ctrl Pts',(-37.7506354725599,0.2,34.711907527625));
#9680=CARTESIAN_POINT('Ctrl Pts',(-37.7306313169852,0.2,34.7460837616052));
#9681=CARTESIAN_POINT('Ctrl Pts',(-38.145365203704,0.,34.5141601516332));
#9682=CARTESIAN_POINT('Ctrl Pts',(-38.145365203704,0.2,34.5141601516332));
#9683=CARTESIAN_POINT('Ctrl Pts',(-38.0999587729763,0.,34.5164263711641));
#9684=CARTESIAN_POINT('Ctrl Pts',(-38.0999587729763,0.2,34.5164263711641));
#9685=CARTESIAN_POINT('Ctrl Pts',(-38.0117565679672,0.,34.5208285132496));
#9686=CARTESIAN_POINT('Ctrl Pts',(-38.0117565679672,0.2,34.5208285132496));
#9687=CARTESIAN_POINT('Ctrl Pts',(-37.9317815952286,0.,34.5581335080828));
#9688=CARTESIAN_POINT('Ctrl Pts',(-37.9317815952286,0.2,34.5581335080828));
#9689=CARTESIAN_POINT('Ctrl Pts',(-37.8929776800529,0.,34.5762339188184));
#9690=CARTESIAN_POINT('Ctrl Pts',(-37.8929776800529,0.2,34.5762339188184));
#9691=CARTESIAN_POINT('',(-38.145365203704,0.,34.5141601516332));
#9692=CARTESIAN_POINT('Ctrl Pts',(-38.145365203704,0.,34.5141601516332));
#9693=CARTESIAN_POINT('Ctrl Pts',(-38.0999587729763,0.,34.5164263711641));
#9694=CARTESIAN_POINT('Ctrl Pts',(-38.0117565679672,0.,34.5208285132496));
#9695=CARTESIAN_POINT('Ctrl Pts',(-37.9317815952286,0.,34.5581335080828));
#9696=CARTESIAN_POINT('Ctrl Pts',(-37.8929776800529,0.,34.5762339188184));
#9697=CARTESIAN_POINT('',(-38.145365203704,0.2,34.5141601516332));
#9698=CARTESIAN_POINT('',(-38.145365203704,0.,34.5141601516332));
#9699=CARTESIAN_POINT('Ctrl Pts',(-38.145365203704,0.2,34.5141601516332));
#9700=CARTESIAN_POINT('Ctrl Pts',(-38.0999587729763,0.2,34.5164263711641));
#9701=CARTESIAN_POINT('Ctrl Pts',(-38.0117565679672,0.2,34.5208285132496));
#9702=CARTESIAN_POINT('Ctrl Pts',(-37.9317815952286,0.2,34.5581335080828));
#9703=CARTESIAN_POINT('Ctrl Pts',(-37.8929776800529,0.2,34.5762339188184));
#9704=CARTESIAN_POINT('Ctrl Pts',(-38.3629638803855,0.,34.5796444965925));
#9705=CARTESIAN_POINT('Ctrl Pts',(-38.3629638803855,0.2,34.5796444965925));
#9706=CARTESIAN_POINT('Ctrl Pts',(-38.3332989459668,0.,34.5605947506944));
#9707=CARTESIAN_POINT('Ctrl Pts',(-38.3332989459668,0.2,34.5605947506944));
#9708=CARTESIAN_POINT('Ctrl Pts',(-38.2673552079565,0.,34.5182480717861));
#9709=CARTESIAN_POINT('Ctrl Pts',(-38.2673552079565,0.2,34.5182480717861));
#9710=CARTESIAN_POINT('Ctrl Pts',(-38.1886594843495,0.,34.5156109554383));
#9711=CARTESIAN_POINT('Ctrl Pts',(-38.1886594843495,0.2,34.5156109554383));
#9712=CARTESIAN_POINT('Ctrl Pts',(-38.145365203704,0.,34.5141601516332));
#9713=CARTESIAN_POINT('Ctrl Pts',(-38.145365203704,0.2,34.5141601516332));
#9714=CARTESIAN_POINT('',(-38.3629638803855,0.,34.5796444965925));
#9715=CARTESIAN_POINT('Ctrl Pts',(-38.3629638803855,0.,34.5796444965925));
#9716=CARTESIAN_POINT('Ctrl Pts',(-38.3332989459668,0.,34.5605947506944));
#9717=CARTESIAN_POINT('Ctrl Pts',(-38.2673552079565,0.,34.5182480717861));
#9718=CARTESIAN_POINT('Ctrl Pts',(-38.1886594843495,0.,34.5156109554383));
#9719=CARTESIAN_POINT('Ctrl Pts',(-38.145365203704,0.,34.5141601516332));
#9720=CARTESIAN_POINT('',(-38.3629638803855,0.2,34.5796444965925));
#9721=CARTESIAN_POINT('',(-38.3629638803855,0.,34.5796444965925));
#9722=CARTESIAN_POINT('Ctrl Pts',(-38.3629638803855,0.2,34.5796444965925));
#9723=CARTESIAN_POINT('Ctrl Pts',(-38.3332989459668,0.2,34.5605947506944));
#9724=CARTESIAN_POINT('Ctrl Pts',(-38.2673552079565,0.2,34.5182480717861));
#9725=CARTESIAN_POINT('Ctrl Pts',(-38.1886594843495,0.2,34.5156109554383));
#9726=CARTESIAN_POINT('Ctrl Pts',(-38.145365203704,0.2,34.5141601516332));
#9727=CARTESIAN_POINT('Ctrl Pts',(-38.4373159063712,0.,34.743355209979));
#9728=CARTESIAN_POINT('Ctrl Pts',(-38.4373159063712,0.2,34.743355209979));
#9729=CARTESIAN_POINT('Ctrl Pts',(-38.4341872509533,0.,34.7119505207117));
#9730=CARTESIAN_POINT('Ctrl Pts',(-38.4341872509533,0.2,34.7119505207117));
#9731=CARTESIAN_POINT('Ctrl Pts',(-38.4279144409518,0.,34.6489855652864));
#9732=CARTESIAN_POINT('Ctrl Pts',(-38.4279144409518,0.2,34.6489855652864));
#9733=CARTESIAN_POINT('Ctrl Pts',(-38.3846497007861,0.,34.6027962284478));
#9734=CARTESIAN_POINT('Ctrl Pts',(-38.3846497007861,0.2,34.6027962284478));
#9735=CARTESIAN_POINT('Ctrl Pts',(-38.3629638803855,0.,34.5796444965925));
#9736=CARTESIAN_POINT('Ctrl Pts',(-38.3629638803855,0.2,34.5796444965925));
#9737=CARTESIAN_POINT('',(-38.4373159063712,0.,34.743355209979));
#9738=CARTESIAN_POINT('Ctrl Pts',(-38.4373159063712,0.,34.743355209979));
#9739=CARTESIAN_POINT('Ctrl Pts',(-38.4341872509533,0.,34.7119505207117));
#9740=CARTESIAN_POINT('Ctrl Pts',(-38.4279144409518,0.,34.6489855652864));
#9741=CARTESIAN_POINT('Ctrl Pts',(-38.3846497007861,0.,34.6027962284478));
#9742=CARTESIAN_POINT('Ctrl Pts',(-38.3629638803855,0.,34.5796444965925));
#9743=CARTESIAN_POINT('',(-38.4373159063712,0.2,34.743355209979));
#9744=CARTESIAN_POINT('',(-38.4373159063712,0.,34.743355209979));
#9745=CARTESIAN_POINT('Ctrl Pts',(-38.4373159063712,0.2,34.743355209979));
#9746=CARTESIAN_POINT('Ctrl Pts',(-38.4341872509533,0.2,34.7119505207117));
#9747=CARTESIAN_POINT('Ctrl Pts',(-38.4279144409518,0.2,34.6489855652864));
#9748=CARTESIAN_POINT('Ctrl Pts',(-38.3846497007861,0.2,34.6027962284478));
#9749=CARTESIAN_POINT('Ctrl Pts',(-38.3629638803855,0.2,34.5796444965925));
#9750=CARTESIAN_POINT('Ctrl Pts',(-38.4032101286308,0.,34.8599991156186));
#9751=CARTESIAN_POINT('Ctrl Pts',(-38.4032101286308,0.2,34.8599991156186));
#9752=CARTESIAN_POINT('Ctrl Pts',(-38.4131572389721,0.,34.8419417390081));
#9753=CARTESIAN_POINT('Ctrl Pts',(-38.4131572389721,0.2,34.8419417390081));
#9754=CARTESIAN_POINT('Ctrl Pts',(-38.4331771807767,0.,34.8055987593405));
#9755=CARTESIAN_POINT('Ctrl Pts',(-38.4331771807767,0.2,34.8055987593405));
#9756=CARTESIAN_POINT('Ctrl Pts',(-38.4359305676052,0.,34.7641897398116));
#9757=CARTESIAN_POINT('Ctrl Pts',(-38.4359305676052,0.2,34.7641897398116));
#9758=CARTESIAN_POINT('Ctrl Pts',(-38.4373159063712,0.,34.743355209979));
#9759=CARTESIAN_POINT('Ctrl Pts',(-38.4373159063712,0.2,34.743355209979));
#9760=CARTESIAN_POINT('',(-38.4032101286308,0.,34.8599991156186));
#9761=CARTESIAN_POINT('Ctrl Pts',(-38.4032101286308,0.,34.8599991156186));
#9762=CARTESIAN_POINT('Ctrl Pts',(-38.4131572389721,0.,34.8419417390081));
#9763=CARTESIAN_POINT('Ctrl Pts',(-38.4331771807767,0.,34.8055987593405));
#9764=CARTESIAN_POINT('Ctrl Pts',(-38.4359305676052,0.,34.7641897398116));
#9765=CARTESIAN_POINT('Ctrl Pts',(-38.4373159063712,0.,34.743355209979));
#9766=CARTESIAN_POINT('',(-38.4032101286308,0.2,34.8599991156186));
#9767=CARTESIAN_POINT('',(-38.4032101286308,0.,34.8599991156186));
#9768=CARTESIAN_POINT('Ctrl Pts',(-38.4032101286308,0.2,34.8599991156186));
#9769=CARTESIAN_POINT('Ctrl Pts',(-38.4131572389721,0.2,34.8419417390081));
#9770=CARTESIAN_POINT('Ctrl Pts',(-38.4331771807767,0.2,34.8055987593405));
#9771=CARTESIAN_POINT('Ctrl Pts',(-38.4359305676052,0.2,34.7641897398116));
#9772=CARTESIAN_POINT('Ctrl Pts',(-38.4373159063712,0.2,34.743355209979));
#9773=CARTESIAN_POINT('Ctrl Pts',(-38.3063478124992,0.,34.9398082448568));
#9774=CARTESIAN_POINT('Ctrl Pts',(-38.3063478124992,0.2,34.9398082448568));
#9775=CARTESIAN_POINT('Ctrl Pts',(-38.3259304927333,0.,34.9298770306861));
#9776=CARTESIAN_POINT('Ctrl Pts',(-38.3259304927333,0.2,34.9298770306861));
#9777=CARTESIAN_POINT('Ctrl Pts',(-38.3641923605468,0.,34.910472802088));
#9778=CARTESIAN_POINT('Ctrl Pts',(-38.3641923605468,0.2,34.910472802088));
#9779=CARTESIAN_POINT('Ctrl Pts',(-38.390410572951,0.,34.8765567198091));
#9780=CARTESIAN_POINT('Ctrl Pts',(-38.390410572951,0.2,34.8765567198091));
#9781=CARTESIAN_POINT('Ctrl Pts',(-38.4032101286308,0.,34.8599991156186));
#9782=CARTESIAN_POINT('Ctrl Pts',(-38.4032101286308,0.2,34.8599991156186));
#9783=CARTESIAN_POINT('',(-38.3063478124992,0.,34.9398082448568));
#9784=CARTESIAN_POINT('Ctrl Pts',(-38.3063478124992,0.,34.9398082448568));
#9785=CARTESIAN_POINT('Ctrl Pts',(-38.3259304927333,0.,34.9298770306861));
#9786=CARTESIAN_POINT('Ctrl Pts',(-38.3641923605468,0.,34.910472802088));
#9787=CARTESIAN_POINT('Ctrl Pts',(-38.390410572951,0.,34.8765567198091));
#9788=CARTESIAN_POINT('Ctrl Pts',(-38.4032101286308,0.,34.8599991156186));
#9789=CARTESIAN_POINT('',(-38.3063478124992,0.2,34.9398082448568));
#9790=CARTESIAN_POINT('',(-38.3063478124992,0.,34.9398082448568));
#9791=CARTESIAN_POINT('Ctrl Pts',(-38.3063478124992,0.2,34.9398082448568));
#9792=CARTESIAN_POINT('Ctrl Pts',(-38.3259304927333,0.2,34.9298770306861));
#9793=CARTESIAN_POINT('Ctrl Pts',(-38.3641923605468,0.2,34.910472802088));
#9794=CARTESIAN_POINT('Ctrl Pts',(-38.390410572951,0.2,34.8765567198091));
#9795=CARTESIAN_POINT('Ctrl Pts',(-38.4032101286308,0.2,34.8599991156186));
#9796=CARTESIAN_POINT('Ctrl Pts',(-38.0921597135917,0.,34.9889214290704));
#9797=CARTESIAN_POINT('Ctrl Pts',(-38.0921597135917,0.2,34.9889214290704));
#9798=CARTESIAN_POINT('Ctrl Pts',(-38.1356106740948,0.,34.9826965900158));
#9799=CARTESIAN_POINT('Ctrl Pts',(-38.1356106740948,0.2,34.9826965900158));
#9800=CARTESIAN_POINT('Ctrl Pts',(-38.2084401014871,0.,34.9722629549773));
#9801=CARTESIAN_POINT('Ctrl Pts',(-38.2084401014871,0.2,34.9722629549773));
#9802=CARTESIAN_POINT('Ctrl Pts',(-38.2782053831263,0.,34.9491369726755));
#9803=CARTESIAN_POINT('Ctrl Pts',(-38.2782053831263,0.2,34.9491369726755));
#9804=CARTESIAN_POINT('Ctrl Pts',(-38.3063478124992,0.,34.9398082448568));
#9805=CARTESIAN_POINT('Ctrl Pts',(-38.3063478124992,0.2,34.9398082448568));
#9806=CARTESIAN_POINT('',(-38.0921597135917,0.,34.9889214290704));
#9807=CARTESIAN_POINT('Ctrl Pts',(-38.0921597135917,0.,34.9889214290704));
#9808=CARTESIAN_POINT('Ctrl Pts',(-38.1356106740948,0.,34.9826965900158));
#9809=CARTESIAN_POINT('Ctrl Pts',(-38.2084401014871,0.,34.9722629549773));
#9810=CARTESIAN_POINT('Ctrl Pts',(-38.2782053831263,0.,34.9491369726755));
#9811=CARTESIAN_POINT('Ctrl Pts',(-38.3063478124992,0.,34.9398082448568));
#9812=CARTESIAN_POINT('',(-38.0921597135917,0.2,34.9889214290704));
#9813=CARTESIAN_POINT('',(-38.0921597135917,0.,34.9889214290704));
#9814=CARTESIAN_POINT('Ctrl Pts',(-38.0921597135917,0.2,34.9889214290704));
#9815=CARTESIAN_POINT('Ctrl Pts',(-38.1356106740948,0.2,34.9826965900158));
#9816=CARTESIAN_POINT('Ctrl Pts',(-38.2084401014871,0.2,34.9722629549773));
#9817=CARTESIAN_POINT('Ctrl Pts',(-38.2782053831263,0.2,34.9491369726755));
#9818=CARTESIAN_POINT('Ctrl Pts',(-38.3063478124992,0.2,34.9398082448568));
#9819=CARTESIAN_POINT('Ctrl Pts',(-37.6910681379691,0.,35.0816908432569));
#9820=CARTESIAN_POINT('Ctrl Pts',(-37.6910681379691,0.2,35.0816908432569));
#9821=CARTESIAN_POINT('Ctrl Pts',(-37.746445708136,0.,35.0634944062901));
#9822=CARTESIAN_POINT('Ctrl Pts',(-37.746445708136,0.2,35.0634944062901));
#9823=CARTESIAN_POINT('Ctrl Pts',(-37.8772428407038,0.,35.0205159626526));
#9824=CARTESIAN_POINT('Ctrl Pts',(-37.8772428407038,0.2,35.0205159626526));
#9825=CARTESIAN_POINT('Ctrl Pts',(-38.0135582380505,0.,35.000476487197));
#9826=CARTESIAN_POINT('Ctrl Pts',(-38.0135582380505,0.2,35.000476487197));
#9827=CARTESIAN_POINT('Ctrl Pts',(-38.0921597135917,0.,34.9889214290704));
#9828=CARTESIAN_POINT('Ctrl Pts',(-38.0921597135917,0.2,34.9889214290704));
#9829=CARTESIAN_POINT('',(-37.6910681379691,0.,35.0816908432569));
#9830=CARTESIAN_POINT('Ctrl Pts',(-37.6910681379691,0.,35.0816908432569));
#9831=CARTESIAN_POINT('Ctrl Pts',(-37.746445708136,0.,35.0634944062901));
#9832=CARTESIAN_POINT('Ctrl Pts',(-37.8772428407038,0.,35.0205159626526));
#9833=CARTESIAN_POINT('Ctrl Pts',(-38.0135582380505,0.,35.000476487197));
#9834=CARTESIAN_POINT('Ctrl Pts',(-38.0921597135917,0.,34.9889214290704));
#9835=CARTESIAN_POINT('',(-37.6910681379691,0.2,35.0816908432569));
#9836=CARTESIAN_POINT('',(-37.6910681379691,0.,35.0816908432569));
#9837=CARTESIAN_POINT('Ctrl Pts',(-37.6910681379691,0.2,35.0816908432569));
#9838=CARTESIAN_POINT('Ctrl Pts',(-37.746445708136,0.2,35.0634944062901));
#9839=CARTESIAN_POINT('Ctrl Pts',(-37.8772428407038,0.2,35.0205159626526));
#9840=CARTESIAN_POINT('Ctrl Pts',(-38.0135582380505,0.2,35.000476487197));
#9841=CARTESIAN_POINT('Ctrl Pts',(-38.0921597135917,0.2,34.9889214290704));
#9842=CARTESIAN_POINT('Origin',(-37.6910681379691,0.,34.9916499806966));
#9843=CARTESIAN_POINT('',(-37.6910681379691,0.,16.7324532149538));
#9844=CARTESIAN_POINT('',(-37.6910681379691,0.2,34.9916499806966));
#9845=CARTESIAN_POINT('Origin',(-37.3650104654685,0.,34.3545421911802));
#9846=CARTESIAN_POINT('',(-37.3650104654685,0.,34.3545421911802));
#9847=CARTESIAN_POINT('',(-37.6214904440299,0.,34.3545421911802));
#9848=CARTESIAN_POINT('',(-33.8828478339775,0.,34.3545421911802));
#9849=CARTESIAN_POINT('',(-37.3650104654685,0.2,34.3545421911802));
#9850=CARTESIAN_POINT('',(-37.3650104654685,0.,34.3545421911802));
#9851=CARTESIAN_POINT('',(-37.6214904440299,0.2,34.3545421911802));
#9852=CARTESIAN_POINT('',(-37.3650104654685,0.2,34.3545421911802));
#9853=CARTESIAN_POINT('',(-37.6214904440299,0.,34.3545421911802));
#9854=CARTESIAN_POINT('Ctrl Pts',(-37.4270839346305,0.,34.5284849359121));
#9855=CARTESIAN_POINT('Ctrl Pts',(-37.4270839346305,0.2,34.5284849359121));
#9856=CARTESIAN_POINT('Ctrl Pts',(-37.420508289425,0.,34.4984375687897));
#9857=CARTESIAN_POINT('Ctrl Pts',(-37.420508289425,0.2,34.4984375687897));
#9858=CARTESIAN_POINT('Ctrl Pts',(-37.4072411624201,0.,34.4378135199974));
#9859=CARTESIAN_POINT('Ctrl Pts',(-37.4072411624201,0.2,34.4378135199974));
#9860=CARTESIAN_POINT('Ctrl Pts',(-37.3791690645372,0.,34.3824603986394));
#9861=CARTESIAN_POINT('Ctrl Pts',(-37.3791690645372,0.2,34.3824603986394));
#9862=CARTESIAN_POINT('Ctrl Pts',(-37.3650104654685,0.,34.3545421911802));
#9863=CARTESIAN_POINT('Ctrl Pts',(-37.3650104654685,0.2,34.3545421911802));
#9864=CARTESIAN_POINT('',(-37.4270839346305,0.,34.5284849359121));
#9865=CARTESIAN_POINT('Ctrl Pts',(-37.4270839346305,0.,34.5284849359121));
#9866=CARTESIAN_POINT('Ctrl Pts',(-37.420508289425,0.,34.4984375687897));
#9867=CARTESIAN_POINT('Ctrl Pts',(-37.4072411624201,0.,34.4378135199974));
#9868=CARTESIAN_POINT('Ctrl Pts',(-37.3791690645372,0.,34.3824603986394));
#9869=CARTESIAN_POINT('Ctrl Pts',(-37.3650104654685,0.,34.3545421911802));
#9870=CARTESIAN_POINT('',(-37.4270839346305,0.2,34.5284849359121));
#9871=CARTESIAN_POINT('',(-37.4270839346305,0.,34.5284849359121));
#9872=CARTESIAN_POINT('Ctrl Pts',(-37.4270839346305,0.2,34.5284849359121));
#9873=CARTESIAN_POINT('Ctrl Pts',(-37.420508289425,0.2,34.4984375687897));
#9874=CARTESIAN_POINT('Ctrl Pts',(-37.4072411624201,0.2,34.4378135199974));
#9875=CARTESIAN_POINT('Ctrl Pts',(-37.3791690645372,0.2,34.3824603986394));
#9876=CARTESIAN_POINT('Ctrl Pts',(-37.3650104654685,0.2,34.3545421911802));
#9877=CARTESIAN_POINT('Ctrl Pts',(-37.4427730692283,0.,34.9616363598432));
#9878=CARTESIAN_POINT('Ctrl Pts',(-37.4427730692283,0.2,34.9616363598432));
#9879=CARTESIAN_POINT('Ctrl Pts',(-37.4433376453717,0.,34.8683843050286));
#9880=CARTESIAN_POINT('Ctrl Pts',(-37.4433376453717,0.2,34.8683843050286));
#9881=CARTESIAN_POINT('Ctrl Pts',(-37.4442134617853,0.,34.7237241362389));
#9882=CARTESIAN_POINT('Ctrl Pts',(-37.4442134617853,0.2,34.7237241362389));
#9883=CARTESIAN_POINT('Ctrl Pts',(-37.4315752101795,0.,34.5796756686572));
#9884=CARTESIAN_POINT('Ctrl Pts',(-37.4315752101795,0.2,34.5796756686572));
#9885=CARTESIAN_POINT('Ctrl Pts',(-37.4270839346305,0.,34.5284849359121));
#9886=CARTESIAN_POINT('Ctrl Pts',(-37.4270839346305,0.2,34.5284849359121));
#9887=CARTESIAN_POINT('',(-37.4427730692283,0.,34.9616363598432));
#9888=CARTESIAN_POINT('Ctrl Pts',(-37.4427730692283,0.,34.9616363598432));
#9889=CARTESIAN_POINT('Ctrl Pts',(-37.4433376453717,0.,34.8683843050286));
#9890=CARTESIAN_POINT('Ctrl Pts',(-37.4442134617853,0.,34.7237241362389));
#9891=CARTESIAN_POINT('Ctrl Pts',(-37.4315752101795,0.,34.5796756686572));
#9892=CARTESIAN_POINT('Ctrl Pts',(-37.4270839346305,0.,34.5284849359121));
#9893=CARTESIAN_POINT('',(-37.4427730692283,0.2,34.9616363598432));
#9894=CARTESIAN_POINT('',(-37.4427730692283,0.,34.9616363598432));
#9895=CARTESIAN_POINT('Ctrl Pts',(-37.4427730692283,0.2,34.9616363598432));
#9896=CARTESIAN_POINT('Ctrl Pts',(-37.4433376453717,0.2,34.8683843050286));
#9897=CARTESIAN_POINT('Ctrl Pts',(-37.4442134617853,0.2,34.7237241362389));
#9898=CARTESIAN_POINT('Ctrl Pts',(-37.4315752101795,0.2,34.5796756686572));
#9899=CARTESIAN_POINT('Ctrl Pts',(-37.4270839346305,0.2,34.5284849359121));
#9900=CARTESIAN_POINT('Origin',(-37.4427730692283,0.,35.2890577866163));
#9901=CARTESIAN_POINT('',(-37.4427730692283,0.,35.2890577866163));
#9902=CARTESIAN_POINT('',(-37.4427730692283,0.,16.8811571179136));
#9903=CARTESIAN_POINT('',(-37.4427730692283,0.2,35.2890577866163));
#9904=CARTESIAN_POINT('',(-37.4427730692283,0.,35.2890577866163));
#9905=CARTESIAN_POINT('',(-37.4427730692283,0.2,35.2890577866163));
#9906=CARTESIAN_POINT('Ctrl Pts',(-37.455051626052,0.,35.5155244423475));
#9907=CARTESIAN_POINT('Ctrl Pts',(-37.455051626052,0.2,35.5155244423475));
#9908=CARTESIAN_POINT('Ctrl Pts',(-37.4515105894076,0.,35.4862227143097));
#9909=CARTESIAN_POINT('Ctrl Pts',(-37.4515105894076,0.2,35.4862227143097));
#9910=CARTESIAN_POINT('Ctrl Pts',(-37.4424261438163,0.,35.411049825459));
#9911=CARTESIAN_POINT('Ctrl Pts',(-37.4424261438163,0.2,35.411049825459));
#9912=CARTESIAN_POINT('Ctrl Pts',(-37.4426415974921,0.,35.3352881998188));
#9913=CARTESIAN_POINT('Ctrl Pts',(-37.4426415974921,0.2,35.3352881998188));
#9914=CARTESIAN_POINT('Ctrl Pts',(-37.4427730692283,0.,35.2890577866163));
#9915=CARTESIAN_POINT('Ctrl Pts',(-37.4427730692283,0.2,35.2890577866163));
#9916=CARTESIAN_POINT('',(-37.455051626052,0.,35.5155244423475));
#9917=CARTESIAN_POINT('Ctrl Pts',(-37.455051626052,0.,35.5155244423475));
#9918=CARTESIAN_POINT('Ctrl Pts',(-37.4515105894076,0.,35.4862227143097));
#9919=CARTESIAN_POINT('Ctrl Pts',(-37.4424261438163,0.,35.411049825459));
#9920=CARTESIAN_POINT('Ctrl Pts',(-37.4426415974921,0.,35.3352881998188));
#9921=CARTESIAN_POINT('Ctrl Pts',(-37.4427730692283,0.,35.2890577866163));
#9922=CARTESIAN_POINT('',(-37.455051626052,0.2,35.5155244423475));
#9923=CARTESIAN_POINT('',(-37.455051626052,0.,35.5155244423475));
#9924=CARTESIAN_POINT('Ctrl Pts',(-37.455051626052,0.2,35.5155244423475));
#9925=CARTESIAN_POINT('Ctrl Pts',(-37.4515105894076,0.2,35.4862227143097));
#9926=CARTESIAN_POINT('Ctrl Pts',(-37.4424261438163,0.2,35.411049825459));
#9927=CARTESIAN_POINT('Ctrl Pts',(-37.4426415974921,0.2,35.3352881998188));
#9928=CARTESIAN_POINT('Ctrl Pts',(-37.4427730692283,0.2,35.2890577866163));
#9929=CARTESIAN_POINT('Ctrl Pts',(-37.5314492834464,0.,35.6826458825197));
#9930=CARTESIAN_POINT('Ctrl Pts',(-37.5314492834464,0.2,35.6826458825197));
#9931=CARTESIAN_POINT('Ctrl Pts',(-37.5144705684147,0.,35.65839587257));
#9932=CARTESIAN_POINT('Ctrl Pts',(-37.5144705684147,0.2,35.65839587257));
#9933=CARTESIAN_POINT('Ctrl Pts',(-37.478787742525,0.,35.6074315398017));
#9934=CARTESIAN_POINT('Ctrl Pts',(-37.478787742525,0.2,35.6074315398017));
#9935=CARTESIAN_POINT('Ctrl Pts',(-37.4632146699813,0.,35.5471320423009));
#9936=CARTESIAN_POINT('Ctrl Pts',(-37.4632146699813,0.2,35.5471320423009));
#9937=CARTESIAN_POINT('Ctrl Pts',(-37.455051626052,0.,35.5155244423475));
#9938=CARTESIAN_POINT('Ctrl Pts',(-37.455051626052,0.2,35.5155244423475));
#9939=CARTESIAN_POINT('',(-37.5314492834464,0.,35.6826458825197));
#9940=CARTESIAN_POINT('Ctrl Pts',(-37.5314492834464,0.,35.6826458825197));
#9941=CARTESIAN_POINT('Ctrl Pts',(-37.5144705684147,0.,35.65839587257));
#9942=CARTESIAN_POINT('Ctrl Pts',(-37.478787742525,0.,35.6074315398017));
#9943=CARTESIAN_POINT('Ctrl Pts',(-37.4632146699813,0.,35.5471320423009));
#9944=CARTESIAN_POINT('Ctrl Pts',(-37.455051626052,0.,35.5155244423475));
#9945=CARTESIAN_POINT('',(-37.5314492834464,0.2,35.6826458825197));
#9946=CARTESIAN_POINT('',(-37.5314492834464,0.,35.6826458825197));
#9947=CARTESIAN_POINT('Ctrl Pts',(-37.5314492834464,0.2,35.6826458825197));
#9948=CARTESIAN_POINT('Ctrl Pts',(-37.5144705684147,0.2,35.65839587257));
#9949=CARTESIAN_POINT('Ctrl Pts',(-37.478787742525,0.2,35.6074315398017));
#9950=CARTESIAN_POINT('Ctrl Pts',(-37.4632146699813,0.2,35.5471320423009));
#9951=CARTESIAN_POINT('Ctrl Pts',(-37.455051626052,0.2,35.5155244423475));
#9952=CARTESIAN_POINT('Ctrl Pts',(-37.7019817484275,0.,35.7924684835996));
#9953=CARTESIAN_POINT('Ctrl Pts',(-37.7019817484275,0.2,35.7924684835996));
#9954=CARTESIAN_POINT('Ctrl Pts',(-37.6669907608475,0.,35.7782365000131));
#9955=CARTESIAN_POINT('Ctrl Pts',(-37.6669907608475,0.2,35.7782365000131));
#9956=CARTESIAN_POINT('Ctrl Pts',(-37.6031147587605,0.,35.7522560325799));
#9957=CARTESIAN_POINT('Ctrl Pts',(-37.6031147587605,0.2,35.7522560325799));
#9958=CARTESIAN_POINT('Ctrl Pts',(-37.5537653206149,0.,35.7043219083778));
#9959=CARTESIAN_POINT('Ctrl Pts',(-37.5537653206149,0.2,35.7043219083778));
#9960=CARTESIAN_POINT('Ctrl Pts',(-37.5314492834464,0.,35.6826458825197));
#9961=CARTESIAN_POINT('Ctrl Pts',(-37.5314492834464,0.2,35.6826458825197));
#9962=CARTESIAN_POINT('',(-37.7019817484275,0.,35.7924684835996));
#9963=CARTESIAN_POINT('Ctrl Pts',(-37.7019817484275,0.,35.7924684835996));
#9964=CARTESIAN_POINT('Ctrl Pts',(-37.6669907608475,0.,35.7782365000131));
#9965=CARTESIAN_POINT('Ctrl Pts',(-37.6031147587605,0.,35.7522560325799));
#9966=CARTESIAN_POINT('Ctrl Pts',(-37.5537653206149,0.,35.7043219083778));
#9967=CARTESIAN_POINT('Ctrl Pts',(-37.5314492834464,0.,35.6826458825197));
#9968=CARTESIAN_POINT('',(-37.7019817484275,0.2,35.7924684835996));
#9969=CARTESIAN_POINT('',(-37.7019817484275,0.,35.7924684835996));
#9970=CARTESIAN_POINT('Ctrl Pts',(-37.7019817484275,0.2,35.7924684835996));
#9971=CARTESIAN_POINT('Ctrl Pts',(-37.6669907608475,0.2,35.7782365000131));
#9972=CARTESIAN_POINT('Ctrl Pts',(-37.6031147587605,0.2,35.7522560325799));
#9973=CARTESIAN_POINT('Ctrl Pts',(-37.5537653206149,0.2,35.7043219083778));
#9974=CARTESIAN_POINT('Ctrl Pts',(-37.5314492834464,0.2,35.6826458825197));
#9975=CARTESIAN_POINT('Ctrl Pts',(-38.0034823072807,0.,35.8361247135724));
#9976=CARTESIAN_POINT('Ctrl Pts',(-38.0034823072807,0.2,35.8361247135724));
#9977=CARTESIAN_POINT('Ctrl Pts',(-37.9470206736833,0.,35.8351738708623));
#9978=CARTESIAN_POINT('Ctrl Pts',(-37.9470206736833,0.2,35.8351738708623));
#9979=CARTESIAN_POINT('Ctrl Pts',(-37.8445453671168,0.,35.8334481344283));
#9980=CARTESIAN_POINT('Ctrl Pts',(-37.8445453671168,0.2,35.8334481344283));
#9981=CARTESIAN_POINT('Ctrl Pts',(-37.7461592742492,0.,35.8051672324059));
#9982=CARTESIAN_POINT('Ctrl Pts',(-37.7461592742492,0.2,35.8051672324059));
#9983=CARTESIAN_POINT('Ctrl Pts',(-37.7019817484275,0.,35.7924684835996));
#9984=CARTESIAN_POINT('Ctrl Pts',(-37.7019817484275,0.2,35.7924684835996));
#9985=CARTESIAN_POINT('',(-38.0034823072807,0.,35.8361247135724));
#9986=CARTESIAN_POINT('Ctrl Pts',(-38.0034823072807,0.,35.8361247135724));
#9987=CARTESIAN_POINT('Ctrl Pts',(-37.9470206736833,0.,35.8351738708623));
#9988=CARTESIAN_POINT('Ctrl Pts',(-37.8445453671168,0.,35.8334481344283));
#9989=CARTESIAN_POINT('Ctrl Pts',(-37.7461592742492,0.,35.8051672324059));
#9990=CARTESIAN_POINT('Ctrl Pts',(-37.7019817484275,0.,35.7924684835996));
#9991=CARTESIAN_POINT('',(-38.0034823072807,0.2,35.8361247135724));
#9992=CARTESIAN_POINT('',(-38.0034823072807,0.,35.8361247135724));
#9993=CARTESIAN_POINT('Ctrl Pts',(-38.0034823072807,0.2,35.8361247135724));
#9994=CARTESIAN_POINT('Ctrl Pts',(-37.9470206736833,0.2,35.8351738708623));
#9995=CARTESIAN_POINT('Ctrl Pts',(-37.8445453671168,0.2,35.8334481344283));
#9996=CARTESIAN_POINT('Ctrl Pts',(-37.7461592742492,0.2,35.8051672324059));
#9997=CARTESIAN_POINT('Ctrl Pts',(-37.7019817484275,0.2,35.7924684835996));
#9998=CARTESIAN_POINT('Ctrl Pts',(-38.3322686804191,0.,35.7849650038804));
#9999=CARTESIAN_POINT('Ctrl Pts',(-38.3322686804191,0.2,35.7849650038804));
#10000=CARTESIAN_POINT('Ctrl Pts',(-38.2815629559934,0.,35.7998745070544));
#10001=CARTESIAN_POINT('Ctrl Pts',(-38.2815629559934,0.2,35.7998745070544));
#10002=CARTESIAN_POINT('Ctrl Pts',(-38.1742922187651,0.,35.831416377628));
#10003=CARTESIAN_POINT('Ctrl Pts',(-38.1742922187651,0.2,35.831416377628));
#10004=CARTESIAN_POINT('Ctrl Pts',(-38.0624551799785,0.,35.8344991398932));
#10005=CARTESIAN_POINT('Ctrl Pts',(-38.0624551799785,0.2,35.8344991398932));
#10006=CARTESIAN_POINT('Ctrl Pts',(-38.0034823072807,0.,35.8361247135724));
#10007=CARTESIAN_POINT('Ctrl Pts',(-38.0034823072807,0.2,35.8361247135724));
#10008=CARTESIAN_POINT('',(-38.3322686804191,0.,35.7849650038804));
#10009=CARTESIAN_POINT('Ctrl Pts',(-38.3322686804191,0.,35.7849650038804));
#10010=CARTESIAN_POINT('Ctrl Pts',(-38.2815629559934,0.,35.7998745070544));
#10011=CARTESIAN_POINT('Ctrl Pts',(-38.1742922187651,0.,35.831416377628));
#10012=CARTESIAN_POINT('Ctrl Pts',(-38.0624551799785,0.,35.8344991398932));
#10013=CARTESIAN_POINT('Ctrl Pts',(-38.0034823072807,0.,35.8361247135724));
#10014=CARTESIAN_POINT('',(-38.3322686804191,0.2,35.7849650038804));
#10015=CARTESIAN_POINT('',(-38.3322686804191,0.,35.7849650038804));
#10016=CARTESIAN_POINT('Ctrl Pts',(-38.3322686804191,0.2,35.7849650038804));
#10017=CARTESIAN_POINT('Ctrl Pts',(-38.2815629559934,0.2,35.7998745070544));
#10018=CARTESIAN_POINT('Ctrl Pts',(-38.1742922187651,0.2,35.831416377628));
#10019=CARTESIAN_POINT('Ctrl Pts',(-38.0624551799785,0.2,35.8344991398932));
#10020=CARTESIAN_POINT('Ctrl Pts',(-38.0034823072807,0.2,35.8361247135724));
#10021=CARTESIAN_POINT('Ctrl Pts',(-38.5491854799644,0.,35.6389896525468));
#10022=CARTESIAN_POINT('Ctrl Pts',(-38.5491854799644,0.2,35.6389896525468));
#10023=CARTESIAN_POINT('Ctrl Pts',(-38.5201440219494,0.,35.669206463269));
#10024=CARTESIAN_POINT('Ctrl Pts',(-38.5201440219494,0.2,35.669206463269));
#10025=CARTESIAN_POINT('Ctrl Pts',(-38.4584661741225,0.,35.7333805089582));
#10026=CARTESIAN_POINT('Ctrl Pts',(-38.4584661741225,0.2,35.7333805089582));
#10027=CARTESIAN_POINT('Ctrl Pts',(-38.3759379153183,0.,35.7671147648637));
#10028=CARTESIAN_POINT('Ctrl Pts',(-38.3759379153183,0.2,35.7671147648637));
#10029=CARTESIAN_POINT('Ctrl Pts',(-38.3322686804191,0.,35.7849650038804));
#10030=CARTESIAN_POINT('Ctrl Pts',(-38.3322686804191,0.2,35.7849650038804));
#10031=CARTESIAN_POINT('',(-38.5491854799644,0.,35.6389896525468));
#10032=CARTESIAN_POINT('Ctrl Pts',(-38.5491854799644,0.,35.6389896525468));
#10033=CARTESIAN_POINT('Ctrl Pts',(-38.5201440219494,0.,35.669206463269));
#10034=CARTESIAN_POINT('Ctrl Pts',(-38.4584661741225,0.,35.7333805089582));
#10035=CARTESIAN_POINT('Ctrl Pts',(-38.3759379153183,0.,35.7671147648637));
#10036=CARTESIAN_POINT('Ctrl Pts',(-38.3322686804191,0.,35.7849650038804));
#10037=CARTESIAN_POINT('',(-38.5491854799644,0.2,35.6389896525468));
#10038=CARTESIAN_POINT('',(-38.5491854799644,0.,35.6389896525468));
#10039=CARTESIAN_POINT('Ctrl Pts',(-38.5491854799644,0.2,35.6389896525468));
#10040=CARTESIAN_POINT('Ctrl Pts',(-38.5201440219494,0.2,35.669206463269));
#10041=CARTESIAN_POINT('Ctrl Pts',(-38.4584661741225,0.2,35.7333805089582));
#10042=CARTESIAN_POINT('Ctrl Pts',(-38.3759379153183,0.2,35.7671147648637));
#10043=CARTESIAN_POINT('Ctrl Pts',(-38.3322686804191,0.2,35.7849650038804));
#10044=CARTESIAN_POINT('Ctrl Pts',(-38.6569614065543,0.,35.3900128556814));
#10045=CARTESIAN_POINT('Ctrl Pts',(-38.6569614065543,0.2,35.3900128556814));
#10046=CARTESIAN_POINT('Ctrl Pts',(-38.6452502167413,0.,35.4376605915635));
#10047=CARTESIAN_POINT('Ctrl Pts',(-38.6452502167413,0.2,35.4376605915635));
#10048=CARTESIAN_POINT('Ctrl Pts',(-38.6233293469875,0.,35.5268470729548));
#10049=CARTESIAN_POINT('Ctrl Pts',(-38.6233293469875,0.2,35.5268470729548));
#10050=CARTESIAN_POINT('Ctrl Pts',(-38.5727451500936,0.,35.6033556576029));
#10051=CARTESIAN_POINT('Ctrl Pts',(-38.5727451500936,0.2,35.6033556576029));
#10052=CARTESIAN_POINT('Ctrl Pts',(-38.5491854799644,0.,35.6389896525468));
#10053=CARTESIAN_POINT('Ctrl Pts',(-38.5491854799644,0.2,35.6389896525468));
#10054=CARTESIAN_POINT('',(-38.6569614065543,0.,35.3900128556814));
#10055=CARTESIAN_POINT('Ctrl Pts',(-38.6569614065543,0.,35.3900128556814));
#10056=CARTESIAN_POINT('Ctrl Pts',(-38.6452502167413,0.,35.4376605915635));
#10057=CARTESIAN_POINT('Ctrl Pts',(-38.6233293469875,0.,35.5268470729548));
#10058=CARTESIAN_POINT('Ctrl Pts',(-38.5727451500936,0.,35.6033556576029));
#10059=CARTESIAN_POINT('Ctrl Pts',(-38.5491854799644,0.,35.6389896525468));
#10060=CARTESIAN_POINT('',(-38.6569614065543,0.2,35.3900128556814));
#10061=CARTESIAN_POINT('',(-38.6569614065543,0.,35.3900128556814));
#10062=CARTESIAN_POINT('Ctrl Pts',(-38.6569614065543,0.2,35.3900128556814));
#10063=CARTESIAN_POINT('Ctrl Pts',(-38.6452502167413,0.2,35.4376605915635));
#10064=CARTESIAN_POINT('Ctrl Pts',(-38.6233293469875,0.2,35.5268470729548));
#10065=CARTESIAN_POINT('Ctrl Pts',(-38.5727451500936,0.2,35.6033556576029));
#10066=CARTESIAN_POINT('Ctrl Pts',(-38.5491854799644,0.2,35.6389896525468));
#10067=CARTESIAN_POINT('Origin',(-38.4168524397269,0.,35.3572706832017));
#10068=CARTESIAN_POINT('',(-38.4168524397269,0.,35.3572706832017));
#10069=CARTESIAN_POINT('',(-32.0130262555151,0.,34.4840205742053));
#10070=CARTESIAN_POINT('',(-38.4168524397269,0.2,35.3572706832017));
#10071=CARTESIAN_POINT('',(-38.4168524397269,0.,35.3572706832017));
#10072=CARTESIAN_POINT('',(-38.4168524397269,0.2,35.3572706832017));
#10073=CARTESIAN_POINT('Ctrl Pts',(-38.2947511328117,0.,35.5721411062803));
#10074=CARTESIAN_POINT('Ctrl Pts',(-38.2947511328117,0.2,35.5721411062803));
#10075=CARTESIAN_POINT('Ctrl Pts',(-38.3210427312275,0.,35.5455219376909));
#10076=CARTESIAN_POINT('Ctrl Pts',(-38.3210427312275,0.2,35.5455219376909));
#10077=CARTESIAN_POINT('Ctrl Pts',(-38.3806609991482,0.,35.4851608786298));
#10078=CARTESIAN_POINT('Ctrl Pts',(-38.3806609991482,0.2,35.4851608786298));
#10079=CARTESIAN_POINT('Ctrl Pts',(-38.4038755072282,0.,35.4031274495195));
#10080=CARTESIAN_POINT('Ctrl Pts',(-38.4038755072282,0.2,35.4031274495195));
#10081=CARTESIAN_POINT('Ctrl Pts',(-38.4168524397269,0.,35.3572706832017));
#10082=CARTESIAN_POINT('Ctrl Pts',(-38.4168524397269,0.2,35.3572706832017));
#10083=CARTESIAN_POINT('',(-38.2947511328117,0.,35.5721411062803));
#10084=CARTESIAN_POINT('Ctrl Pts',(-38.2947511328117,0.,35.5721411062803));
#10085=CARTESIAN_POINT('Ctrl Pts',(-38.3210427312275,0.,35.5455219376909));
#10086=CARTESIAN_POINT('Ctrl Pts',(-38.3806609991482,0.,35.4851608786298));
#10087=CARTESIAN_POINT('Ctrl Pts',(-38.4038755072282,0.,35.4031274495195));
#10088=CARTESIAN_POINT('Ctrl Pts',(-38.4168524397269,0.,35.3572706832017));
#10089=CARTESIAN_POINT('',(-38.2947511328117,0.2,35.5721411062803));
#10090=CARTESIAN_POINT('',(-38.2947511328117,0.,35.5721411062803));
#10091=CARTESIAN_POINT('Ctrl Pts',(-38.2947511328117,0.2,35.5721411062803));
#10092=CARTESIAN_POINT('Ctrl Pts',(-38.3210427312275,0.2,35.5455219376909));
#10093=CARTESIAN_POINT('Ctrl Pts',(-38.3806609991482,0.2,35.4851608786298));
#10094=CARTESIAN_POINT('Ctrl Pts',(-38.4038755072282,0.2,35.4031274495195));
#10095=CARTESIAN_POINT('Ctrl Pts',(-38.4168524397269,0.2,35.3572706832017));
#10096=CARTESIAN_POINT('Ctrl Pts',(-38.0389530313865,0.,35.6328505231466));
#10097=CARTESIAN_POINT('Ctrl Pts',(-38.0389530313865,0.2,35.6328505231466));
#10098=CARTESIAN_POINT('Ctrl Pts',(-38.0902540983597,0.,35.6320518260161));
#10099=CARTESIAN_POINT('Ctrl Pts',(-38.0902540983597,0.2,35.6320518260161));
#10100=CARTESIAN_POINT('Ctrl Pts',(-38.1804178779905,0.,35.6306480822674));
#10101=CARTESIAN_POINT('Ctrl Pts',(-38.1804178779905,0.2,35.6306480822674));
#10102=CARTESIAN_POINT('Ctrl Pts',(-38.2603140156699,0.,35.5897633771483));
#10103=CARTESIAN_POINT('Ctrl Pts',(-38.2603140156699,0.2,35.5897633771483));
#10104=CARTESIAN_POINT('Ctrl Pts',(-38.2947511328117,0.,35.5721411062803));
#10105=CARTESIAN_POINT('Ctrl Pts',(-38.2947511328117,0.2,35.5721411062803));
#10106=CARTESIAN_POINT('',(-38.0389530313865,0.,35.6328505231466));
#10107=CARTESIAN_POINT('Ctrl Pts',(-38.0389530313865,0.,35.6328505231466));
#10108=CARTESIAN_POINT('Ctrl Pts',(-38.0902540983597,0.,35.6320518260161));
#10109=CARTESIAN_POINT('Ctrl Pts',(-38.1804178779905,0.,35.6306480822674));
#10110=CARTESIAN_POINT('Ctrl Pts',(-38.2603140156699,0.,35.5897633771483));
#10111=CARTESIAN_POINT('Ctrl Pts',(-38.2947511328117,0.,35.5721411062803));
#10112=CARTESIAN_POINT('',(-38.0389530313865,0.2,35.6328505231466));
#10113=CARTESIAN_POINT('',(-38.0389530313865,0.,35.6328505231466));
#10114=CARTESIAN_POINT('Ctrl Pts',(-38.0389530313865,0.2,35.6328505231466));
#10115=CARTESIAN_POINT('Ctrl Pts',(-38.0902540983597,0.2,35.6320518260161));
#10116=CARTESIAN_POINT('Ctrl Pts',(-38.1804178779905,0.2,35.6306480822674));
#10117=CARTESIAN_POINT('Ctrl Pts',(-38.2603140156699,0.2,35.5897633771483));
#10118=CARTESIAN_POINT('Ctrl Pts',(-38.2947511328117,0.2,35.5721411062803));
#10119=CARTESIAN_POINT('Ctrl Pts',(-37.759280885543,0.,35.5496308161344));
#10120=CARTESIAN_POINT('Ctrl Pts',(-37.759280885543,0.2,35.5496308161344));
#10121=CARTESIAN_POINT('Ctrl Pts',(-37.7971926946272,0.,35.5738328343839));
#10122=CARTESIAN_POINT('Ctrl Pts',(-37.7971926946272,0.2,35.5738328343839));
#10123=CARTESIAN_POINT('Ctrl Pts',(-37.8819996940769,0.,35.6279716528139));
#10124=CARTESIAN_POINT('Ctrl Pts',(-37.8819996940769,0.2,35.6279716528139));
#10125=CARTESIAN_POINT('Ctrl Pts',(-37.9830666665359,0.,35.631113304097));
#10126=CARTESIAN_POINT('Ctrl Pts',(-37.9830666665359,0.2,35.631113304097));
#10127=CARTESIAN_POINT('Ctrl Pts',(-38.0389530313865,0.,35.6328505231466));
#10128=CARTESIAN_POINT('Ctrl Pts',(-38.0389530313865,0.2,35.6328505231466));
#10129=CARTESIAN_POINT('',(-37.759280885543,0.,35.5496308161344));
#10130=CARTESIAN_POINT('Ctrl Pts',(-37.759280885543,0.,35.5496308161344));
#10131=CARTESIAN_POINT('Ctrl Pts',(-37.7971926946272,0.,35.5738328343839));
#10132=CARTESIAN_POINT('Ctrl Pts',(-37.8819996940769,0.,35.6279716528139));
#10133=CARTESIAN_POINT('Ctrl Pts',(-37.9830666665359,0.,35.631113304097));
#10134=CARTESIAN_POINT('Ctrl Pts',(-38.0389530313865,0.,35.6328505231466));
#10135=CARTESIAN_POINT('',(-37.759280885543,0.2,35.5496308161344));
#10136=CARTESIAN_POINT('',(-37.759280885543,0.,35.5496308161344));
#10137=CARTESIAN_POINT('Ctrl Pts',(-37.759280885543,0.2,35.5496308161344));
#10138=CARTESIAN_POINT('Ctrl Pts',(-37.7971926946272,0.2,35.5738328343839));
#10139=CARTESIAN_POINT('Ctrl Pts',(-37.8819996940769,0.2,35.6279716528139));
#10140=CARTESIAN_POINT('Ctrl Pts',(-37.9830666665359,0.2,35.631113304097));
#10141=CARTESIAN_POINT('Ctrl Pts',(-38.0389530313865,0.2,35.6328505231466));
#10142=CARTESIAN_POINT('Ctrl Pts',(-37.6897031916038,0.,35.3381711198415));
#10143=CARTESIAN_POINT('Ctrl Pts',(-37.6897031916038,0.2,35.3381711198415));
#10144=CARTESIAN_POINT('Ctrl Pts',(-37.6906826102979,0.,35.3825450616721));
#10145=CARTESIAN_POINT('Ctrl Pts',(-37.6906826102979,0.2,35.3825450616721));
#10146=CARTESIAN_POINT('Ctrl Pts',(-37.6924095637646,0.,35.4607871180437));
#10147=CARTESIAN_POINT('Ctrl Pts',(-37.6924095637646,0.2,35.4607871180437));
#10148=CARTESIAN_POINT('Ctrl Pts',(-37.7390792787926,0.,35.522791426642));
#10149=CARTESIAN_POINT('Ctrl Pts',(-37.7390792787926,0.2,35.522791426642));
#10150=CARTESIAN_POINT('Ctrl Pts',(-37.759280885543,0.,35.5496308161344));
#10151=CARTESIAN_POINT('Ctrl Pts',(-37.759280885543,0.2,35.5496308161344));
#10152=CARTESIAN_POINT('',(-37.6897031916038,0.,35.3381711198415));
#10153=CARTESIAN_POINT('Ctrl Pts',(-37.6897031916038,0.,35.3381711198415));
#10154=CARTESIAN_POINT('Ctrl Pts',(-37.6906826102979,0.,35.3825450616721));
#10155=CARTESIAN_POINT('Ctrl Pts',(-37.6924095637646,0.,35.4607871180437));
#10156=CARTESIAN_POINT('Ctrl Pts',(-37.7390792787926,0.,35.522791426642));
#10157=CARTESIAN_POINT('Ctrl Pts',(-37.759280885543,0.,35.5496308161344));
#10158=CARTESIAN_POINT('',(-37.6897031916038,0.2,35.3381711198415));
#10159=CARTESIAN_POINT('',(-37.6897031916038,0.,35.3381711198415));
#10160=CARTESIAN_POINT('Ctrl Pts',(-37.6897031916038,0.2,35.3381711198415));
#10161=CARTESIAN_POINT('Ctrl Pts',(-37.6906826102979,0.2,35.3825450616721));
#10162=CARTESIAN_POINT('Ctrl Pts',(-37.6924095637646,0.2,35.4607871180437));
#10163=CARTESIAN_POINT('Ctrl Pts',(-37.7390792787926,0.2,35.522791426642));
#10164=CARTESIAN_POINT('Ctrl Pts',(-37.759280885543,0.2,35.5496308161344));
#10165=CARTESIAN_POINT('Ctrl Pts',(-37.6910681379691,0.,35.2740511252012));
#10166=CARTESIAN_POINT('Ctrl Pts',(-37.6910681379691,0.2,35.2740511252012));
#10167=CARTESIAN_POINT('Ctrl Pts',(-37.6906830158001,0.,35.2878065106505));
#10168=CARTESIAN_POINT('Ctrl Pts',(-37.6906830158001,0.2,35.2878065106505));
#10169=CARTESIAN_POINT('Ctrl Pts',(-37.6900846867233,0.,35.3091769944599));
#10170=CARTESIAN_POINT('Ctrl Pts',(-37.6900846867233,0.2,35.3091769944599));
#10171=CARTESIAN_POINT('Ctrl Pts',(-37.6898034180833,0.,35.3305537770069));
#10172=CARTESIAN_POINT('Ctrl Pts',(-37.6898034180833,0.2,35.3305537770069));
#10173=CARTESIAN_POINT('Ctrl Pts',(-37.6897031916038,0.,35.3381711198415));
#10174=CARTESIAN_POINT('Ctrl Pts',(-37.6897031916038,0.2,35.3381711198415));
#10175=CARTESIAN_POINT('',(-37.6910681379691,0.,35.2740511252012));
#10176=CARTESIAN_POINT('Ctrl Pts',(-37.6910681379691,0.,35.2740511252012));
#10177=CARTESIAN_POINT('Ctrl Pts',(-37.6906830158001,0.,35.2878065106505));
#10178=CARTESIAN_POINT('Ctrl Pts',(-37.6900846867233,0.,35.3091769944599));
#10179=CARTESIAN_POINT('Ctrl Pts',(-37.6898034180833,0.,35.3305537770069));
#10180=CARTESIAN_POINT('Ctrl Pts',(-37.6897031916038,0.,35.3381711198415));
#10181=CARTESIAN_POINT('',(-37.6910681379691,0.2,35.2740511252012));
#10182=CARTESIAN_POINT('',(-37.6910681379691,0.,35.2740511252012));
#10183=CARTESIAN_POINT('Ctrl Pts',(-37.6910681379691,0.2,35.2740511252012));
#10184=CARTESIAN_POINT('Ctrl Pts',(-37.6906830158001,0.2,35.2878065106505));
#10185=CARTESIAN_POINT('Ctrl Pts',(-37.6900846867233,0.2,35.3091769944599));
#10186=CARTESIAN_POINT('Ctrl Pts',(-37.6898034180833,0.2,35.3305537770069));
#10187=CARTESIAN_POINT('Ctrl Pts',(-37.6897031916038,0.2,35.3381711198415));
#10188=CARTESIAN_POINT('Ctrl Pts',(-38.12899419197,0.,35.1894670678701));
#10189=CARTESIAN_POINT('Ctrl Pts',(-38.12899419197,0.2,35.1894670678701));
#10190=CARTESIAN_POINT('Ctrl Pts',(-38.042431273413,0.,35.1999463940349));
#10191=CARTESIAN_POINT('Ctrl Pts',(-38.042431273413,0.2,35.1999463940349));
#10192=CARTESIAN_POINT('Ctrl Pts',(-37.8943819282777,0.,35.2178692806707));
#10193=CARTESIAN_POINT('Ctrl Pts',(-37.8943819282777,0.2,35.2178692806707));
#10194=CARTESIAN_POINT('Ctrl Pts',(-37.7507287789085,0.,35.2575650577841));
#10195=CARTESIAN_POINT('Ctrl Pts',(-37.7507287789085,0.2,35.2575650577841));
#10196=CARTESIAN_POINT('Ctrl Pts',(-37.6910681379691,0.,35.2740511252012));
#10197=CARTESIAN_POINT('Ctrl Pts',(-37.6910681379691,0.2,35.2740511252012));
#10198=CARTESIAN_POINT('',(-38.12899419197,0.,35.1894670678701));
#10199=CARTESIAN_POINT('Ctrl Pts',(-38.12899419197,0.,35.1894670678701));
#10200=CARTESIAN_POINT('Ctrl Pts',(-38.042431273413,0.,35.1999463940349));
#10201=CARTESIAN_POINT('Ctrl Pts',(-37.8943819282777,0.,35.2178692806707));
#10202=CARTESIAN_POINT('Ctrl Pts',(-37.7507287789085,0.,35.2575650577841));
#10203=CARTESIAN_POINT('Ctrl Pts',(-37.6910681379691,0.,35.2740511252012));
#10204=CARTESIAN_POINT('',(-38.12899419197,0.2,35.1894670678701));
#10205=CARTESIAN_POINT('',(-38.12899419197,0.,35.1894670678701));
#10206=CARTESIAN_POINT('Ctrl Pts',(-38.12899419197,0.2,35.1894670678701));
#10207=CARTESIAN_POINT('Ctrl Pts',(-38.042431273413,0.2,35.1999463940349));
#10208=CARTESIAN_POINT('Ctrl Pts',(-37.8943819282777,0.2,35.2178692806707));
#10209=CARTESIAN_POINT('Ctrl Pts',(-37.7507287789085,0.2,35.2575650577841));
#10210=CARTESIAN_POINT('Ctrl Pts',(-37.6910681379691,0.2,35.2740511252012));
#10211=CARTESIAN_POINT('Ctrl Pts',(-38.3472747457877,0.,35.1526322914686));
#10212=CARTESIAN_POINT('Ctrl Pts',(-38.3472747457877,0.2,35.1526322914686));
#10213=CARTESIAN_POINT('Ctrl Pts',(-38.3171040292881,0.,35.1592866935448));
#10214=CARTESIAN_POINT('Ctrl Pts',(-38.3171040292881,0.2,35.1592866935448));
#10215=CARTESIAN_POINT('Ctrl Pts',(-38.2449757260632,0.,35.1751951898093));
#10216=CARTESIAN_POINT('Ctrl Pts',(-38.2449757260632,0.2,35.1751951898093));
#10217=CARTESIAN_POINT('Ctrl Pts',(-38.1716489433802,0.,35.184218271882));
#10218=CARTESIAN_POINT('Ctrl Pts',(-38.1716489433802,0.2,35.184218271882));
#10219=CARTESIAN_POINT('Ctrl Pts',(-38.12899419197,0.,35.1894670678701));
#10220=CARTESIAN_POINT('Ctrl Pts',(-38.12899419197,0.2,35.1894670678701));
#10221=CARTESIAN_POINT('',(-38.3472747457877,0.,35.1526322914686));
#10222=CARTESIAN_POINT('Ctrl Pts',(-38.3472747457877,0.,35.1526322914686));
#10223=CARTESIAN_POINT('Ctrl Pts',(-38.3171040292881,0.,35.1592866935448));
#10224=CARTESIAN_POINT('Ctrl Pts',(-38.2449757260632,0.,35.1751951898093));
#10225=CARTESIAN_POINT('Ctrl Pts',(-38.1716489433802,0.,35.184218271882));
#10226=CARTESIAN_POINT('Ctrl Pts',(-38.12899419197,0.,35.1894670678701));
#10227=CARTESIAN_POINT('',(-38.3472747457877,0.2,35.1526322914686));
#10228=CARTESIAN_POINT('',(-38.3472747457877,0.,35.1526322914686));
#10229=CARTESIAN_POINT('Ctrl Pts',(-38.3472747457877,0.2,35.1526322914686));
#10230=CARTESIAN_POINT('Ctrl Pts',(-38.3171040292881,0.2,35.1592866935448));
#10231=CARTESIAN_POINT('Ctrl Pts',(-38.2449757260632,0.2,35.1751951898093));
#10232=CARTESIAN_POINT('Ctrl Pts',(-38.1716489433802,0.2,35.184218271882));
#10233=CARTESIAN_POINT('Ctrl Pts',(-38.12899419197,0.2,35.1894670678701));
#10234=CARTESIAN_POINT('Ctrl Pts',(-38.5239464891807,0.,35.072140987071));
#10235=CARTESIAN_POINT('Ctrl Pts',(-38.5239464891807,0.2,35.072140987071));
#10236=CARTESIAN_POINT('Ctrl Pts',(-38.4966805765146,0.,35.0888769057339));
#10237=CARTESIAN_POINT('Ctrl Pts',(-38.4966805765146,0.2,35.0888769057339));
#10238=CARTESIAN_POINT('Ctrl Pts',(-38.4411175421773,0.,35.1229817029847));
#10239=CARTESIAN_POINT('Ctrl Pts',(-38.4411175421773,0.2,35.1229817029847));
#10240=CARTESIAN_POINT('Ctrl Pts',(-38.3789403323284,0.,35.1426272264903));
#10241=CARTESIAN_POINT('Ctrl Pts',(-38.3789403323284,0.2,35.1426272264903));
#10242=CARTESIAN_POINT('Ctrl Pts',(-38.3472747457877,0.,35.1526322914686));
#10243=CARTESIAN_POINT('Ctrl Pts',(-38.3472747457877,0.2,35.1526322914686));
#10244=CARTESIAN_POINT('',(-38.5239464891807,0.,35.072140987071));
#10245=CARTESIAN_POINT('Ctrl Pts',(-38.5239464891807,0.,35.072140987071));
#10246=CARTESIAN_POINT('Ctrl Pts',(-38.4966805765146,0.,35.0888769057339));
#10247=CARTESIAN_POINT('Ctrl Pts',(-38.4411175421773,0.,35.1229817029847));
#10248=CARTESIAN_POINT('Ctrl Pts',(-38.3789403323284,0.,35.1426272264903));
#10249=CARTESIAN_POINT('Ctrl Pts',(-38.3472747457877,0.,35.1526322914686));
#10250=CARTESIAN_POINT('',(-38.5239464891807,0.2,35.072140987071));
#10251=CARTESIAN_POINT('',(-38.5239464891807,0.,35.072140987071));
#10252=CARTESIAN_POINT('Ctrl Pts',(-38.5239464891807,0.2,35.072140987071));
#10253=CARTESIAN_POINT('Ctrl Pts',(-38.4966805765146,0.2,35.0888769057339));
#10254=CARTESIAN_POINT('Ctrl Pts',(-38.4411175421773,0.2,35.1229817029847));
#10255=CARTESIAN_POINT('Ctrl Pts',(-38.3789403323284,0.2,35.1426272264903));
#10256=CARTESIAN_POINT('Ctrl Pts',(-38.3472747457877,0.2,35.1526322914686));
#10257=CARTESIAN_POINT('Ctrl Pts',(-38.6508221281425,0.,34.9309405638303));
#10258=CARTESIAN_POINT('Ctrl Pts',(-38.6508221281425,0.2,34.9309405638303));
#10259=CARTESIAN_POINT('Ctrl Pts',(-38.6336309088286,0.,34.9586838121297));
#10260=CARTESIAN_POINT('Ctrl Pts',(-38.6336309088286,0.2,34.9586838121297));
#10261=CARTESIAN_POINT('Ctrl Pts',(-38.5997599501058,0.,35.0133448807151));
#10262=CARTESIAN_POINT('Ctrl Pts',(-38.5997599501058,0.2,35.0133448807151));
#10263=CARTESIAN_POINT('Ctrl Pts',(-38.5489619453198,0.,35.0527405876993));
#10264=CARTESIAN_POINT('Ctrl Pts',(-38.5489619453198,0.2,35.0527405876993));
#10265=CARTESIAN_POINT('Ctrl Pts',(-38.5239464891807,0.,35.072140987071));
#10266=CARTESIAN_POINT('Ctrl Pts',(-38.5239464891807,0.2,35.072140987071));
#10267=CARTESIAN_POINT('',(-38.6508221281425,0.,34.9309405638303));
#10268=CARTESIAN_POINT('Ctrl Pts',(-38.6508221281425,0.,34.9309405638303));
#10269=CARTESIAN_POINT('Ctrl Pts',(-38.6336309088286,0.,34.9586838121297));
#10270=CARTESIAN_POINT('Ctrl Pts',(-38.5997599501058,0.,35.0133448807151));
#10271=CARTESIAN_POINT('Ctrl Pts',(-38.5489619453198,0.,35.0527405876993));
#10272=CARTESIAN_POINT('Ctrl Pts',(-38.5239464891807,0.,35.072140987071));
#10273=CARTESIAN_POINT('',(-38.6508221281425,0.2,34.9309405638303));
#10274=CARTESIAN_POINT('',(-38.6508221281425,0.,34.9309405638303));
#10275=CARTESIAN_POINT('Ctrl Pts',(-38.6508221281425,0.2,34.9309405638303));
#10276=CARTESIAN_POINT('Ctrl Pts',(-38.6336309088286,0.2,34.9586838121297));
#10277=CARTESIAN_POINT('Ctrl Pts',(-38.5997599501058,0.2,35.0133448807151));
#10278=CARTESIAN_POINT('Ctrl Pts',(-38.5489619453198,0.2,35.0527405876993));
#10279=CARTESIAN_POINT('Ctrl Pts',(-38.5239464891807,0.2,35.072140987071));
#10280=CARTESIAN_POINT('Ctrl Pts',(-38.6992532862083,0.,34.7365340544309));
#10281=CARTESIAN_POINT('Ctrl Pts',(-38.6992532862083,0.2,34.7365340544309));
#10282=CARTESIAN_POINT('Ctrl Pts',(-38.6973601396624,0.,34.7710081760161));
#10283=CARTESIAN_POINT('Ctrl Pts',(-38.6973601396624,0.2,34.7710081760161));
#10284=CARTESIAN_POINT('Ctrl Pts',(-38.6936302912834,0.,34.8389285632647));
#10285=CARTESIAN_POINT('Ctrl Pts',(-38.6936302912834,0.2,34.8389285632647));
#10286=CARTESIAN_POINT('Ctrl Pts',(-38.6649468245376,0.,34.9005808969504));
#10287=CARTESIAN_POINT('Ctrl Pts',(-38.6649468245376,0.2,34.9005808969504));
#10288=CARTESIAN_POINT('Ctrl Pts',(-38.6508221281425,0.,34.9309405638303));
#10289=CARTESIAN_POINT('Ctrl Pts',(-38.6508221281425,0.2,34.9309405638303));
#10290=CARTESIAN_POINT('',(-38.6992532862083,0.,34.7365340544309));
#10291=CARTESIAN_POINT('Ctrl Pts',(-38.6992532862083,0.,34.7365340544309));
#10292=CARTESIAN_POINT('Ctrl Pts',(-38.6973601396624,0.,34.7710081760161));
#10293=CARTESIAN_POINT('Ctrl Pts',(-38.6936302912834,0.,34.8389285632647));
#10294=CARTESIAN_POINT('Ctrl Pts',(-38.6649468245376,0.,34.9005808969504));
#10295=CARTESIAN_POINT('Ctrl Pts',(-38.6508221281425,0.,34.9309405638303));
#10296=CARTESIAN_POINT('',(-38.6992532862083,0.2,34.7365340544309));
#10297=CARTESIAN_POINT('',(-38.6992532862083,0.,34.7365340544309));
#10298=CARTESIAN_POINT('Ctrl Pts',(-38.6992532862083,0.2,34.7365340544309));
#10299=CARTESIAN_POINT('Ctrl Pts',(-38.6973601396624,0.2,34.7710081760161));
#10300=CARTESIAN_POINT('Ctrl Pts',(-38.6936302912834,0.2,34.8389285632647));
#10301=CARTESIAN_POINT('Ctrl Pts',(-38.6649468245376,0.2,34.9005808969504));
#10302=CARTESIAN_POINT('Ctrl Pts',(-38.6508221281425,0.2,34.9309405638303));
#10303=CARTESIAN_POINT('Ctrl Pts',(-38.5710127008811,0.,34.4384439243402));
#10304=CARTESIAN_POINT('Ctrl Pts',(-38.5710127008811,0.2,34.4384439243402));
#10305=CARTESIAN_POINT('Ctrl Pts',(-38.6084144223864,0.,34.4804092136627));
#10306=CARTESIAN_POINT('Ctrl Pts',(-38.6084144223864,0.2,34.4804092136627));
#10307=CARTESIAN_POINT('Ctrl Pts',(-38.6842030257319,0.,34.5654451568956));
#10308=CARTESIAN_POINT('Ctrl Pts',(-38.6842030257319,0.2,34.5654451568956));
#10309=CARTESIAN_POINT('Ctrl Pts',(-38.6941932457834,0.,34.6790123431531));
#10310=CARTESIAN_POINT('Ctrl Pts',(-38.6941932457834,0.2,34.6790123431531));
#10311=CARTESIAN_POINT('Ctrl Pts',(-38.6992532862083,0.,34.7365340544309));
#10312=CARTESIAN_POINT('Ctrl Pts',(-38.6992532862083,0.2,34.7365340544309));
#10313=CARTESIAN_POINT('',(-38.5710127008811,0.,34.4384439243402));
#10314=CARTESIAN_POINT('Ctrl Pts',(-38.5710127008811,0.,34.4384439243402));
#10315=CARTESIAN_POINT('Ctrl Pts',(-38.6084144223864,0.,34.4804092136627));
#10316=CARTESIAN_POINT('Ctrl Pts',(-38.6842030257319,0.,34.5654451568956));
#10317=CARTESIAN_POINT('Ctrl Pts',(-38.6941932457834,0.,34.6790123431531));
#10318=CARTESIAN_POINT('Ctrl Pts',(-38.6992532862083,0.,34.7365340544309));
#10319=CARTESIAN_POINT('',(-38.5710127008811,0.2,34.4384439243402));
#10320=CARTESIAN_POINT('',(-38.5710127008811,0.,34.4384439243402));
#10321=CARTESIAN_POINT('Ctrl Pts',(-38.5710127008811,0.2,34.4384439243402));
#10322=CARTESIAN_POINT('Ctrl Pts',(-38.6084144223864,0.2,34.4804092136627));
#10323=CARTESIAN_POINT('Ctrl Pts',(-38.6842030257319,0.2,34.5654451568956));
#10324=CARTESIAN_POINT('Ctrl Pts',(-38.6941932457834,0.2,34.6790123431531));
#10325=CARTESIAN_POINT('Ctrl Pts',(-38.6992532862083,0.2,34.7365340544309));
#10326=CARTESIAN_POINT('Ctrl Pts',(-38.2040280950919,0.,34.3218001677122));
#10327=CARTESIAN_POINT('Ctrl Pts',(-38.2040280950919,0.2,34.3218001677122));
#10328=CARTESIAN_POINT('Ctrl Pts',(-38.276691350566,0.,34.3247083907972));
#10329=CARTESIAN_POINT('Ctrl Pts',(-38.276691350566,0.2,34.3247083907972));
#10330=CARTESIAN_POINT('Ctrl Pts',(-38.4102947029245,0.,34.3300556375044));
#10331=CARTESIAN_POINT('Ctrl Pts',(-38.4102947029245,0.2,34.3300556375044));
#10332=CARTESIAN_POINT('Ctrl Pts',(-38.5206683155797,0.,34.4044916492746));
#10333=CARTESIAN_POINT('Ctrl Pts',(-38.5206683155797,0.2,34.4044916492746));
#10334=CARTESIAN_POINT('Ctrl Pts',(-38.5710127008811,0.,34.4384439243402));
#10335=CARTESIAN_POINT('Ctrl Pts',(-38.5710127008811,0.2,34.4384439243402));
#10336=CARTESIAN_POINT('',(-38.2040280950919,0.,34.3218001677122));
#10337=CARTESIAN_POINT('Ctrl Pts',(-38.2040280950919,0.,34.3218001677122));
#10338=CARTESIAN_POINT('Ctrl Pts',(-38.276691350566,0.,34.3247083907972));
#10339=CARTESIAN_POINT('Ctrl Pts',(-38.4102947029245,0.,34.3300556375044));
#10340=CARTESIAN_POINT('Ctrl Pts',(-38.5206683155797,0.,34.4044916492746));
#10341=CARTESIAN_POINT('Ctrl Pts',(-38.5710127008811,0.,34.4384439243402));
#10342=CARTESIAN_POINT('',(-38.2040280950919,0.2,34.3218001677122));
#10343=CARTESIAN_POINT('',(-38.2040280950919,0.,34.3218001677122));
#10344=CARTESIAN_POINT('Ctrl Pts',(-38.2040280950919,0.2,34.3218001677122));
#10345=CARTESIAN_POINT('Ctrl Pts',(-38.276691350566,0.2,34.3247083907972));
#10346=CARTESIAN_POINT('Ctrl Pts',(-38.4102947029245,0.2,34.3300556375044));
#10347=CARTESIAN_POINT('Ctrl Pts',(-38.5206683155797,0.2,34.4044916492746));
#10348=CARTESIAN_POINT('Ctrl Pts',(-38.5710127008811,0.2,34.4384439243402));
#10349=CARTESIAN_POINT('Ctrl Pts',(-37.9332227362052,0.,34.3695491506185));
#10350=CARTESIAN_POINT('Ctrl Pts',(-37.9332227362052,0.2,34.3695491506185));
#10351=CARTESIAN_POINT('Ctrl Pts',(-37.9764680368289,0.,34.3556236339966));
#10352=CARTESIAN_POINT('Ctrl Pts',(-37.9764680368289,0.2,34.3556236339966));
#10353=CARTESIAN_POINT('Ctrl Pts',(-38.0645225295065,0.,34.3272690085521));
#10354=CARTESIAN_POINT('Ctrl Pts',(-38.0645225295065,0.2,34.3272690085521));
#10355=CARTESIAN_POINT('Ctrl Pts',(-38.1569788830101,0.,34.3236445719224));
#10356=CARTESIAN_POINT('Ctrl Pts',(-38.1569788830101,0.2,34.3236445719224));
#10357=CARTESIAN_POINT('Ctrl Pts',(-38.2040280950919,0.,34.3218001677122));
#10358=CARTESIAN_POINT('Ctrl Pts',(-38.2040280950919,0.2,34.3218001677122));
#10359=CARTESIAN_POINT('',(-37.9332227362052,0.,34.3695491506185));
#10360=CARTESIAN_POINT('Ctrl Pts',(-37.9332227362052,0.,34.3695491506185));
#10361=CARTESIAN_POINT('Ctrl Pts',(-37.9764680368289,0.,34.3556236339966));
#10362=CARTESIAN_POINT('Ctrl Pts',(-38.0645225295065,0.,34.3272690085521));
#10363=CARTESIAN_POINT('Ctrl Pts',(-38.1569788830101,0.,34.3236445719224));
#10364=CARTESIAN_POINT('Ctrl Pts',(-38.2040280950919,0.,34.3218001677122));
#10365=CARTESIAN_POINT('',(-37.9332227362052,0.2,34.3695491506185));
#10366=CARTESIAN_POINT('',(-37.9332227362052,0.,34.3695491506185));
#10367=CARTESIAN_POINT('Ctrl Pts',(-37.9332227362052,0.2,34.3695491506185));
#10368=CARTESIAN_POINT('Ctrl Pts',(-37.9764680368289,0.2,34.3556236339966));
#10369=CARTESIAN_POINT('Ctrl Pts',(-38.0645225295065,0.2,34.3272690085521));
#10370=CARTESIAN_POINT('Ctrl Pts',(-38.1569788830101,0.2,34.3236445719224));
#10371=CARTESIAN_POINT('Ctrl Pts',(-38.2040280950919,0.2,34.3218001677122));
#10372=CARTESIAN_POINT('Ctrl Pts',(-37.6706034792319,0.,34.533259864005));
#10373=CARTESIAN_POINT('Ctrl Pts',(-37.6706034792319,0.2,34.533259864005));
#10374=CARTESIAN_POINT('Ctrl Pts',(-37.7139034022678,0.,34.4981396337608));
#10375=CARTESIAN_POINT('Ctrl Pts',(-37.7139034022678,0.2,34.4981396337608));
#10376=CARTESIAN_POINT('Ctrl Pts',(-37.7947011558185,0.,34.4326052053147));
#10377=CARTESIAN_POINT('Ctrl Pts',(-37.7947011558185,0.2,34.4326052053147));
#10378=CARTESIAN_POINT('Ctrl Pts',(-37.8893135845237,0.,34.389536923371));
#10379=CARTESIAN_POINT('Ctrl Pts',(-37.8893135845237,0.2,34.389536923371));
#10380=CARTESIAN_POINT('Ctrl Pts',(-37.9332227362052,0.,34.3695491506185));
#10381=CARTESIAN_POINT('Ctrl Pts',(-37.9332227362052,0.2,34.3695491506185));
#10382=CARTESIAN_POINT('',(-37.6706034792319,0.,34.533259864005));
#10383=CARTESIAN_POINT('Ctrl Pts',(-37.6706034792319,0.,34.533259864005));
#10384=CARTESIAN_POINT('Ctrl Pts',(-37.7139034022678,0.,34.4981396337608));
#10385=CARTESIAN_POINT('Ctrl Pts',(-37.7947011558185,0.,34.4326052053147));
#10386=CARTESIAN_POINT('Ctrl Pts',(-37.8893135845237,0.,34.389536923371));
#10387=CARTESIAN_POINT('Ctrl Pts',(-37.9332227362052,0.,34.3695491506185));
#10388=CARTESIAN_POINT('',(-37.6706034792319,0.2,34.533259864005));
#10389=CARTESIAN_POINT('',(-37.6706034792319,0.,34.533259864005));
#10390=CARTESIAN_POINT('Ctrl Pts',(-37.6706034792319,0.2,34.533259864005));
#10391=CARTESIAN_POINT('Ctrl Pts',(-37.7139034022678,0.2,34.4981396337608));
#10392=CARTESIAN_POINT('Ctrl Pts',(-37.7947011558185,0.2,34.4326052053147));
#10393=CARTESIAN_POINT('Ctrl Pts',(-37.8893135845237,0.2,34.389536923371));
#10394=CARTESIAN_POINT('Ctrl Pts',(-37.9332227362052,0.2,34.3695491506185));
#10395=CARTESIAN_POINT('Ctrl Pts',(-37.6214904440299,0.,34.3545421911802));
#10396=CARTESIAN_POINT('Ctrl Pts',(-37.6214904440299,0.2,34.3545421911802));
#10397=CARTESIAN_POINT('Ctrl Pts',(-37.6331605399105,0.,34.3818300853558));
#10398=CARTESIAN_POINT('Ctrl Pts',(-37.6331605399105,0.2,34.3818300853558));
#10399=CARTESIAN_POINT('Ctrl Pts',(-37.6576657257749,0.,34.439129950367));
#10400=CARTESIAN_POINT('Ctrl Pts',(-37.6576657257749,0.2,34.439129950367));
#10401=CARTESIAN_POINT('Ctrl Pts',(-37.6661563447093,0.,34.500904293933));
#10402=CARTESIAN_POINT('Ctrl Pts',(-37.6661563447093,0.2,34.500904293933));
#10403=CARTESIAN_POINT('Ctrl Pts',(-37.6706034792319,0.,34.533259864005));
#10404=CARTESIAN_POINT('Ctrl Pts',(-37.6706034792319,0.2,34.533259864005));
#10405=CARTESIAN_POINT('Ctrl Pts',(-37.6214904440299,0.,34.3545421911802));
#10406=CARTESIAN_POINT('Ctrl Pts',(-37.6331605399105,0.,34.3818300853558));
#10407=CARTESIAN_POINT('Ctrl Pts',(-37.6576657257749,0.,34.439129950367));
#10408=CARTESIAN_POINT('Ctrl Pts',(-37.6661563447093,0.,34.500904293933));
#10409=CARTESIAN_POINT('Ctrl Pts',(-37.6706034792319,0.,34.533259864005));
#10410=CARTESIAN_POINT('Ctrl Pts',(-37.6214904440299,0.2,34.3545421911802));
#10411=CARTESIAN_POINT('Ctrl Pts',(-37.6331605399105,0.2,34.3818300853558));
#10412=CARTESIAN_POINT('Ctrl Pts',(-37.6576657257749,0.2,34.439129950367));
#10413=CARTESIAN_POINT('Ctrl Pts',(-37.6661563447093,0.2,34.500904293933));
#10414=CARTESIAN_POINT('Ctrl Pts',(-37.6706034792319,0.2,34.533259864005));
#10415=CARTESIAN_POINT('Origin',(-44.386838144596,0.2,35.0769159896697));
#10416=CARTESIAN_POINT('Origin',(-41.3199896467582,0.,34.9288941873636));
#10417=CARTESIAN_POINT('',(-41.3199896467582,0.,34.9288941873636));
#10418=CARTESIAN_POINT('',(-41.3199896467582,0.,34.3545421911802));
#10419=CARTESIAN_POINT('',(-41.3199896467582,0.,16.7010753182873));
#10420=CARTESIAN_POINT('',(-41.3199896467582,0.2,34.9288941873636));
#10421=CARTESIAN_POINT('',(-41.3199896467582,0.,34.9288941873636));
#10422=CARTESIAN_POINT('',(-41.3199896467582,0.2,34.3545421911802));
#10423=CARTESIAN_POINT('',(-41.3199896467582,0.2,34.9288941873636));
#10424=CARTESIAN_POINT('',(-41.3199896467582,0.,34.3545421911802));
#10425=CARTESIAN_POINT('Origin',(-41.1467296732322,0.,35.0953334523763));
#10426=CARTESIAN_POINT('',(-41.1467296732322,0.,35.0953334523763));
#10427=CARTESIAN_POINT('',(-47.5005189740103,0.,28.9916731565456));
#10428=CARTESIAN_POINT('',(-41.1467296732322,0.2,35.0953334523763));
#10429=CARTESIAN_POINT('',(-41.1467296732322,0.,35.0953334523763));
#10430=CARTESIAN_POINT('',(-41.1467296732322,0.2,35.0953334523763));
#10431=CARTESIAN_POINT('Origin',(-40.6678754938499,0.,34.3545421911802));
#10432=CARTESIAN_POINT('',(-40.6678754938499,0.,34.3545421911802));
#10433=CARTESIAN_POINT('',(-30.9756717668228,0.,19.3606251871026));
#10434=CARTESIAN_POINT('',(-40.6678754938499,0.2,34.3545421911802));
#10435=CARTESIAN_POINT('',(-40.6678754938499,0.,34.3545421911802));
#10436=CARTESIAN_POINT('',(-40.6678754938499,0.2,34.3545421911802));
#10437=CARTESIAN_POINT('Origin',(-40.3650099886314,0.,34.3545421911802));
#10438=CARTESIAN_POINT('',(-40.3650099886314,0.,34.3545421911802));
#10439=CARTESIAN_POINT('',(-35.3828475955589,0.,34.3545421911802));
#10440=CARTESIAN_POINT('',(-40.3650099886314,0.2,34.3545421911802));
#10441=CARTESIAN_POINT('',(-40.3650099886314,0.,34.3545421911802));
#10442=CARTESIAN_POINT('',(-40.3650099886314,0.2,34.3545421911802));
#10443=CARTESIAN_POINT('Origin',(-40.9748334539787,0.,35.2658654703226));
#10444=CARTESIAN_POINT('',(-40.9748334539787,0.,35.2658654703226));
#10445=CARTESIAN_POINT('',(-30.8368483955434,0.,20.1156091874028));
#10446=CARTESIAN_POINT('',(-40.9748334539787,0.2,35.2658654703226));
#10447=CARTESIAN_POINT('',(-40.9748334539787,0.,35.2658654703226));
#10448=CARTESIAN_POINT('',(-40.9748334539787,0.2,35.2658654703226));
#10449=CARTESIAN_POINT('Origin',(-40.4209453714744,0.,35.8033825410928));
#10450=CARTESIAN_POINT('',(-40.4209453714744,0.,35.8033825410928));
#10451=CARTESIAN_POINT('',(-47.1690784462357,0.,29.2547008884493));
#10452=CARTESIAN_POINT('',(-40.4209453714744,0.2,35.8033825410928));
#10453=CARTESIAN_POINT('',(-40.4209453714744,0.,35.8033825410928));
#10454=CARTESIAN_POINT('',(-40.4209453714744,0.2,35.8033825410928));
#10455=CARTESIAN_POINT('Origin',(-40.7388169420615,0.,35.8033825410928));
#10456=CARTESIAN_POINT('',(-40.7388169420615,0.,35.8033825410928));
#10457=CARTESIAN_POINT('',(-35.569751072274,0.,35.8033825410928));
#10458=CARTESIAN_POINT('',(-40.7388169420615,0.2,35.8033825410928));
#10459=CARTESIAN_POINT('',(-40.7388169420615,0.,35.8033825410928));
#10460=CARTESIAN_POINT('',(-40.7388169420615,0.2,35.8033825410928));
#10461=CARTESIAN_POINT('Origin',(-41.3199896467582,0.,35.2140237344827));
#10462=CARTESIAN_POINT('',(-41.3199896467582,0.,35.2140237344827));
#10463=CARTESIAN_POINT('',(-47.8126370881601,0.,28.6299241770163));
#10464=CARTESIAN_POINT('',(-41.3199896467582,0.2,35.2140237344827));
#10465=CARTESIAN_POINT('',(-41.3199896467582,0.,35.2140237344827));
#10466=CARTESIAN_POINT('',(-41.3199896467582,0.2,35.2140237344827));
#10467=CARTESIAN_POINT('Origin',(-41.3199896467582,0.,36.3545422209825));
#10468=CARTESIAN_POINT('',(-41.3199896467582,0.,36.3545422209825));
#10469=CARTESIAN_POINT('',(-41.3199896467582,0.,17.4138993350967));
#10470=CARTESIAN_POINT('',(-41.3199896467582,0.2,36.3545422209825));
#10471=CARTESIAN_POINT('',(-41.3199896467582,0.,36.3545422209825));
#10472=CARTESIAN_POINT('',(-41.3199896467582,0.2,36.3545422209825));
#10473=CARTESIAN_POINT('Origin',(-41.5655560148612,0.,36.3545422209825));
#10474=CARTESIAN_POINT('',(-41.5655560148612,0.,36.3545422209825));
#10475=CARTESIAN_POINT('',(-35.9831206086739,0.,36.3545422209825));
#10476=CARTESIAN_POINT('',(-41.5655560148612,0.2,36.3545422209825));
#10477=CARTESIAN_POINT('',(-41.5655560148612,0.,36.3545422209825));
#10478=CARTESIAN_POINT('',(-41.5655560148612,0.2,36.3545422209825));
#10479=CARTESIAN_POINT('Origin',(-41.5655560148612,0.,34.3545421911802));
#10480=CARTESIAN_POINT('',(-41.5655560148612,0.,34.3545421911802));
#10481=CARTESIAN_POINT('',(-41.5655560148612,0.,16.4138993201956));
#10482=CARTESIAN_POINT('',(-41.5655560148612,0.2,34.3545421911802));
#10483=CARTESIAN_POINT('',(-41.5655560148612,0.,34.3545421911802));
#10484=CARTESIAN_POINT('',(-41.5655560148612,0.2,34.3545421911802));
#10485=CARTESIAN_POINT('Origin',(-41.3199896467582,0.,34.3545421911802));
#10486=CARTESIAN_POINT('',(-35.8603374246223,0.,34.3545421911802));
#10487=CARTESIAN_POINT('',(-41.3199896467582,0.2,34.3545421911802));
#10488=CARTESIAN_POINT('Origin',(-44.386838144596,0.2,35.0769159896697));
#10489=CARTESIAN_POINT('Ctrl Pts',(-43.6324042929069,0.,34.7460837616052));
#10490=CARTESIAN_POINT('Ctrl Pts',(-43.6324042929069,0.2,34.7460837616052));
#10491=CARTESIAN_POINT('Ctrl Pts',(-43.6209236302377,0.,34.7801367104444));
#10492=CARTESIAN_POINT('Ctrl Pts',(-43.6209236302377,0.2,34.7801367104444));
#10493=CARTESIAN_POINT('Ctrl Pts',(-43.5941368185583,0.,34.8595894349056));
#10494=CARTESIAN_POINT('Ctrl Pts',(-43.5941368185583,0.2,34.8595894349056));
#10495=CARTESIAN_POINT('Ctrl Pts',(-43.5933118881534,0.,34.9436291629843));
#10496=CARTESIAN_POINT('Ctrl Pts',(-43.5933118881534,0.2,34.9436291629843));
#10497=CARTESIAN_POINT('Ctrl Pts',(-43.5928405178443,0.,34.9916499806966));
#10498=CARTESIAN_POINT('Ctrl Pts',(-43.5928405178443,0.2,34.9916499806966));
#10499=CARTESIAN_POINT('',(-43.6324042929069,0.,34.7460837616052));
#10500=CARTESIAN_POINT('',(-43.5928405178443,0.,34.9916499806966));
#10501=CARTESIAN_POINT('Ctrl Pts',(-43.6324042929069,0.,34.7460837616052));
#10502=CARTESIAN_POINT('Ctrl Pts',(-43.6209236302377,0.,34.7801367104444));
#10503=CARTESIAN_POINT('Ctrl Pts',(-43.5941368185583,0.,34.8595894349056));
#10504=CARTESIAN_POINT('Ctrl Pts',(-43.5933118881534,0.,34.9436291629843));
#10505=CARTESIAN_POINT('Ctrl Pts',(-43.5928405178443,0.,34.9916499806966));
#10506=CARTESIAN_POINT('',(-43.6324042929069,0.2,34.7460837616052));
#10507=CARTESIAN_POINT('',(-43.6324042929069,0.,34.7460837616052));
#10508=CARTESIAN_POINT('',(-43.5928405178443,0.2,34.9916499806966));
#10509=CARTESIAN_POINT('Ctrl Pts',(-43.6324042929069,0.2,34.7460837616052));
#10510=CARTESIAN_POINT('Ctrl Pts',(-43.6209236302377,0.2,34.7801367104444));
#10511=CARTESIAN_POINT('Ctrl Pts',(-43.5941368185583,0.2,34.8595894349056));
#10512=CARTESIAN_POINT('Ctrl Pts',(-43.5933118881534,0.2,34.9436291629843));
#10513=CARTESIAN_POINT('Ctrl Pts',(-43.5928405178443,0.2,34.9916499806966));
#10514=CARTESIAN_POINT('',(-43.5928405178443,0.,34.9916499806966));
#10515=CARTESIAN_POINT('Ctrl Pts',(-43.7947506559745,0.,34.5762339188184));
#10516=CARTESIAN_POINT('Ctrl Pts',(-43.7947506559745,0.2,34.5762339188184));
#10517=CARTESIAN_POINT('Ctrl Pts',(-43.760499744112,0.,34.5985418900907));
#10518=CARTESIAN_POINT('Ctrl Pts',(-43.760499744112,0.2,34.5985418900907));
#10519=CARTESIAN_POINT('Ctrl Pts',(-43.6930480653982,0.,34.6424738623854));
#10520=CARTESIAN_POINT('Ctrl Pts',(-43.6930480653982,0.2,34.6424738623854));
#10521=CARTESIAN_POINT('Ctrl Pts',(-43.6524079772701,0.,34.7119074622796));
#10522=CARTESIAN_POINT('Ctrl Pts',(-43.6524079772701,0.2,34.7119074622796));
#10523=CARTESIAN_POINT('Ctrl Pts',(-43.6324042929069,0.,34.7460837616052));
#10524=CARTESIAN_POINT('Ctrl Pts',(-43.6324042929069,0.2,34.7460837616052));
#10525=CARTESIAN_POINT('',(-43.7947506559745,0.,34.5762339188184));
#10526=CARTESIAN_POINT('Ctrl Pts',(-43.7947506559745,0.,34.5762339188184));
#10527=CARTESIAN_POINT('Ctrl Pts',(-43.760499744112,0.,34.5985418900907));
#10528=CARTESIAN_POINT('Ctrl Pts',(-43.6930480653982,0.,34.6424738623854));
#10529=CARTESIAN_POINT('Ctrl Pts',(-43.6524079772701,0.,34.7119074622796));
#10530=CARTESIAN_POINT('Ctrl Pts',(-43.6324042929069,0.,34.7460837616052));
#10531=CARTESIAN_POINT('',(-43.7947506559745,0.2,34.5762339188184));
#10532=CARTESIAN_POINT('',(-43.7947506559745,0.,34.5762339188184));
#10533=CARTESIAN_POINT('Ctrl Pts',(-43.7947506559745,0.2,34.5762339188184));
#10534=CARTESIAN_POINT('Ctrl Pts',(-43.760499744112,0.2,34.5985418900907));
#10535=CARTESIAN_POINT('Ctrl Pts',(-43.6930480653982,0.2,34.6424738623854));
#10536=CARTESIAN_POINT('Ctrl Pts',(-43.6524079772701,0.2,34.7119074622796));
#10537=CARTESIAN_POINT('Ctrl Pts',(-43.6324042929069,0.2,34.7460837616052));
#10538=CARTESIAN_POINT('Ctrl Pts',(-44.0471381796256,0.,34.5141601516332));
#10539=CARTESIAN_POINT('Ctrl Pts',(-44.0471381796256,0.2,34.5141601516332));
#10540=CARTESIAN_POINT('Ctrl Pts',(-44.0017321747061,0.,34.5164264700037));
#10541=CARTESIAN_POINT('Ctrl Pts',(-44.0017321747061,0.2,34.5164264700037));
#10542=CARTESIAN_POINT('Ctrl Pts',(-43.9135300479523,0.,34.5208288414639));
#10543=CARTESIAN_POINT('Ctrl Pts',(-43.9135300479523,0.2,34.5208288414639));
#10544=CARTESIAN_POINT('Ctrl Pts',(-43.8335549711869,0.,34.5581335055208));
#10545=CARTESIAN_POINT('Ctrl Pts',(-43.8335549711869,0.2,34.5581335055208));
#10546=CARTESIAN_POINT('Ctrl Pts',(-43.7947506559745,0.,34.5762339188184));
#10547=CARTESIAN_POINT('Ctrl Pts',(-43.7947506559745,0.2,34.5762339188184));
#10548=CARTESIAN_POINT('',(-44.0471381796256,0.,34.5141601516332));
#10549=CARTESIAN_POINT('Ctrl Pts',(-44.0471381796256,0.,34.5141601516332));
#10550=CARTESIAN_POINT('Ctrl Pts',(-44.0017321747061,0.,34.5164264700037));
#10551=CARTESIAN_POINT('Ctrl Pts',(-43.9135300479523,0.,34.5208288414639));
#10552=CARTESIAN_POINT('Ctrl Pts',(-43.8335549711869,0.,34.5581335055208));
#10553=CARTESIAN_POINT('Ctrl Pts',(-43.7947506559745,0.,34.5762339188184));
#10554=CARTESIAN_POINT('',(-44.0471381796256,0.2,34.5141601516332));
#10555=CARTESIAN_POINT('',(-44.0471381796256,0.,34.5141601516332));
#10556=CARTESIAN_POINT('Ctrl Pts',(-44.0471381796256,0.2,34.5141601516332));
#10557=CARTESIAN_POINT('Ctrl Pts',(-44.0017321747061,0.2,34.5164264700037));
#10558=CARTESIAN_POINT('Ctrl Pts',(-43.9135300479523,0.2,34.5208288414639));
#10559=CARTESIAN_POINT('Ctrl Pts',(-43.8335549711869,0.2,34.5581335055208));
#10560=CARTESIAN_POINT('Ctrl Pts',(-43.7947506559745,0.2,34.5762339188184));
#10561=CARTESIAN_POINT('Ctrl Pts',(-44.2647368563071,0.,34.5796444965925));
#10562=CARTESIAN_POINT('Ctrl Pts',(-44.2647368563071,0.2,34.5796444965925));
#10563=CARTESIAN_POINT('Ctrl Pts',(-44.2350719218884,0.,34.5605947506944));
#10564=CARTESIAN_POINT('Ctrl Pts',(-44.2350719218884,0.2,34.5605947506944));
#10565=CARTESIAN_POINT('Ctrl Pts',(-44.1691281838782,0.,34.5182480717861));
#10566=CARTESIAN_POINT('Ctrl Pts',(-44.1691281838782,0.2,34.5182480717861));
#10567=CARTESIAN_POINT('Ctrl Pts',(-44.0904324602711,0.,34.5156109554383));
#10568=CARTESIAN_POINT('Ctrl Pts',(-44.0904324602711,0.2,34.5156109554383));
#10569=CARTESIAN_POINT('Ctrl Pts',(-44.0471381796256,0.,34.5141601516332));
#10570=CARTESIAN_POINT('Ctrl Pts',(-44.0471381796256,0.2,34.5141601516332));
#10571=CARTESIAN_POINT('',(-44.2647368563071,0.,34.5796444965925));
#10572=CARTESIAN_POINT('Ctrl Pts',(-44.2647368563071,0.,34.5796444965925));
#10573=CARTESIAN_POINT('Ctrl Pts',(-44.2350719218884,0.,34.5605947506944));
#10574=CARTESIAN_POINT('Ctrl Pts',(-44.1691281838782,0.,34.5182480717861));
#10575=CARTESIAN_POINT('Ctrl Pts',(-44.0904324602711,0.,34.5156109554383));
#10576=CARTESIAN_POINT('Ctrl Pts',(-44.0471381796256,0.,34.5141601516332));
#10577=CARTESIAN_POINT('',(-44.2647368563071,0.2,34.5796444965925));
#10578=CARTESIAN_POINT('',(-44.2647368563071,0.,34.5796444965925));
#10579=CARTESIAN_POINT('Ctrl Pts',(-44.2647368563071,0.2,34.5796444965925));
#10580=CARTESIAN_POINT('Ctrl Pts',(-44.2350719218884,0.2,34.5605947506944));
#10581=CARTESIAN_POINT('Ctrl Pts',(-44.1691281838782,0.2,34.5182480717861));
#10582=CARTESIAN_POINT('Ctrl Pts',(-44.0904324602711,0.2,34.5156109554383));
#10583=CARTESIAN_POINT('Ctrl Pts',(-44.0471381796256,0.2,34.5141601516332));
#10584=CARTESIAN_POINT('Ctrl Pts',(-44.3390888822929,0.,34.743355209979));
#10585=CARTESIAN_POINT('Ctrl Pts',(-44.3390888822929,0.2,34.743355209979));
#10586=CARTESIAN_POINT('Ctrl Pts',(-44.3359602268749,0.,34.7119505207117));
#10587=CARTESIAN_POINT('Ctrl Pts',(-44.3359602268749,0.2,34.7119505207117));
#10588=CARTESIAN_POINT('Ctrl Pts',(-44.3296874168734,0.,34.6489855652864));
#10589=CARTESIAN_POINT('Ctrl Pts',(-44.3296874168734,0.2,34.6489855652864));
#10590=CARTESIAN_POINT('Ctrl Pts',(-44.2864226767078,0.,34.6027962284478));
#10591=CARTESIAN_POINT('Ctrl Pts',(-44.2864226767078,0.2,34.6027962284478));
#10592=CARTESIAN_POINT('Ctrl Pts',(-44.2647368563071,0.,34.5796444965925));
#10593=CARTESIAN_POINT('Ctrl Pts',(-44.2647368563071,0.2,34.5796444965925));
#10594=CARTESIAN_POINT('',(-44.3390888822929,0.,34.743355209979));
#10595=CARTESIAN_POINT('Ctrl Pts',(-44.3390888822929,0.,34.743355209979));
#10596=CARTESIAN_POINT('Ctrl Pts',(-44.3359602268749,0.,34.7119505207117));
#10597=CARTESIAN_POINT('Ctrl Pts',(-44.3296874168734,0.,34.6489855652864));
#10598=CARTESIAN_POINT('Ctrl Pts',(-44.2864226767078,0.,34.6027962284478));
#10599=CARTESIAN_POINT('Ctrl Pts',(-44.2647368563071,0.,34.5796444965925));
#10600=CARTESIAN_POINT('',(-44.3390888822929,0.2,34.743355209979));
#10601=CARTESIAN_POINT('',(-44.3390888822929,0.,34.743355209979));
#10602=CARTESIAN_POINT('Ctrl Pts',(-44.3390888822929,0.2,34.743355209979));
#10603=CARTESIAN_POINT('Ctrl Pts',(-44.3359602268749,0.2,34.7119505207117));
#10604=CARTESIAN_POINT('Ctrl Pts',(-44.3296874168734,0.2,34.6489855652864));
#10605=CARTESIAN_POINT('Ctrl Pts',(-44.2864226767078,0.2,34.6027962284478));
#10606=CARTESIAN_POINT('Ctrl Pts',(-44.2647368563071,0.2,34.5796444965925));
#10607=CARTESIAN_POINT('Ctrl Pts',(-44.3049825085059,0.,34.8599991156186));
#10608=CARTESIAN_POINT('Ctrl Pts',(-44.3049825085059,0.2,34.8599991156186));
#10609=CARTESIAN_POINT('Ctrl Pts',(-44.3149298669601,0.,34.8419417603524));
#10610=CARTESIAN_POINT('Ctrl Pts',(-44.3149298669601,0.2,34.8419417603524));
#10611=CARTESIAN_POINT('Ctrl Pts',(-44.3349502669082,0.,34.8055988984655));
#10612=CARTESIAN_POINT('Ctrl Pts',(-44.3349502669082,0.2,34.8055988984655));
#10613=CARTESIAN_POINT('Ctrl Pts',(-44.3377035822906,0.,34.7641897582001));
#10614=CARTESIAN_POINT('Ctrl Pts',(-44.3377035822906,0.2,34.7641897582001));
#10615=CARTESIAN_POINT('Ctrl Pts',(-44.3390888822929,0.,34.743355209979));
#10616=CARTESIAN_POINT('Ctrl Pts',(-44.3390888822929,0.2,34.743355209979));
#10617=CARTESIAN_POINT('',(-44.3049825085059,0.,34.8599991156186));
#10618=CARTESIAN_POINT('Ctrl Pts',(-44.3049825085059,0.,34.8599991156186));
#10619=CARTESIAN_POINT('Ctrl Pts',(-44.3149298669601,0.,34.8419417603524));
#10620=CARTESIAN_POINT('Ctrl Pts',(-44.3349502669082,0.,34.8055988984655));
#10621=CARTESIAN_POINT('Ctrl Pts',(-44.3377035822906,0.,34.7641897582001));
#10622=CARTESIAN_POINT('Ctrl Pts',(-44.3390888822929,0.,34.743355209979));
#10623=CARTESIAN_POINT('',(-44.3049825085059,0.2,34.8599991156186));
#10624=CARTESIAN_POINT('',(-44.3049825085059,0.,34.8599991156186));
#10625=CARTESIAN_POINT('Ctrl Pts',(-44.3049825085059,0.2,34.8599991156186));
#10626=CARTESIAN_POINT('Ctrl Pts',(-44.3149298669601,0.2,34.8419417603524));
#10627=CARTESIAN_POINT('Ctrl Pts',(-44.3349502669082,0.2,34.8055988984655));
#10628=CARTESIAN_POINT('Ctrl Pts',(-44.3377035822906,0.2,34.7641897582001));
#10629=CARTESIAN_POINT('Ctrl Pts',(-44.3390888822929,0.2,34.743355209979));
#10630=CARTESIAN_POINT('Ctrl Pts',(-44.2081201923743,0.,34.9398082448568));
#10631=CARTESIAN_POINT('Ctrl Pts',(-44.2081201923743,0.2,34.9398082448568));
#10632=CARTESIAN_POINT('Ctrl Pts',(-44.2277028726085,0.,34.9298770306861));
#10633=CARTESIAN_POINT('Ctrl Pts',(-44.2277028726085,0.2,34.9298770306861));
#10634=CARTESIAN_POINT('Ctrl Pts',(-44.265964740422,0.,34.910472802088));
#10635=CARTESIAN_POINT('Ctrl Pts',(-44.265964740422,0.2,34.910472802088));
#10636=CARTESIAN_POINT('Ctrl Pts',(-44.2921829528261,0.,34.8765567198091));
#10637=CARTESIAN_POINT('Ctrl Pts',(-44.2921829528261,0.2,34.8765567198091));
#10638=CARTESIAN_POINT('Ctrl Pts',(-44.3049825085059,0.,34.8599991156186));
#10639=CARTESIAN_POINT('Ctrl Pts',(-44.3049825085059,0.2,34.8599991156186));
#10640=CARTESIAN_POINT('',(-44.2081201923743,0.,34.9398082448568));
#10641=CARTESIAN_POINT('Ctrl Pts',(-44.2081201923743,0.,34.9398082448568));
#10642=CARTESIAN_POINT('Ctrl Pts',(-44.2277028726085,0.,34.9298770306861));
#10643=CARTESIAN_POINT('Ctrl Pts',(-44.265964740422,0.,34.910472802088));
#10644=CARTESIAN_POINT('Ctrl Pts',(-44.2921829528261,0.,34.8765567198091));
#10645=CARTESIAN_POINT('Ctrl Pts',(-44.3049825085059,0.,34.8599991156186));
#10646=CARTESIAN_POINT('',(-44.2081201923743,0.2,34.9398082448568));
#10647=CARTESIAN_POINT('',(-44.2081201923743,0.,34.9398082448568));
#10648=CARTESIAN_POINT('Ctrl Pts',(-44.2081201923743,0.2,34.9398082448568));
#10649=CARTESIAN_POINT('Ctrl Pts',(-44.2277028726085,0.2,34.9298770306861));
#10650=CARTESIAN_POINT('Ctrl Pts',(-44.265964740422,0.2,34.910472802088));
#10651=CARTESIAN_POINT('Ctrl Pts',(-44.2921829528261,0.2,34.8765567198091));
#10652=CARTESIAN_POINT('Ctrl Pts',(-44.3049825085059,0.2,34.8599991156186));
#10653=CARTESIAN_POINT('Ctrl Pts',(-43.9939320934669,0.,34.9889214290704));
#10654=CARTESIAN_POINT('Ctrl Pts',(-43.9939320934669,0.2,34.9889214290704));
#10655=CARTESIAN_POINT('Ctrl Pts',(-44.0373834764137,0.,34.9826966862545));
#10656=CARTESIAN_POINT('Ctrl Pts',(-44.0373834764137,0.2,34.9826966862545));
#10657=CARTESIAN_POINT('Ctrl Pts',(-44.1102129721506,0.,34.9722633041703));
#10658=CARTESIAN_POINT('Ctrl Pts',(-44.1102129721506,0.2,34.9722633041703));
#10659=CARTESIAN_POINT('Ctrl Pts',(-44.1799781645923,0.,34.9491369866879));
#10660=CARTESIAN_POINT('Ctrl Pts',(-44.1799781645923,0.2,34.9491369866879));
#10661=CARTESIAN_POINT('Ctrl Pts',(-44.2081201923743,0.,34.9398082448568));
#10662=CARTESIAN_POINT('Ctrl Pts',(-44.2081201923743,0.2,34.9398082448568));
#10663=CARTESIAN_POINT('',(-43.9939320934669,0.,34.9889214290704));
#10664=CARTESIAN_POINT('Ctrl Pts',(-43.9939320934669,0.,34.9889214290704));
#10665=CARTESIAN_POINT('Ctrl Pts',(-44.0373834764137,0.,34.9826966862545));
#10666=CARTESIAN_POINT('Ctrl Pts',(-44.1102129721506,0.,34.9722633041703));
#10667=CARTESIAN_POINT('Ctrl Pts',(-44.1799781645923,0.,34.9491369866879));
#10668=CARTESIAN_POINT('Ctrl Pts',(-44.2081201923743,0.,34.9398082448568));
#10669=CARTESIAN_POINT('',(-43.9939320934669,0.2,34.9889214290704));
#10670=CARTESIAN_POINT('',(-43.9939320934669,0.,34.9889214290704));
#10671=CARTESIAN_POINT('Ctrl Pts',(-43.9939320934669,0.2,34.9889214290704));
#10672=CARTESIAN_POINT('Ctrl Pts',(-44.0373834764137,0.2,34.9826966862545));
#10673=CARTESIAN_POINT('Ctrl Pts',(-44.1102129721506,0.2,34.9722633041703));
#10674=CARTESIAN_POINT('Ctrl Pts',(-44.1799781645923,0.2,34.9491369866879));
#10675=CARTESIAN_POINT('Ctrl Pts',(-44.2081201923743,0.2,34.9398082448568));
#10676=CARTESIAN_POINT('Ctrl Pts',(-43.5928405178443,0.,35.0816908432569));
#10677=CARTESIAN_POINT('Ctrl Pts',(-43.5928405178443,0.2,35.0816908432569));
#10678=CARTESIAN_POINT('Ctrl Pts',(-43.6482178870038,0.,35.0634943982555));
#10679=CARTESIAN_POINT('Ctrl Pts',(-43.6482178870038,0.2,35.0634943982555));
#10680=CARTESIAN_POINT('Ctrl Pts',(-43.7790149773631,0.,35.0205157935079));
#10681=CARTESIAN_POINT('Ctrl Pts',(-43.7790149773631,0.2,35.0205157935079));
#10682=CARTESIAN_POINT('Ctrl Pts',(-43.9153304079153,0.,35.0004764431323));
#10683=CARTESIAN_POINT('Ctrl Pts',(-43.9153304079153,0.2,35.0004764431323));
#10684=CARTESIAN_POINT('Ctrl Pts',(-43.9939320934669,0.,34.9889214290704));
#10685=CARTESIAN_POINT('Ctrl Pts',(-43.9939320934669,0.2,34.9889214290704));
#10686=CARTESIAN_POINT('',(-43.5928405178443,0.,35.0816908432569));
#10687=CARTESIAN_POINT('Ctrl Pts',(-43.5928405178443,0.,35.0816908432569));
#10688=CARTESIAN_POINT('Ctrl Pts',(-43.6482178870038,0.,35.0634943982555));
#10689=CARTESIAN_POINT('Ctrl Pts',(-43.7790149773631,0.,35.0205157935079));
#10690=CARTESIAN_POINT('Ctrl Pts',(-43.9153304079153,0.,35.0004764431323));
#10691=CARTESIAN_POINT('Ctrl Pts',(-43.9939320934669,0.,34.9889214290704));
#10692=CARTESIAN_POINT('',(-43.5928405178443,0.2,35.0816908432569));
#10693=CARTESIAN_POINT('',(-43.5928405178443,0.,35.0816908432569));
#10694=CARTESIAN_POINT('Ctrl Pts',(-43.5928405178443,0.2,35.0816908432569));
#10695=CARTESIAN_POINT('Ctrl Pts',(-43.6482178870038,0.2,35.0634943982555));
#10696=CARTESIAN_POINT('Ctrl Pts',(-43.7790149773631,0.2,35.0205157935079));
#10697=CARTESIAN_POINT('Ctrl Pts',(-43.9153304079153,0.2,35.0004764431323));
#10698=CARTESIAN_POINT('Ctrl Pts',(-43.9939320934669,0.2,34.9889214290704));
#10699=CARTESIAN_POINT('Origin',(-43.5928405178443,0.,34.9916499806966));
#10700=CARTESIAN_POINT('',(-43.5928405178443,0.,16.7324532149538));
#10701=CARTESIAN_POINT('',(-43.5928405178443,0.2,34.9916499806966));
#10702=CARTESIAN_POINT('Origin',(-43.2667834413902,0.,34.3545421911802));
#10703=CARTESIAN_POINT('',(-43.2667834413902,0.,34.3545421911802));
#10704=CARTESIAN_POINT('',(-43.5232634199516,0.,34.3545421911802));
#10705=CARTESIAN_POINT('',(-36.8337343219383,0.,34.3545421911802));
#10706=CARTESIAN_POINT('',(-43.2667834413902,0.2,34.3545421911802));
#10707=CARTESIAN_POINT('',(-43.2667834413902,0.,34.3545421911802));
#10708=CARTESIAN_POINT('',(-43.5232634199516,0.2,34.3545421911802));
#10709=CARTESIAN_POINT('',(-43.2667834413902,0.2,34.3545421911802));
#10710=CARTESIAN_POINT('',(-43.5232634199516,0.,34.3545421911802));
#10711=CARTESIAN_POINT('Ctrl Pts',(-43.3288569105521,0.,34.5284849359121));
#10712=CARTESIAN_POINT('Ctrl Pts',(-43.3288569105521,0.2,34.5284849359121));
#10713=CARTESIAN_POINT('Ctrl Pts',(-43.322281825745,0.,34.4984375113895));
#10714=CARTESIAN_POINT('Ctrl Pts',(-43.322281825745,0.2,34.4984375113895));
#10715=CARTESIAN_POINT('Ctrl Pts',(-43.3090157719999,0.,34.4378130844336));
#10716=CARTESIAN_POINT('Ctrl Pts',(-43.3090157719999,0.2,34.4378130844336));
#10717=CARTESIAN_POINT('Ctrl Pts',(-43.2809426281975,0.,34.3824603315283));
#10718=CARTESIAN_POINT('Ctrl Pts',(-43.2809426281975,0.2,34.3824603315283));
#10719=CARTESIAN_POINT('Ctrl Pts',(-43.2667834413902,0.,34.3545421911802));
#10720=CARTESIAN_POINT('Ctrl Pts',(-43.2667834413902,0.2,34.3545421911802));
#10721=CARTESIAN_POINT('',(-43.3288569105521,0.,34.5284849359121));
#10722=CARTESIAN_POINT('Ctrl Pts',(-43.3288569105521,0.,34.5284849359121));
#10723=CARTESIAN_POINT('Ctrl Pts',(-43.322281825745,0.,34.4984375113895));
#10724=CARTESIAN_POINT('Ctrl Pts',(-43.3090157719999,0.,34.4378130844336));
#10725=CARTESIAN_POINT('Ctrl Pts',(-43.2809426281975,0.,34.3824603315283));
#10726=CARTESIAN_POINT('Ctrl Pts',(-43.2667834413902,0.,34.3545421911802));
#10727=CARTESIAN_POINT('',(-43.3288569105521,0.2,34.5284849359121));
#10728=CARTESIAN_POINT('',(-43.3288569105521,0.,34.5284849359121));
#10729=CARTESIAN_POINT('Ctrl Pts',(-43.3288569105521,0.2,34.5284849359121));
#10730=CARTESIAN_POINT('Ctrl Pts',(-43.322281825745,0.2,34.4984375113895));
#10731=CARTESIAN_POINT('Ctrl Pts',(-43.3090157719999,0.2,34.4378130844336));
#10732=CARTESIAN_POINT('Ctrl Pts',(-43.2809426281975,0.2,34.3824603315283));
#10733=CARTESIAN_POINT('Ctrl Pts',(-43.2667834413902,0.2,34.3545421911802));
#10734=CARTESIAN_POINT('Ctrl Pts',(-43.3445460451499,0.,34.9616363598432));
#10735=CARTESIAN_POINT('Ctrl Pts',(-43.3445460451499,0.2,34.9616363598432));
#10736=CARTESIAN_POINT('Ctrl Pts',(-43.3451106212934,0.,34.8683843050286));
#10737=CARTESIAN_POINT('Ctrl Pts',(-43.3451106212934,0.2,34.8683843050286));
#10738=CARTESIAN_POINT('Ctrl Pts',(-43.345986437707,0.,34.7237241362389));
#10739=CARTESIAN_POINT('Ctrl Pts',(-43.345986437707,0.2,34.7237241362389));
#10740=CARTESIAN_POINT('Ctrl Pts',(-43.3333481861011,0.,34.5796756686572));
#10741=CARTESIAN_POINT('Ctrl Pts',(-43.3333481861011,0.2,34.5796756686572));
#10742=CARTESIAN_POINT('Ctrl Pts',(-43.3288569105521,0.,34.5284849359121));
#10743=CARTESIAN_POINT('Ctrl Pts',(-43.3288569105521,0.2,34.5284849359121));
#10744=CARTESIAN_POINT('',(-43.3445460451499,0.,34.9616363598432));
#10745=CARTESIAN_POINT('Ctrl Pts',(-43.3445460451499,0.,34.9616363598432));
#10746=CARTESIAN_POINT('Ctrl Pts',(-43.3451106212934,0.,34.8683843050286));
#10747=CARTESIAN_POINT('Ctrl Pts',(-43.345986437707,0.,34.7237241362389));
#10748=CARTESIAN_POINT('Ctrl Pts',(-43.3333481861011,0.,34.5796756686572));
#10749=CARTESIAN_POINT('Ctrl Pts',(-43.3288569105521,0.,34.5284849359121));
#10750=CARTESIAN_POINT('',(-43.3445460451499,0.2,34.9616363598432));
#10751=CARTESIAN_POINT('',(-43.3445460451499,0.,34.9616363598432));
#10752=CARTESIAN_POINT('Ctrl Pts',(-43.3445460451499,0.2,34.9616363598432));
#10753=CARTESIAN_POINT('Ctrl Pts',(-43.3451106212934,0.2,34.8683843050286));
#10754=CARTESIAN_POINT('Ctrl Pts',(-43.345986437707,0.2,34.7237241362389));
#10755=CARTESIAN_POINT('Ctrl Pts',(-43.3333481861011,0.2,34.5796756686572));
#10756=CARTESIAN_POINT('Ctrl Pts',(-43.3288569105521,0.2,34.5284849359121));
#10757=CARTESIAN_POINT('Origin',(-43.3445460451499,0.,35.2890577866163));
#10758=CARTESIAN_POINT('',(-43.3445460451499,0.,35.2890577866163));
#10759=CARTESIAN_POINT('',(-43.3445460451499,0.,16.8811571179136));
#10760=CARTESIAN_POINT('',(-43.3445460451499,0.2,35.2890577866163));
#10761=CARTESIAN_POINT('',(-43.3445460451499,0.,35.2890577866163));
#10762=CARTESIAN_POINT('',(-43.3445460451499,0.2,35.2890577866163));
#10763=CARTESIAN_POINT('Ctrl Pts',(-43.3568246019736,0.,35.5155244423475));
#10764=CARTESIAN_POINT('Ctrl Pts',(-43.3568246019736,0.2,35.5155244423475));
#10765=CARTESIAN_POINT('Ctrl Pts',(-43.3532840898632,0.,35.4862227051255));
#10766=CARTESIAN_POINT('Ctrl Pts',(-43.3532840898632,0.2,35.4862227051255));
#10767=CARTESIAN_POINT('Ctrl Pts',(-43.3442009811208,0.,35.4110497196304));
#10768=CARTESIAN_POINT('Ctrl Pts',(-43.3442009811208,0.2,35.4110497196304));
#10769=CARTESIAN_POINT('Ctrl Pts',(-43.3444152787577,0.,35.3352881775437));
#10770=CARTESIAN_POINT('Ctrl Pts',(-43.3444152787577,0.2,35.3352881775437));
#10771=CARTESIAN_POINT('Ctrl Pts',(-43.3445460451499,0.,35.2890577866163));
#10772=CARTESIAN_POINT('Ctrl Pts',(-43.3445460451499,0.2,35.2890577866163));
#10773=CARTESIAN_POINT('',(-43.3568246019736,0.,35.5155244423475));
#10774=CARTESIAN_POINT('Ctrl Pts',(-43.3568246019736,0.,35.5155244423475));
#10775=CARTESIAN_POINT('Ctrl Pts',(-43.3532840898632,0.,35.4862227051255));
#10776=CARTESIAN_POINT('Ctrl Pts',(-43.3442009811208,0.,35.4110497196304));
#10777=CARTESIAN_POINT('Ctrl Pts',(-43.3444152787577,0.,35.3352881775437));
#10778=CARTESIAN_POINT('Ctrl Pts',(-43.3445460451499,0.,35.2890577866163));
#10779=CARTESIAN_POINT('',(-43.3568246019736,0.2,35.5155244423475));
#10780=CARTESIAN_POINT('',(-43.3568246019736,0.,35.5155244423475));
#10781=CARTESIAN_POINT('Ctrl Pts',(-43.3568246019736,0.2,35.5155244423475));
#10782=CARTESIAN_POINT('Ctrl Pts',(-43.3532840898632,0.2,35.4862227051255));
#10783=CARTESIAN_POINT('Ctrl Pts',(-43.3442009811208,0.2,35.4110497196304));
#10784=CARTESIAN_POINT('Ctrl Pts',(-43.3444152787577,0.2,35.3352881775437));
#10785=CARTESIAN_POINT('Ctrl Pts',(-43.3445460451499,0.2,35.2890577866163));
#10786=CARTESIAN_POINT('Ctrl Pts',(-43.4332228554145,0.,35.6826458825197));
#10787=CARTESIAN_POINT('Ctrl Pts',(-43.4332228554145,0.2,35.6826458825197));
#10788=CARTESIAN_POINT('Ctrl Pts',(-43.4162433364989,0.,35.6583959741932));
#10789=CARTESIAN_POINT('Ctrl Pts',(-43.4162433364989,0.2,35.6583959741932));
#10790=CARTESIAN_POINT('Ctrl Pts',(-43.3805590922783,0.,35.6074322422202));
#10791=CARTESIAN_POINT('Ctrl Pts',(-43.3805590922783,0.2,35.6074322422202));
#10792=CARTESIAN_POINT('Ctrl Pts',(-43.364987049714,0.,35.5471321408385));
#10793=CARTESIAN_POINT('Ctrl Pts',(-43.364987049714,0.2,35.5471321408385));
#10794=CARTESIAN_POINT('Ctrl Pts',(-43.3568246019736,0.,35.5155244423475));
#10795=CARTESIAN_POINT('Ctrl Pts',(-43.3568246019736,0.2,35.5155244423475));
#10796=CARTESIAN_POINT('',(-43.4332228554145,0.,35.6826458825197));
#10797=CARTESIAN_POINT('Ctrl Pts',(-43.4332228554145,0.,35.6826458825197));
#10798=CARTESIAN_POINT('Ctrl Pts',(-43.4162433364989,0.,35.6583959741932));
#10799=CARTESIAN_POINT('Ctrl Pts',(-43.3805590922783,0.,35.6074322422202));
#10800=CARTESIAN_POINT('Ctrl Pts',(-43.364987049714,0.,35.5471321408385));
#10801=CARTESIAN_POINT('Ctrl Pts',(-43.3568246019736,0.,35.5155244423475));
#10802=CARTESIAN_POINT('',(-43.4332228554145,0.2,35.6826458825197));
#10803=CARTESIAN_POINT('',(-43.4332228554145,0.,35.6826458825197));
#10804=CARTESIAN_POINT('Ctrl Pts',(-43.4332228554145,0.2,35.6826458825197));
#10805=CARTESIAN_POINT('Ctrl Pts',(-43.4162433364989,0.2,35.6583959741932));
#10806=CARTESIAN_POINT('Ctrl Pts',(-43.3805590922783,0.2,35.6074322422202));
#10807=CARTESIAN_POINT('Ctrl Pts',(-43.364987049714,0.2,35.5471321408385));
#10808=CARTESIAN_POINT('Ctrl Pts',(-43.3568246019736,0.2,35.5155244423475));
#10809=CARTESIAN_POINT('Ctrl Pts',(-43.6037547243491,0.,35.7924684835996));
#10810=CARTESIAN_POINT('Ctrl Pts',(-43.6037547243491,0.2,35.7924684835996));
#10811=CARTESIAN_POINT('Ctrl Pts',(-43.5687637053218,0.,35.7782365374734));
#10812=CARTESIAN_POINT('Ctrl Pts',(-43.5687637053218,0.2,35.7782365374734));
#10813=CARTESIAN_POINT('Ctrl Pts',(-43.5048877865616,0.,35.752256195665));
#10814=CARTESIAN_POINT('Ctrl Pts',(-43.5048877865616,0.2,35.752256195665));
#10815=CARTESIAN_POINT('Ctrl Pts',(-43.45553868212,0.,35.7043219193232));
#10816=CARTESIAN_POINT('Ctrl Pts',(-43.45553868212,0.2,35.7043219193232));
#10817=CARTESIAN_POINT('Ctrl Pts',(-43.4332228554145,0.,35.6826458825197));
#10818=CARTESIAN_POINT('Ctrl Pts',(-43.4332228554145,0.2,35.6826458825197));
#10819=CARTESIAN_POINT('',(-43.6037547243491,0.,35.7924684835996));
#10820=CARTESIAN_POINT('Ctrl Pts',(-43.6037547243491,0.,35.7924684835996));
#10821=CARTESIAN_POINT('Ctrl Pts',(-43.5687637053218,0.,35.7782365374734));
#10822=CARTESIAN_POINT('Ctrl Pts',(-43.5048877865616,0.,35.752256195665));
#10823=CARTESIAN_POINT('Ctrl Pts',(-43.45553868212,0.,35.7043219193232));
#10824=CARTESIAN_POINT('Ctrl Pts',(-43.4332228554145,0.,35.6826458825197));
#10825=CARTESIAN_POINT('',(-43.6037547243491,0.2,35.7924684835996));
#10826=CARTESIAN_POINT('',(-43.6037547243491,0.,35.7924684835996));
#10827=CARTESIAN_POINT('Ctrl Pts',(-43.6037547243491,0.2,35.7924684835996));
#10828=CARTESIAN_POINT('Ctrl Pts',(-43.5687637053218,0.2,35.7782365374734));
#10829=CARTESIAN_POINT('Ctrl Pts',(-43.5048877865616,0.2,35.752256195665));
#10830=CARTESIAN_POINT('Ctrl Pts',(-43.45553868212,0.2,35.7043219193232));
#10831=CARTESIAN_POINT('Ctrl Pts',(-43.4332228554145,0.2,35.6826458825197));
#10832=CARTESIAN_POINT('Ctrl Pts',(-43.9052552832023,0.,35.8361247135724));
#10833=CARTESIAN_POINT('Ctrl Pts',(-43.9052552832023,0.2,35.8361247135724));
#10834=CARTESIAN_POINT('Ctrl Pts',(-43.8487932383445,0.,35.8351739467066));
#10835=CARTESIAN_POINT('Ctrl Pts',(-43.8487932383445,0.2,35.8351739467066));
#10836=CARTESIAN_POINT('Ctrl Pts',(-43.7463178981508,0.,35.8334483599294));
#10837=CARTESIAN_POINT('Ctrl Pts',(-43.7463178981508,0.2,35.8334483599294));
#10838=CARTESIAN_POINT('Ctrl Pts',(-43.6479318520921,0.,35.8051672274844));
#10839=CARTESIAN_POINT('Ctrl Pts',(-43.6479318520921,0.2,35.8051672274844));
#10840=CARTESIAN_POINT('Ctrl Pts',(-43.6037547243491,0.,35.7924684835996));
#10841=CARTESIAN_POINT('Ctrl Pts',(-43.6037547243491,0.2,35.7924684835996));
#10842=CARTESIAN_POINT('',(-43.9052552832023,0.,35.8361247135724));
#10843=CARTESIAN_POINT('Ctrl Pts',(-43.9052552832023,0.,35.8361247135724));
#10844=CARTESIAN_POINT('Ctrl Pts',(-43.8487932383445,0.,35.8351739467066));
#10845=CARTESIAN_POINT('Ctrl Pts',(-43.7463178981508,0.,35.8334483599294));
#10846=CARTESIAN_POINT('Ctrl Pts',(-43.6479318520921,0.,35.8051672274844));
#10847=CARTESIAN_POINT('Ctrl Pts',(-43.6037547243491,0.,35.7924684835996));
#10848=CARTESIAN_POINT('',(-43.9052552832023,0.2,35.8361247135724));
#10849=CARTESIAN_POINT('',(-43.9052552832023,0.,35.8361247135724));
#10850=CARTESIAN_POINT('Ctrl Pts',(-43.9052552832023,0.2,35.8361247135724));
#10851=CARTESIAN_POINT('Ctrl Pts',(-43.8487932383445,0.2,35.8351739467066));
#10852=CARTESIAN_POINT('Ctrl Pts',(-43.7463178981508,0.2,35.8334483599294));
#10853=CARTESIAN_POINT('Ctrl Pts',(-43.6479318520921,0.2,35.8051672274844));
#10854=CARTESIAN_POINT('Ctrl Pts',(-43.6037547243491,0.2,35.7924684835996));
#10855=CARTESIAN_POINT('Ctrl Pts',(-44.2340410602943,0.,35.7849650038804));
#10856=CARTESIAN_POINT('Ctrl Pts',(-44.2340410602943,0.2,35.7849650038804));
#10857=CARTESIAN_POINT('Ctrl Pts',(-44.1833351370816,0.,35.7998745092873));
#10858=CARTESIAN_POINT('Ctrl Pts',(-44.1833351370816,0.2,35.7998745092873));
#10859=CARTESIAN_POINT('Ctrl Pts',(-44.0760645683379,0.,35.8314162113875));
#10860=CARTESIAN_POINT('Ctrl Pts',(-44.0760645683379,0.2,35.8314162113875));
#10861=CARTESIAN_POINT('Ctrl Pts',(-43.964227749591,0.,35.834499087737));
#10862=CARTESIAN_POINT('Ctrl Pts',(-43.964227749591,0.2,35.834499087737));
#10863=CARTESIAN_POINT('Ctrl Pts',(-43.9052552832023,0.,35.8361247135724));
#10864=CARTESIAN_POINT('Ctrl Pts',(-43.9052552832023,0.2,35.8361247135724));
#10865=CARTESIAN_POINT('',(-44.2340410602943,0.,35.7849650038804));
#10866=CARTESIAN_POINT('Ctrl Pts',(-44.2340410602943,0.,35.7849650038804));
#10867=CARTESIAN_POINT('Ctrl Pts',(-44.1833351370816,0.,35.7998745092873));
#10868=CARTESIAN_POINT('Ctrl Pts',(-44.0760645683379,0.,35.8314162113875));
#10869=CARTESIAN_POINT('Ctrl Pts',(-43.964227749591,0.,35.834499087737));
#10870=CARTESIAN_POINT('Ctrl Pts',(-43.9052552832023,0.,35.8361247135724));
#10871=CARTESIAN_POINT('',(-44.2340410602943,0.2,35.7849650038804));
#10872=CARTESIAN_POINT('',(-44.2340410602943,0.,35.7849650038804));
#10873=CARTESIAN_POINT('Ctrl Pts',(-44.2340410602943,0.2,35.7849650038804));
#10874=CARTESIAN_POINT('Ctrl Pts',(-44.1833351370816,0.2,35.7998745092873));
#10875=CARTESIAN_POINT('Ctrl Pts',(-44.0760645683379,0.2,35.8314162113875));
#10876=CARTESIAN_POINT('Ctrl Pts',(-43.964227749591,0.2,35.834499087737));
#10877=CARTESIAN_POINT('Ctrl Pts',(-43.9052552832023,0.2,35.8361247135724));
#10878=CARTESIAN_POINT('Ctrl Pts',(-44.4509578598396,0.,35.6389896525468));
#10879=CARTESIAN_POINT('Ctrl Pts',(-44.4509578598396,0.2,35.6389896525468));
#10880=CARTESIAN_POINT('Ctrl Pts',(-44.4219166185728,0.,35.6692064864109));
#10881=CARTESIAN_POINT('Ctrl Pts',(-44.4219166185728,0.2,35.6692064864109));
#10882=CARTESIAN_POINT('Ctrl Pts',(-44.3602389908742,0.,35.7333808311705));
#10883=CARTESIAN_POINT('Ctrl Pts',(-44.3602389908742,0.2,35.7333808311705));
#10884=CARTESIAN_POINT('Ctrl Pts',(-44.2777105453361,0.,35.7671148359086));
#10885=CARTESIAN_POINT('Ctrl Pts',(-44.2777105453361,0.2,35.7671148359086));
#10886=CARTESIAN_POINT('Ctrl Pts',(-44.2340410602943,0.,35.7849650038804));
#10887=CARTESIAN_POINT('Ctrl Pts',(-44.2340410602943,0.2,35.7849650038804));
#10888=CARTESIAN_POINT('',(-44.4509578598396,0.,35.6389896525468));
#10889=CARTESIAN_POINT('Ctrl Pts',(-44.4509578598396,0.,35.6389896525468));
#10890=CARTESIAN_POINT('Ctrl Pts',(-44.4219166185728,0.,35.6692064864109));
#10891=CARTESIAN_POINT('Ctrl Pts',(-44.3602389908742,0.,35.7333808311705));
#10892=CARTESIAN_POINT('Ctrl Pts',(-44.2777105453361,0.,35.7671148359086));
#10893=CARTESIAN_POINT('Ctrl Pts',(-44.2340410602943,0.,35.7849650038804));
#10894=CARTESIAN_POINT('',(-44.4509578598396,0.2,35.6389896525468));
#10895=CARTESIAN_POINT('',(-44.4509578598396,0.,35.6389896525468));
#10896=CARTESIAN_POINT('Ctrl Pts',(-44.4509578598396,0.2,35.6389896525468));
#10897=CARTESIAN_POINT('Ctrl Pts',(-44.4219166185728,0.2,35.6692064864109));
#10898=CARTESIAN_POINT('Ctrl Pts',(-44.3602389908742,0.2,35.7333808311705));
#10899=CARTESIAN_POINT('Ctrl Pts',(-44.2777105453361,0.2,35.7671148359086));
#10900=CARTESIAN_POINT('Ctrl Pts',(-44.2340410602943,0.2,35.7849650038804));
#10901=CARTESIAN_POINT('Ctrl Pts',(-44.558734382476,0.,35.3900128556814));
#10902=CARTESIAN_POINT('Ctrl Pts',(-44.558734382476,0.2,35.3900128556814));
#10903=CARTESIAN_POINT('Ctrl Pts',(-44.5470229504333,0.,35.4376605786619));
#10904=CARTESIAN_POINT('Ctrl Pts',(-44.5470229504333,0.2,35.4376605786619));
#10905=CARTESIAN_POINT('Ctrl Pts',(-44.5251016396596,0.,35.5268469855258));
#10906=CARTESIAN_POINT('Ctrl Pts',(-44.5251016396596,0.2,35.5268469855258));
#10907=CARTESIAN_POINT('Ctrl Pts',(-44.4745174918448,0.,35.6033556455739));
#10908=CARTESIAN_POINT('Ctrl Pts',(-44.4745174918448,0.2,35.6033556455739));
#10909=CARTESIAN_POINT('Ctrl Pts',(-44.4509578598396,0.,35.6389896525468));
#10910=CARTESIAN_POINT('Ctrl Pts',(-44.4509578598396,0.2,35.6389896525468));
#10911=CARTESIAN_POINT('',(-44.558734382476,0.,35.3900128556814));
#10912=CARTESIAN_POINT('Ctrl Pts',(-44.558734382476,0.,35.3900128556814));
#10913=CARTESIAN_POINT('Ctrl Pts',(-44.5470229504333,0.,35.4376605786619));
#10914=CARTESIAN_POINT('Ctrl Pts',(-44.5251016396596,0.,35.5268469855258));
#10915=CARTESIAN_POINT('Ctrl Pts',(-44.4745174918448,0.,35.6033556455739));
#10916=CARTESIAN_POINT('Ctrl Pts',(-44.4509578598396,0.,35.6389896525468));
#10917=CARTESIAN_POINT('',(-44.558734382476,0.2,35.3900128556814));
#10918=CARTESIAN_POINT('',(-44.558734382476,0.,35.3900128556814));
#10919=CARTESIAN_POINT('Ctrl Pts',(-44.558734382476,0.2,35.3900128556814));
#10920=CARTESIAN_POINT('Ctrl Pts',(-44.5470229504333,0.2,35.4376605786619));
#10921=CARTESIAN_POINT('Ctrl Pts',(-44.5251016396596,0.2,35.5268469855258));
#10922=CARTESIAN_POINT('Ctrl Pts',(-44.4745174918448,0.2,35.6033556455739));
#10923=CARTESIAN_POINT('Ctrl Pts',(-44.4509578598396,0.2,35.6389896525468));
#10924=CARTESIAN_POINT('Origin',(-44.3186254156486,0.,35.3572706832017));
#10925=CARTESIAN_POINT('',(-44.3186254156486,0.,35.3572706832017));
#10926=CARTESIAN_POINT('',(-35.0177830134874,0.,34.0889724177882));
#10927=CARTESIAN_POINT('',(-44.3186254156486,0.2,35.3572706832017));
#10928=CARTESIAN_POINT('',(-44.3186254156486,0.,35.3572706832017));
#10929=CARTESIAN_POINT('',(-44.3186254156486,0.2,35.3572706832017));
#10930=CARTESIAN_POINT('Ctrl Pts',(-44.1965241087333,0.,35.5721411062803));
#10931=CARTESIAN_POINT('Ctrl Pts',(-44.1965241087333,0.2,35.5721411062803));
#10932=CARTESIAN_POINT('Ctrl Pts',(-44.2228151691117,0.,35.5455218535277));
#10933=CARTESIAN_POINT('Ctrl Pts',(-44.2228151691117,0.2,35.5455218535277));
#10934=CARTESIAN_POINT('Ctrl Pts',(-44.2824325521148,0.,35.4851602643119));
#10935=CARTESIAN_POINT('Ctrl Pts',(-44.2824325521148,0.2,35.4851602643119));
#10936=CARTESIAN_POINT('Ctrl Pts',(-44.3056479360151,0.,35.4031273596881));
#10937=CARTESIAN_POINT('Ctrl Pts',(-44.3056479360151,0.2,35.4031273596881));
#10938=CARTESIAN_POINT('Ctrl Pts',(-44.3186254156486,0.,35.3572706832017));
#10939=CARTESIAN_POINT('Ctrl Pts',(-44.3186254156486,0.2,35.3572706832017));
#10940=CARTESIAN_POINT('',(-44.1965241087333,0.,35.5721411062803));
#10941=CARTESIAN_POINT('Ctrl Pts',(-44.1965241087333,0.,35.5721411062803));
#10942=CARTESIAN_POINT('Ctrl Pts',(-44.2228151691117,0.,35.5455218535277));
#10943=CARTESIAN_POINT('Ctrl Pts',(-44.2824325521148,0.,35.4851602643119));
#10944=CARTESIAN_POINT('Ctrl Pts',(-44.3056479360151,0.,35.4031273596881));
#10945=CARTESIAN_POINT('Ctrl Pts',(-44.3186254156486,0.,35.3572706832017));
#10946=CARTESIAN_POINT('',(-44.1965241087333,0.2,35.5721411062803));
#10947=CARTESIAN_POINT('',(-44.1965241087333,0.,35.5721411062803));
#10948=CARTESIAN_POINT('Ctrl Pts',(-44.1965241087333,0.2,35.5721411062803));
#10949=CARTESIAN_POINT('Ctrl Pts',(-44.2228151691117,0.2,35.5455218535277));
#10950=CARTESIAN_POINT('Ctrl Pts',(-44.2824325521148,0.2,35.4851602643119));
#10951=CARTESIAN_POINT('Ctrl Pts',(-44.3056479360151,0.2,35.4031273596881));
#10952=CARTESIAN_POINT('Ctrl Pts',(-44.3186254156486,0.2,35.3572706832017));
#10953=CARTESIAN_POINT('Ctrl Pts',(-43.9407260073081,0.,35.6328505231466));
#10954=CARTESIAN_POINT('Ctrl Pts',(-43.9407260073081,0.2,35.6328505231466));
#10955=CARTESIAN_POINT('Ctrl Pts',(-43.9920275133036,0.,35.6320519569928));
#10956=CARTESIAN_POINT('Ctrl Pts',(-43.9920275133036,0.2,35.6320519569928));
#10957=CARTESIAN_POINT('Ctrl Pts',(-44.082191389109,0.,35.6306484539551));
#10958=CARTESIAN_POINT('Ctrl Pts',(-44.082191389109,0.2,35.6306484539551));
#10959=CARTESIAN_POINT('Ctrl Pts',(-44.1620873907599,0.,35.5897633673256));
#10960=CARTESIAN_POINT('Ctrl Pts',(-44.1620873907599,0.2,35.5897633673256));
#10961=CARTESIAN_POINT('Ctrl Pts',(-44.1965241087333,0.,35.5721411062803));
#10962=CARTESIAN_POINT('Ctrl Pts',(-44.1965241087333,0.2,35.5721411062803));
#10963=CARTESIAN_POINT('',(-43.9407260073081,0.,35.6328505231466));
#10964=CARTESIAN_POINT('Ctrl Pts',(-43.9407260073081,0.,35.6328505231466));
#10965=CARTESIAN_POINT('Ctrl Pts',(-43.9920275133036,0.,35.6320519569928));
#10966=CARTESIAN_POINT('Ctrl Pts',(-44.082191389109,0.,35.6306484539551));
#10967=CARTESIAN_POINT('Ctrl Pts',(-44.1620873907599,0.,35.5897633673256));
#10968=CARTESIAN_POINT('Ctrl Pts',(-44.1965241087333,0.,35.5721411062803));
#10969=CARTESIAN_POINT('',(-43.9407260073081,0.2,35.6328505231466));
#10970=CARTESIAN_POINT('',(-43.9407260073081,0.,35.6328505231466));
#10971=CARTESIAN_POINT('Ctrl Pts',(-43.9407260073081,0.2,35.6328505231466));
#10972=CARTESIAN_POINT('Ctrl Pts',(-43.9920275133036,0.2,35.6320519569928));
#10973=CARTESIAN_POINT('Ctrl Pts',(-44.082191389109,0.2,35.6306484539551));
#10974=CARTESIAN_POINT('Ctrl Pts',(-44.1620873907599,0.2,35.5897633673256));
#10975=CARTESIAN_POINT('Ctrl Pts',(-44.1965241087333,0.2,35.5721411062803));
#10976=CARTESIAN_POINT('Ctrl Pts',(-43.6610538614646,0.,35.5496308161344));
#10977=CARTESIAN_POINT('Ctrl Pts',(-43.6610538614646,0.2,35.5496308161344));
#10978=CARTESIAN_POINT('Ctrl Pts',(-43.6989656705488,0.,35.5738328343839));
#10979=CARTESIAN_POINT('Ctrl Pts',(-43.6989656705488,0.2,35.5738328343839));
#10980=CARTESIAN_POINT('Ctrl Pts',(-43.7837726699986,0.,35.6279716528139));
#10981=CARTESIAN_POINT('Ctrl Pts',(-43.7837726699986,0.2,35.6279716528139));
#10982=CARTESIAN_POINT('Ctrl Pts',(-43.8848396424576,0.,35.631113304097));
#10983=CARTESIAN_POINT('Ctrl Pts',(-43.8848396424576,0.2,35.631113304097));
#10984=CARTESIAN_POINT('Ctrl Pts',(-43.9407260073081,0.,35.6328505231466));
#10985=CARTESIAN_POINT('Ctrl Pts',(-43.9407260073081,0.2,35.6328505231466));
#10986=CARTESIAN_POINT('',(-43.6610538614646,0.,35.5496308161344));
#10987=CARTESIAN_POINT('Ctrl Pts',(-43.6610538614646,0.,35.5496308161344));
#10988=CARTESIAN_POINT('Ctrl Pts',(-43.6989656705488,0.,35.5738328343839));
#10989=CARTESIAN_POINT('Ctrl Pts',(-43.7837726699986,0.,35.6279716528139));
#10990=CARTESIAN_POINT('Ctrl Pts',(-43.8848396424576,0.,35.631113304097));
#10991=CARTESIAN_POINT('Ctrl Pts',(-43.9407260073081,0.,35.6328505231466));
#10992=CARTESIAN_POINT('',(-43.6610538614646,0.2,35.5496308161344));
#10993=CARTESIAN_POINT('',(-43.6610538614646,0.,35.5496308161344));
#10994=CARTESIAN_POINT('Ctrl Pts',(-43.6610538614646,0.2,35.5496308161344));
#10995=CARTESIAN_POINT('Ctrl Pts',(-43.6989656705488,0.2,35.5738328343839));
#10996=CARTESIAN_POINT('Ctrl Pts',(-43.7837726699986,0.2,35.6279716528139));
#10997=CARTESIAN_POINT('Ctrl Pts',(-43.8848396424576,0.2,35.631113304097));
#10998=CARTESIAN_POINT('Ctrl Pts',(-43.9407260073081,0.2,35.6328505231466));
#10999=CARTESIAN_POINT('Ctrl Pts',(-43.5914761675254,0.,35.3381711198415));
#11000=CARTESIAN_POINT('Ctrl Pts',(-43.5914761675254,0.2,35.3381711198415));
#11001=CARTESIAN_POINT('Ctrl Pts',(-43.5924558823435,0.,35.382545024952));
#11002=CARTESIAN_POINT('Ctrl Pts',(-43.5924558823435,0.2,35.382545024952));
#11003=CARTESIAN_POINT('Ctrl Pts',(-43.5941833550871,0.,35.4607868869625));
#11004=CARTESIAN_POINT('Ctrl Pts',(-43.5941833550871,0.2,35.4607868869625));
#11005=CARTESIAN_POINT('Ctrl Pts',(-43.6408525316446,0.,35.5227913974888));
#11006=CARTESIAN_POINT('Ctrl Pts',(-43.6408525316446,0.2,35.5227913974888));
#11007=CARTESIAN_POINT('Ctrl Pts',(-43.6610538614646,0.,35.5496308161344));
#11008=CARTESIAN_POINT('Ctrl Pts',(-43.6610538614646,0.2,35.5496308161344));
#11009=CARTESIAN_POINT('',(-43.5914761675254,0.,35.3381711198415));
#11010=CARTESIAN_POINT('Ctrl Pts',(-43.5914761675254,0.,35.3381711198415));
#11011=CARTESIAN_POINT('Ctrl Pts',(-43.5924558823435,0.,35.382545024952));
#11012=CARTESIAN_POINT('Ctrl Pts',(-43.5941833550871,0.,35.4607868869625));
#11013=CARTESIAN_POINT('Ctrl Pts',(-43.6408525316446,0.,35.5227913974888));
#11014=CARTESIAN_POINT('Ctrl Pts',(-43.6610538614646,0.,35.5496308161344));
#11015=CARTESIAN_POINT('',(-43.5914761675254,0.2,35.3381711198415));
#11016=CARTESIAN_POINT('',(-43.5914761675254,0.,35.3381711198415));
#11017=CARTESIAN_POINT('Ctrl Pts',(-43.5914761675254,0.2,35.3381711198415));
#11018=CARTESIAN_POINT('Ctrl Pts',(-43.5924558823435,0.2,35.382545024952));
#11019=CARTESIAN_POINT('Ctrl Pts',(-43.5941833550871,0.2,35.4607868869625));
#11020=CARTESIAN_POINT('Ctrl Pts',(-43.6408525316446,0.2,35.5227913974888));
#11021=CARTESIAN_POINT('Ctrl Pts',(-43.6610538614646,0.2,35.5496308161344));
#11022=CARTESIAN_POINT('Ctrl Pts',(-43.5928405178443,0.,35.2740511252012));
#11023=CARTESIAN_POINT('Ctrl Pts',(-43.5928405178443,0.2,35.2740511252012));
#11024=CARTESIAN_POINT('Ctrl Pts',(-43.5924556582815,0.,35.2878065122361));
#11025=CARTESIAN_POINT('Ctrl Pts',(-43.5924556582815,0.2,35.2878065122361));
#11026=CARTESIAN_POINT('Ctrl Pts',(-43.5918577371156,0.,35.3091770012355));
#11027=CARTESIAN_POINT('Ctrl Pts',(-43.5918577371156,0.2,35.3091770012355));
#11028=CARTESIAN_POINT('Ctrl Pts',(-43.591576413587,0.,35.3305537774927));
#11029=CARTESIAN_POINT('Ctrl Pts',(-43.591576413587,0.2,35.3305537774927));
#11030=CARTESIAN_POINT('Ctrl Pts',(-43.5914761675254,0.,35.3381711198415));
#11031=CARTESIAN_POINT('Ctrl Pts',(-43.5914761675254,0.2,35.3381711198415));
#11032=CARTESIAN_POINT('',(-43.5928405178443,0.,35.2740511252012));
#11033=CARTESIAN_POINT('Ctrl Pts',(-43.5928405178443,0.,35.2740511252012));
#11034=CARTESIAN_POINT('Ctrl Pts',(-43.5924556582815,0.,35.2878065122361));
#11035=CARTESIAN_POINT('Ctrl Pts',(-43.5918577371156,0.,35.3091770012355));
#11036=CARTESIAN_POINT('Ctrl Pts',(-43.591576413587,0.,35.3305537774927));
#11037=CARTESIAN_POINT('Ctrl Pts',(-43.5914761675254,0.,35.3381711198415));
#11038=CARTESIAN_POINT('',(-43.5928405178443,0.2,35.2740511252012));
#11039=CARTESIAN_POINT('',(-43.5928405178443,0.,35.2740511252012));
#11040=CARTESIAN_POINT('Ctrl Pts',(-43.5928405178443,0.2,35.2740511252012));
#11041=CARTESIAN_POINT('Ctrl Pts',(-43.5924556582815,0.2,35.2878065122361));
#11042=CARTESIAN_POINT('Ctrl Pts',(-43.5918577371156,0.2,35.3091770012355));
#11043=CARTESIAN_POINT('Ctrl Pts',(-43.591576413587,0.2,35.3305537774927));
#11044=CARTESIAN_POINT('Ctrl Pts',(-43.5914761675254,0.2,35.3381711198415));
#11045=CARTESIAN_POINT('Ctrl Pts',(-44.0307671678916,0.,35.1894670678701));
#11046=CARTESIAN_POINT('Ctrl Pts',(-44.0307671678916,0.2,35.1894670678701));
#11047=CARTESIAN_POINT('Ctrl Pts',(-43.9442042549484,0.,35.1999464167741));
#11048=CARTESIAN_POINT('Ctrl Pts',(-43.9442042549484,0.2,35.1999464167741));
#11049=CARTESIAN_POINT('Ctrl Pts',(-43.7961547278983,0.,35.2178693654859));
#11050=CARTESIAN_POINT('Ctrl Pts',(-43.7961547278983,0.2,35.2178693654859));
#11051=CARTESIAN_POINT('Ctrl Pts',(-43.6525013587237,0.,35.2575650614587));
#11052=CARTESIAN_POINT('Ctrl Pts',(-43.6525013587237,0.2,35.2575650614587));
#11053=CARTESIAN_POINT('Ctrl Pts',(-43.5928405178443,0.,35.2740511252012));
#11054=CARTESIAN_POINT('Ctrl Pts',(-43.5928405178443,0.2,35.2740511252012));
#11055=CARTESIAN_POINT('',(-44.0307671678916,0.,35.1894670678701));
#11056=CARTESIAN_POINT('Ctrl Pts',(-44.0307671678916,0.,35.1894670678701));
#11057=CARTESIAN_POINT('Ctrl Pts',(-43.9442042549484,0.,35.1999464167741));
#11058=CARTESIAN_POINT('Ctrl Pts',(-43.7961547278983,0.,35.2178693654859));
#11059=CARTESIAN_POINT('Ctrl Pts',(-43.6525013587237,0.,35.2575650614587));
#11060=CARTESIAN_POINT('Ctrl Pts',(-43.5928405178443,0.,35.2740511252012));
#11061=CARTESIAN_POINT('',(-44.0307671678916,0.2,35.1894670678701));
#11062=CARTESIAN_POINT('',(-44.0307671678916,0.,35.1894670678701));
#11063=CARTESIAN_POINT('Ctrl Pts',(-44.0307671678916,0.2,35.1894670678701));
#11064=CARTESIAN_POINT('Ctrl Pts',(-43.9442042549484,0.2,35.1999464167741));
#11065=CARTESIAN_POINT('Ctrl Pts',(-43.7961547278983,0.2,35.2178693654859));
#11066=CARTESIAN_POINT('Ctrl Pts',(-43.6525013587237,0.2,35.2575650614587));
#11067=CARTESIAN_POINT('Ctrl Pts',(-43.5928405178443,0.2,35.2740511252012));
#11068=CARTESIAN_POINT('Ctrl Pts',(-44.2490483177558,0.,35.1526322914686));
#11069=CARTESIAN_POINT('Ctrl Pts',(-44.2490483177558,0.2,35.1526322914686));
#11070=CARTESIAN_POINT('Ctrl Pts',(-44.2188772014756,0.,35.1592866819883));
#11071=CARTESIAN_POINT('Ctrl Pts',(-44.2188772014756,0.2,35.1592866819883));
#11072=CARTESIAN_POINT('Ctrl Pts',(-44.1467486634251,0.,35.1751949916227));
#11073=CARTESIAN_POINT('Ctrl Pts',(-44.1467486634251,0.2,35.1751949916227));
#11074=CARTESIAN_POINT('Ctrl Pts',(-44.0734217113016,0.,35.1842182228449));
#11075=CARTESIAN_POINT('Ctrl Pts',(-44.0734217113016,0.2,35.1842182228449));
#11076=CARTESIAN_POINT('Ctrl Pts',(-44.0307671678916,0.,35.1894670678701));
#11077=CARTESIAN_POINT('Ctrl Pts',(-44.0307671678916,0.2,35.1894670678701));
#11078=CARTESIAN_POINT('',(-44.2490483177558,0.,35.1526322914686));
#11079=CARTESIAN_POINT('Ctrl Pts',(-44.2490483177558,0.,35.1526322914686));
#11080=CARTESIAN_POINT('Ctrl Pts',(-44.2188772014756,0.,35.1592866819883));
#11081=CARTESIAN_POINT('Ctrl Pts',(-44.1467486634251,0.,35.1751949916227));
#11082=CARTESIAN_POINT('Ctrl Pts',(-44.0734217113016,0.,35.1842182228449));
#11083=CARTESIAN_POINT('Ctrl Pts',(-44.0307671678916,0.,35.1894670678701));
#11084=CARTESIAN_POINT('',(-44.2490483177558,0.2,35.1526322914686));
#11085=CARTESIAN_POINT('',(-44.2490483177558,0.,35.1526322914686));
#11086=CARTESIAN_POINT('Ctrl Pts',(-44.2490483177558,0.2,35.1526322914686));
#11087=CARTESIAN_POINT('Ctrl Pts',(-44.2188772014756,0.2,35.1592866819883));
#11088=CARTESIAN_POINT('Ctrl Pts',(-44.1467486634251,0.2,35.1751949916227));
#11089=CARTESIAN_POINT('Ctrl Pts',(-44.0734217113016,0.2,35.1842182228449));
#11090=CARTESIAN_POINT('Ctrl Pts',(-44.0307671678916,0.2,35.1894670678701));
#11091=CARTESIAN_POINT('Ctrl Pts',(-44.4257194651023,0.,35.072140987071));
#11092=CARTESIAN_POINT('Ctrl Pts',(-44.4257194651023,0.2,35.072140987071));
#11093=CARTESIAN_POINT('Ctrl Pts',(-44.3984535485222,0.,35.0888768940401));
#11094=CARTESIAN_POINT('Ctrl Pts',(-44.3984535485222,0.2,35.0888768940401));
#11095=CARTESIAN_POINT('Ctrl Pts',(-44.3428906660744,0.,35.122981569335));
#11096=CARTESIAN_POINT('Ctrl Pts',(-44.3428906660744,0.2,35.122981569335));
#11097=CARTESIAN_POINT('Ctrl Pts',(-44.2807136949375,0.,35.1426271997707));
#11098=CARTESIAN_POINT('Ctrl Pts',(-44.2807136949375,0.2,35.1426271997707));
#11099=CARTESIAN_POINT('Ctrl Pts',(-44.2490483177558,0.,35.1526322914686));
#11100=CARTESIAN_POINT('Ctrl Pts',(-44.2490483177558,0.2,35.1526322914686));
#11101=CARTESIAN_POINT('',(-44.4257194651023,0.,35.072140987071));
#11102=CARTESIAN_POINT('Ctrl Pts',(-44.4257194651023,0.,35.072140987071));
#11103=CARTESIAN_POINT('Ctrl Pts',(-44.3984535485222,0.,35.0888768940401));
#11104=CARTESIAN_POINT('Ctrl Pts',(-44.3428906660744,0.,35.122981569335));
#11105=CARTESIAN_POINT('Ctrl Pts',(-44.2807136949375,0.,35.1426271997707));
#11106=CARTESIAN_POINT('Ctrl Pts',(-44.2490483177558,0.,35.1526322914686));
#11107=CARTESIAN_POINT('',(-44.4257194651023,0.2,35.072140987071));
#11108=CARTESIAN_POINT('',(-44.4257194651023,0.,35.072140987071));
#11109=CARTESIAN_POINT('Ctrl Pts',(-44.4257194651023,0.2,35.072140987071));
#11110=CARTESIAN_POINT('Ctrl Pts',(-44.3984535485222,0.2,35.0888768940401));
#11111=CARTESIAN_POINT('Ctrl Pts',(-44.3428906660744,0.2,35.122981569335));
#11112=CARTESIAN_POINT('Ctrl Pts',(-44.2807136949375,0.2,35.1426271997707));
#11113=CARTESIAN_POINT('Ctrl Pts',(-44.2490483177558,0.2,35.1526322914686));
#11114=CARTESIAN_POINT('Ctrl Pts',(-44.5525951040641,0.,34.9309405638303));
#11115=CARTESIAN_POINT('Ctrl Pts',(-44.5525951040641,0.2,34.9309405638303));
#11116=CARTESIAN_POINT('Ctrl Pts',(-44.5354036410295,0.,34.9586837726418));
#11117=CARTESIAN_POINT('Ctrl Pts',(-44.5354036410295,0.2,34.9586837726418));
#11118=CARTESIAN_POINT('Ctrl Pts',(-44.5015323407341,0.,35.0133445397283));
#11119=CARTESIAN_POINT('Ctrl Pts',(-44.5015323407341,0.2,35.0133445397283));
#11120=CARTESIAN_POINT('Ctrl Pts',(-44.4507346574193,0.,35.052740530017));
#11121=CARTESIAN_POINT('Ctrl Pts',(-44.4507346574193,0.2,35.052740530017));
#11122=CARTESIAN_POINT('Ctrl Pts',(-44.4257194651023,0.,35.072140987071));
#11123=CARTESIAN_POINT('Ctrl Pts',(-44.4257194651023,0.2,35.072140987071));
#11124=CARTESIAN_POINT('',(-44.5525951040641,0.,34.9309405638303));
#11125=CARTESIAN_POINT('Ctrl Pts',(-44.5525951040641,0.,34.9309405638303));
#11126=CARTESIAN_POINT('Ctrl Pts',(-44.5354036410295,0.,34.9586837726418));
#11127=CARTESIAN_POINT('Ctrl Pts',(-44.5015323407341,0.,35.0133445397283));
#11128=CARTESIAN_POINT('Ctrl Pts',(-44.4507346574193,0.,35.052740530017));
#11129=CARTESIAN_POINT('Ctrl Pts',(-44.4257194651023,0.,35.072140987071));
#11130=CARTESIAN_POINT('',(-44.5525951040641,0.2,34.9309405638303));
#11131=CARTESIAN_POINT('',(-44.5525951040641,0.,34.9309405638303));
#11132=CARTESIAN_POINT('Ctrl Pts',(-44.5525951040641,0.2,34.9309405638303));
#11133=CARTESIAN_POINT('Ctrl Pts',(-44.5354036410295,0.2,34.9586837726418));
#11134=CARTESIAN_POINT('Ctrl Pts',(-44.5015323407341,0.2,35.0133445397283));
#11135=CARTESIAN_POINT('Ctrl Pts',(-44.4507346574193,0.2,35.052740530017));
#11136=CARTESIAN_POINT('Ctrl Pts',(-44.4257194651023,0.2,35.072140987071));
#11137=CARTESIAN_POINT('Ctrl Pts',(-44.6010262621299,0.,34.7365340544309));
#11138=CARTESIAN_POINT('Ctrl Pts',(-44.6010262621299,0.2,34.7365340544309));
#11139=CARTESIAN_POINT('Ctrl Pts',(-44.599133115584,0.,34.7710081760161));
#11140=CARTESIAN_POINT('Ctrl Pts',(-44.599133115584,0.2,34.7710081760161));
#11141=CARTESIAN_POINT('Ctrl Pts',(-44.595403267205,0.,34.8389285632647));
#11142=CARTESIAN_POINT('Ctrl Pts',(-44.595403267205,0.2,34.8389285632647));
#11143=CARTESIAN_POINT('Ctrl Pts',(-44.5667198004593,0.,34.9005808969504));
#11144=CARTESIAN_POINT('Ctrl Pts',(-44.5667198004593,0.2,34.9005808969504));
#11145=CARTESIAN_POINT('Ctrl Pts',(-44.5525951040641,0.,34.9309405638303));
#11146=CARTESIAN_POINT('Ctrl Pts',(-44.5525951040641,0.2,34.9309405638303));
#11147=CARTESIAN_POINT('',(-44.6010262621299,0.,34.7365340544309));
#11148=CARTESIAN_POINT('Ctrl Pts',(-44.6010262621299,0.,34.7365340544309));
#11149=CARTESIAN_POINT('Ctrl Pts',(-44.599133115584,0.,34.7710081760161));
#11150=CARTESIAN_POINT('Ctrl Pts',(-44.595403267205,0.,34.8389285632647));
#11151=CARTESIAN_POINT('Ctrl Pts',(-44.5667198004593,0.,34.9005808969504));
#11152=CARTESIAN_POINT('Ctrl Pts',(-44.5525951040641,0.,34.9309405638303));
#11153=CARTESIAN_POINT('',(-44.6010262621299,0.2,34.7365340544309));
#11154=CARTESIAN_POINT('',(-44.6010262621299,0.,34.7365340544309));
#11155=CARTESIAN_POINT('Ctrl Pts',(-44.6010262621299,0.2,34.7365340544309));
#11156=CARTESIAN_POINT('Ctrl Pts',(-44.599133115584,0.2,34.7710081760161));
#11157=CARTESIAN_POINT('Ctrl Pts',(-44.595403267205,0.2,34.8389285632647));
#11158=CARTESIAN_POINT('Ctrl Pts',(-44.5667198004593,0.2,34.9005808969504));
#11159=CARTESIAN_POINT('Ctrl Pts',(-44.5525951040641,0.2,34.9309405638303));
#11160=CARTESIAN_POINT('Ctrl Pts',(-44.4727862728492,0.,34.4384439243402));
#11161=CARTESIAN_POINT('Ctrl Pts',(-44.4727862728492,0.2,34.4384439243402));
#11162=CARTESIAN_POINT('Ctrl Pts',(-44.5101877463572,0.,34.4804092443868));
#11163=CARTESIAN_POINT('Ctrl Pts',(-44.5101877463572,0.2,34.4804092443868));
#11164=CARTESIAN_POINT('Ctrl Pts',(-44.5859759289886,0.,34.5654453416732));
#11165=CARTESIAN_POINT('Ctrl Pts',(-44.5859759289886,0.2,34.5654453416732));
#11166=CARTESIAN_POINT('Ctrl Pts',(-44.5959661937416,0.,34.6790123651173));
#11167=CARTESIAN_POINT('Ctrl Pts',(-44.5959661937416,0.2,34.6790123651173));
#11168=CARTESIAN_POINT('Ctrl Pts',(-44.6010262621299,0.,34.7365340544309));
#11169=CARTESIAN_POINT('Ctrl Pts',(-44.6010262621299,0.2,34.7365340544309));
#11170=CARTESIAN_POINT('',(-44.4727862728492,0.,34.4384439243402));
#11171=CARTESIAN_POINT('Ctrl Pts',(-44.4727862728492,0.,34.4384439243402));
#11172=CARTESIAN_POINT('Ctrl Pts',(-44.5101877463572,0.,34.4804092443868));
#11173=CARTESIAN_POINT('Ctrl Pts',(-44.5859759289886,0.,34.5654453416732));
#11174=CARTESIAN_POINT('Ctrl Pts',(-44.5959661937416,0.,34.6790123651173));
#11175=CARTESIAN_POINT('Ctrl Pts',(-44.6010262621299,0.,34.7365340544309));
#11176=CARTESIAN_POINT('',(-44.4727862728492,0.2,34.4384439243402));
#11177=CARTESIAN_POINT('',(-44.4727862728492,0.,34.4384439243402));
#11178=CARTESIAN_POINT('Ctrl Pts',(-44.4727862728492,0.2,34.4384439243402));
#11179=CARTESIAN_POINT('Ctrl Pts',(-44.5101877463572,0.2,34.4804092443868));
#11180=CARTESIAN_POINT('Ctrl Pts',(-44.5859759289886,0.2,34.5654453416732));
#11181=CARTESIAN_POINT('Ctrl Pts',(-44.5959661937416,0.2,34.6790123651173));
#11182=CARTESIAN_POINT('Ctrl Pts',(-44.6010262621299,0.2,34.7365340544309));
#11183=CARTESIAN_POINT('Ctrl Pts',(-44.1058010710136,0.,34.3218001677122));
#11184=CARTESIAN_POINT('Ctrl Pts',(-44.1058010710136,0.2,34.3218001677122));
#11185=CARTESIAN_POINT('Ctrl Pts',(-44.1784643080168,0.,34.3247084273292));
#11186=CARTESIAN_POINT('Ctrl Pts',(-44.1784643080168,0.2,34.3247084273292));
#11187=CARTESIAN_POINT('Ctrl Pts',(-44.3120678036277,0.,34.3300557482992));
#11188=CARTESIAN_POINT('Ctrl Pts',(-44.3120678036277,0.2,34.3300557482992));
#11189=CARTESIAN_POINT('Ctrl Pts',(-44.4224416852435,0.,34.4044916471032));
#11190=CARTESIAN_POINT('Ctrl Pts',(-44.4224416852435,0.2,34.4044916471032));
#11191=CARTESIAN_POINT('Ctrl Pts',(-44.4727862728492,0.,34.4384439243402));
#11192=CARTESIAN_POINT('Ctrl Pts',(-44.4727862728492,0.2,34.4384439243402));
#11193=CARTESIAN_POINT('',(-44.1058010710136,0.,34.3218001677122));
#11194=CARTESIAN_POINT('Ctrl Pts',(-44.1058010710136,0.,34.3218001677122));
#11195=CARTESIAN_POINT('Ctrl Pts',(-44.1784643080168,0.,34.3247084273292));
#11196=CARTESIAN_POINT('Ctrl Pts',(-44.3120678036277,0.,34.3300557482992));
#11197=CARTESIAN_POINT('Ctrl Pts',(-44.4224416852435,0.,34.4044916471032));
#11198=CARTESIAN_POINT('Ctrl Pts',(-44.4727862728492,0.,34.4384439243402));
#11199=CARTESIAN_POINT('',(-44.1058010710136,0.2,34.3218001677122));
#11200=CARTESIAN_POINT('',(-44.1058010710136,0.,34.3218001677122));
#11201=CARTESIAN_POINT('Ctrl Pts',(-44.1058010710136,0.2,34.3218001677122));
#11202=CARTESIAN_POINT('Ctrl Pts',(-44.1784643080168,0.2,34.3247084273292));
#11203=CARTESIAN_POINT('Ctrl Pts',(-44.3120678036277,0.2,34.3300557482992));
#11204=CARTESIAN_POINT('Ctrl Pts',(-44.4224416852435,0.2,34.4044916471032));
#11205=CARTESIAN_POINT('Ctrl Pts',(-44.4727862728492,0.2,34.4384439243402));
#11206=CARTESIAN_POINT('Ctrl Pts',(-43.8349963081733,0.,34.3695491506185));
#11207=CARTESIAN_POINT('Ctrl Pts',(-43.8349963081733,0.2,34.3695491506185));
#11208=CARTESIAN_POINT('Ctrl Pts',(-43.8782418077749,0.,34.3556236331235));
#11209=CARTESIAN_POINT('Ctrl Pts',(-43.8782418077749,0.2,34.3556236331235));
#11210=CARTESIAN_POINT('Ctrl Pts',(-43.9662961368743,0.,34.3272691890385));
#11211=CARTESIAN_POINT('Ctrl Pts',(-43.9662961368743,0.2,34.3272691890385));
#11212=CARTESIAN_POINT('Ctrl Pts',(-44.0587522662588,0.,34.3236446251729));
#11213=CARTESIAN_POINT('Ctrl Pts',(-44.0587522662588,0.2,34.3236446251729));
#11214=CARTESIAN_POINT('Ctrl Pts',(-44.1058010710136,0.,34.3218001677122));
#11215=CARTESIAN_POINT('Ctrl Pts',(-44.1058010710136,0.2,34.3218001677122));
#11216=CARTESIAN_POINT('',(-43.8349963081733,0.,34.3695491506185));
#11217=CARTESIAN_POINT('Ctrl Pts',(-43.8349963081733,0.,34.3695491506185));
#11218=CARTESIAN_POINT('Ctrl Pts',(-43.8782418077749,0.,34.3556236331235));
#11219=CARTESIAN_POINT('Ctrl Pts',(-43.9662961368743,0.,34.3272691890385));
#11220=CARTESIAN_POINT('Ctrl Pts',(-44.0587522662588,0.,34.3236446251729));
#11221=CARTESIAN_POINT('Ctrl Pts',(-44.1058010710136,0.,34.3218001677122));
#11222=CARTESIAN_POINT('',(-43.8349963081733,0.2,34.3695491506185));
#11223=CARTESIAN_POINT('',(-43.8349963081733,0.,34.3695491506185));
#11224=CARTESIAN_POINT('Ctrl Pts',(-43.8349963081733,0.2,34.3695491506185));
#11225=CARTESIAN_POINT('Ctrl Pts',(-43.8782418077749,0.2,34.3556236331235));
#11226=CARTESIAN_POINT('Ctrl Pts',(-43.9662961368743,0.2,34.3272691890385));
#11227=CARTESIAN_POINT('Ctrl Pts',(-44.0587522662588,0.2,34.3236446251729));
#11228=CARTESIAN_POINT('Ctrl Pts',(-44.1058010710136,0.2,34.3218001677122));
#11229=CARTESIAN_POINT('Ctrl Pts',(-43.5723770512,0.,34.533259864005));
#11230=CARTESIAN_POINT('Ctrl Pts',(-43.5723770512,0.2,34.533259864005));
#11231=CARTESIAN_POINT('Ctrl Pts',(-43.6156771962994,0.,34.4981396711365));
#11232=CARTESIAN_POINT('Ctrl Pts',(-43.6156771962994,0.2,34.4981396711365));
#11233=CARTESIAN_POINT('Ctrl Pts',(-43.6964751177127,0.,34.4326055123732));
#11234=CARTESIAN_POINT('Ctrl Pts',(-43.6964751177127,0.2,34.4326055123732));
#11235=CARTESIAN_POINT('Ctrl Pts',(-43.791087385749,0.,34.3895369726076));
#11236=CARTESIAN_POINT('Ctrl Pts',(-43.791087385749,0.2,34.3895369726076));
#11237=CARTESIAN_POINT('Ctrl Pts',(-43.8349963081733,0.,34.3695491506185));
#11238=CARTESIAN_POINT('Ctrl Pts',(-43.8349963081733,0.2,34.3695491506185));
#11239=CARTESIAN_POINT('',(-43.5723770512,0.,34.533259864005));
#11240=CARTESIAN_POINT('Ctrl Pts',(-43.5723770512,0.,34.533259864005));
#11241=CARTESIAN_POINT('Ctrl Pts',(-43.6156771962994,0.,34.4981396711365));
#11242=CARTESIAN_POINT('Ctrl Pts',(-43.6964751177127,0.,34.4326055123732));
#11243=CARTESIAN_POINT('Ctrl Pts',(-43.791087385749,0.,34.3895369726076));
#11244=CARTESIAN_POINT('Ctrl Pts',(-43.8349963081733,0.,34.3695491506185));
#11245=CARTESIAN_POINT('',(-43.5723770512,0.2,34.533259864005));
#11246=CARTESIAN_POINT('',(-43.5723770512,0.,34.533259864005));
#11247=CARTESIAN_POINT('Ctrl Pts',(-43.5723770512,0.2,34.533259864005));
#11248=CARTESIAN_POINT('Ctrl Pts',(-43.6156771962994,0.2,34.4981396711365));
#11249=CARTESIAN_POINT('Ctrl Pts',(-43.6964751177127,0.2,34.4326055123732));
#11250=CARTESIAN_POINT('Ctrl Pts',(-43.791087385749,0.2,34.3895369726076));
#11251=CARTESIAN_POINT('Ctrl Pts',(-43.8349963081733,0.2,34.3695491506185));
#11252=CARTESIAN_POINT('Ctrl Pts',(-43.5232634199516,0.,34.3545421911802));
#11253=CARTESIAN_POINT('Ctrl Pts',(-43.5232634199516,0.2,34.3545421911802));
#11254=CARTESIAN_POINT('Ctrl Pts',(-43.5349331867863,0.,34.3818301180363));
#11255=CARTESIAN_POINT('Ctrl Pts',(-43.5349331867863,0.2,34.3818301180363));
#11256=CARTESIAN_POINT('Ctrl Pts',(-43.5594377408418,0.,34.4391301899378));
#11257=CARTESIAN_POINT('Ctrl Pts',(-43.5594377408418,0.2,34.4391301899378));
#11258=CARTESIAN_POINT('Ctrl Pts',(-43.5679293751149,0.,34.5009043296942));
#11259=CARTESIAN_POINT('Ctrl Pts',(-43.5679293751149,0.2,34.5009043296942));
#11260=CARTESIAN_POINT('Ctrl Pts',(-43.5723770512,0.,34.533259864005));
#11261=CARTESIAN_POINT('Ctrl Pts',(-43.5723770512,0.2,34.533259864005));
#11262=CARTESIAN_POINT('Ctrl Pts',(-43.5232634199516,0.,34.3545421911802));
#11263=CARTESIAN_POINT('Ctrl Pts',(-43.5349331867863,0.,34.3818301180363));
#11264=CARTESIAN_POINT('Ctrl Pts',(-43.5594377408418,0.,34.4391301899378));
#11265=CARTESIAN_POINT('Ctrl Pts',(-43.5679293751149,0.,34.5009043296942));
#11266=CARTESIAN_POINT('Ctrl Pts',(-43.5723770512,0.,34.533259864005));
#11267=CARTESIAN_POINT('Ctrl Pts',(-43.5232634199516,0.2,34.3545421911802));
#11268=CARTESIAN_POINT('Ctrl Pts',(-43.5349331867863,0.2,34.3818301180363));
#11269=CARTESIAN_POINT('Ctrl Pts',(-43.5594377408418,0.2,34.4391301899378));
#11270=CARTESIAN_POINT('Ctrl Pts',(-43.5679293751149,0.2,34.5009043296942));
#11271=CARTESIAN_POINT('Ctrl Pts',(-43.5723770512,0.2,34.533259864005));
#11272=CARTESIAN_POINT('Origin',(-44.386838144596,0.2,35.0769159896697));
#11273=CARTESIAN_POINT('Origin',(-45.8261276138679,0.,35.1471751882162));
#11274=CARTESIAN_POINT('',(-45.8261276138679,0.,35.1471751882162));
#11275=CARTESIAN_POINT('',(-45.8261276138679,0.,34.3545421911802));
#11276=CARTESIAN_POINT('',(-45.8261276138679,0.,16.8102158187135));
#11277=CARTESIAN_POINT('',(-45.8261276138679,0.2,35.1471751882162));
#11278=CARTESIAN_POINT('',(-45.8261276138679,0.,35.1471751882162));
#11279=CARTESIAN_POINT('',(-45.8261276138679,0.2,34.3545421911802));
#11280=CARTESIAN_POINT('',(-45.8261276138679,0.2,35.1471751882162));
#11281=CARTESIAN_POINT('',(-45.8261276138679,0.,34.3545421911802));
#11282=CARTESIAN_POINT('Ctrl Pts',(-45.7852000845329,0.,35.4145693732824));
#11283=CARTESIAN_POINT('Ctrl Pts',(-45.7852000845329,0.2,35.4145693732824));
#11284=CARTESIAN_POINT('Ctrl Pts',(-45.7970920850816,0.,35.3764170589792));
#11285=CARTESIAN_POINT('Ctrl Pts',(-45.7970920850816,0.2,35.3764170589792));
#11286=CARTESIAN_POINT('Ctrl Pts',(-45.8241818307691,0.,35.2895068299028));
#11287=CARTESIAN_POINT('Ctrl Pts',(-45.8241818307691,0.2,35.2895068299028));
#11288=CARTESIAN_POINT('Ctrl Pts',(-45.8254283168641,0.,35.1983279043805));
#11289=CARTESIAN_POINT('Ctrl Pts',(-45.8254283168641,0.2,35.1983279043805));
#11290=CARTESIAN_POINT('Ctrl Pts',(-45.8261276138679,0.,35.1471751882162));
#11291=CARTESIAN_POINT('Ctrl Pts',(-45.8261276138679,0.2,35.1471751882162));
#11292=CARTESIAN_POINT('',(-45.7852000845329,0.,35.4145693732824));
#11293=CARTESIAN_POINT('Ctrl Pts',(-45.7852000845329,0.,35.4145693732824));
#11294=CARTESIAN_POINT('Ctrl Pts',(-45.7970920850816,0.,35.3764170589792));
#11295=CARTESIAN_POINT('Ctrl Pts',(-45.8241818307691,0.,35.2895068299028));
#11296=CARTESIAN_POINT('Ctrl Pts',(-45.8254283168641,0.,35.1983279043805));
#11297=CARTESIAN_POINT('Ctrl Pts',(-45.8261276138679,0.,35.1471751882162));
#11298=CARTESIAN_POINT('',(-45.7852000845329,0.2,35.4145693732824));
#11299=CARTESIAN_POINT('',(-45.7852000845329,0.,35.4145693732824));
#11300=CARTESIAN_POINT('Ctrl Pts',(-45.7852000845329,0.2,35.4145693732824));
#11301=CARTESIAN_POINT('Ctrl Pts',(-45.7970920850816,0.2,35.3764170589792));
#11302=CARTESIAN_POINT('Ctrl Pts',(-45.8241818307691,0.2,35.2895068299028));
#11303=CARTESIAN_POINT('Ctrl Pts',(-45.8254283168641,0.2,35.1983279043805));
#11304=CARTESIAN_POINT('Ctrl Pts',(-45.8261276138679,0.2,35.1471751882162));
#11305=CARTESIAN_POINT('Ctrl Pts',(-45.6480921162025,0.,35.5680483533468));
#11306=CARTESIAN_POINT('Ctrl Pts',(-45.6480921162025,0.2,35.5680483533468));
#11307=CARTESIAN_POINT('Ctrl Pts',(-45.6777355573434,0.,35.5477662962817));
#11308=CARTESIAN_POINT('Ctrl Pts',(-45.6777355573434,0.2,35.5477662962817));
#11309=CARTESIAN_POINT('Ctrl Pts',(-45.7360846238774,0.,35.5078438361492));
#11310=CARTESIAN_POINT('Ctrl Pts',(-45.7360846238774,0.2,35.5078438361492));
#11311=CARTESIAN_POINT('Ctrl Pts',(-45.7690046333357,0.,35.4453259210402));
#11312=CARTESIAN_POINT('Ctrl Pts',(-45.7690046333357,0.2,35.4453259210402));
#11313=CARTESIAN_POINT('Ctrl Pts',(-45.7852000845329,0.,35.4145693732824));
#11314=CARTESIAN_POINT('Ctrl Pts',(-45.7852000845329,0.2,35.4145693732824));
#11315=CARTESIAN_POINT('',(-45.6480921162025,0.,35.5680483533468));
#11316=CARTESIAN_POINT('Ctrl Pts',(-45.6480921162025,0.,35.5680483533468));
#11317=CARTESIAN_POINT('Ctrl Pts',(-45.6777355573434,0.,35.5477662962817));
#11318=CARTESIAN_POINT('Ctrl Pts',(-45.7360846238774,0.,35.5078438361492));
#11319=CARTESIAN_POINT('Ctrl Pts',(-45.7690046333357,0.,35.4453259210402));
#11320=CARTESIAN_POINT('Ctrl Pts',(-45.7852000845329,0.,35.4145693732824));
#11321=CARTESIAN_POINT('',(-45.6480921162025,0.2,35.5680483533468));
#11322=CARTESIAN_POINT('',(-45.6480921162025,0.,35.5680483533468));
#11323=CARTESIAN_POINT('Ctrl Pts',(-45.6480921162025,0.2,35.5680483533468));
#11324=CARTESIAN_POINT('Ctrl Pts',(-45.6777355573434,0.2,35.5477662962817));
#11325=CARTESIAN_POINT('Ctrl Pts',(-45.7360846238774,0.2,35.5078438361492));
#11326=CARTESIAN_POINT('Ctrl Pts',(-45.7690046333357,0.2,35.4453259210402));
#11327=CARTESIAN_POINT('Ctrl Pts',(-45.7852000845329,0.2,35.4145693732824));
#11328=CARTESIAN_POINT('Ctrl Pts',(-45.4427719963447,0.,35.6246650172796));
#11329=CARTESIAN_POINT('Ctrl Pts',(-45.4427719963447,0.2,35.6246650172796));
#11330=CARTESIAN_POINT('Ctrl Pts',(-45.4787053663189,0.,35.6222508859469));
#11331=CARTESIAN_POINT('Ctrl Pts',(-45.4787053663189,0.2,35.6222508859469));
#11332=CARTESIAN_POINT('Ctrl Pts',(-45.550998012413,0.,35.6173940093951));
#11333=CARTESIAN_POINT('Ctrl Pts',(-45.550998012413,0.2,35.6173940093951));
#11334=CARTESIAN_POINT('Ctrl Pts',(-45.6156005481073,0.,35.5845613822653));
#11335=CARTESIAN_POINT('Ctrl Pts',(-45.6156005481073,0.2,35.5845613822653));
#11336=CARTESIAN_POINT('Ctrl Pts',(-45.6480921162025,0.,35.5680483533468));
#11337=CARTESIAN_POINT('Ctrl Pts',(-45.6480921162025,0.2,35.5680483533468));
#11338=CARTESIAN_POINT('',(-45.4427719963447,0.,35.6246650172796));
#11339=CARTESIAN_POINT('Ctrl Pts',(-45.4427719963447,0.,35.6246650172796));
#11340=CARTESIAN_POINT('Ctrl Pts',(-45.4787053663189,0.,35.6222508859469));
#11341=CARTESIAN_POINT('Ctrl Pts',(-45.550998012413,0.,35.6173940093951));
#11342=CARTESIAN_POINT('Ctrl Pts',(-45.6156005481073,0.,35.5845613822653));
#11343=CARTESIAN_POINT('Ctrl Pts',(-45.6480921162025,0.,35.5680483533468));
#11344=CARTESIAN_POINT('',(-45.4427719963447,0.2,35.6246650172796));
#11345=CARTESIAN_POINT('',(-45.4427719963447,0.,35.6246650172796));
#11346=CARTESIAN_POINT('Ctrl Pts',(-45.4427719963447,0.2,35.6246650172796));
#11347=CARTESIAN_POINT('Ctrl Pts',(-45.4787053663189,0.2,35.6222508859469));
#11348=CARTESIAN_POINT('Ctrl Pts',(-45.550998012413,0.2,35.6173940093951));
#11349=CARTESIAN_POINT('Ctrl Pts',(-45.6156005481073,0.2,35.5845613822653));
#11350=CARTESIAN_POINT('Ctrl Pts',(-45.6480921162025,0.2,35.5680483533468));
#11351=CARTESIAN_POINT('Ctrl Pts',(-45.2169872177497,0.,35.5407631351079));
#11352=CARTESIAN_POINT('Ctrl Pts',(-45.2169872177497,0.2,35.5407631351079));
#11353=CARTESIAN_POINT('Ctrl Pts',(-45.2477606431086,0.,35.5652066449593));
#11354=CARTESIAN_POINT('Ctrl Pts',(-45.2477606431086,0.2,35.5652066449593));
#11355=CARTESIAN_POINT('Ctrl Pts',(-45.3135976217228,0.,35.6175013380777));
#11356=CARTESIAN_POINT('Ctrl Pts',(-45.3135976217228,0.2,35.6175013380777));
#11357=CARTESIAN_POINT('Ctrl Pts',(-45.3978831094393,0.,35.6221755948499));
#11358=CARTESIAN_POINT('Ctrl Pts',(-45.3978831094393,0.2,35.6221755948499));
#11359=CARTESIAN_POINT('Ctrl Pts',(-45.4427719963447,0.,35.6246650172796));
#11360=CARTESIAN_POINT('Ctrl Pts',(-45.4427719963447,0.2,35.6246650172796));
#11361=CARTESIAN_POINT('',(-45.2169872177497,0.,35.5407631351079));
#11362=CARTESIAN_POINT('Ctrl Pts',(-45.2169872177497,0.,35.5407631351079));
#11363=CARTESIAN_POINT('Ctrl Pts',(-45.2477606431086,0.,35.5652066449593));
#11364=CARTESIAN_POINT('Ctrl Pts',(-45.3135976217228,0.,35.6175013380777));
#11365=CARTESIAN_POINT('Ctrl Pts',(-45.3978831094393,0.,35.6221755948499));
#11366=CARTESIAN_POINT('Ctrl Pts',(-45.4427719963447,0.,35.6246650172796));
#11367=CARTESIAN_POINT('',(-45.2169872177497,0.2,35.5407631351079));
#11368=CARTESIAN_POINT('',(-45.2169872177497,0.,35.5407631351079));
#11369=CARTESIAN_POINT('Ctrl Pts',(-45.2169872177497,0.2,35.5407631351079));
#11370=CARTESIAN_POINT('Ctrl Pts',(-45.2477606431086,0.2,35.5652066449593));
#11371=CARTESIAN_POINT('Ctrl Pts',(-45.3135976217228,0.2,35.6175013380777));
#11372=CARTESIAN_POINT('Ctrl Pts',(-45.3978831094393,0.2,35.6221755948499));
#11373=CARTESIAN_POINT('Ctrl Pts',(-45.4427719963447,0.2,35.6246650172796));
#11374=CARTESIAN_POINT('Ctrl Pts',(-45.1371783865348,0.,35.2726867748823));
#11375=CARTESIAN_POINT('Ctrl Pts',(-45.1371783865348,0.2,35.2726867748823));
#11376=CARTESIAN_POINT('Ctrl Pts',(-45.1384549147147,0.,35.3274647141583));
#11377=CARTESIAN_POINT('Ctrl Pts',(-45.1384549147147,0.2,35.3274647141583));
#11378=CARTESIAN_POINT('Ctrl Pts',(-45.1407211803417,0.,35.4247139271853));
#11379=CARTESIAN_POINT('Ctrl Pts',(-45.1407211803417,0.2,35.4247139271853));
#11380=CARTESIAN_POINT('Ctrl Pts',(-45.1938043916134,0.,35.5054872940919));
#11381=CARTESIAN_POINT('Ctrl Pts',(-45.1938043916134,0.2,35.5054872940919));
#11382=CARTESIAN_POINT('Ctrl Pts',(-45.2169872177497,0.,35.5407631351079));
#11383=CARTESIAN_POINT('Ctrl Pts',(-45.2169872177497,0.2,35.5407631351079));
#11384=CARTESIAN_POINT('',(-45.1371783865348,0.,35.2726867748823));
#11385=CARTESIAN_POINT('Ctrl Pts',(-45.1371783865348,0.,35.2726867748823));
#11386=CARTESIAN_POINT('Ctrl Pts',(-45.1384549147147,0.,35.3274647141583));
#11387=CARTESIAN_POINT('Ctrl Pts',(-45.1407211803417,0.,35.4247139271853));
#11388=CARTESIAN_POINT('Ctrl Pts',(-45.1938043916134,0.,35.5054872940919));
#11389=CARTESIAN_POINT('Ctrl Pts',(-45.2169872177497,0.,35.5407631351079));
#11390=CARTESIAN_POINT('',(-45.1371783865348,0.2,35.2726867748823));
#11391=CARTESIAN_POINT('',(-45.1371783865348,0.,35.2726867748823));
#11392=CARTESIAN_POINT('Ctrl Pts',(-45.1371783865348,0.2,35.2726867748823));
#11393=CARTESIAN_POINT('Ctrl Pts',(-45.1384549147147,0.2,35.3274647141583));
#11394=CARTESIAN_POINT('Ctrl Pts',(-45.1407211803417,0.2,35.4247139271853));
#11395=CARTESIAN_POINT('Ctrl Pts',(-45.1938043916134,0.2,35.5054872940919));
#11396=CARTESIAN_POINT('Ctrl Pts',(-45.2169872177497,0.2,35.5407631351079));
#11397=CARTESIAN_POINT('Origin',(-45.1371783865348,0.,34.3545421911802));
#11398=CARTESIAN_POINT('',(-45.1371783865348,0.,34.3545421911802));
#11399=CARTESIAN_POINT('',(-45.1371783865348,0.,16.4138993201956));
#11400=CARTESIAN_POINT('',(-45.1371783865348,0.2,34.3545421911802));
#11401=CARTESIAN_POINT('',(-45.1371783865348,0.,34.3545421911802));
#11402=CARTESIAN_POINT('',(-45.1371783865348,0.2,34.3545421911802));
#11403=CARTESIAN_POINT('Origin',(-44.8916120184318,0.,34.3545421911802));
#11404=CARTESIAN_POINT('',(-44.8916120184318,0.,34.3545421911802));
#11405=CARTESIAN_POINT('',(-37.6461486104591,0.,34.3545421911802));
#11406=CARTESIAN_POINT('',(-44.8916120184318,0.2,34.3545421911802));
#11407=CARTESIAN_POINT('',(-44.8916120184318,0.,34.3545421911802));
#11408=CARTESIAN_POINT('',(-44.8916120184318,0.2,34.3545421911802));
#11409=CARTESIAN_POINT('Origin',(-44.8916120184318,0.,35.2726867748823));
#11410=CARTESIAN_POINT('',(-44.8916120184318,0.,35.2726867748823));
#11411=CARTESIAN_POINT('',(-44.8916120184318,0.,16.8729716120466));
#11412=CARTESIAN_POINT('',(-44.8916120184318,0.2,35.2726867748823));
#11413=CARTESIAN_POINT('',(-44.8916120184318,0.,35.2726867748823));
#11414=CARTESIAN_POINT('',(-44.8916120184318,0.2,35.2726867748823));
#11415=CARTESIAN_POINT('Ctrl Pts',(-44.9427718771354,0.,35.5973797990407));
#11416=CARTESIAN_POINT('Ctrl Pts',(-44.9427718771354,0.2,35.5973797990407));
#11417=CARTESIAN_POINT('Ctrl Pts',(-44.9279217460359,0.,35.5520318897582));
#11418=CARTESIAN_POINT('Ctrl Pts',(-44.9279217460359,0.2,35.5520318897582));
#11419=CARTESIAN_POINT('Ctrl Pts',(-44.8934605439444,0.,35.4467975685424));
#11420=CARTESIAN_POINT('Ctrl Pts',(-44.8934605439444,0.2,35.4467975685424));
#11421=CARTESIAN_POINT('Ctrl Pts',(-44.8922824464162,0.,35.3358337250702));
#11422=CARTESIAN_POINT('Ctrl Pts',(-44.8922824464162,0.2,35.3358337250702));
#11423=CARTESIAN_POINT('Ctrl Pts',(-44.8916120184318,0.,35.2726867748823));
#11424=CARTESIAN_POINT('Ctrl Pts',(-44.8916120184318,0.2,35.2726867748823));
#11425=CARTESIAN_POINT('',(-44.9427718771354,0.,35.5973797990407));
#11426=CARTESIAN_POINT('Ctrl Pts',(-44.9427718771354,0.,35.5973797990407));
#11427=CARTESIAN_POINT('Ctrl Pts',(-44.9279217460359,0.,35.5520318897582));
#11428=CARTESIAN_POINT('Ctrl Pts',(-44.8934605439444,0.,35.4467975685424));
#11429=CARTESIAN_POINT('Ctrl Pts',(-44.8922824464162,0.,35.3358337250702));
#11430=CARTESIAN_POINT('Ctrl Pts',(-44.8916120184318,0.,35.2726867748823));
#11431=CARTESIAN_POINT('',(-44.9427718771354,0.2,35.5973797990407));
#11432=CARTESIAN_POINT('',(-44.9427718771354,0.,35.5973797990407));
#11433=CARTESIAN_POINT('Ctrl Pts',(-44.9427718771354,0.2,35.5973797990407));
#11434=CARTESIAN_POINT('Ctrl Pts',(-44.9279217460359,0.2,35.5520318897582));
#11435=CARTESIAN_POINT('Ctrl Pts',(-44.8934605439444,0.2,35.4467975685424));
#11436=CARTESIAN_POINT('Ctrl Pts',(-44.8922824464162,0.2,35.3358337250702));
#11437=CARTESIAN_POINT('Ctrl Pts',(-44.8916120184318,0.2,35.2726867748823));
#11438=CARTESIAN_POINT('Ctrl Pts',(-45.1126218689338,0.,35.7726867450799));
#11439=CARTESIAN_POINT('Ctrl Pts',(-45.1126218689338,0.2,35.7726867450799));
#11440=CARTESIAN_POINT('Ctrl Pts',(-45.0760932576732,0.,35.7499963400858));
#11441=CARTESIAN_POINT('Ctrl Pts',(-45.0760932576732,0.2,35.7499963400858));
#11442=CARTESIAN_POINT('Ctrl Pts',(-45.0047703397879,0.,35.7056928246679));
#11443=CARTESIAN_POINT('Ctrl Pts',(-45.0047703397879,0.2,35.7056928246679));
#11444=CARTESIAN_POINT('Ctrl Pts',(-44.9631002783893,0.,35.6328940771659));
#11445=CARTESIAN_POINT('Ctrl Pts',(-44.9631002783893,0.2,35.6328940771659));
#11446=CARTESIAN_POINT('Ctrl Pts',(-44.9427718771354,0.,35.5973797990407));
#11447=CARTESIAN_POINT('Ctrl Pts',(-44.9427718771354,0.2,35.5973797990407));
#11448=CARTESIAN_POINT('',(-45.1126218689338,0.,35.7726867450799));
#11449=CARTESIAN_POINT('Ctrl Pts',(-45.1126218689338,0.,35.7726867450799));
#11450=CARTESIAN_POINT('Ctrl Pts',(-45.0760932576732,0.,35.7499963400858));
#11451=CARTESIAN_POINT('Ctrl Pts',(-45.0047703397879,0.,35.7056928246679));
#11452=CARTESIAN_POINT('Ctrl Pts',(-44.9631002783893,0.,35.6328940771659));
#11453=CARTESIAN_POINT('Ctrl Pts',(-44.9427718771354,0.,35.5973797990407));
#11454=CARTESIAN_POINT('',(-45.1126218689338,0.2,35.7726867450799));
#11455=CARTESIAN_POINT('',(-45.1126218689338,0.,35.7726867450799));
#11456=CARTESIAN_POINT('Ctrl Pts',(-45.1126218689338,0.2,35.7726867450799));
#11457=CARTESIAN_POINT('Ctrl Pts',(-45.0760932576732,0.2,35.7499963400858));
#11458=CARTESIAN_POINT('Ctrl Pts',(-45.0047703397879,0.2,35.7056928246679));
#11459=CARTESIAN_POINT('Ctrl Pts',(-44.9631002783893,0.2,35.6328940771659));
#11460=CARTESIAN_POINT('Ctrl Pts',(-44.9427718771354,0.2,35.5973797990407));
#11461=CARTESIAN_POINT('Ctrl Pts',(-45.3922940147773,0.,35.8361247135724));
#11462=CARTESIAN_POINT('Ctrl Pts',(-45.3922940147773,0.2,35.8361247135724));
#11463=CARTESIAN_POINT('Ctrl Pts',(-45.3414184899173,0.,35.8340117536364));
#11464=CARTESIAN_POINT('Ctrl Pts',(-45.3414184899173,0.2,35.8340117536364));
#11465=CARTESIAN_POINT('Ctrl Pts',(-45.2442089513425,0.,35.8299744515943));
#11466=CARTESIAN_POINT('Ctrl Pts',(-45.2442089513425,0.2,35.8299744515943));
#11467=CARTESIAN_POINT('Ctrl Pts',(-45.1550964878475,0.,35.7911784804243));
#11468=CARTESIAN_POINT('Ctrl Pts',(-45.1550964878475,0.2,35.7911784804243));
#11469=CARTESIAN_POINT('Ctrl Pts',(-45.1126218689338,0.,35.7726867450799));
#11470=CARTESIAN_POINT('Ctrl Pts',(-45.1126218689338,0.2,35.7726867450799));
#11471=CARTESIAN_POINT('',(-45.3922940147773,0.,35.8361247135724));
#11472=CARTESIAN_POINT('Ctrl Pts',(-45.3922940147773,0.,35.8361247135724));
#11473=CARTESIAN_POINT('Ctrl Pts',(-45.3414184899173,0.,35.8340117536364));
#11474=CARTESIAN_POINT('Ctrl Pts',(-45.2442089513425,0.,35.8299744515943));
#11475=CARTESIAN_POINT('Ctrl Pts',(-45.1550964878475,0.,35.7911784804243));
#11476=CARTESIAN_POINT('Ctrl Pts',(-45.1126218689338,0.,35.7726867450799));
#11477=CARTESIAN_POINT('',(-45.3922940147773,0.2,35.8361247135724));
#11478=CARTESIAN_POINT('',(-45.3922940147773,0.,35.8361247135724));
#11479=CARTESIAN_POINT('Ctrl Pts',(-45.3922940147773,0.2,35.8361247135724));
#11480=CARTESIAN_POINT('Ctrl Pts',(-45.3414184899173,0.2,35.8340117536364));
#11481=CARTESIAN_POINT('Ctrl Pts',(-45.2442089513425,0.2,35.8299744515943));
#11482=CARTESIAN_POINT('Ctrl Pts',(-45.1550964878475,0.2,35.7911784804243));
#11483=CARTESIAN_POINT('Ctrl Pts',(-45.1126218689338,0.2,35.7726867450799));
#11484=CARTESIAN_POINT('Ctrl Pts',(-45.8261276138679,0.,35.6369432760801));
#11485=CARTESIAN_POINT('Ctrl Pts',(-45.8261276138679,0.2,35.6369432760801));
#11486=CARTESIAN_POINT('Ctrl Pts',(-45.7651328408504,0.,35.6950378351041));
#11487=CARTESIAN_POINT('Ctrl Pts',(-45.7651328408504,0.2,35.6950378351041));
#11488=CARTESIAN_POINT('Ctrl Pts',(-45.6432983287028,0.,35.8110792909039));
#11489=CARTESIAN_POINT('Ctrl Pts',(-45.6432983287028,0.2,35.8110792909039));
#11490=CARTESIAN_POINT('Ctrl Pts',(-45.4758911111001,0.,35.8277833246197));
#11491=CARTESIAN_POINT('Ctrl Pts',(-45.4758911111001,0.2,35.8277833246197));
#11492=CARTESIAN_POINT('Ctrl Pts',(-45.3922940147773,0.,35.8361247135724));
#11493=CARTESIAN_POINT('Ctrl Pts',(-45.3922940147773,0.2,35.8361247135724));
#11494=CARTESIAN_POINT('',(-45.8261276138679,0.,35.6369432760801));
#11495=CARTESIAN_POINT('Ctrl Pts',(-45.8261276138679,0.,35.6369432760801));
#11496=CARTESIAN_POINT('Ctrl Pts',(-45.7651328408504,0.,35.6950378351041));
#11497=CARTESIAN_POINT('Ctrl Pts',(-45.6432983287028,0.,35.8110792909039));
#11498=CARTESIAN_POINT('Ctrl Pts',(-45.4758911111001,0.,35.8277833246197));
#11499=CARTESIAN_POINT('Ctrl Pts',(-45.3922940147773,0.,35.8361247135724));
#11500=CARTESIAN_POINT('',(-45.8261276138679,0.2,35.6369432760801));
#11501=CARTESIAN_POINT('',(-45.8261276138679,0.,35.6369432760801));
#11502=CARTESIAN_POINT('Ctrl Pts',(-45.8261276138679,0.2,35.6369432760801));
#11503=CARTESIAN_POINT('Ctrl Pts',(-45.7651328408504,0.2,35.6950378351041));
#11504=CARTESIAN_POINT('Ctrl Pts',(-45.6432983287028,0.2,35.8110792909039));
#11505=CARTESIAN_POINT('Ctrl Pts',(-45.4758911111001,0.2,35.8277833246197));
#11506=CARTESIAN_POINT('Ctrl Pts',(-45.3922940147773,0.2,35.8361247135724));
#11507=CARTESIAN_POINT('Origin',(-45.8261276138679,0.,36.3545422209825));
#11508=CARTESIAN_POINT('',(-45.8261276138679,0.,36.3545422209825));
#11509=CARTESIAN_POINT('',(-45.8261276138679,0.,17.4138993350967));
#11510=CARTESIAN_POINT('',(-45.8261276138679,0.2,36.3545422209825));
#11511=CARTESIAN_POINT('',(-45.8261276138679,0.,36.3545422209825));
#11512=CARTESIAN_POINT('',(-45.8261276138679,0.2,36.3545422209825));
#11513=CARTESIAN_POINT('Origin',(-46.0716939819709,0.,36.3545422209825));
#11514=CARTESIAN_POINT('',(-46.0716939819709,0.,36.3545422209825));
#11515=CARTESIAN_POINT('',(-38.2361895922287,0.,36.3545422209825));
#11516=CARTESIAN_POINT('',(-46.0716939819709,0.2,36.3545422209825));
#11517=CARTESIAN_POINT('',(-46.0716939819709,0.,36.3545422209825));
#11518=CARTESIAN_POINT('',(-46.0716939819709,0.2,36.3545422209825));
#11519=CARTESIAN_POINT('Origin',(-46.0716939819709,0.,34.3545421911802));
#11520=CARTESIAN_POINT('',(-46.0716939819709,0.,34.3545421911802));
#11521=CARTESIAN_POINT('',(-46.0716939819709,0.,16.4138993201956));
#11522=CARTESIAN_POINT('',(-46.0716939819709,0.2,34.3545421911802));
#11523=CARTESIAN_POINT('',(-46.0716939819709,0.,34.3545421911802));
#11524=CARTESIAN_POINT('',(-46.0716939819709,0.2,34.3545421911802));
#11525=CARTESIAN_POINT('Origin',(-45.8261276138679,0.,34.3545421911802));
#11526=CARTESIAN_POINT('',(-38.1134064081772,0.,34.3545421911802));
#11527=CARTESIAN_POINT('',(-45.8261276138679,0.2,34.3545421911802));
#11528=CARTESIAN_POINT('Origin',(-44.386838144596,0.2,35.0769159896697));
#11529=CARTESIAN_POINT('Ctrl Pts',(-48.6767421019927,0.,34.5823730482187));
#11530=CARTESIAN_POINT('Ctrl Pts',(-48.6767421019927,0.2,34.5823730482187));
#11531=CARTESIAN_POINT('Ctrl Pts',(-48.6650259061814,0.,34.5772193759325));
#11532=CARTESIAN_POINT('Ctrl Pts',(-48.6650259061814,0.2,34.5772193759325));
#11533=CARTESIAN_POINT('Ctrl Pts',(-48.6383841240244,0.,34.5655002977804));
#11534=CARTESIAN_POINT('Ctrl Pts',(-48.6383841240244,0.2,34.5655002977804));
#11535=CARTESIAN_POINT('Ctrl Pts',(-48.6091936600121,0.,34.5649474239385));
#11536=CARTESIAN_POINT('Ctrl Pts',(-48.6091936600121,0.2,34.5649474239385));
#11537=CARTESIAN_POINT('Ctrl Pts',(-48.5928402198211,0.,34.5646376861658));
#11538=CARTESIAN_POINT('Ctrl Pts',(-48.5928402198211,0.2,34.5646376861658));
#11539=CARTESIAN_POINT('',(-48.6767421019927,0.,34.5823730482187));
#11540=CARTESIAN_POINT('',(-48.5928402198211,0.,34.5646376861658));
#11541=CARTESIAN_POINT('Ctrl Pts',(-48.6767421019927,0.,34.5823730482187));
#11542=CARTESIAN_POINT('Ctrl Pts',(-48.6650259061814,0.,34.5772193759325));
#11543=CARTESIAN_POINT('Ctrl Pts',(-48.6383841240244,0.,34.5655002977804));
#11544=CARTESIAN_POINT('Ctrl Pts',(-48.6091936600121,0.,34.5649474239385));
#11545=CARTESIAN_POINT('Ctrl Pts',(-48.5928402198211,0.,34.5646376861658));
#11546=CARTESIAN_POINT('',(-48.6767421019927,0.2,34.5823730482187));
#11547=CARTESIAN_POINT('',(-48.6767421019927,0.,34.5823730482187));
#11548=CARTESIAN_POINT('',(-48.5928402198211,0.2,34.5646376861658));
#11549=CARTESIAN_POINT('Ctrl Pts',(-48.6767421019927,0.2,34.5823730482187));
#11550=CARTESIAN_POINT('Ctrl Pts',(-48.6650259061814,0.2,34.5772193759325));
#11551=CARTESIAN_POINT('Ctrl Pts',(-48.6383841240244,0.2,34.5655002977804));
#11552=CARTESIAN_POINT('Ctrl Pts',(-48.6091936600121,0.2,34.5649474239385));
#11553=CARTESIAN_POINT('Ctrl Pts',(-48.5928402198211,0.2,34.5646376861658));
#11554=CARTESIAN_POINT('',(-48.5928402198211,0.,34.5646376861658));
#11555=CARTESIAN_POINT('Ctrl Pts',(-48.7190339816467,0.,34.630122031125));
#11556=CARTESIAN_POINT('Ctrl Pts',(-48.7190339816467,0.2,34.630122031125));
#11557=CARTESIAN_POINT('Ctrl Pts',(-48.7139709008596,0.,34.6205926475141));
#11558=CARTESIAN_POINT('Ctrl Pts',(-48.7139709008596,0.2,34.6205926475141));
#11559=CARTESIAN_POINT('Ctrl Pts',(-48.7037143370081,0.,34.6012884460641));
#11560=CARTESIAN_POINT('Ctrl Pts',(-48.7037143370081,0.2,34.6012884460641));
#11561=CARTESIAN_POINT('Ctrl Pts',(-48.6858087311444,0.,34.5887313977371));
#11562=CARTESIAN_POINT('Ctrl Pts',(-48.6858087311444,0.2,34.5887313977371));
#11563=CARTESIAN_POINT('Ctrl Pts',(-48.6767421019927,0.,34.5823730482187));
#11564=CARTESIAN_POINT('Ctrl Pts',(-48.6767421019927,0.2,34.5823730482187));
#11565=CARTESIAN_POINT('',(-48.7190339816467,0.,34.630122031125));
#11566=CARTESIAN_POINT('Ctrl Pts',(-48.7190339816467,0.,34.630122031125));
#11567=CARTESIAN_POINT('Ctrl Pts',(-48.7139709008596,0.,34.6205926475141));
#11568=CARTESIAN_POINT('Ctrl Pts',(-48.7037143370081,0.,34.6012884460641));
#11569=CARTESIAN_POINT('Ctrl Pts',(-48.6858087311444,0.,34.5887313977371));
#11570=CARTESIAN_POINT('Ctrl Pts',(-48.6767421019927,0.,34.5823730482187));
#11571=CARTESIAN_POINT('',(-48.7190339816467,0.2,34.630122031125));
#11572=CARTESIAN_POINT('',(-48.7190339816467,0.,34.630122031125));
#11573=CARTESIAN_POINT('Ctrl Pts',(-48.7190339816467,0.2,34.630122031125));
#11574=CARTESIAN_POINT('Ctrl Pts',(-48.7139709008596,0.2,34.6205926475141));
#11575=CARTESIAN_POINT('Ctrl Pts',(-48.7037143370081,0.2,34.6012884460641));
#11576=CARTESIAN_POINT('Ctrl Pts',(-48.6858087311444,0.2,34.5887313977371));
#11577=CARTESIAN_POINT('Ctrl Pts',(-48.6767421019927,0.2,34.5823730482187));
#11578=CARTESIAN_POINT('Ctrl Pts',(-48.7319944156066,0.,34.7651833249654));
#11579=CARTESIAN_POINT('Ctrl Pts',(-48.7319944156066,0.2,34.7651833249654));
#11580=CARTESIAN_POINT('Ctrl Pts',(-48.7323566624384,0.,34.7362505513871));
#11581=CARTESIAN_POINT('Ctrl Pts',(-48.7323566624384,0.2,34.7362505513871));
#11582=CARTESIAN_POINT('Ctrl Pts',(-48.7329275369946,0.,34.6906546128578));
#11583=CARTESIAN_POINT('Ctrl Pts',(-48.7329275369946,0.2,34.6906546128578));
#11584=CARTESIAN_POINT('Ctrl Pts',(-48.7227524837062,0.,34.6463231059549));
#11585=CARTESIAN_POINT('Ctrl Pts',(-48.7227524837062,0.2,34.6463231059549));
#11586=CARTESIAN_POINT('Ctrl Pts',(-48.7190339816467,0.,34.630122031125));
#11587=CARTESIAN_POINT('Ctrl Pts',(-48.7190339816467,0.2,34.630122031125));
#11588=CARTESIAN_POINT('',(-48.7319944156066,0.,34.7651833249654));
#11589=CARTESIAN_POINT('Ctrl Pts',(-48.7319944156066,0.,34.7651833249654));
#11590=CARTESIAN_POINT('Ctrl Pts',(-48.7323566624384,0.,34.7362505513871));
#11591=CARTESIAN_POINT('Ctrl Pts',(-48.7329275369946,0.,34.6906546128578));
#11592=CARTESIAN_POINT('Ctrl Pts',(-48.7227524837062,0.,34.6463231059549));
#11593=CARTESIAN_POINT('Ctrl Pts',(-48.7190339816467,0.,34.630122031125));
#11594=CARTESIAN_POINT('',(-48.7319944156066,0.2,34.7651833249654));
#11595=CARTESIAN_POINT('',(-48.7319944156066,0.,34.7651833249654));
#11596=CARTESIAN_POINT('Ctrl Pts',(-48.7319944156066,0.2,34.7651833249654));
#11597=CARTESIAN_POINT('Ctrl Pts',(-48.7323566624384,0.2,34.7362505513871));
#11598=CARTESIAN_POINT('Ctrl Pts',(-48.7329275369946,0.2,34.6906546128578));
#11599=CARTESIAN_POINT('Ctrl Pts',(-48.7227524837062,0.2,34.6463231059549));
#11600=CARTESIAN_POINT('Ctrl Pts',(-48.7190339816467,0.2,34.630122031125));
#11601=CARTESIAN_POINT('Origin',(-48.7319944156066,0.,35.6123866094674));
#11602=CARTESIAN_POINT('',(-48.7319944156066,0.,35.6123866094674));
#11603=CARTESIAN_POINT('',(-48.7319944156066,0.,17.0428215293392));
#11604=CARTESIAN_POINT('',(-48.7319944156066,0.2,35.6123866094674));
#11605=CARTESIAN_POINT('',(-48.7319944156066,0.,35.6123866094674));
#11606=CARTESIAN_POINT('',(-48.7319944156066,0.2,35.6123866094674));
#11607=CARTESIAN_POINT('Origin',(-48.4850639952079,0.,35.6123866094674));
#11608=CARTESIAN_POINT('',(-48.4850639952079,0.,35.6123866094674));
#11609=CARTESIAN_POINT('',(-39.4428745988472,0.,35.6123866094674));
#11610=CARTESIAN_POINT('',(-48.4850639952079,0.2,35.6123866094674));
#11611=CARTESIAN_POINT('',(-48.4850639952079,0.,35.6123866094674));
#11612=CARTESIAN_POINT('',(-48.4850639952079,0.2,35.6123866094674));
#11613=CARTESIAN_POINT('Origin',(-48.4850639952079,0.,35.8033825410928));
#11614=CARTESIAN_POINT('',(-48.4850639952079,0.,35.8033825410928));
#11615=CARTESIAN_POINT('',(-48.4850639952079,0.,17.1383194951519));
#11616=CARTESIAN_POINT('',(-48.4850639952079,0.2,35.8033825410928));
#11617=CARTESIAN_POINT('',(-48.4850639952079,0.,35.8033825410928));
#11618=CARTESIAN_POINT('',(-48.4850639952079,0.2,35.8033825410928));
#11619=CARTESIAN_POINT('Origin',(-48.7319944156066,0.,35.8033825410928));
#11620=CARTESIAN_POINT('',(-48.7319944156066,0.,35.8033825410928));
#11621=CARTESIAN_POINT('',(-39.5663398090465,0.,35.8033825410928));
#11622=CARTESIAN_POINT('',(-48.7319944156066,0.2,35.8033825410928));
#11623=CARTESIAN_POINT('',(-48.7319944156066,0.,35.8033825410928));
#11624=CARTESIAN_POINT('',(-48.7319944156066,0.2,35.8033825410928));
#11625=CARTESIAN_POINT('Origin',(-48.7319944156066,0.,36.3095217897024));
#11626=CARTESIAN_POINT('',(-48.7319944156066,0.,36.3095217897024));
#11627=CARTESIAN_POINT('',(-48.7319944156066,0.,17.3913891194566));
#11628=CARTESIAN_POINT('',(-48.7319944156066,0.2,36.3095217897024));
#11629=CARTESIAN_POINT('',(-48.7319944156066,0.,36.3095217897024));
#11630=CARTESIAN_POINT('',(-48.7319944156066,0.2,36.3095217897024));
#11631=CARTESIAN_POINT('Origin',(-48.9761964333907,0.,36.1621820880498));
#11632=CARTESIAN_POINT('',(-48.9761964333907,0.,36.1621820880498));
#11633=CARTESIAN_POINT('',(-50.5026130083824,0.,35.2412160583769));
#11634=CARTESIAN_POINT('',(-48.9761964333907,0.2,36.1621820880498));
#11635=CARTESIAN_POINT('',(-48.9761964333907,0.,36.1621820880498));
#11636=CARTESIAN_POINT('',(-48.9761964333907,0.2,36.1621820880498));
#11637=CARTESIAN_POINT('Origin',(-48.9761964333907,0.,35.8033825410928));
#11638=CARTESIAN_POINT('',(-48.9761964333907,0.,35.8033825410928));
#11639=CARTESIAN_POINT('',(-48.9761964333907,0.,17.1383194951519));
#11640=CARTESIAN_POINT('',(-48.9761964333907,0.2,35.8033825410928));
#11641=CARTESIAN_POINT('',(-48.9761964333907,0.,35.8033825410928));
#11642=CARTESIAN_POINT('',(-48.9761964333907,0.2,35.8033825410928));
#11643=CARTESIAN_POINT('Origin',(-49.1562781585113,0.,35.8033825410928));
#11644=CARTESIAN_POINT('',(-49.1562781585113,0.,35.8033825410928));
#11645=CARTESIAN_POINT('',(-39.7784816804989,0.,35.8033825410928));
#11646=CARTESIAN_POINT('',(-49.1562781585113,0.2,35.8033825410928));
#11647=CARTESIAN_POINT('',(-49.1562781585113,0.,35.8033825410928));
#11648=CARTESIAN_POINT('',(-49.1562781585113,0.2,35.8033825410928));
#11649=CARTESIAN_POINT('Origin',(-49.1562781585113,0.,35.6123866094674));
#11650=CARTESIAN_POINT('',(-49.1562781585113,0.,35.6123866094674));
#11651=CARTESIAN_POINT('',(-49.1562781585113,0.,17.0428215293392));
#11652=CARTESIAN_POINT('',(-49.1562781585113,0.2,35.6123866094674));
#11653=CARTESIAN_POINT('',(-49.1562781585113,0.,35.6123866094674));
#11654=CARTESIAN_POINT('',(-49.1562781585113,0.2,35.6123866094674));
#11655=CARTESIAN_POINT('Origin',(-48.9761964333907,0.,35.6123866094674));
#11656=CARTESIAN_POINT('',(-48.9761964333907,0.,35.6123866094674));
#11657=CARTESIAN_POINT('',(-39.6884408179386,0.,35.6123866094674));
#11658=CARTESIAN_POINT('',(-48.9761964333907,0.2,35.6123866094674));
#11659=CARTESIAN_POINT('',(-48.9761964333907,0.,35.6123866094674));
#11660=CARTESIAN_POINT('',(-48.9761964333907,0.2,35.6123866094674));
#11661=CARTESIAN_POINT('Origin',(-48.9761964333907,0.,34.7788259340848));
#11662=CARTESIAN_POINT('',(-48.9761964333907,0.,34.7788259340848));
#11663=CARTESIAN_POINT('',(-48.9761964333907,0.,16.6260411916479));
#11664=CARTESIAN_POINT('',(-48.9761964333907,0.2,34.7788259340848));
#11665=CARTESIAN_POINT('',(-48.9761964333907,0.,34.7788259340848));
#11666=CARTESIAN_POINT('',(-48.9761964333907,0.2,34.7788259340848));
#11667=CARTESIAN_POINT('Ctrl Pts',(-48.9461828125373,0.,34.4889214588727));
#11668=CARTESIAN_POINT('Ctrl Pts',(-48.9461828125373,0.2,34.4889214588727));
#11669=CARTESIAN_POINT('Ctrl Pts',(-48.9548093908942,0.,34.5244223899443));
#11670=CARTESIAN_POINT('Ctrl Pts',(-48.9548093908942,0.2,34.5244223899443));
#11671=CARTESIAN_POINT('Ctrl Pts',(-48.9778943123963,0.,34.6194236955759));
#11672=CARTESIAN_POINT('Ctrl Pts',(-48.9778943123963,0.2,34.6194236955759));
#11673=CARTESIAN_POINT('Ctrl Pts',(-48.9768503061296,0.,34.7174382981366));
#11674=CARTESIAN_POINT('Ctrl Pts',(-48.9768503061296,0.2,34.7174382981366));
#11675=CARTESIAN_POINT('Ctrl Pts',(-48.9761964333907,0.,34.7788259340848));
#11676=CARTESIAN_POINT('Ctrl Pts',(-48.9761964333907,0.2,34.7788259340848));
#11677=CARTESIAN_POINT('',(-48.9461828125373,0.,34.4889214588727));
#11678=CARTESIAN_POINT('Ctrl Pts',(-48.9461828125373,0.,34.4889214588727));
#11679=CARTESIAN_POINT('Ctrl Pts',(-48.9548093908942,0.,34.5244223899443));
#11680=CARTESIAN_POINT('Ctrl Pts',(-48.9778943123963,0.,34.6194236955759));
#11681=CARTESIAN_POINT('Ctrl Pts',(-48.9768503061296,0.,34.7174382981366));
#11682=CARTESIAN_POINT('Ctrl Pts',(-48.9761964333907,0.,34.7788259340848));
#11683=CARTESIAN_POINT('',(-48.9461828125373,0.2,34.4889214588727));
#11684=CARTESIAN_POINT('',(-48.9461828125373,0.,34.4889214588727));
#11685=CARTESIAN_POINT('Ctrl Pts',(-48.9461828125373,0.2,34.4889214588727));
#11686=CARTESIAN_POINT('Ctrl Pts',(-48.9548093908942,0.2,34.5244223899443));
#11687=CARTESIAN_POINT('Ctrl Pts',(-48.9778943123963,0.2,34.6194236955759));
#11688=CARTESIAN_POINT('Ctrl Pts',(-48.9768503061296,0.2,34.7174382981366));
#11689=CARTESIAN_POINT('Ctrl Pts',(-48.9761964333907,0.2,34.7788259340848));
#11690=CARTESIAN_POINT('Ctrl Pts',(-48.8424990428344,0.,34.3777346564855));
#11691=CARTESIAN_POINT('Ctrl Pts',(-48.8424990428344,0.2,34.3777346564855));
#11692=CARTESIAN_POINT('Ctrl Pts',(-48.8650559092318,0.,34.3925377285955));
#11693=CARTESIAN_POINT('Ctrl Pts',(-48.8650559092318,0.2,34.3925377285955));
#11694=CARTESIAN_POINT('Ctrl Pts',(-48.9087270364881,0.,34.4211971547105));
#11695=CARTESIAN_POINT('Ctrl Pts',(-48.9087270364881,0.2,34.4211971547105));
#11696=CARTESIAN_POINT('Ctrl Pts',(-48.9339755687562,0.,34.4668493733891));
#11697=CARTESIAN_POINT('Ctrl Pts',(-48.9339755687562,0.2,34.4668493733891));
#11698=CARTESIAN_POINT('Ctrl Pts',(-48.9461828125373,0.,34.4889214588727));
#11699=CARTESIAN_POINT('Ctrl Pts',(-48.9461828125373,0.2,34.4889214588727));
#11700=CARTESIAN_POINT('',(-48.8424990428344,0.,34.3777346564855));
#11701=CARTESIAN_POINT('Ctrl Pts',(-48.8424990428344,0.,34.3777346564855));
#11702=CARTESIAN_POINT('Ctrl Pts',(-48.8650559092318,0.,34.3925377285955));
#11703=CARTESIAN_POINT('Ctrl Pts',(-48.9087270364881,0.,34.4211971547105));
#11704=CARTESIAN_POINT('Ctrl Pts',(-48.9339755687562,0.,34.4668493733891));
#11705=CARTESIAN_POINT('Ctrl Pts',(-48.9461828125373,0.,34.4889214588727));
#11706=CARTESIAN_POINT('',(-48.8424990428344,0.2,34.3777346564855));
#11707=CARTESIAN_POINT('',(-48.8424990428344,0.,34.3777346564855));
#11708=CARTESIAN_POINT('Ctrl Pts',(-48.8424990428344,0.2,34.3777346564855));
#11709=CARTESIAN_POINT('Ctrl Pts',(-48.8650559092318,0.2,34.3925377285955));
#11710=CARTESIAN_POINT('Ctrl Pts',(-48.9087270364881,0.2,34.4211971547105));
#11711=CARTESIAN_POINT('Ctrl Pts',(-48.9339755687562,0.2,34.4668493733891));
#11712=CARTESIAN_POINT('Ctrl Pts',(-48.9461828125373,0.2,34.4889214588727));
#11713=CARTESIAN_POINT('Ctrl Pts',(-48.635132099475,0.,34.3354424788083));
#11714=CARTESIAN_POINT('Ctrl Pts',(-48.635132099475,0.2,34.3354424788083));
#11715=CARTESIAN_POINT('Ctrl Pts',(-48.6752997950216,0.,34.3362150409017));
#11716=CARTESIAN_POINT('Ctrl Pts',(-48.6752997950216,0.2,34.3362150409017));
#11717=CARTESIAN_POINT('Ctrl Pts',(-48.747214298197,0.,34.337598202628));
#11718=CARTESIAN_POINT('Ctrl Pts',(-48.747214298197,0.2,34.337598202628));
#11719=CARTESIAN_POINT('Ctrl Pts',(-48.8133176015185,0.,34.3654426618191));
#11720=CARTESIAN_POINT('Ctrl Pts',(-48.8133176015185,0.2,34.3654426618191));
#11721=CARTESIAN_POINT('Ctrl Pts',(-48.8424990428344,0.,34.3777346564855));
#11722=CARTESIAN_POINT('Ctrl Pts',(-48.8424990428344,0.2,34.3777346564855));
#11723=CARTESIAN_POINT('',(-48.635132099475,0.,34.3354424788083));
#11724=CARTESIAN_POINT('Ctrl Pts',(-48.635132099475,0.,34.3354424788083));
#11725=CARTESIAN_POINT('Ctrl Pts',(-48.6752997950216,0.,34.3362150409017));
#11726=CARTESIAN_POINT('Ctrl Pts',(-48.747214298197,0.,34.337598202628));
#11727=CARTESIAN_POINT('Ctrl Pts',(-48.8133176015185,0.,34.3654426618191));
#11728=CARTESIAN_POINT('Ctrl Pts',(-48.8424990428344,0.,34.3777346564855));
#11729=CARTESIAN_POINT('',(-48.635132099475,0.2,34.3354424788083));
#11730=CARTESIAN_POINT('',(-48.635132099475,0.,34.3354424788083));
#11731=CARTESIAN_POINT('Ctrl Pts',(-48.635132099475,0.2,34.3354424788083));
#11732=CARTESIAN_POINT('Ctrl Pts',(-48.6752997950216,0.2,34.3362150409017));
#11733=CARTESIAN_POINT('Ctrl Pts',(-48.747214298197,0.2,34.337598202628));
#11734=CARTESIAN_POINT('Ctrl Pts',(-48.8133176015185,0.2,34.3654426618191));
#11735=CARTESIAN_POINT('Ctrl Pts',(-48.8424990428344,0.2,34.3777346564855));
#11736=CARTESIAN_POINT('Ctrl Pts',(-48.4495932711021,0.,34.3572705937948));
#11737=CARTESIAN_POINT('Ctrl Pts',(-48.4495932711021,0.2,34.3572705937948));
#11738=CARTESIAN_POINT('Ctrl Pts',(-48.4822323892031,0.,34.3509122340946));
#11739=CARTESIAN_POINT('Ctrl Pts',(-48.4822323892031,0.2,34.3509122340946));
#11740=CARTESIAN_POINT('Ctrl Pts',(-48.5435451968109,0.,34.3389680117113));
#11741=CARTESIAN_POINT('Ctrl Pts',(-48.5435451968109,0.2,34.3389680117113));
#11742=CARTESIAN_POINT('Ctrl Pts',(-48.6059484497711,0.,34.3365658699731));
#11743=CARTESIAN_POINT('Ctrl Pts',(-48.6059484497711,0.2,34.3365658699731));
#11744=CARTESIAN_POINT('Ctrl Pts',(-48.635132099475,0.,34.3354424788083));
#11745=CARTESIAN_POINT('Ctrl Pts',(-48.635132099475,0.2,34.3354424788083));
#11746=CARTESIAN_POINT('',(-48.4495932711021,0.,34.3572705937948));
#11747=CARTESIAN_POINT('Ctrl Pts',(-48.4495932711021,0.,34.3572705937948));
#11748=CARTESIAN_POINT('Ctrl Pts',(-48.4822323892031,0.,34.3509122340946));
#11749=CARTESIAN_POINT('Ctrl Pts',(-48.5435451968109,0.,34.3389680117113));
#11750=CARTESIAN_POINT('Ctrl Pts',(-48.6059484497711,0.,34.3365658699731));
#11751=CARTESIAN_POINT('Ctrl Pts',(-48.635132099475,0.,34.3354424788083));
#11752=CARTESIAN_POINT('',(-48.4495932711021,0.2,34.3572705937948));
#11753=CARTESIAN_POINT('',(-48.4495932711021,0.,34.3572705937948));
#11754=CARTESIAN_POINT('Ctrl Pts',(-48.4495932711021,0.2,34.3572705937948));
#11755=CARTESIAN_POINT('Ctrl Pts',(-48.4822323892031,0.2,34.3509122340946));
#11756=CARTESIAN_POINT('Ctrl Pts',(-48.5435451968109,0.2,34.3389680117113));
#11757=CARTESIAN_POINT('Ctrl Pts',(-48.6059484497711,0.2,34.3365658699731));
#11758=CARTESIAN_POINT('Ctrl Pts',(-48.635132099475,0.2,34.3354424788083));
#11759=CARTESIAN_POINT('Origin',(-48.4850639952079,0.,34.5741875423517));
#11760=CARTESIAN_POINT('',(-48.4850639952079,0.,34.5741875423517));
#11761=CARTESIAN_POINT('',(-45.3747966258864,0.,15.5537213986023));
#11762=CARTESIAN_POINT('',(-48.4850639952079,0.2,34.5741875423517));
#11763=CARTESIAN_POINT('',(-48.4850639952079,0.,34.5741875423517));
#11764=CARTESIAN_POINT('',(-48.4850639952079,0.2,34.5741875423517));
#11765=CARTESIAN_POINT('Ctrl Pts',(-48.5928402198211,0.,34.5646376861658));
#11766=CARTESIAN_POINT('Ctrl Pts',(-48.5928402198211,0.2,34.5646376861658));
#11767=CARTESIAN_POINT('Ctrl Pts',(-48.5770177685524,0.,34.5651992813108));
#11768=CARTESIAN_POINT('Ctrl Pts',(-48.5770177685524,0.2,34.5651992813108));
#11769=CARTESIAN_POINT('Ctrl Pts',(-48.5409317830937,0.,34.56648010145));
#11770=CARTESIAN_POINT('Ctrl Pts',(-48.5409317830937,0.2,34.56648010145));
#11771=CARTESIAN_POINT('Ctrl Pts',(-48.505154296545,0.,34.5714159128293));
#11772=CARTESIAN_POINT('Ctrl Pts',(-48.505154296545,0.2,34.5714159128293));
#11773=CARTESIAN_POINT('Ctrl Pts',(-48.4850639952079,0.,34.5741875423517));
#11774=CARTESIAN_POINT('Ctrl Pts',(-48.4850639952079,0.2,34.5741875423517));
#11775=CARTESIAN_POINT('Ctrl Pts',(-48.5928402198211,0.,34.5646376861658));
#11776=CARTESIAN_POINT('Ctrl Pts',(-48.5770177685524,0.,34.5651992813108));
#11777=CARTESIAN_POINT('Ctrl Pts',(-48.5409317830937,0.,34.56648010145));
#11778=CARTESIAN_POINT('Ctrl Pts',(-48.505154296545,0.,34.5714159128293));
#11779=CARTESIAN_POINT('Ctrl Pts',(-48.4850639952079,0.,34.5741875423517));
#11780=CARTESIAN_POINT('Ctrl Pts',(-48.5928402198211,0.2,34.5646376861658));
#11781=CARTESIAN_POINT('Ctrl Pts',(-48.5770177685524,0.2,34.5651992813108));
#11782=CARTESIAN_POINT('Ctrl Pts',(-48.5409317830937,0.2,34.56648010145));
#11783=CARTESIAN_POINT('Ctrl Pts',(-48.505154296545,0.2,34.5714159128293));
#11784=CARTESIAN_POINT('Ctrl Pts',(-48.4850639952079,0.2,34.5741875423517));
#11785=CARTESIAN_POINT('Origin',(-44.386838144596,0.2,35.0769159896697));
#11786=CARTESIAN_POINT('Origin',(-52.6242181760923,0.,36.0571342660512));
#11787=CARTESIAN_POINT('',(-52.6242181760923,0.,36.0571342660512));
#11788=CARTESIAN_POINT('',(-52.6242181760923,0.,34.3545421911802));
#11789=CARTESIAN_POINT('',(-52.6242181760923,0.,17.2651953576311));
#11790=CARTESIAN_POINT('',(-52.6242181760923,0.2,36.0571342660512));
#11791=CARTESIAN_POINT('',(-52.6242181760923,0.,36.0571342660512));
#11792=CARTESIAN_POINT('',(-52.6242181760923,0.2,34.3545421911802));
#11793=CARTESIAN_POINT('',(-52.6242181760923,0.2,36.0571342660512));
#11794=CARTESIAN_POINT('',(-52.6242181760923,0.,34.3545421911802));
#11795=CARTESIAN_POINT('Origin',(-52.0457735014812,0.,34.3545421911802));
#11796=CARTESIAN_POINT('',(-52.0457735014812,0.,34.3545421911802));
#11797=CARTESIAN_POINT('',(-45.4613660118453,0.,14.9740197287458));
#11798=CARTESIAN_POINT('',(-52.0457735014812,0.2,34.3545421911802));
#11799=CARTESIAN_POINT('',(-52.0457735014812,0.,34.3545421911802));
#11800=CARTESIAN_POINT('',(-52.0457735014812,0.2,34.3545421911802));
#11801=CARTESIAN_POINT('Origin',(-51.8070285869495,0.,34.3545421911802));
#11802=CARTESIAN_POINT('',(-51.8070285869495,0.,34.3545421911802));
#11803=CARTESIAN_POINT('',(-41.103856894718,0.,34.3545421911802));
#11804=CARTESIAN_POINT('',(-51.8070285869495,0.2,34.3545421911802));
#11805=CARTESIAN_POINT('',(-51.8070285869495,0.,34.3545421911802));
#11806=CARTESIAN_POINT('',(-51.8070285869495,0.2,34.3545421911802));
#11807=CARTESIAN_POINT('Origin',(-51.2258552862064,0.,36.0284848465051));
#11808=CARTESIAN_POINT('',(-51.2258552862064,0.,36.0284848465051));
#11809=CARTESIAN_POINT('',(-55.9238037996338,0.,22.4970710683922));
#11810=CARTESIAN_POINT('',(-51.2258552862064,0.2,36.0284848465051));
#11811=CARTESIAN_POINT('',(-51.2258552862064,0.,36.0284848465051));
#11812=CARTESIAN_POINT('',(-51.2258552862064,0.2,36.0284848465051));
#11813=CARTESIAN_POINT('Origin',(-51.2258552862064,0.,34.3545421911802));
#11814=CARTESIAN_POINT('',(-51.2258552862064,0.,34.3545421911802));
#11815=CARTESIAN_POINT('',(-51.2258552862064,0.,16.4138993201956));
#11816=CARTESIAN_POINT('',(-51.2258552862064,0.2,34.3545421911802));
#11817=CARTESIAN_POINT('',(-51.2258552862064,0.,34.3545421911802));
#11818=CARTESIAN_POINT('',(-51.2258552862064,0.2,34.3545421911802));
#11819=CARTESIAN_POINT('Origin',(-50.9707393599406,0.,34.3545421911802));
#11820=CARTESIAN_POINT('',(-50.9707393599406,0.,34.3545421911802));
#11821=CARTESIAN_POINT('',(-40.6857122812136,0.,34.3545421911802));
#11822=CARTESIAN_POINT('',(-50.9707393599406,0.2,34.3545421911802));
#11823=CARTESIAN_POINT('',(-50.9707393599406,0.,34.3545421911802));
#11824=CARTESIAN_POINT('',(-50.9707393599406,0.2,34.3545421911802));
#11825=CARTESIAN_POINT('Origin',(-50.9707393599406,0.,36.3545422209825));
#11826=CARTESIAN_POINT('',(-50.9707393599406,0.,36.3545422209825));
#11827=CARTESIAN_POINT('',(-50.9707393599406,0.,17.4138993350967));
#11828=CARTESIAN_POINT('',(-50.9707393599406,0.2,36.3545422209825));
#11829=CARTESIAN_POINT('',(-50.9707393599406,0.,36.3545422209825));
#11830=CARTESIAN_POINT('',(-50.9707393599406,0.2,36.3545422209825));
#11831=CARTESIAN_POINT('Origin',(-51.3268103552715,0.,36.3545422209825));
#11832=CARTESIAN_POINT('',(-51.3268103552715,0.,36.3545422209825));
#11833=CARTESIAN_POINT('',(-40.863747778879,0.,36.3545422209825));
#11834=CARTESIAN_POINT('',(-51.3268103552715,0.2,36.3545422209825));
#11835=CARTESIAN_POINT('',(-51.3268103552715,0.,36.3545422209825));
#11836=CARTESIAN_POINT('',(-51.3268103552715,0.2,36.3545422209825));
#11837=CARTESIAN_POINT('Origin',(-51.8056642366306,0.,34.9630005611505));
#11838=CARTESIAN_POINT('',(-51.8056642366306,0.,34.9630005611505));
#11839=CARTESIAN_POINT('',(-56.2861268243927,0.,21.9428485087248));
#11840=CARTESIAN_POINT('',(-51.8056642366306,0.2,34.9630005611505));
#11841=CARTESIAN_POINT('',(-51.8056642366306,0.,34.9630005611505));
#11842=CARTESIAN_POINT('',(-51.8056642366306,0.2,34.9630005611505));
#11843=CARTESIAN_POINT('Ctrl Pts',(-51.9120762599364,0.,34.6424002899255));
#11844=CARTESIAN_POINT('Ctrl Pts',(-51.9120762599364,0.2,34.6424002899255));
#11845=CARTESIAN_POINT('Ctrl Pts',(-51.8976390344674,0.,34.6873450699722));
#11846=CARTESIAN_POINT('Ctrl Pts',(-51.8976390344674,0.2,34.6873450699722));
#11847=CARTESIAN_POINT('Ctrl Pts',(-51.8632013704025,0.,34.7945535665103));
#11848=CARTESIAN_POINT('Ctrl Pts',(-51.8632013704025,0.2,34.7945535665103));
#11849=CARTESIAN_POINT('Ctrl Pts',(-51.826803252407,0.,34.9011135076294));
#11850=CARTESIAN_POINT('Ctrl Pts',(-51.826803252407,0.2,34.9011135076294));
#11851=CARTESIAN_POINT('Ctrl Pts',(-51.8056642366306,0.,34.9630005611505));
#11852=CARTESIAN_POINT('Ctrl Pts',(-51.8056642366306,0.2,34.9630005611505));
#11853=CARTESIAN_POINT('',(-51.9120762599364,0.,34.6424002899255));
#11854=CARTESIAN_POINT('Ctrl Pts',(-51.9120762599364,0.,34.6424002899255));
#11855=CARTESIAN_POINT('Ctrl Pts',(-51.8976390344674,0.,34.6873450699722));
#11856=CARTESIAN_POINT('Ctrl Pts',(-51.8632013704025,0.,34.7945535665103));
#11857=CARTESIAN_POINT('Ctrl Pts',(-51.826803252407,0.,34.9011135076294));
#11858=CARTESIAN_POINT('Ctrl Pts',(-51.8056642366306,0.,34.9630005611505));
#11859=CARTESIAN_POINT('',(-51.9120762599364,0.2,34.6424002899255));
#11860=CARTESIAN_POINT('',(-51.9120762599364,0.,34.6424002899255));
#11861=CARTESIAN_POINT('Ctrl Pts',(-51.9120762599364,0.2,34.6424002899255));
#11862=CARTESIAN_POINT('Ctrl Pts',(-51.8976390344674,0.2,34.6873450699722));
#11863=CARTESIAN_POINT('Ctrl Pts',(-51.8632013704025,0.2,34.7945535665103));
#11864=CARTESIAN_POINT('Ctrl Pts',(-51.826803252407,0.2,34.9011135076294));
#11865=CARTESIAN_POINT('Ctrl Pts',(-51.8056642366306,0.2,34.9630005611505));
#11866=CARTESIAN_POINT('Ctrl Pts',(-52.0075742257491,0.,34.9384438945379));
#11867=CARTESIAN_POINT('Ctrl Pts',(-52.0075742257491,0.2,34.9384438945379));
#11868=CARTESIAN_POINT('Ctrl Pts',(-51.9885240647784,0.,34.8808613410276));
#11869=CARTESIAN_POINT('Ctrl Pts',(-51.9885240647784,0.2,34.8808613410276));
#11870=CARTESIAN_POINT('Ctrl Pts',(-51.9559554501634,0.,34.7824168188678));
#11871=CARTESIAN_POINT('Ctrl Pts',(-51.9559554501634,0.2,34.7824168188678));
#11872=CARTESIAN_POINT('Ctrl Pts',(-51.9249470894649,0.,34.6834705299611));
#11873=CARTESIAN_POINT('Ctrl Pts',(-51.9249470894649,0.2,34.6834705299611));
#11874=CARTESIAN_POINT('Ctrl Pts',(-51.9120762599364,0.,34.6424002899255));
#11875=CARTESIAN_POINT('Ctrl Pts',(-51.9120762599364,0.2,34.6424002899255));
#11876=CARTESIAN_POINT('',(-52.0075742257491,0.,34.9384438945379));
#11877=CARTESIAN_POINT('Ctrl Pts',(-52.0075742257491,0.,34.9384438945379));
#11878=CARTESIAN_POINT('Ctrl Pts',(-51.9885240647784,0.,34.8808613410276));
#11879=CARTESIAN_POINT('Ctrl Pts',(-51.9559554501634,0.,34.7824168188678));
#11880=CARTESIAN_POINT('Ctrl Pts',(-51.9249470894649,0.,34.6834705299611));
#11881=CARTESIAN_POINT('Ctrl Pts',(-51.9120762599364,0.,34.6424002899255));
#11882=CARTESIAN_POINT('',(-52.0075742257491,0.2,34.9384438945379));
#11883=CARTESIAN_POINT('',(-52.0075742257491,0.,34.9384438945379));
#11884=CARTESIAN_POINT('Ctrl Pts',(-52.0075742257491,0.2,34.9384438945379));
#11885=CARTESIAN_POINT('Ctrl Pts',(-51.9885240647784,0.2,34.8808613410276));
#11886=CARTESIAN_POINT('Ctrl Pts',(-51.9559554501634,0.2,34.7824168188678));
#11887=CARTESIAN_POINT('Ctrl Pts',(-51.9249470894649,0.2,34.6834705299611));
#11888=CARTESIAN_POINT('Ctrl Pts',(-51.9120762599364,0.2,34.6424002899255));
#11889=CARTESIAN_POINT('Origin',(-52.4809712646261,0.,36.3545422209825));
#11890=CARTESIAN_POINT('',(-52.4809712646261,0.,36.3545422209825));
#11891=CARTESIAN_POINT('',(-45.6758899285337,0.,15.9981320621438));
#11892=CARTESIAN_POINT('',(-52.4809712646261,0.2,36.3545422209825));
#11893=CARTESIAN_POINT('',(-52.4809712646261,0.,36.3545422209825));
#11894=CARTESIAN_POINT('',(-52.4809712646261,0.2,36.3545422209825));
#11895=CARTESIAN_POINT('Origin',(-52.8793341396109,0.,36.3545422209825));
#11896=CARTESIAN_POINT('',(-52.8793341396109,0.,36.3545422209825));
#11897=CARTESIAN_POINT('',(-41.6400096710487,0.,36.3545422209825));
#11898=CARTESIAN_POINT('',(-52.8793341396109,0.2,36.3545422209825));
#11899=CARTESIAN_POINT('',(-52.8793341396109,0.,36.3545422209825));
#11900=CARTESIAN_POINT('',(-52.8793341396109,0.2,36.3545422209825));
#11901=CARTESIAN_POINT('Origin',(-52.8793341396109,0.,34.3545421911802));
#11902=CARTESIAN_POINT('',(-52.8793341396109,0.,34.3545421911802));
#11903=CARTESIAN_POINT('',(-52.8793341396109,0.,16.4138993201956));
#11904=CARTESIAN_POINT('',(-52.8793341396109,0.2,34.3545421911802));
#11905=CARTESIAN_POINT('',(-52.8793341396109,0.,34.3545421911802));
#11906=CARTESIAN_POINT('',(-52.8793341396109,0.2,34.3545421911802));
#11907=CARTESIAN_POINT('Origin',(-52.6242181760923,0.,34.3545421911802));
#11908=CARTESIAN_POINT('',(-41.5124516892894,0.,34.3545421911802));
#11909=CARTESIAN_POINT('',(-52.6242181760923,0.2,34.3545421911802));
#11910=CARTESIAN_POINT('Origin',(-44.386838144596,0.2,35.0769159896697));
#11911=CARTESIAN_POINT('Origin',(-30.4006852024865,0.,-1.52674355078906));
#11912=CARTESIAN_POINT('',(10.4843147975135,0.,-37.3717435507891));
#11913=CARTESIAN_POINT('',(5.48431479751351,0.,-42.3717435507891));
#11914=CARTESIAN_POINT('Origin',(5.48431479751351,0.,-37.3717435507891));
#11915=CARTESIAN_POINT('',(10.4843147975135,0.,34.3182564492109));
#11916=CARTESIAN_POINT('',(10.4843147975135,0.,-42.3717435507891));
#11917=CARTESIAN_POINT('',(5.48431479751351,0.,39.3182564492109));
#11918=CARTESIAN_POINT('Origin',(5.48431479751351,0.,34.3182564492109));
#11919=CARTESIAN_POINT('',(-66.2856852024865,0.,39.3182564492109));
#11920=CARTESIAN_POINT('',(10.4843147975135,0.,39.3182564492109));
#11921=CARTESIAN_POINT('',(-71.2856852024865,0.,34.3182564492109));
#11922=CARTESIAN_POINT('Origin',(-66.2856852024865,0.,34.3182564492109));
#11923=CARTESIAN_POINT('',(-71.2856852024865,0.,-37.3717435507891));
#11924=CARTESIAN_POINT('',(-71.2856852024865,0.,39.3182564492109));
#11925=CARTESIAN_POINT('',(-66.2856852024865,0.,-42.3717435507891));
#11926=CARTESIAN_POINT('Origin',(-66.2856852024865,0.,-37.3717435507891));
#11927=CARTESIAN_POINT('',(-71.2856852024865,0.,-42.3717435507891));
#11928=CARTESIAN_POINT('',(-69.2856852024865,0.,34.3182564492109));
#11929=CARTESIAN_POINT('Origin',(-66.2856852024865,0.,34.3182564492109));
#11930=CARTESIAN_POINT('',(-69.2856852024865,0.,-37.3717435507891));
#11931=CARTESIAN_POINT('Origin',(-66.2856852024865,0.,-37.3717435507891));
#11932=CARTESIAN_POINT('',(2.48431479751351,0.,34.3182564492109));
#11933=CARTESIAN_POINT('Origin',(5.48431479751351,0.,34.3182564492109));
#11934=CARTESIAN_POINT('',(2.48431479751351,0.,-37.3717435507891));
#11935=CARTESIAN_POINT('Origin',(5.48431479751351,0.,-37.3717435507891));
#11936=CARTESIAN_POINT('Origin',(-30.4006852024865,0.,-1.52674355078906));
#11937=CARTESIAN_POINT('Origin',(-30.4006852024865,0.,-1.52674355078906));
#11938=CARTESIAN_POINT('Origin',(-30.4006852024865,0.,-1.52674355078906));
#11939=CARTESIAN_POINT('Origin',(-30.4006852024865,0.,-1.52674355078906));
#11940=CARTESIAN_POINT('Origin',(5.48431479751351,0.,-37.3717435507891));
#11941=CARTESIAN_POINT('',(5.48431479751351,13.,-42.3717435507891));
#11942=CARTESIAN_POINT('',(10.4843147975135,13.,-37.3717435507891));
#11943=CARTESIAN_POINT('Origin',(5.48431479751351,13.,-37.3717435507891));
#11944=CARTESIAN_POINT('',(10.4843147975135,0.,-37.3717435507891));
#11945=CARTESIAN_POINT('',(5.48431479751351,0.,-42.3717435507891));
#11946=CARTESIAN_POINT('Origin',(10.4843147975135,0.,39.3182564492109));
#11947=CARTESIAN_POINT('',(10.4843147975135,13.,34.3182564492109));
#11948=CARTESIAN_POINT('',(10.4843147975135,13.,-42.3717435507891));
#11949=CARTESIAN_POINT('',(10.4843147975135,0.,34.3182564492109));
#11950=CARTESIAN_POINT('Origin',(5.48431479751351,13.,-37.3717435507891));
#11951=CARTESIAN_POINT('',(-38.7456852024865,13.,-42.3717435507891));
#11952=CARTESIAN_POINT('',(-71.2856852024865,13.,-42.3717435507891));
#11953=CARTESIAN_POINT('',(-38.7456852024865,13.,-32.8717435507891));
#11954=CARTESIAN_POINT('',(-38.7456852024865,13.,-39.8717435507891));
#11955=CARTESIAN_POINT('',(-0.0156852024864751,13.,-32.8717435507891));
#11956=CARTESIAN_POINT('',(-61.7856852024865,13.,-32.8717435507891));
#11957=CARTESIAN_POINT('',(-0.0156852024864751,13.,28.8182564492109));
#11958=CARTESIAN_POINT('',(-0.0156852024864751,13.,-32.8717435507891));
#11959=CARTESIAN_POINT('',(-61.7856852024865,13.,28.8182564492109));
#11960=CARTESIAN_POINT('',(-0.0156852024864751,13.,28.8182564492109));
#11961=CARTESIAN_POINT('',(-61.7856852024865,13.,-32.8717435507891));
#11962=CARTESIAN_POINT('',(-61.7856852024865,13.,28.8182564492109));
#11963=CARTESIAN_POINT('',(-57.2456852024865,13.,-32.8717435507891));
#11964=CARTESIAN_POINT('',(-61.7856852024865,13.,-32.8717435507891));
#11965=CARTESIAN_POINT('',(-57.2456852024865,13.,-42.3717435507891));
#11966=CARTESIAN_POINT('',(-57.2456852024865,13.,-35.1217435507891));
#11967=CARTESIAN_POINT('',(-66.2856852024865,13.,-42.3717435507891));
#11968=CARTESIAN_POINT('',(-71.2856852024865,13.,-42.3717435507891));
#11969=CARTESIAN_POINT('',(-71.2856852024865,13.,-37.3717435507891));
#11970=CARTESIAN_POINT('Origin',(-66.2856852024865,13.,-37.3717435507891));
#11971=CARTESIAN_POINT('',(-71.2856852024865,13.,34.3182564492109));
#11972=CARTESIAN_POINT('',(-71.2856852024865,13.,39.3182564492109));
#11973=CARTESIAN_POINT('',(-66.2856852024865,13.,39.3182564492109));
#11974=CARTESIAN_POINT('Origin',(-66.2856852024865,13.,34.3182564492109));
#11975=CARTESIAN_POINT('',(5.48431479751351,13.,39.3182564492109));
#11976=CARTESIAN_POINT('',(10.4843147975135,13.,39.3182564492109));
#11977=CARTESIAN_POINT('Origin',(5.48431479751351,13.,34.3182564492109));
#11978=CARTESIAN_POINT('',(3.78431479751351,13.,-37.3717435507891));
#11979=CARTESIAN_POINT('Origin',(5.48431479751351,13.,-37.3717435507891));
#11980=CARTESIAN_POINT('',(-67.9856852024865,13.,34.3182564492109));
#11981=CARTESIAN_POINT('Origin',(-66.2856852024865,13.,34.3182564492109));
#11982=CARTESIAN_POINT('',(-67.9856852024865,13.,-37.3717435507891));
#11983=CARTESIAN_POINT('Origin',(-66.2856852024865,13.,-37.3717435507891));
#11984=CARTESIAN_POINT('',(3.78431479751351,13.,34.3182564492109));
#11985=CARTESIAN_POINT('Origin',(5.48431479751351,13.,34.3182564492109));
#11986=CARTESIAN_POINT('Origin',(5.48431479751351,0.,34.3182564492109));
#11987=CARTESIAN_POINT('',(5.48431479751351,0.,39.3182564492109));
#11988=CARTESIAN_POINT('Origin',(-71.2856852024865,0.,39.3182564492109));
#11989=CARTESIAN_POINT('',(-66.2856852024865,0.,39.3182564492109));
#11990=CARTESIAN_POINT('Origin',(-66.2856852024865,0.,34.3182564492109));
#11991=CARTESIAN_POINT('',(-71.2856852024865,0.,34.3182564492109));
#11992=CARTESIAN_POINT('Origin',(-71.2856852024865,0.,-42.3717435507891));
#11993=CARTESIAN_POINT('',(-71.2856852024865,0.,-37.3717435507891));
#11994=CARTESIAN_POINT('Origin',(-66.2856852024865,0.,-37.3717435507891));
#11995=CARTESIAN_POINT('',(-66.2856852024865,0.,-42.3717435507891));
#11996=CARTESIAN_POINT('Origin',(10.4843147975135,0.,-42.3717435507891));
#11997=CARTESIAN_POINT('',(-57.2456852024865,5.5,-42.3717435507891));
#11998=CARTESIAN_POINT('',(-57.2456852024865,6.5,-42.3717435507891));
#11999=CARTESIAN_POINT('',(-38.7456852024865,5.5,-42.3717435507891));
#12000=CARTESIAN_POINT('',(-18.7556852024865,5.5,-42.3717435507891));
#12001=CARTESIAN_POINT('',(-38.7456852024865,6.5,-42.3717435507891));
#12002=CARTESIAN_POINT('Origin',(-38.7456852024865,13.,-42.3717435507891));
#12003=CARTESIAN_POINT('',(-38.7456852024865,5.5,-32.8717435507891));
#12004=CARTESIAN_POINT('',(-38.7456852024865,5.5,-42.3717435507891));
#12005=CARTESIAN_POINT('',(-38.7456852024865,6.5,-32.8717435507891));
#12006=CARTESIAN_POINT('Origin',(-57.2456852024865,13.,-32.8717435507891));
#12007=CARTESIAN_POINT('',(-57.2456852024865,5.5,-32.8717435507891));
#12008=CARTESIAN_POINT('',(-57.2456852024865,6.5,-32.8717435507891));
#12009=CARTESIAN_POINT('',(-57.2456852024865,5.5,-32.8717435507891));
#12010=CARTESIAN_POINT('Origin',(-47.9956852024865,5.5,-37.6217435507891));
#12011=CARTESIAN_POINT('',(-54.8906852024865,5.5,-32.8717435507891));
#12012=CARTESIAN_POINT('Origin',(-61.7856852024865,0.,-32.8717435507891));
#12013=CARTESIAN_POINT('',(-61.7856852024865,3.,-32.8717435507891));
#12014=CARTESIAN_POINT('',(-61.7856852024865,0.,-32.8717435507891));
#12015=CARTESIAN_POINT('',(-0.0156852024864751,3.,-32.8717435507891));
#12016=CARTESIAN_POINT('',(-46.3431852024865,3.,-32.8717435507891));
#12017=CARTESIAN_POINT('',(-0.0156852024864751,0.,-32.8717435507891));
#12018=CARTESIAN_POINT('Origin',(-30.9006852024865,3.,-2.02674355078907));
#12019=CARTESIAN_POINT('',(-0.0156852024864751,3.,28.8182564492109));
#12020=CARTESIAN_POINT('',(-61.7856852024865,3.,28.8182564492109));
#12021=CARTESIAN_POINT('',(-15.4581852024865,3.,28.8182564492109));
#12022=CARTESIAN_POINT('',(-0.0156852024864751,3.,-17.4492435507891));
#12023=CARTESIAN_POINT('',(-61.7856852024865,3.,13.3957564492109));
#12024=CARTESIAN_POINT('Origin',(-0.0156852024864751,0.,-32.8717435507891));
#12025=CARTESIAN_POINT('',(-0.0156852024864751,0.,28.8182564492109));
#12026=CARTESIAN_POINT('Origin',(5.48431479751351,0.,-37.3717435507891));
#12027=CARTESIAN_POINT('',(2.48431479751351,3.1,-37.3717435507891));
#12028=CARTESIAN_POINT('Origin',(5.48431479751351,3.1,-37.3717435507891));
#12029=CARTESIAN_POINT('',(2.48431479751351,0.,-37.3717435507891));
#12030=CARTESIAN_POINT('Origin',(5.48431479751351,0.,34.3182564492109));
#12031=CARTESIAN_POINT('',(2.48431479751351,3.1,34.3182564492109));
#12032=CARTESIAN_POINT('Origin',(5.48431479751351,3.1,34.3182564492109));
#12033=CARTESIAN_POINT('',(2.48431479751351,0.,34.3182564492109));
#12034=CARTESIAN_POINT('Origin',(-66.2856852024865,0.,34.3182564492109));
#12035=CARTESIAN_POINT('',(-69.2856852024865,3.1,34.3182564492109));
#12036=CARTESIAN_POINT('Origin',(-66.2856852024865,3.1,34.3182564492109));
#12037=CARTESIAN_POINT('',(-69.2856852024865,0.,34.3182564492109));
#12038=CARTESIAN_POINT('Origin',(-66.2856852024865,0.,-37.3717435507891));
#12039=CARTESIAN_POINT('',(-69.2856852024865,3.1,-37.3717435507891));
#12040=CARTESIAN_POINT('Origin',(-66.2856852024865,3.1,-37.3717435507891));
#12041=CARTESIAN_POINT('',(-69.2856852024865,0.,-37.3717435507891));
#12042=CARTESIAN_POINT('Origin',(-61.7856852024865,0.,28.8182564492109));
#12043=CARTESIAN_POINT('',(-61.7856852024865,0.,28.8182564492109));
#12044=CARTESIAN_POINT('Origin',(-0.0156852024864751,0.,28.8182564492109));
#12045=CARTESIAN_POINT('Origin',(-30.4006852024865,0.,-1.52674355078906));
#12046=CARTESIAN_POINT('Origin',(-66.2856852024865,3.1,-37.3717435507891));
#12047=CARTESIAN_POINT('',(-67.9856852024865,3.1,-37.3717435507891));
#12048=CARTESIAN_POINT('',(-67.9856852024865,3.1,-37.3717435507891));
#12049=CARTESIAN_POINT('Origin',(-66.2856852024865,3.1,-37.3717435507891));
#12050=CARTESIAN_POINT('Origin',(-66.2856852024865,3.1,-37.3717435507891));
#12051=CARTESIAN_POINT('Origin',(-66.2856852024865,3.1,34.3182564492109));
#12052=CARTESIAN_POINT('',(-67.9856852024865,3.1,34.3182564492109));
#12053=CARTESIAN_POINT('',(-67.9856852024865,3.1,34.3182564492109));
#12054=CARTESIAN_POINT('Origin',(-66.2856852024865,3.1,34.3182564492109));
#12055=CARTESIAN_POINT('Origin',(-66.2856852024865,3.1,34.3182564492109));
#12056=CARTESIAN_POINT('Origin',(5.48431479751351,3.1,34.3182564492109));
#12057=CARTESIAN_POINT('',(3.78431479751351,3.1,34.3182564492109));
#12058=CARTESIAN_POINT('',(3.78431479751351,3.1,34.3182564492109));
#12059=CARTESIAN_POINT('Origin',(5.48431479751351,3.1,34.3182564492109));
#12060=CARTESIAN_POINT('Origin',(5.48431479751351,3.1,34.3182564492109));
#12061=CARTESIAN_POINT('Origin',(5.48431479751351,3.1,-37.3717435507891));
#12062=CARTESIAN_POINT('',(3.78431479751351,3.1,-37.3717435507891));
#12063=CARTESIAN_POINT('',(3.78431479751351,3.1,-37.3717435507891));
#12064=CARTESIAN_POINT('Origin',(5.48431479751351,3.1,-37.3717435507891));
#12065=CARTESIAN_POINT('Origin',(5.48431479751351,3.1,-37.3717435507891));
#12066=UNCERTAINTY_MEASURE_WITH_UNIT(LENGTH_MEASURE(0.01),#12070,
'DISTANCE_ACCURACY_VALUE',
'Maximum model space distance between geometric entities at asserted c
onnectivities');
#12067=UNCERTAINTY_MEASURE_WITH_UNIT(LENGTH_MEASURE(0.01),#12070,
'DISTANCE_ACCURACY_VALUE',
'Maximum model space distance between geometric entities at asserted c
onnectivities');
#12068=(
GEOMETRIC_REPRESENTATION_CONTEXT(3)
GLOBAL_UNCERTAINTY_ASSIGNED_CONTEXT((#12066))
GLOBAL_UNIT_ASSIGNED_CONTEXT((#12070,#12072,#12073))
REPRESENTATION_CONTEXT('','3D')
);
#12069=(
GEOMETRIC_REPRESENTATION_CONTEXT(3)
GLOBAL_UNCERTAINTY_ASSIGNED_CONTEXT((#12067))
GLOBAL_UNIT_ASSIGNED_CONTEXT((#12070,#12072,#12073))
REPRESENTATION_CONTEXT('','3D')
);
#12070=(
LENGTH_UNIT()
NAMED_UNIT(*)
SI_UNIT(.MILLI.,.METRE.)
);
#12071=(
LENGTH_UNIT()
NAMED_UNIT(*)
SI_UNIT($,.METRE.)
);
#12072=(
NAMED_UNIT(*)
PLANE_ANGLE_UNIT()
SI_UNIT($,.RADIAN.)
);
#12073=(
NAMED_UNIT(*)
SI_UNIT($,.STERADIAN.)
SOLID_ANGLE_UNIT()
);
#12074=SHAPE_DEFINITION_REPRESENTATION(#12075,#12076);
#12075=PRODUCT_DEFINITION_SHAPE('',$,#12078);
#12076=SHAPE_REPRESENTATION('',(#5962),#12068);
#12077=PRODUCT_DEFINITION_CONTEXT('part definition',#12082,'design');
#12078=PRODUCT_DEFINITION('2026-01-15-10-43-51-016','(Unsaved)',#12079,
#12077);
#12079=PRODUCT_DEFINITION_FORMATION('',$,#12084);
#12080=PRODUCT_RELATED_PRODUCT_CATEGORY('(Unsaved)','(Unsaved)',(#12084));
#12081=APPLICATION_PROTOCOL_DEFINITION('international standard',
'automotive_design',2009,#12082);
#12082=APPLICATION_CONTEXT(
'Core Data for Automotive Mechanical Design Process');
#12083=PRODUCT_CONTEXT('part definition',#12082,'mechanical');
#12084=PRODUCT('2026-01-15-10-43-51-016','(Unsaved)',$,(#12083));
#12085=PRESENTATION_STYLE_ASSIGNMENT((#12086));
#12086=SURFACE_STYLE_USAGE(.BOTH.,#12087);
#12087=SURFACE_SIDE_STYLE('',(#12088));
#12088=SURFACE_STYLE_FILL_AREA(#12089);
#12089=FILL_AREA_STYLE('Steel - Satin',(#12090));
#12090=FILL_AREA_STYLE_COLOUR('Steel - Satin',#12091);
#12091=COLOUR_RGB('Steel - Satin',0.627450980392157,0.627450980392157,0.627450980392157);
ENDSEC;
END-ISO-10303-21;
