ISO-10303-21;
HEADER;
/* Generated by software containing ST-Developer
 * from STEP Tools, Inc. (www.steptools.com) 
 */

FILE_DESCRIPTION(
/* description */ (''),
/* implementation_level */ '2;1');

FILE_NAME(
/* name */ 'Top.step',
/* time_stamp */ '2026-01-15T11:29:44+01:00',
/* author */ (''),
/* organization */ (''),
/* preprocessor_version */ 'ST-DEVELOPER v20.1',
/* originating_system */ 'Autodesk Translation Framework v14.21.0.0',
/* authorisation */ '');

FILE_SCHEMA (('AUTOMOTIVE_DESIGN { 1 0 10303 214 3 1 1 }'));
ENDSEC;

DATA;
#10=MECHANICAL_DESIGN_GEOMETRIC_PRESENTATION_REPRESENTATION('',(#13),#13158);
#11=SHAPE_REPRESENTATION_RELATIONSHIP('SRR','None',#13165,#12);
#12=ADVANCED_BREP_SHAPE_REPRESENTATION('',(#14),#13157);
#13=STYLED_ITEM('',(#13174),#14);
#14=MANIFOLD_SOLID_BREP('Body1',#6662);
#15=CYLINDRICAL_SURFACE('',#6799,5.);
#16=CYLINDRICAL_SURFACE('',#6803,5.);
#17=CYLINDRICAL_SURFACE('',#6805,5.);
#18=CYLINDRICAL_SURFACE('',#6808,5.);
#19=CYLINDRICAL_SURFACE('',#6812,0.499999999999998);
#20=CYLINDRICAL_SURFACE('',#6815,0.499999999999998);
#21=CYLINDRICAL_SURFACE('',#6818,0.499999999999998);
#22=CYLINDRICAL_SURFACE('',#6821,0.499999999999998);
#23=CYLINDRICAL_SURFACE('',#6824,0.499999999999998);
#24=CYLINDRICAL_SURFACE('',#6827,0.499999999999998);
#25=CYLINDRICAL_SURFACE('',#6830,0.499999999999998);
#26=CYLINDRICAL_SURFACE('',#6833,0.499999999999998);
#27=CYLINDRICAL_SURFACE('',#6836,0.499999999999998);
#28=CYLINDRICAL_SURFACE('',#6839,0.499999999999998);
#29=CYLINDRICAL_SURFACE('',#6842,0.500000000000003);
#30=CYLINDRICAL_SURFACE('',#6845,0.499999999999998);
#31=CYLINDRICAL_SURFACE('',#6848,0.5);
#32=CYLINDRICAL_SURFACE('',#6851,0.499999999999998);
#33=CYLINDRICAL_SURFACE('',#6854,0.499999999999998);
#34=CYLINDRICAL_SURFACE('',#6857,0.499999999999998);
#35=CYLINDRICAL_SURFACE('',#6860,0.5);
#36=CYLINDRICAL_SURFACE('',#6863,0.499999999999998);
#37=CYLINDRICAL_SURFACE('',#6866,0.499999999999998);
#38=CYLINDRICAL_SURFACE('',#6869,0.499999999999998);
#39=CYLINDRICAL_SURFACE('',#6872,0.499999999999998);
#40=CYLINDRICAL_SURFACE('',#6875,0.499999999999998);
#41=CYLINDRICAL_SURFACE('',#6878,0.500000000000003);
#42=CYLINDRICAL_SURFACE('',#6881,0.499999999999998);
#43=CYLINDRICAL_SURFACE('',#6883,1.7);
#44=CYLINDRICAL_SURFACE('',#6885,1.7);
#45=CYLINDRICAL_SURFACE('',#6887,1.7);
#46=CYLINDRICAL_SURFACE('',#6889,1.7);
#47=CIRCLE('',#6763,5.);
#48=CIRCLE('',#6764,5.);
#49=CIRCLE('',#6765,5.);
#50=CIRCLE('',#6766,5.);
#51=CIRCLE('',#6767,0.499999999999998);
#52=CIRCLE('',#6768,0.499999999999998);
#53=CIRCLE('',#6769,0.499999999999998);
#54=CIRCLE('',#6770,0.499999999999998);
#55=CIRCLE('',#6771,0.499999999999998);
#56=CIRCLE('',#6772,0.499999999999998);
#57=CIRCLE('',#6773,0.499999999999998);
#58=CIRCLE('',#6774,0.499999999999998);
#59=CIRCLE('',#6775,0.499999999999998);
#60=CIRCLE('',#6776,0.499999999999998);
#61=CIRCLE('',#6777,0.499999999999998);
#62=CIRCLE('',#6778,0.500000000000003);
#63=CIRCLE('',#6779,0.499999999999998);
#64=CIRCLE('',#6780,0.5);
#65=CIRCLE('',#6781,0.499999999999998);
#66=CIRCLE('',#6782,0.499999999999998);
#67=CIRCLE('',#6783,0.499999999999998);
#68=CIRCLE('',#6784,0.5);
#69=CIRCLE('',#6785,0.499999999999998);
#70=CIRCLE('',#6786,0.499999999999998);
#71=CIRCLE('',#6787,0.499999999999998);
#72=CIRCLE('',#6788,0.499999999999998);
#73=CIRCLE('',#6789,0.499999999999998);
#74=CIRCLE('',#6790,0.500000000000003);
#75=CIRCLE('',#6791,1.7);
#76=CIRCLE('',#6792,1.7);
#77=CIRCLE('',#6793,1.7);
#78=CIRCLE('',#6794,1.7);
#79=CIRCLE('',#6800,5.);
#80=CIRCLE('',#6804,5.);
#81=CIRCLE('',#6806,5.);
#82=CIRCLE('',#6809,5.);
#83=CIRCLE('',#6813,0.499999999999998);
#84=CIRCLE('',#6816,0.499999999999998);
#85=CIRCLE('',#6819,0.499999999999998);
#86=CIRCLE('',#6822,0.499999999999998);
#87=CIRCLE('',#6825,0.499999999999998);
#88=CIRCLE('',#6828,0.499999999999998);
#89=CIRCLE('',#6831,0.499999999999998);
#90=CIRCLE('',#6834,0.499999999999998);
#91=CIRCLE('',#6837,0.499999999999998);
#92=CIRCLE('',#6840,0.499999999999998);
#93=CIRCLE('',#6843,0.500000000000003);
#94=CIRCLE('',#6846,0.499999999999998);
#95=CIRCLE('',#6849,0.5);
#96=CIRCLE('',#6852,0.499999999999998);
#97=CIRCLE('',#6855,0.499999999999998);
#98=CIRCLE('',#6858,0.499999999999998);
#99=CIRCLE('',#6861,0.5);
#100=CIRCLE('',#6864,0.499999999999998);
#101=CIRCLE('',#6867,0.499999999999998);
#102=CIRCLE('',#6870,0.499999999999998);
#103=CIRCLE('',#6873,0.499999999999998);
#104=CIRCLE('',#6876,0.499999999999998);
#105=CIRCLE('',#6879,0.500000000000003);
#106=CIRCLE('',#6882,0.499999999999998);
#107=CIRCLE('',#6884,1.7);
#108=CIRCLE('',#6886,1.7);
#109=CIRCLE('',#6888,1.7);
#110=CIRCLE('',#6890,1.7);
#111=FACE_BOUND('',#659,.T.);
#112=FACE_BOUND('',#717,.T.);
#113=FACE_BOUND('',#762,.T.);
#114=FACE_BOUND('',#801,.T.);
#115=FACE_BOUND('',#853,.T.);
#116=FACE_BOUND('',#905,.T.);
#117=FACE_BOUND('',#906,.T.);
#118=FACE_BOUND('',#907,.T.);
#119=FACE_BOUND('',#908,.T.);
#120=FACE_BOUND('',#909,.T.);
#121=FACE_BOUND('',#910,.T.);
#122=FACE_BOUND('',#911,.T.);
#123=FACE_BOUND('',#912,.T.);
#124=FACE_BOUND('',#913,.T.);
#125=FACE_BOUND('',#914,.T.);
#126=FACE_BOUND('',#915,.T.);
#127=FACE_BOUND('',#916,.T.);
#128=FACE_BOUND('',#917,.T.);
#129=FACE_BOUND('',#918,.T.);
#130=FACE_BOUND('',#919,.T.);
#131=FACE_BOUND('',#920,.T.);
#132=FACE_BOUND('',#921,.T.);
#133=FACE_BOUND('',#922,.T.);
#134=FACE_BOUND('',#923,.T.);
#135=FACE_BOUND('',#924,.T.);
#136=FACE_BOUND('',#925,.T.);
#137=FACE_BOUND('',#996,.T.);
#138=FACE_BOUND('',#997,.T.);
#139=FACE_BOUND('',#998,.T.);
#140=FACE_BOUND('',#999,.T.);
#141=FACE_BOUND('',#1000,.T.);
#142=FACE_BOUND('',#1001,.T.);
#143=FACE_BOUND('',#1002,.T.);
#144=FACE_BOUND('',#1003,.T.);
#145=FACE_BOUND('',#1004,.T.);
#146=FACE_BOUND('',#1005,.T.);
#147=PLANE('',#6676);
#148=PLANE('',#6677);
#149=PLANE('',#6678);
#150=PLANE('',#6679);
#151=PLANE('',#6680);
#152=PLANE('',#6681);
#153=PLANE('',#6682);
#154=PLANE('',#6683);
#155=PLANE('',#6684);
#156=PLANE('',#6685);
#157=PLANE('',#6686);
#158=PLANE('',#6687);
#159=PLANE('',#6688);
#160=PLANE('',#6689);
#161=PLANE('',#6690);
#162=PLANE('',#6691);
#163=PLANE('',#6692);
#164=PLANE('',#6693);
#165=PLANE('',#6694);
#166=PLANE('',#6695);
#167=PLANE('',#6696);
#168=PLANE('',#6697);
#169=PLANE('',#6698);
#170=PLANE('',#6699);
#171=PLANE('',#6700);
#172=PLANE('',#6701);
#173=PLANE('',#6702);
#174=PLANE('',#6703);
#175=PLANE('',#6704);
#176=PLANE('',#6705);
#177=PLANE('',#6706);
#178=PLANE('',#6707);
#179=PLANE('',#6708);
#180=PLANE('',#6709);
#181=PLANE('',#6710);
#182=PLANE('',#6711);
#183=PLANE('',#6712);
#184=PLANE('',#6713);
#185=PLANE('',#6714);
#186=PLANE('',#6715);
#187=PLANE('',#6716);
#188=PLANE('',#6717);
#189=PLANE('',#6718);
#190=PLANE('',#6719);
#191=PLANE('',#6720);
#192=PLANE('',#6721);
#193=PLANE('',#6722);
#194=PLANE('',#6723);
#195=PLANE('',#6724);
#196=PLANE('',#6725);
#197=PLANE('',#6726);
#198=PLANE('',#6727);
#199=PLANE('',#6728);
#200=PLANE('',#6729);
#201=PLANE('',#6730);
#202=PLANE('',#6731);
#203=PLANE('',#6732);
#204=PLANE('',#6733);
#205=PLANE('',#6734);
#206=PLANE('',#6735);
#207=PLANE('',#6736);
#208=PLANE('',#6737);
#209=PLANE('',#6738);
#210=PLANE('',#6739);
#211=PLANE('',#6740);
#212=PLANE('',#6741);
#213=PLANE('',#6742);
#214=PLANE('',#6743);
#215=PLANE('',#6744);
#216=PLANE('',#6745);
#217=PLANE('',#6746);
#218=PLANE('',#6747);
#219=PLANE('',#6748);
#220=PLANE('',#6749);
#221=PLANE('',#6750);
#222=PLANE('',#6751);
#223=PLANE('',#6752);
#224=PLANE('',#6753);
#225=PLANE('',#6754);
#226=PLANE('',#6755);
#227=PLANE('',#6756);
#228=PLANE('',#6757);
#229=PLANE('',#6758);
#230=PLANE('',#6759);
#231=PLANE('',#6760);
#232=PLANE('',#6761);
#233=PLANE('',#6762);
#234=PLANE('',#6795);
#235=PLANE('',#6796);
#236=PLANE('',#6797);
#237=PLANE('',#6798);
#238=PLANE('',#6801);
#239=PLANE('',#6802);
#240=PLANE('',#6807);
#241=PLANE('',#6810);
#242=PLANE('',#6811);
#243=PLANE('',#6814);
#244=PLANE('',#6817);
#245=PLANE('',#6820);
#246=PLANE('',#6823);
#247=PLANE('',#6826);
#248=PLANE('',#6829);
#249=PLANE('',#6832);
#250=PLANE('',#6835);
#251=PLANE('',#6838);
#252=PLANE('',#6841);
#253=PLANE('',#6844);
#254=PLANE('',#6847);
#255=PLANE('',#6850);
#256=PLANE('',#6853);
#257=PLANE('',#6856);
#258=PLANE('',#6859);
#259=PLANE('',#6862);
#260=PLANE('',#6865);
#261=PLANE('',#6868);
#262=PLANE('',#6871);
#263=PLANE('',#6874);
#264=PLANE('',#6877);
#265=PLANE('',#6880);
#266=PLANE('',#6891);
#267=PLANE('',#6892);
#268=PLANE('',#6893);
#269=PLANE('',#6894);
#270=PLANE('',#6895);
#271=PLANE('',#6896);
#272=FACE_OUTER_BOUND('',#621,.T.);
#273=FACE_OUTER_BOUND('',#622,.T.);
#274=FACE_OUTER_BOUND('',#623,.T.);
#275=FACE_OUTER_BOUND('',#624,.T.);
#276=FACE_OUTER_BOUND('',#625,.T.);
#277=FACE_OUTER_BOUND('',#626,.T.);
#278=FACE_OUTER_BOUND('',#627,.T.);
#279=FACE_OUTER_BOUND('',#628,.T.);
#280=FACE_OUTER_BOUND('',#629,.T.);
#281=FACE_OUTER_BOUND('',#630,.T.);
#282=FACE_OUTER_BOUND('',#631,.T.);
#283=FACE_OUTER_BOUND('',#632,.T.);
#284=FACE_OUTER_BOUND('',#633,.T.);
#285=FACE_OUTER_BOUND('',#634,.T.);
#286=FACE_OUTER_BOUND('',#635,.T.);
#287=FACE_OUTER_BOUND('',#636,.T.);
#288=FACE_OUTER_BOUND('',#637,.T.);
#289=FACE_OUTER_BOUND('',#638,.T.);
#290=FACE_OUTER_BOUND('',#639,.T.);
#291=FACE_OUTER_BOUND('',#640,.T.);
#292=FACE_OUTER_BOUND('',#641,.T.);
#293=FACE_OUTER_BOUND('',#642,.T.);
#294=FACE_OUTER_BOUND('',#643,.T.);
#295=FACE_OUTER_BOUND('',#644,.T.);
#296=FACE_OUTER_BOUND('',#645,.T.);
#297=FACE_OUTER_BOUND('',#646,.T.);
#298=FACE_OUTER_BOUND('',#647,.T.);
#299=FACE_OUTER_BOUND('',#648,.T.);
#300=FACE_OUTER_BOUND('',#649,.T.);
#301=FACE_OUTER_BOUND('',#650,.T.);
#302=FACE_OUTER_BOUND('',#651,.T.);
#303=FACE_OUTER_BOUND('',#652,.T.);
#304=FACE_OUTER_BOUND('',#653,.T.);
#305=FACE_OUTER_BOUND('',#654,.T.);
#306=FACE_OUTER_BOUND('',#655,.T.);
#307=FACE_OUTER_BOUND('',#656,.T.);
#308=FACE_OUTER_BOUND('',#657,.T.);
#309=FACE_OUTER_BOUND('',#658,.T.);
#310=FACE_OUTER_BOUND('',#660,.T.);
#311=FACE_OUTER_BOUND('',#661,.T.);
#312=FACE_OUTER_BOUND('',#662,.T.);
#313=FACE_OUTER_BOUND('',#663,.T.);
#314=FACE_OUTER_BOUND('',#664,.T.);
#315=FACE_OUTER_BOUND('',#665,.T.);
#316=FACE_OUTER_BOUND('',#666,.T.);
#317=FACE_OUTER_BOUND('',#667,.T.);
#318=FACE_OUTER_BOUND('',#668,.T.);
#319=FACE_OUTER_BOUND('',#669,.T.);
#320=FACE_OUTER_BOUND('',#670,.T.);
#321=FACE_OUTER_BOUND('',#671,.T.);
#322=FACE_OUTER_BOUND('',#672,.T.);
#323=FACE_OUTER_BOUND('',#673,.T.);
#324=FACE_OUTER_BOUND('',#674,.T.);
#325=FACE_OUTER_BOUND('',#675,.T.);
#326=FACE_OUTER_BOUND('',#676,.T.);
#327=FACE_OUTER_BOUND('',#677,.T.);
#328=FACE_OUTER_BOUND('',#678,.T.);
#329=FACE_OUTER_BOUND('',#679,.T.);
#330=FACE_OUTER_BOUND('',#680,.T.);
#331=FACE_OUTER_BOUND('',#681,.T.);
#332=FACE_OUTER_BOUND('',#682,.T.);
#333=FACE_OUTER_BOUND('',#683,.T.);
#334=FACE_OUTER_BOUND('',#684,.T.);
#335=FACE_OUTER_BOUND('',#685,.T.);
#336=FACE_OUTER_BOUND('',#686,.T.);
#337=FACE_OUTER_BOUND('',#687,.T.);
#338=FACE_OUTER_BOUND('',#688,.T.);
#339=FACE_OUTER_BOUND('',#689,.T.);
#340=FACE_OUTER_BOUND('',#690,.T.);
#341=FACE_OUTER_BOUND('',#691,.T.);
#342=FACE_OUTER_BOUND('',#692,.T.);
#343=FACE_OUTER_BOUND('',#693,.T.);
#344=FACE_OUTER_BOUND('',#694,.T.);
#345=FACE_OUTER_BOUND('',#695,.T.);
#346=FACE_OUTER_BOUND('',#696,.T.);
#347=FACE_OUTER_BOUND('',#697,.T.);
#348=FACE_OUTER_BOUND('',#698,.T.);
#349=FACE_OUTER_BOUND('',#699,.T.);
#350=FACE_OUTER_BOUND('',#700,.T.);
#351=FACE_OUTER_BOUND('',#701,.T.);
#352=FACE_OUTER_BOUND('',#702,.T.);
#353=FACE_OUTER_BOUND('',#703,.T.);
#354=FACE_OUTER_BOUND('',#704,.T.);
#355=FACE_OUTER_BOUND('',#705,.T.);
#356=FACE_OUTER_BOUND('',#706,.T.);
#357=FACE_OUTER_BOUND('',#707,.T.);
#358=FACE_OUTER_BOUND('',#708,.T.);
#359=FACE_OUTER_BOUND('',#709,.T.);
#360=FACE_OUTER_BOUND('',#710,.T.);
#361=FACE_OUTER_BOUND('',#711,.T.);
#362=FACE_OUTER_BOUND('',#712,.T.);
#363=FACE_OUTER_BOUND('',#713,.T.);
#364=FACE_OUTER_BOUND('',#714,.T.);
#365=FACE_OUTER_BOUND('',#715,.T.);
#366=FACE_OUTER_BOUND('',#716,.T.);
#367=FACE_OUTER_BOUND('',#718,.T.);
#368=FACE_OUTER_BOUND('',#719,.T.);
#369=FACE_OUTER_BOUND('',#720,.T.);
#370=FACE_OUTER_BOUND('',#721,.T.);
#371=FACE_OUTER_BOUND('',#722,.T.);
#372=FACE_OUTER_BOUND('',#723,.T.);
#373=FACE_OUTER_BOUND('',#724,.T.);
#374=FACE_OUTER_BOUND('',#725,.T.);
#375=FACE_OUTER_BOUND('',#726,.T.);
#376=FACE_OUTER_BOUND('',#727,.T.);
#377=FACE_OUTER_BOUND('',#728,.T.);
#378=FACE_OUTER_BOUND('',#729,.T.);
#379=FACE_OUTER_BOUND('',#730,.T.);
#380=FACE_OUTER_BOUND('',#731,.T.);
#381=FACE_OUTER_BOUND('',#732,.T.);
#382=FACE_OUTER_BOUND('',#733,.T.);
#383=FACE_OUTER_BOUND('',#734,.T.);
#384=FACE_OUTER_BOUND('',#735,.T.);
#385=FACE_OUTER_BOUND('',#736,.T.);
#386=FACE_OUTER_BOUND('',#737,.T.);
#387=FACE_OUTER_BOUND('',#738,.T.);
#388=FACE_OUTER_BOUND('',#739,.T.);
#389=FACE_OUTER_BOUND('',#740,.T.);
#390=FACE_OUTER_BOUND('',#741,.T.);
#391=FACE_OUTER_BOUND('',#742,.T.);
#392=FACE_OUTER_BOUND('',#743,.T.);
#393=FACE_OUTER_BOUND('',#744,.T.);
#394=FACE_OUTER_BOUND('',#745,.T.);
#395=FACE_OUTER_BOUND('',#746,.T.);
#396=FACE_OUTER_BOUND('',#747,.T.);
#397=FACE_OUTER_BOUND('',#748,.T.);
#398=FACE_OUTER_BOUND('',#749,.T.);
#399=FACE_OUTER_BOUND('',#750,.T.);
#400=FACE_OUTER_BOUND('',#751,.T.);
#401=FACE_OUTER_BOUND('',#752,.T.);
#402=FACE_OUTER_BOUND('',#753,.T.);
#403=FACE_OUTER_BOUND('',#754,.T.);
#404=FACE_OUTER_BOUND('',#755,.T.);
#405=FACE_OUTER_BOUND('',#756,.T.);
#406=FACE_OUTER_BOUND('',#757,.T.);
#407=FACE_OUTER_BOUND('',#758,.T.);
#408=FACE_OUTER_BOUND('',#759,.T.);
#409=FACE_OUTER_BOUND('',#760,.T.);
#410=FACE_OUTER_BOUND('',#761,.T.);
#411=FACE_OUTER_BOUND('',#763,.T.);
#412=FACE_OUTER_BOUND('',#764,.T.);
#413=FACE_OUTER_BOUND('',#765,.T.);
#414=FACE_OUTER_BOUND('',#766,.T.);
#415=FACE_OUTER_BOUND('',#767,.T.);
#416=FACE_OUTER_BOUND('',#768,.T.);
#417=FACE_OUTER_BOUND('',#769,.T.);
#418=FACE_OUTER_BOUND('',#770,.T.);
#419=FACE_OUTER_BOUND('',#771,.T.);
#420=FACE_OUTER_BOUND('',#772,.T.);
#421=FACE_OUTER_BOUND('',#773,.T.);
#422=FACE_OUTER_BOUND('',#774,.T.);
#423=FACE_OUTER_BOUND('',#775,.T.);
#424=FACE_OUTER_BOUND('',#776,.T.);
#425=FACE_OUTER_BOUND('',#777,.T.);
#426=FACE_OUTER_BOUND('',#778,.T.);
#427=FACE_OUTER_BOUND('',#779,.T.);
#428=FACE_OUTER_BOUND('',#780,.T.);
#429=FACE_OUTER_BOUND('',#781,.T.);
#430=FACE_OUTER_BOUND('',#782,.T.);
#431=FACE_OUTER_BOUND('',#783,.T.);
#432=FACE_OUTER_BOUND('',#784,.T.);
#433=FACE_OUTER_BOUND('',#785,.T.);
#434=FACE_OUTER_BOUND('',#786,.T.);
#435=FACE_OUTER_BOUND('',#787,.T.);
#436=FACE_OUTER_BOUND('',#788,.T.);
#437=FACE_OUTER_BOUND('',#789,.T.);
#438=FACE_OUTER_BOUND('',#790,.T.);
#439=FACE_OUTER_BOUND('',#791,.T.);
#440=FACE_OUTER_BOUND('',#792,.T.);
#441=FACE_OUTER_BOUND('',#793,.T.);
#442=FACE_OUTER_BOUND('',#794,.T.);
#443=FACE_OUTER_BOUND('',#795,.T.);
#444=FACE_OUTER_BOUND('',#796,.T.);
#445=FACE_OUTER_BOUND('',#797,.T.);
#446=FACE_OUTER_BOUND('',#798,.T.);
#447=FACE_OUTER_BOUND('',#799,.T.);
#448=FACE_OUTER_BOUND('',#800,.T.);
#449=FACE_OUTER_BOUND('',#802,.T.);
#450=FACE_OUTER_BOUND('',#803,.T.);
#451=FACE_OUTER_BOUND('',#804,.T.);
#452=FACE_OUTER_BOUND('',#805,.T.);
#453=FACE_OUTER_BOUND('',#806,.T.);
#454=FACE_OUTER_BOUND('',#807,.T.);
#455=FACE_OUTER_BOUND('',#808,.T.);
#456=FACE_OUTER_BOUND('',#809,.T.);
#457=FACE_OUTER_BOUND('',#810,.T.);
#458=FACE_OUTER_BOUND('',#811,.T.);
#459=FACE_OUTER_BOUND('',#812,.T.);
#460=FACE_OUTER_BOUND('',#813,.T.);
#461=FACE_OUTER_BOUND('',#814,.T.);
#462=FACE_OUTER_BOUND('',#815,.T.);
#463=FACE_OUTER_BOUND('',#816,.T.);
#464=FACE_OUTER_BOUND('',#817,.T.);
#465=FACE_OUTER_BOUND('',#818,.T.);
#466=FACE_OUTER_BOUND('',#819,.T.);
#467=FACE_OUTER_BOUND('',#820,.T.);
#468=FACE_OUTER_BOUND('',#821,.T.);
#469=FACE_OUTER_BOUND('',#822,.T.);
#470=FACE_OUTER_BOUND('',#823,.T.);
#471=FACE_OUTER_BOUND('',#824,.T.);
#472=FACE_OUTER_BOUND('',#825,.T.);
#473=FACE_OUTER_BOUND('',#826,.T.);
#474=FACE_OUTER_BOUND('',#827,.T.);
#475=FACE_OUTER_BOUND('',#828,.T.);
#476=FACE_OUTER_BOUND('',#829,.T.);
#477=FACE_OUTER_BOUND('',#830,.T.);
#478=FACE_OUTER_BOUND('',#831,.T.);
#479=FACE_OUTER_BOUND('',#832,.T.);
#480=FACE_OUTER_BOUND('',#833,.T.);
#481=FACE_OUTER_BOUND('',#834,.T.);
#482=FACE_OUTER_BOUND('',#835,.T.);
#483=FACE_OUTER_BOUND('',#836,.T.);
#484=FACE_OUTER_BOUND('',#837,.T.);
#485=FACE_OUTER_BOUND('',#838,.T.);
#486=FACE_OUTER_BOUND('',#839,.T.);
#487=FACE_OUTER_BOUND('',#840,.T.);
#488=FACE_OUTER_BOUND('',#841,.T.);
#489=FACE_OUTER_BOUND('',#842,.T.);
#490=FACE_OUTER_BOUND('',#843,.T.);
#491=FACE_OUTER_BOUND('',#844,.T.);
#492=FACE_OUTER_BOUND('',#845,.T.);
#493=FACE_OUTER_BOUND('',#846,.T.);
#494=FACE_OUTER_BOUND('',#847,.T.);
#495=FACE_OUTER_BOUND('',#848,.T.);
#496=FACE_OUTER_BOUND('',#849,.T.);
#497=FACE_OUTER_BOUND('',#850,.T.);
#498=FACE_OUTER_BOUND('',#851,.T.);
#499=FACE_OUTER_BOUND('',#852,.T.);
#500=FACE_OUTER_BOUND('',#854,.T.);
#501=FACE_OUTER_BOUND('',#855,.T.);
#502=FACE_OUTER_BOUND('',#856,.T.);
#503=FACE_OUTER_BOUND('',#857,.T.);
#504=FACE_OUTER_BOUND('',#858,.T.);
#505=FACE_OUTER_BOUND('',#859,.T.);
#506=FACE_OUTER_BOUND('',#860,.T.);
#507=FACE_OUTER_BOUND('',#861,.T.);
#508=FACE_OUTER_BOUND('',#862,.T.);
#509=FACE_OUTER_BOUND('',#863,.T.);
#510=FACE_OUTER_BOUND('',#864,.T.);
#511=FACE_OUTER_BOUND('',#865,.T.);
#512=FACE_OUTER_BOUND('',#866,.T.);
#513=FACE_OUTER_BOUND('',#867,.T.);
#514=FACE_OUTER_BOUND('',#868,.T.);
#515=FACE_OUTER_BOUND('',#869,.T.);
#516=FACE_OUTER_BOUND('',#870,.T.);
#517=FACE_OUTER_BOUND('',#871,.T.);
#518=FACE_OUTER_BOUND('',#872,.T.);
#519=FACE_OUTER_BOUND('',#873,.T.);
#520=FACE_OUTER_BOUND('',#874,.T.);
#521=FACE_OUTER_BOUND('',#875,.T.);
#522=FACE_OUTER_BOUND('',#876,.T.);
#523=FACE_OUTER_BOUND('',#877,.T.);
#524=FACE_OUTER_BOUND('',#878,.T.);
#525=FACE_OUTER_BOUND('',#879,.T.);
#526=FACE_OUTER_BOUND('',#880,.T.);
#527=FACE_OUTER_BOUND('',#881,.T.);
#528=FACE_OUTER_BOUND('',#882,.T.);
#529=FACE_OUTER_BOUND('',#883,.T.);
#530=FACE_OUTER_BOUND('',#884,.T.);
#531=FACE_OUTER_BOUND('',#885,.T.);
#532=FACE_OUTER_BOUND('',#886,.T.);
#533=FACE_OUTER_BOUND('',#887,.T.);
#534=FACE_OUTER_BOUND('',#888,.T.);
#535=FACE_OUTER_BOUND('',#889,.T.);
#536=FACE_OUTER_BOUND('',#890,.T.);
#537=FACE_OUTER_BOUND('',#891,.T.);
#538=FACE_OUTER_BOUND('',#892,.T.);
#539=FACE_OUTER_BOUND('',#893,.T.);
#540=FACE_OUTER_BOUND('',#894,.T.);
#541=FACE_OUTER_BOUND('',#895,.T.);
#542=FACE_OUTER_BOUND('',#896,.T.);
#543=FACE_OUTER_BOUND('',#897,.T.);
#544=FACE_OUTER_BOUND('',#898,.T.);
#545=FACE_OUTER_BOUND('',#899,.T.);
#546=FACE_OUTER_BOUND('',#900,.T.);
#547=FACE_OUTER_BOUND('',#901,.T.);
#548=FACE_OUTER_BOUND('',#902,.T.);
#549=FACE_OUTER_BOUND('',#903,.T.);
#550=FACE_OUTER_BOUND('',#904,.T.);
#551=FACE_OUTER_BOUND('',#926,.T.);
#552=FACE_OUTER_BOUND('',#927,.T.);
#553=FACE_OUTER_BOUND('',#928,.T.);
#554=FACE_OUTER_BOUND('',#929,.T.);
#555=FACE_OUTER_BOUND('',#930,.T.);
#556=FACE_OUTER_BOUND('',#931,.T.);
#557=FACE_OUTER_BOUND('',#932,.T.);
#558=FACE_OUTER_BOUND('',#933,.T.);
#559=FACE_OUTER_BOUND('',#934,.T.);
#560=FACE_OUTER_BOUND('',#935,.T.);
#561=FACE_OUTER_BOUND('',#936,.T.);
#562=FACE_OUTER_BOUND('',#937,.T.);
#563=FACE_OUTER_BOUND('',#938,.T.);
#564=FACE_OUTER_BOUND('',#939,.T.);
#565=FACE_OUTER_BOUND('',#940,.T.);
#566=FACE_OUTER_BOUND('',#941,.T.);
#567=FACE_OUTER_BOUND('',#942,.T.);
#568=FACE_OUTER_BOUND('',#943,.T.);
#569=FACE_OUTER_BOUND('',#944,.T.);
#570=FACE_OUTER_BOUND('',#945,.T.);
#571=FACE_OUTER_BOUND('',#946,.T.);
#572=FACE_OUTER_BOUND('',#947,.T.);
#573=FACE_OUTER_BOUND('',#948,.T.);
#574=FACE_OUTER_BOUND('',#949,.T.);
#575=FACE_OUTER_BOUND('',#950,.T.);
#576=FACE_OUTER_BOUND('',#951,.T.);
#577=FACE_OUTER_BOUND('',#952,.T.);
#578=FACE_OUTER_BOUND('',#953,.T.);
#579=FACE_OUTER_BOUND('',#954,.T.);
#580=FACE_OUTER_BOUND('',#955,.T.);
#581=FACE_OUTER_BOUND('',#956,.T.);
#582=FACE_OUTER_BOUND('',#957,.T.);
#583=FACE_OUTER_BOUND('',#958,.T.);
#584=FACE_OUTER_BOUND('',#959,.T.);
#585=FACE_OUTER_BOUND('',#960,.T.);
#586=FACE_OUTER_BOUND('',#961,.T.);
#587=FACE_OUTER_BOUND('',#962,.T.);
#588=FACE_OUTER_BOUND('',#963,.T.);
#589=FACE_OUTER_BOUND('',#964,.T.);
#590=FACE_OUTER_BOUND('',#965,.T.);
#591=FACE_OUTER_BOUND('',#966,.T.);
#592=FACE_OUTER_BOUND('',#967,.T.);
#593=FACE_OUTER_BOUND('',#968,.T.);
#594=FACE_OUTER_BOUND('',#969,.T.);
#595=FACE_OUTER_BOUND('',#970,.T.);
#596=FACE_OUTER_BOUND('',#971,.T.);
#597=FACE_OUTER_BOUND('',#972,.T.);
#598=FACE_OUTER_BOUND('',#973,.T.);
#599=FACE_OUTER_BOUND('',#974,.T.);
#600=FACE_OUTER_BOUND('',#975,.T.);
#601=FACE_OUTER_BOUND('',#976,.T.);
#602=FACE_OUTER_BOUND('',#977,.T.);
#603=FACE_OUTER_BOUND('',#978,.T.);
#604=FACE_OUTER_BOUND('',#979,.T.);
#605=FACE_OUTER_BOUND('',#980,.T.);
#606=FACE_OUTER_BOUND('',#981,.T.);
#607=FACE_OUTER_BOUND('',#982,.T.);
#608=FACE_OUTER_BOUND('',#983,.T.);
#609=FACE_OUTER_BOUND('',#984,.T.);
#610=FACE_OUTER_BOUND('',#985,.T.);
#611=FACE_OUTER_BOUND('',#986,.T.);
#612=FACE_OUTER_BOUND('',#987,.T.);
#613=FACE_OUTER_BOUND('',#988,.T.);
#614=FACE_OUTER_BOUND('',#989,.T.);
#615=FACE_OUTER_BOUND('',#990,.T.);
#616=FACE_OUTER_BOUND('',#991,.T.);
#617=FACE_OUTER_BOUND('',#992,.T.);
#618=FACE_OUTER_BOUND('',#993,.T.);
#619=FACE_OUTER_BOUND('',#994,.T.);
#620=FACE_OUTER_BOUND('',#995,.T.);
#621=EDGE_LOOP('',(#4135,#4136,#4137,#4138));
#622=EDGE_LOOP('',(#4139,#4140,#4141,#4142));
#623=EDGE_LOOP('',(#4143,#4144,#4145,#4146));
#624=EDGE_LOOP('',(#4147,#4148,#4149,#4150));
#625=EDGE_LOOP('',(#4151,#4152,#4153,#4154));
#626=EDGE_LOOP('',(#4155,#4156,#4157,#4158));
#627=EDGE_LOOP('',(#4159,#4160,#4161,#4162));
#628=EDGE_LOOP('',(#4163,#4164,#4165,#4166));
#629=EDGE_LOOP('',(#4167,#4168,#4169,#4170));
#630=EDGE_LOOP('',(#4171,#4172,#4173,#4174));
#631=EDGE_LOOP('',(#4175,#4176,#4177,#4178));
#632=EDGE_LOOP('',(#4179,#4180,#4181,#4182));
#633=EDGE_LOOP('',(#4183,#4184,#4185,#4186));
#634=EDGE_LOOP('',(#4187,#4188,#4189,#4190));
#635=EDGE_LOOP('',(#4191,#4192,#4193,#4194));
#636=EDGE_LOOP('',(#4195,#4196,#4197,#4198));
#637=EDGE_LOOP('',(#4199,#4200,#4201,#4202));
#638=EDGE_LOOP('',(#4203,#4204,#4205,#4206));
#639=EDGE_LOOP('',(#4207,#4208,#4209,#4210));
#640=EDGE_LOOP('',(#4211,#4212,#4213,#4214));
#641=EDGE_LOOP('',(#4215,#4216,#4217,#4218));
#642=EDGE_LOOP('',(#4219,#4220,#4221,#4222));
#643=EDGE_LOOP('',(#4223,#4224,#4225,#4226));
#644=EDGE_LOOP('',(#4227,#4228,#4229,#4230));
#645=EDGE_LOOP('',(#4231,#4232,#4233,#4234));
#646=EDGE_LOOP('',(#4235,#4236,#4237,#4238));
#647=EDGE_LOOP('',(#4239,#4240,#4241,#4242));
#648=EDGE_LOOP('',(#4243,#4244,#4245,#4246));
#649=EDGE_LOOP('',(#4247,#4248,#4249,#4250));
#650=EDGE_LOOP('',(#4251,#4252,#4253,#4254));
#651=EDGE_LOOP('',(#4255,#4256,#4257,#4258));
#652=EDGE_LOOP('',(#4259,#4260,#4261,#4262));
#653=EDGE_LOOP('',(#4263,#4264,#4265,#4266));
#654=EDGE_LOOP('',(#4267,#4268,#4269,#4270));
#655=EDGE_LOOP('',(#4271,#4272,#4273,#4274));
#656=EDGE_LOOP('',(#4275,#4276,#4277,#4278));
#657=EDGE_LOOP('',(#4279,#4280,#4281,#4282));
#658=EDGE_LOOP('',(#4283,#4284,#4285,#4286,#4287,#4288,#4289,#4290,#4291,
#4292,#4293,#4294,#4295,#4296,#4297,#4298,#4299,#4300,#4301,#4302,#4303,
#4304,#4305,#4306,#4307,#4308,#4309));
#659=EDGE_LOOP('',(#4310,#4311,#4312,#4313,#4314,#4315,#4316,#4317,#4318,
#4319));
#660=EDGE_LOOP('',(#4320,#4321,#4322,#4323));
#661=EDGE_LOOP('',(#4324,#4325,#4326,#4327));
#662=EDGE_LOOP('',(#4328,#4329,#4330,#4331));
#663=EDGE_LOOP('',(#4332,#4333,#4334,#4335));
#664=EDGE_LOOP('',(#4336,#4337,#4338,#4339));
#665=EDGE_LOOP('',(#4340,#4341,#4342,#4343));
#666=EDGE_LOOP('',(#4344,#4345,#4346,#4347));
#667=EDGE_LOOP('',(#4348,#4349,#4350,#4351));
#668=EDGE_LOOP('',(#4352,#4353,#4354,#4355));
#669=EDGE_LOOP('',(#4356,#4357,#4358,#4359));
#670=EDGE_LOOP('',(#4360,#4361,#4362,#4363));
#671=EDGE_LOOP('',(#4364,#4365,#4366,#4367));
#672=EDGE_LOOP('',(#4368,#4369,#4370,#4371));
#673=EDGE_LOOP('',(#4372,#4373,#4374,#4375));
#674=EDGE_LOOP('',(#4376,#4377,#4378,#4379));
#675=EDGE_LOOP('',(#4380,#4381,#4382,#4383));
#676=EDGE_LOOP('',(#4384,#4385,#4386,#4387));
#677=EDGE_LOOP('',(#4388,#4389,#4390,#4391));
#678=EDGE_LOOP('',(#4392,#4393,#4394,#4395));
#679=EDGE_LOOP('',(#4396,#4397,#4398,#4399));
#680=EDGE_LOOP('',(#4400,#4401,#4402,#4403));
#681=EDGE_LOOP('',(#4404,#4405,#4406,#4407));
#682=EDGE_LOOP('',(#4408,#4409,#4410,#4411));
#683=EDGE_LOOP('',(#4412,#4413,#4414,#4415));
#684=EDGE_LOOP('',(#4416,#4417,#4418,#4419));
#685=EDGE_LOOP('',(#4420,#4421,#4422,#4423));
#686=EDGE_LOOP('',(#4424,#4425,#4426,#4427));
#687=EDGE_LOOP('',(#4428,#4429,#4430,#4431));
#688=EDGE_LOOP('',(#4432,#4433,#4434,#4435));
#689=EDGE_LOOP('',(#4436,#4437,#4438,#4439));
#690=EDGE_LOOP('',(#4440,#4441,#4442,#4443));
#691=EDGE_LOOP('',(#4444,#4445,#4446,#4447));
#692=EDGE_LOOP('',(#4448,#4449,#4450,#4451));
#693=EDGE_LOOP('',(#4452,#4453,#4454,#4455,#4456,#4457,#4458,#4459,#4460,
#4461,#4462,#4463,#4464,#4465,#4466,#4467,#4468,#4469,#4470,#4471,#4472,
#4473,#4474,#4475,#4476,#4477,#4478,#4479,#4480,#4481,#4482,#4483,#4484));
#694=EDGE_LOOP('',(#4485,#4486,#4487,#4488));
#695=EDGE_LOOP('',(#4489,#4490,#4491,#4492));
#696=EDGE_LOOP('',(#4493,#4494,#4495,#4496));
#697=EDGE_LOOP('',(#4497,#4498,#4499,#4500));
#698=EDGE_LOOP('',(#4501,#4502,#4503,#4504));
#699=EDGE_LOOP('',(#4505,#4506,#4507,#4508));
#700=EDGE_LOOP('',(#4509,#4510,#4511,#4512));
#701=EDGE_LOOP('',(#4513,#4514,#4515,#4516));
#702=EDGE_LOOP('',(#4517,#4518,#4519,#4520));
#703=EDGE_LOOP('',(#4521,#4522,#4523,#4524));
#704=EDGE_LOOP('',(#4525,#4526,#4527,#4528));
#705=EDGE_LOOP('',(#4529,#4530,#4531,#4532));
#706=EDGE_LOOP('',(#4533,#4534,#4535,#4536));
#707=EDGE_LOOP('',(#4537,#4538,#4539,#4540));
#708=EDGE_LOOP('',(#4541,#4542,#4543,#4544));
#709=EDGE_LOOP('',(#4545,#4546,#4547,#4548));
#710=EDGE_LOOP('',(#4549,#4550,#4551,#4552));
#711=EDGE_LOOP('',(#4553,#4554,#4555,#4556));
#712=EDGE_LOOP('',(#4557,#4558,#4559,#4560));
#713=EDGE_LOOP('',(#4561,#4562,#4563,#4564));
#714=EDGE_LOOP('',(#4565,#4566,#4567,#4568));
#715=EDGE_LOOP('',(#4569,#4570,#4571,#4572));
#716=EDGE_LOOP('',(#4573,#4574,#4575,#4576,#4577,#4578,#4579,#4580,#4581,
#4582,#4583,#4584,#4585,#4586));
#717=EDGE_LOOP('',(#4587,#4588,#4589,#4590,#4591,#4592,#4593,#4594));
#718=EDGE_LOOP('',(#4595,#4596,#4597,#4598));
#719=EDGE_LOOP('',(#4599,#4600,#4601,#4602));
#720=EDGE_LOOP('',(#4603,#4604,#4605,#4606));
#721=EDGE_LOOP('',(#4607,#4608,#4609,#4610));
#722=EDGE_LOOP('',(#4611,#4612,#4613,#4614));
#723=EDGE_LOOP('',(#4615,#4616,#4617,#4618));
#724=EDGE_LOOP('',(#4619,#4620,#4621,#4622));
#725=EDGE_LOOP('',(#4623,#4624,#4625,#4626));
#726=EDGE_LOOP('',(#4627,#4628,#4629,#4630));
#727=EDGE_LOOP('',(#4631,#4632,#4633,#4634));
#728=EDGE_LOOP('',(#4635,#4636,#4637,#4638));
#729=EDGE_LOOP('',(#4639,#4640,#4641,#4642));
#730=EDGE_LOOP('',(#4643,#4644,#4645,#4646));
#731=EDGE_LOOP('',(#4647,#4648,#4649,#4650));
#732=EDGE_LOOP('',(#4651,#4652,#4653,#4654));
#733=EDGE_LOOP('',(#4655,#4656,#4657,#4658));
#734=EDGE_LOOP('',(#4659,#4660,#4661,#4662));
#735=EDGE_LOOP('',(#4663,#4664,#4665,#4666));
#736=EDGE_LOOP('',(#4667,#4668,#4669,#4670));
#737=EDGE_LOOP('',(#4671,#4672,#4673,#4674,#4675,#4676,#4677,#4678,#4679,
#4680,#4681,#4682,#4683,#4684,#4685,#4686,#4687,#4688,#4689));
#738=EDGE_LOOP('',(#4690,#4691,#4692,#4693));
#739=EDGE_LOOP('',(#4694,#4695,#4696,#4697));
#740=EDGE_LOOP('',(#4698,#4699,#4700,#4701));
#741=EDGE_LOOP('',(#4702,#4703,#4704,#4705));
#742=EDGE_LOOP('',(#4706,#4707,#4708,#4709));
#743=EDGE_LOOP('',(#4710,#4711,#4712,#4713));
#744=EDGE_LOOP('',(#4714,#4715,#4716,#4717));
#745=EDGE_LOOP('',(#4718,#4719,#4720,#4721));
#746=EDGE_LOOP('',(#4722,#4723,#4724,#4725));
#747=EDGE_LOOP('',(#4726,#4727,#4728,#4729));
#748=EDGE_LOOP('',(#4730,#4731,#4732,#4733));
#749=EDGE_LOOP('',(#4734,#4735,#4736,#4737));
#750=EDGE_LOOP('',(#4738,#4739,#4740,#4741));
#751=EDGE_LOOP('',(#4742,#4743,#4744,#4745));
#752=EDGE_LOOP('',(#4746,#4747,#4748,#4749));
#753=EDGE_LOOP('',(#4750,#4751,#4752,#4753));
#754=EDGE_LOOP('',(#4754,#4755,#4756,#4757));
#755=EDGE_LOOP('',(#4758,#4759,#4760,#4761));
#756=EDGE_LOOP('',(#4762,#4763,#4764,#4765));
#757=EDGE_LOOP('',(#4766,#4767,#4768,#4769));
#758=EDGE_LOOP('',(#4770,#4771,#4772,#4773));
#759=EDGE_LOOP('',(#4774,#4775,#4776,#4777));
#760=EDGE_LOOP('',(#4778,#4779,#4780,#4781));
#761=EDGE_LOOP('',(#4782,#4783,#4784,#4785,#4786,#4787,#4788,#4789,#4790,
#4791,#4792,#4793,#4794,#4795,#4796));
#762=EDGE_LOOP('',(#4797,#4798,#4799,#4800,#4801,#4802,#4803,#4804));
#763=EDGE_LOOP('',(#4805,#4806,#4807,#4808));
#764=EDGE_LOOP('',(#4809,#4810,#4811,#4812));
#765=EDGE_LOOP('',(#4813,#4814,#4815,#4816));
#766=EDGE_LOOP('',(#4817,#4818,#4819,#4820));
#767=EDGE_LOOP('',(#4821,#4822,#4823,#4824));
#768=EDGE_LOOP('',(#4825,#4826,#4827,#4828));
#769=EDGE_LOOP('',(#4829,#4830,#4831,#4832));
#770=EDGE_LOOP('',(#4833,#4834,#4835,#4836));
#771=EDGE_LOOP('',(#4837,#4838,#4839,#4840));
#772=EDGE_LOOP('',(#4841,#4842,#4843,#4844));
#773=EDGE_LOOP('',(#4845,#4846,#4847,#4848));
#774=EDGE_LOOP('',(#4849,#4850,#4851,#4852));
#775=EDGE_LOOP('',(#4853,#4854,#4855,#4856));
#776=EDGE_LOOP('',(#4857,#4858,#4859,#4860));
#777=EDGE_LOOP('',(#4861,#4862,#4863,#4864));
#778=EDGE_LOOP('',(#4865,#4866,#4867,#4868));
#779=EDGE_LOOP('',(#4869,#4870,#4871,#4872));
#780=EDGE_LOOP('',(#4873,#4874,#4875,#4876));
#781=EDGE_LOOP('',(#4877,#4878,#4879,#4880));
#782=EDGE_LOOP('',(#4881,#4882,#4883,#4884));
#783=EDGE_LOOP('',(#4885,#4886,#4887,#4888));
#784=EDGE_LOOP('',(#4889,#4890,#4891,#4892));
#785=EDGE_LOOP('',(#4893,#4894,#4895,#4896));
#786=EDGE_LOOP('',(#4897,#4898,#4899,#4900));
#787=EDGE_LOOP('',(#4901,#4902,#4903,#4904));
#788=EDGE_LOOP('',(#4905,#4906,#4907,#4908));
#789=EDGE_LOOP('',(#4909,#4910,#4911,#4912));
#790=EDGE_LOOP('',(#4913,#4914,#4915,#4916));
#791=EDGE_LOOP('',(#4917,#4918,#4919,#4920));
#792=EDGE_LOOP('',(#4921,#4922,#4923,#4924));
#793=EDGE_LOOP('',(#4925,#4926,#4927,#4928));
#794=EDGE_LOOP('',(#4929,#4930,#4931,#4932));
#795=EDGE_LOOP('',(#4933,#4934,#4935,#4936));
#796=EDGE_LOOP('',(#4937,#4938,#4939,#4940));
#797=EDGE_LOOP('',(#4941,#4942,#4943,#4944));
#798=EDGE_LOOP('',(#4945,#4946,#4947,#4948));
#799=EDGE_LOOP('',(#4949,#4950,#4951,#4952));
#800=EDGE_LOOP('',(#4953,#4954,#4955,#4956,#4957,#4958,#4959,#4960,#4961,
#4962,#4963,#4964,#4965,#4966,#4967,#4968,#4969,#4970,#4971,#4972,#4973,
#4974,#4975,#4976,#4977,#4978,#4979));
#801=EDGE_LOOP('',(#4980,#4981,#4982,#4983,#4984,#4985,#4986,#4987,#4988,
#4989));
#802=EDGE_LOOP('',(#4990,#4991,#4992,#4993));
#803=EDGE_LOOP('',(#4994,#4995,#4996,#4997));
#804=EDGE_LOOP('',(#4998,#4999,#5000,#5001));
#805=EDGE_LOOP('',(#5002,#5003,#5004,#5005));
#806=EDGE_LOOP('',(#5006,#5007,#5008,#5009));
#807=EDGE_LOOP('',(#5010,#5011,#5012,#5013));
#808=EDGE_LOOP('',(#5014,#5015,#5016,#5017));
#809=EDGE_LOOP('',(#5018,#5019,#5020,#5021));
#810=EDGE_LOOP('',(#5022,#5023,#5024,#5025));
#811=EDGE_LOOP('',(#5026,#5027,#5028,#5029));
#812=EDGE_LOOP('',(#5030,#5031,#5032,#5033));
#813=EDGE_LOOP('',(#5034,#5035,#5036,#5037));
#814=EDGE_LOOP('',(#5038,#5039,#5040,#5041,#5042,#5043,#5044,#5045,#5046,
#5047,#5048,#5049));
#815=EDGE_LOOP('',(#5050,#5051,#5052,#5053));
#816=EDGE_LOOP('',(#5054,#5055,#5056,#5057));
#817=EDGE_LOOP('',(#5058,#5059,#5060,#5061));
#818=EDGE_LOOP('',(#5062,#5063,#5064,#5065));
#819=EDGE_LOOP('',(#5066,#5067,#5068,#5069));
#820=EDGE_LOOP('',(#5070,#5071,#5072,#5073));
#821=EDGE_LOOP('',(#5074,#5075,#5076,#5077));
#822=EDGE_LOOP('',(#5078,#5079,#5080,#5081));
#823=EDGE_LOOP('',(#5082,#5083,#5084,#5085));
#824=EDGE_LOOP('',(#5086,#5087,#5088,#5089));
#825=EDGE_LOOP('',(#5090,#5091,#5092,#5093));
#826=EDGE_LOOP('',(#5094,#5095,#5096,#5097));
#827=EDGE_LOOP('',(#5098,#5099,#5100,#5101));
#828=EDGE_LOOP('',(#5102,#5103,#5104,#5105));
#829=EDGE_LOOP('',(#5106,#5107,#5108,#5109));
#830=EDGE_LOOP('',(#5110,#5111,#5112,#5113));
#831=EDGE_LOOP('',(#5114,#5115,#5116,#5117));
#832=EDGE_LOOP('',(#5118,#5119,#5120,#5121));
#833=EDGE_LOOP('',(#5122,#5123,#5124,#5125));
#834=EDGE_LOOP('',(#5126,#5127,#5128,#5129));
#835=EDGE_LOOP('',(#5130,#5131,#5132,#5133));
#836=EDGE_LOOP('',(#5134,#5135,#5136,#5137));
#837=EDGE_LOOP('',(#5138,#5139,#5140,#5141));
#838=EDGE_LOOP('',(#5142,#5143,#5144,#5145));
#839=EDGE_LOOP('',(#5146,#5147,#5148,#5149));
#840=EDGE_LOOP('',(#5150,#5151,#5152,#5153));
#841=EDGE_LOOP('',(#5154,#5155,#5156,#5157));
#842=EDGE_LOOP('',(#5158,#5159,#5160,#5161));
#843=EDGE_LOOP('',(#5162,#5163,#5164,#5165));
#844=EDGE_LOOP('',(#5166,#5167,#5168,#5169));
#845=EDGE_LOOP('',(#5170,#5171,#5172,#5173));
#846=EDGE_LOOP('',(#5174,#5175,#5176,#5177));
#847=EDGE_LOOP('',(#5178,#5179,#5180,#5181));
#848=EDGE_LOOP('',(#5182,#5183,#5184,#5185));
#849=EDGE_LOOP('',(#5186,#5187,#5188,#5189));
#850=EDGE_LOOP('',(#5190,#5191,#5192,#5193));
#851=EDGE_LOOP('',(#5194,#5195,#5196,#5197));
#852=EDGE_LOOP('',(#5198,#5199,#5200,#5201,#5202,#5203,#5204,#5205,#5206,
#5207,#5208,#5209,#5210,#5211,#5212,#5213,#5214,#5215,#5216,#5217,#5218,
#5219,#5220,#5221,#5222,#5223,#5224));
#853=EDGE_LOOP('',(#5225,#5226,#5227,#5228,#5229,#5230,#5231,#5232,#5233,
#5234));
#854=EDGE_LOOP('',(#5235,#5236,#5237,#5238));
#855=EDGE_LOOP('',(#5239,#5240,#5241,#5242));
#856=EDGE_LOOP('',(#5243,#5244,#5245,#5246));
#857=EDGE_LOOP('',(#5247,#5248,#5249,#5250));
#858=EDGE_LOOP('',(#5251,#5252,#5253,#5254));
#859=EDGE_LOOP('',(#5255,#5256,#5257,#5258));
#860=EDGE_LOOP('',(#5259,#5260,#5261,#5262));
#861=EDGE_LOOP('',(#5263,#5264,#5265,#5266));
#862=EDGE_LOOP('',(#5267,#5268,#5269,#5270));
#863=EDGE_LOOP('',(#5271,#5272,#5273,#5274));
#864=EDGE_LOOP('',(#5275,#5276,#5277,#5278));
#865=EDGE_LOOP('',(#5279,#5280,#5281,#5282));
#866=EDGE_LOOP('',(#5283,#5284,#5285,#5286,#5287,#5288,#5289,#5290,#5291,
#5292,#5293,#5294));
#867=EDGE_LOOP('',(#5295,#5296,#5297,#5298));
#868=EDGE_LOOP('',(#5299,#5300,#5301,#5302));
#869=EDGE_LOOP('',(#5303,#5304,#5305,#5306));
#870=EDGE_LOOP('',(#5307,#5308,#5309,#5310));
#871=EDGE_LOOP('',(#5311,#5312,#5313,#5314));
#872=EDGE_LOOP('',(#5315,#5316,#5317,#5318));
#873=EDGE_LOOP('',(#5319,#5320,#5321,#5322));
#874=EDGE_LOOP('',(#5323,#5324,#5325,#5326));
#875=EDGE_LOOP('',(#5327,#5328,#5329,#5330));
#876=EDGE_LOOP('',(#5331,#5332,#5333,#5334));
#877=EDGE_LOOP('',(#5335,#5336,#5337,#5338));
#878=EDGE_LOOP('',(#5339,#5340,#5341,#5342));
#879=EDGE_LOOP('',(#5343,#5344,#5345,#5346));
#880=EDGE_LOOP('',(#5347,#5348,#5349,#5350));
#881=EDGE_LOOP('',(#5351,#5352,#5353,#5354));
#882=EDGE_LOOP('',(#5355,#5356,#5357,#5358));
#883=EDGE_LOOP('',(#5359,#5360,#5361,#5362));
#884=EDGE_LOOP('',(#5363,#5364,#5365,#5366));
#885=EDGE_LOOP('',(#5367,#5368,#5369,#5370));
#886=EDGE_LOOP('',(#5371,#5372,#5373,#5374));
#887=EDGE_LOOP('',(#5375,#5376,#5377,#5378,#5379,#5380,#5381,#5382,#5383,
#5384,#5385,#5386,#5387,#5388,#5389,#5390,#5391,#5392,#5393,#5394));
#888=EDGE_LOOP('',(#5395,#5396,#5397,#5398));
#889=EDGE_LOOP('',(#5399,#5400,#5401,#5402));
#890=EDGE_LOOP('',(#5403,#5404,#5405,#5406));
#891=EDGE_LOOP('',(#5407,#5408,#5409,#5410));
#892=EDGE_LOOP('',(#5411,#5412,#5413,#5414));
#893=EDGE_LOOP('',(#5415,#5416,#5417,#5418));
#894=EDGE_LOOP('',(#5419,#5420,#5421,#5422));
#895=EDGE_LOOP('',(#5423,#5424,#5425,#5426));
#896=EDGE_LOOP('',(#5427,#5428,#5429,#5430));
#897=EDGE_LOOP('',(#5431,#5432,#5433,#5434));
#898=EDGE_LOOP('',(#5435,#5436,#5437,#5438));
#899=EDGE_LOOP('',(#5439,#5440,#5441,#5442));
#900=EDGE_LOOP('',(#5443,#5444,#5445,#5446));
#901=EDGE_LOOP('',(#5447,#5448,#5449,#5450));
#902=EDGE_LOOP('',(#5451,#5452,#5453,#5454));
#903=EDGE_LOOP('',(#5455,#5456,#5457,#5458,#5459,#5460,#5461,#5462,#5463,
#5464,#5465,#5466,#5467,#5468,#5469));
#904=EDGE_LOOP('',(#5470,#5471,#5472,#5473,#5474,#5475,#5476,#5477,#5478,
#5479,#5480,#5481));
#905=EDGE_LOOP('',(#5482,#5483,#5484,#5485,#5486,#5487,#5488,#5489));
#906=EDGE_LOOP('',(#5490,#5491,#5492,#5493,#5494,#5495,#5496,#5497));
#907=EDGE_LOOP('',(#5498,#5499,#5500,#5501,#5502,#5503,#5504,#5505));
#908=EDGE_LOOP('',(#5506,#5507,#5508,#5509,#5510,#5511,#5512,#5513));
#909=EDGE_LOOP('',(#5514,#5515,#5516,#5517,#5518,#5519,#5520,#5521));
#910=EDGE_LOOP('',(#5522,#5523,#5524,#5525,#5526,#5527,#5528,#5529));
#911=EDGE_LOOP('',(#5530));
#912=EDGE_LOOP('',(#5531));
#913=EDGE_LOOP('',(#5532));
#914=EDGE_LOOP('',(#5533));
#915=EDGE_LOOP('',(#5534,#5535,#5536,#5537,#5538,#5539,#5540,#5541,#5542,
#5543,#5544,#5545,#5546,#5547,#5548));
#916=EDGE_LOOP('',(#5549,#5550,#5551,#5552,#5553,#5554,#5555,#5556,#5557,
#5558,#5559,#5560,#5561,#5562,#5563,#5564,#5565,#5566,#5567,#5568));
#917=EDGE_LOOP('',(#5569,#5570,#5571,#5572,#5573,#5574,#5575,#5576,#5577,
#5578,#5579,#5580));
#918=EDGE_LOOP('',(#5581,#5582,#5583,#5584,#5585,#5586,#5587,#5588,#5589,
#5590,#5591,#5592,#5593,#5594,#5595,#5596,#5597,#5598,#5599,#5600,#5601,
#5602,#5603,#5604,#5605,#5606,#5607));
#919=EDGE_LOOP('',(#5608,#5609,#5610,#5611,#5612,#5613,#5614,#5615,#5616,
#5617,#5618,#5619));
#920=EDGE_LOOP('',(#5620,#5621,#5622,#5623,#5624,#5625,#5626,#5627,#5628,
#5629,#5630,#5631,#5632,#5633,#5634,#5635,#5636,#5637,#5638,#5639,#5640,
#5641,#5642,#5643,#5644,#5645,#5646));
#921=EDGE_LOOP('',(#5647,#5648,#5649,#5650,#5651,#5652,#5653,#5654,#5655,
#5656,#5657,#5658,#5659,#5660,#5661));
#922=EDGE_LOOP('',(#5662,#5663,#5664,#5665,#5666,#5667,#5668,#5669,#5670,
#5671,#5672,#5673,#5674,#5675,#5676,#5677,#5678,#5679,#5680));
#923=EDGE_LOOP('',(#5681,#5682,#5683,#5684,#5685,#5686,#5687,#5688,#5689,
#5690,#5691,#5692,#5693,#5694));
#924=EDGE_LOOP('',(#5695,#5696,#5697,#5698,#5699,#5700,#5701,#5702,#5703,
#5704,#5705,#5706,#5707,#5708,#5709,#5710,#5711,#5712,#5713,#5714,#5715,
#5716,#5717,#5718,#5719,#5720,#5721,#5722,#5723,#5724,#5725,#5726,#5727));
#925=EDGE_LOOP('',(#5728,#5729,#5730,#5731,#5732,#5733,#5734,#5735,#5736,
#5737,#5738,#5739,#5740,#5741,#5742,#5743,#5744,#5745,#5746,#5747,#5748,
#5749,#5750,#5751,#5752,#5753,#5754));
#926=EDGE_LOOP('',(#5755,#5756,#5757,#5758,#5759,#5760,#5761,#5762,#5763,
#5764));
#927=EDGE_LOOP('',(#5765,#5766,#5767,#5768,#5769,#5770,#5771,#5772,#5773,
#5774));
#928=EDGE_LOOP('',(#5775,#5776,#5777,#5778,#5779,#5780,#5781,#5782));
#929=EDGE_LOOP('',(#5783,#5784,#5785,#5786,#5787,#5788,#5789,#5790));
#930=EDGE_LOOP('',(#5791,#5792,#5793,#5794));
#931=EDGE_LOOP('',(#5795,#5796,#5797,#5798,#5799,#5800,#5801,#5802,#5803,
#5804));
#932=EDGE_LOOP('',(#5805,#5806,#5807,#5808));
#933=EDGE_LOOP('',(#5809,#5810,#5811,#5812));
#934=EDGE_LOOP('',(#5813,#5814,#5815,#5816));
#935=EDGE_LOOP('',(#5817,#5818,#5819,#5820));
#936=EDGE_LOOP('',(#5821,#5822,#5823,#5824));
#937=EDGE_LOOP('',(#5825,#5826,#5827,#5828));
#938=EDGE_LOOP('',(#5829,#5830,#5831,#5832));
#939=EDGE_LOOP('',(#5833,#5834,#5835,#5836));
#940=EDGE_LOOP('',(#5837,#5838,#5839,#5840));
#941=EDGE_LOOP('',(#5841,#5842,#5843,#5844));
#942=EDGE_LOOP('',(#5845,#5846,#5847,#5848));
#943=EDGE_LOOP('',(#5849,#5850,#5851,#5852));
#944=EDGE_LOOP('',(#5853,#5854,#5855,#5856));
#945=EDGE_LOOP('',(#5857,#5858,#5859,#5860));
#946=EDGE_LOOP('',(#5861,#5862,#5863,#5864));
#947=EDGE_LOOP('',(#5865,#5866,#5867,#5868));
#948=EDGE_LOOP('',(#5869,#5870,#5871,#5872));
#949=EDGE_LOOP('',(#5873,#5874,#5875,#5876));
#950=EDGE_LOOP('',(#5877,#5878,#5879,#5880));
#951=EDGE_LOOP('',(#5881,#5882,#5883,#5884));
#952=EDGE_LOOP('',(#5885,#5886,#5887,#5888));
#953=EDGE_LOOP('',(#5889,#5890,#5891,#5892));
#954=EDGE_LOOP('',(#5893,#5894,#5895,#5896));
#955=EDGE_LOOP('',(#5897,#5898,#5899,#5900));
#956=EDGE_LOOP('',(#5901,#5902,#5903,#5904));
#957=EDGE_LOOP('',(#5905,#5906,#5907,#5908));
#958=EDGE_LOOP('',(#5909,#5910,#5911,#5912));
#959=EDGE_LOOP('',(#5913,#5914,#5915,#5916));
#960=EDGE_LOOP('',(#5917,#5918,#5919,#5920));
#961=EDGE_LOOP('',(#5921,#5922,#5923,#5924));
#962=EDGE_LOOP('',(#5925,#5926,#5927,#5928));
#963=EDGE_LOOP('',(#5929,#5930,#5931,#5932));
#964=EDGE_LOOP('',(#5933,#5934,#5935,#5936));
#965=EDGE_LOOP('',(#5937,#5938,#5939,#5940));
#966=EDGE_LOOP('',(#5941,#5942,#5943,#5944));
#967=EDGE_LOOP('',(#5945,#5946,#5947,#5948));
#968=EDGE_LOOP('',(#5949,#5950,#5951,#5952));
#969=EDGE_LOOP('',(#5953,#5954,#5955,#5956));
#970=EDGE_LOOP('',(#5957,#5958,#5959,#5960));
#971=EDGE_LOOP('',(#5961,#5962,#5963,#5964));
#972=EDGE_LOOP('',(#5965,#5966,#5967,#5968));
#973=EDGE_LOOP('',(#5969,#5970,#5971,#5972));
#974=EDGE_LOOP('',(#5973,#5974,#5975,#5976));
#975=EDGE_LOOP('',(#5977,#5978,#5979,#5980));
#976=EDGE_LOOP('',(#5981,#5982,#5983,#5984));
#977=EDGE_LOOP('',(#5985,#5986,#5987,#5988));
#978=EDGE_LOOP('',(#5989,#5990,#5991,#5992));
#979=EDGE_LOOP('',(#5993,#5994,#5995,#5996));
#980=EDGE_LOOP('',(#5997,#5998,#5999,#6000));
#981=EDGE_LOOP('',(#6001,#6002,#6003,#6004));
#982=EDGE_LOOP('',(#6005,#6006,#6007,#6008));
#983=EDGE_LOOP('',(#6009,#6010,#6011,#6012));
#984=EDGE_LOOP('',(#6013,#6014,#6015,#6016));
#985=EDGE_LOOP('',(#6017,#6018,#6019,#6020));
#986=EDGE_LOOP('',(#6021,#6022,#6023,#6024));
#987=EDGE_LOOP('',(#6025,#6026,#6027,#6028));
#988=EDGE_LOOP('',(#6029,#6030,#6031,#6032));
#989=EDGE_LOOP('',(#6033,#6034,#6035,#6036));
#990=EDGE_LOOP('',(#6037,#6038,#6039,#6040));
#991=EDGE_LOOP('',(#6041,#6042,#6043,#6044));
#992=EDGE_LOOP('',(#6045,#6046,#6047,#6048));
#993=EDGE_LOOP('',(#6049,#6050,#6051,#6052));
#994=EDGE_LOOP('',(#6053,#6054,#6055,#6056));
#995=EDGE_LOOP('',(#6057,#6058,#6059,#6060,#6061,#6062,#6063,#6064,#6065,
#6066,#6067,#6068));
#996=EDGE_LOOP('',(#6069));
#997=EDGE_LOOP('',(#6070));
#998=EDGE_LOOP('',(#6071));
#999=EDGE_LOOP('',(#6072));
#1000=EDGE_LOOP('',(#6073,#6074,#6075,#6076,#6077,#6078,#6079,#6080));
#1001=EDGE_LOOP('',(#6081,#6082,#6083,#6084,#6085,#6086,#6087,#6088));
#1002=EDGE_LOOP('',(#6089,#6090,#6091,#6092,#6093,#6094,#6095,#6096));
#1003=EDGE_LOOP('',(#6097,#6098,#6099,#6100,#6101,#6102,#6103,#6104));
#1004=EDGE_LOOP('',(#6105,#6106,#6107,#6108,#6109,#6110,#6111,#6112));
#1005=EDGE_LOOP('',(#6113,#6114,#6115,#6116,#6117,#6118,#6119,#6120));
#1006=LINE('',#7905,#1551);
#1007=LINE('',#7912,#1552);
#1008=LINE('',#7930,#1553);
#1009=LINE('',#7953,#1554);
#1010=LINE('',#7976,#1555);
#1011=LINE('',#7999,#1556);
#1012=LINE('',#8022,#1557);
#1013=LINE('',#8045,#1558);
#1014=LINE('',#8068,#1559);
#1015=LINE('',#8091,#1560);
#1016=LINE('',#8098,#1561);
#1017=LINE('',#8099,#1562);
#1018=LINE('',#8103,#1563);
#1019=LINE('',#8105,#1564);
#1020=LINE('',#8107,#1565);
#1021=LINE('',#8108,#1566);
#1022=LINE('',#8126,#1567);
#1023=LINE('',#8149,#1568);
#1024=LINE('',#8157,#1569);
#1025=LINE('',#8159,#1570);
#1026=LINE('',#8160,#1571);
#1027=LINE('',#8178,#1572);
#1028=LINE('',#8201,#1573);
#1029=LINE('',#8224,#1574);
#1030=LINE('',#8247,#1575);
#1031=LINE('',#8270,#1576);
#1032=LINE('',#8293,#1577);
#1033=LINE('',#8316,#1578);
#1034=LINE('',#8324,#1579);
#1035=LINE('',#8326,#1580);
#1036=LINE('',#8327,#1581);
#1037=LINE('',#8345,#1582);
#1038=LINE('',#8368,#1583);
#1039=LINE('',#8391,#1584);
#1040=LINE('',#8414,#1585);
#1041=LINE('',#8437,#1586);
#1042=LINE('',#8460,#1587);
#1043=LINE('',#8483,#1588);
#1044=LINE('',#8506,#1589);
#1045=LINE('',#8529,#1590);
#1046=LINE('',#8552,#1591);
#1047=LINE('',#8575,#1592);
#1048=LINE('',#8598,#1593);
#1049=LINE('',#8621,#1594);
#1050=LINE('',#8644,#1595);
#1051=LINE('',#8689,#1596);
#1052=LINE('',#8696,#1597);
#1053=LINE('',#8714,#1598);
#1054=LINE('',#8737,#1599);
#1055=LINE('',#8760,#1600);
#1056=LINE('',#8783,#1601);
#1057=LINE('',#8806,#1602);
#1058=LINE('',#8829,#1603);
#1059=LINE('',#8852,#1604);
#1060=LINE('',#8875,#1605);
#1061=LINE('',#8898,#1606);
#1062=LINE('',#8921,#1607);
#1063=LINE('',#8944,#1608);
#1064=LINE('',#8967,#1609);
#1065=LINE('',#8990,#1610);
#1066=LINE('',#8998,#1611);
#1067=LINE('',#9000,#1612);
#1068=LINE('',#9001,#1613);
#1069=LINE('',#9019,#1614);
#1070=LINE('',#9042,#1615);
#1071=LINE('',#9065,#1616);
#1072=LINE('',#9088,#1617);
#1073=LINE('',#9111,#1618);
#1074=LINE('',#9134,#1619);
#1075=LINE('',#9157,#1620);
#1076=LINE('',#9180,#1621);
#1077=LINE('',#9203,#1622);
#1078=LINE('',#9226,#1623);
#1079=LINE('',#9249,#1624);
#1080=LINE('',#9272,#1625);
#1081=LINE('',#9295,#1626);
#1082=LINE('',#9318,#1627);
#1083=LINE('',#9341,#1628);
#1084=LINE('',#9364,#1629);
#1085=LINE('',#9372,#1630);
#1086=LINE('',#9374,#1631);
#1087=LINE('',#9375,#1632);
#1088=LINE('',#9415,#1633);
#1089=LINE('',#9422,#1634);
#1090=LINE('',#9440,#1635);
#1091=LINE('',#9463,#1636);
#1092=LINE('',#9486,#1637);
#1093=LINE('',#9509,#1638);
#1094=LINE('',#9532,#1639);
#1095=LINE('',#9555,#1640);
#1096=LINE('',#9584,#1641);
#1097=LINE('',#9586,#1642);
#1098=LINE('',#9588,#1643);
#1099=LINE('',#9589,#1644);
#1100=LINE('',#9592,#1645);
#1101=LINE('',#9594,#1646);
#1102=LINE('',#9595,#1647);
#1103=LINE('',#9598,#1648);
#1104=LINE('',#9600,#1649);
#1105=LINE('',#9601,#1650);
#1106=LINE('',#9619,#1651);
#1107=LINE('',#9642,#1652);
#1108=LINE('',#9665,#1653);
#1109=LINE('',#9688,#1654);
#1110=LINE('',#9711,#1655);
#1111=LINE('',#9734,#1656);
#1112=LINE('',#9757,#1657);
#1113=LINE('',#9780,#1658);
#1114=LINE('',#9803,#1659);
#1115=LINE('',#9811,#1660);
#1116=LINE('',#9813,#1661);
#1117=LINE('',#9814,#1662);
#1118=LINE('',#9816,#1663);
#1119=LINE('',#9817,#1664);
#1120=LINE('',#9837,#1665);
#1121=LINE('',#9844,#1666);
#1122=LINE('',#9862,#1667);
#1123=LINE('',#9885,#1668);
#1124=LINE('',#9908,#1669);
#1125=LINE('',#9931,#1670);
#1126=LINE('',#9954,#1671);
#1127=LINE('',#9977,#1672);
#1128=LINE('',#9985,#1673);
#1129=LINE('',#9987,#1674);
#1130=LINE('',#9988,#1675);
#1131=LINE('',#10006,#1676);
#1132=LINE('',#10029,#1677);
#1133=LINE('',#10052,#1678);
#1134=LINE('',#10075,#1679);
#1135=LINE('',#10098,#1680);
#1136=LINE('',#10121,#1681);
#1137=LINE('',#10144,#1682);
#1138=LINE('',#10167,#1683);
#1139=LINE('',#10190,#1684);
#1140=LINE('',#10198,#1685);
#1141=LINE('',#10200,#1686);
#1142=LINE('',#10201,#1687);
#1143=LINE('',#10241,#1688);
#1144=LINE('',#10248,#1689);
#1145=LINE('',#10266,#1690);
#1146=LINE('',#10289,#1691);
#1147=LINE('',#10312,#1692);
#1148=LINE('',#10335,#1693);
#1149=LINE('',#10358,#1694);
#1150=LINE('',#10381,#1695);
#1151=LINE('',#10410,#1696);
#1152=LINE('',#10412,#1697);
#1153=LINE('',#10414,#1698);
#1154=LINE('',#10415,#1699);
#1155=LINE('',#10433,#1700);
#1156=LINE('',#10456,#1701);
#1157=LINE('',#10479,#1702);
#1158=LINE('',#10502,#1703);
#1159=LINE('',#10525,#1704);
#1160=LINE('',#10548,#1705);
#1161=LINE('',#10571,#1706);
#1162=LINE('',#10594,#1707);
#1163=LINE('',#10617,#1708);
#1164=LINE('',#10640,#1709);
#1165=LINE('',#10648,#1710);
#1166=LINE('',#10650,#1711);
#1167=LINE('',#10651,#1712);
#1168=LINE('',#10654,#1713);
#1169=LINE('',#10656,#1714);
#1170=LINE('',#10657,#1715);
#1171=LINE('',#10660,#1716);
#1172=LINE('',#10662,#1717);
#1173=LINE('',#10663,#1718);
#1174=LINE('',#10665,#1719);
#1175=LINE('',#10666,#1720);
#1176=LINE('',#10686,#1721);
#1177=LINE('',#10693,#1722);
#1178=LINE('',#10711,#1723);
#1179=LINE('',#10734,#1724);
#1180=LINE('',#10757,#1725);
#1181=LINE('',#10780,#1726);
#1182=LINE('',#10803,#1727);
#1183=LINE('',#10826,#1728);
#1184=LINE('',#10849,#1729);
#1185=LINE('',#10872,#1730);
#1186=LINE('',#10879,#1731);
#1187=LINE('',#10880,#1732);
#1188=LINE('',#10884,#1733);
#1189=LINE('',#10886,#1734);
#1190=LINE('',#10888,#1735);
#1191=LINE('',#10889,#1736);
#1192=LINE('',#10907,#1737);
#1193=LINE('',#10930,#1738);
#1194=LINE('',#10938,#1739);
#1195=LINE('',#10940,#1740);
#1196=LINE('',#10941,#1741);
#1197=LINE('',#10959,#1742);
#1198=LINE('',#10982,#1743);
#1199=LINE('',#11005,#1744);
#1200=LINE('',#11028,#1745);
#1201=LINE('',#11051,#1746);
#1202=LINE('',#11074,#1747);
#1203=LINE('',#11097,#1748);
#1204=LINE('',#11105,#1749);
#1205=LINE('',#11107,#1750);
#1206=LINE('',#11108,#1751);
#1207=LINE('',#11126,#1752);
#1208=LINE('',#11149,#1753);
#1209=LINE('',#11172,#1754);
#1210=LINE('',#11195,#1755);
#1211=LINE('',#11218,#1756);
#1212=LINE('',#11241,#1757);
#1213=LINE('',#11264,#1758);
#1214=LINE('',#11287,#1759);
#1215=LINE('',#11310,#1760);
#1216=LINE('',#11333,#1761);
#1217=LINE('',#11356,#1762);
#1218=LINE('',#11379,#1763);
#1219=LINE('',#11402,#1764);
#1220=LINE('',#11425,#1765);
#1221=LINE('',#11455,#1766);
#1222=LINE('',#11457,#1767);
#1223=LINE('',#11459,#1768);
#1224=LINE('',#11460,#1769);
#1225=LINE('',#11463,#1770);
#1226=LINE('',#11465,#1771);
#1227=LINE('',#11466,#1772);
#1228=LINE('',#11469,#1773);
#1229=LINE('',#11471,#1774);
#1230=LINE('',#11472,#1775);
#1231=LINE('',#11475,#1776);
#1232=LINE('',#11477,#1777);
#1233=LINE('',#11478,#1778);
#1234=LINE('',#11481,#1779);
#1235=LINE('',#11483,#1780);
#1236=LINE('',#11484,#1781);
#1237=LINE('',#11487,#1782);
#1238=LINE('',#11489,#1783);
#1239=LINE('',#11490,#1784);
#1240=LINE('',#11493,#1785);
#1241=LINE('',#11495,#1786);
#1242=LINE('',#11496,#1787);
#1243=LINE('',#11499,#1788);
#1244=LINE('',#11501,#1789);
#1245=LINE('',#11502,#1790);
#1246=LINE('',#11505,#1791);
#1247=LINE('',#11507,#1792);
#1248=LINE('',#11508,#1793);
#1249=LINE('',#11511,#1794);
#1250=LINE('',#11513,#1795);
#1251=LINE('',#11514,#1796);
#1252=LINE('',#11517,#1797);
#1253=LINE('',#11519,#1798);
#1254=LINE('',#11520,#1799);
#1255=LINE('',#11522,#1800);
#1256=LINE('',#11523,#1801);
#1257=LINE('',#11543,#1802);
#1258=LINE('',#11550,#1803);
#1259=LINE('',#11568,#1804);
#1260=LINE('',#11591,#1805);
#1261=LINE('',#11614,#1806);
#1262=LINE('',#11637,#1807);
#1263=LINE('',#11660,#1808);
#1264=LINE('',#11683,#1809);
#1265=LINE('',#11706,#1810);
#1266=LINE('',#11729,#1811);
#1267=LINE('',#11736,#1812);
#1268=LINE('',#11737,#1813);
#1269=LINE('',#11741,#1814);
#1270=LINE('',#11743,#1815);
#1271=LINE('',#11745,#1816);
#1272=LINE('',#11746,#1817);
#1273=LINE('',#11764,#1818);
#1274=LINE('',#11787,#1819);
#1275=LINE('',#11795,#1820);
#1276=LINE('',#11797,#1821);
#1277=LINE('',#11798,#1822);
#1278=LINE('',#11816,#1823);
#1279=LINE('',#11839,#1824);
#1280=LINE('',#11862,#1825);
#1281=LINE('',#11885,#1826);
#1282=LINE('',#11908,#1827);
#1283=LINE('',#11931,#1828);
#1284=LINE('',#11954,#1829);
#1285=LINE('',#11962,#1830);
#1286=LINE('',#11964,#1831);
#1287=LINE('',#11965,#1832);
#1288=LINE('',#11983,#1833);
#1289=LINE('',#12006,#1834);
#1290=LINE('',#12029,#1835);
#1291=LINE('',#12052,#1836);
#1292=LINE('',#12075,#1837);
#1293=LINE('',#12098,#1838);
#1294=LINE('',#12121,#1839);
#1295=LINE('',#12144,#1840);
#1296=LINE('',#12167,#1841);
#1297=LINE('',#12190,#1842);
#1298=LINE('',#12213,#1843);
#1299=LINE('',#12236,#1844);
#1300=LINE('',#12259,#1845);
#1301=LINE('',#12282,#1846);
#1302=LINE('',#12312,#1847);
#1303=LINE('',#12314,#1848);
#1304=LINE('',#12316,#1849);
#1305=LINE('',#12317,#1850);
#1306=LINE('',#12320,#1851);
#1307=LINE('',#12322,#1852);
#1308=LINE('',#12323,#1853);
#1309=LINE('',#12326,#1854);
#1310=LINE('',#12328,#1855);
#1311=LINE('',#12329,#1856);
#1312=LINE('',#12332,#1857);
#1313=LINE('',#12334,#1858);
#1314=LINE('',#12335,#1859);
#1315=LINE('',#12338,#1860);
#1316=LINE('',#12340,#1861);
#1317=LINE('',#12341,#1862);
#1318=LINE('',#12344,#1863);
#1319=LINE('',#12346,#1864);
#1320=LINE('',#12347,#1865);
#1321=LINE('',#12350,#1866);
#1322=LINE('',#12352,#1867);
#1323=LINE('',#12353,#1868);
#1324=LINE('',#12356,#1869);
#1325=LINE('',#12358,#1870);
#1326=LINE('',#12359,#1871);
#1327=LINE('',#12362,#1872);
#1328=LINE('',#12364,#1873);
#1329=LINE('',#12365,#1874);
#1330=LINE('',#12368,#1875);
#1331=LINE('',#12370,#1876);
#1332=LINE('',#12371,#1877);
#1333=LINE('',#12374,#1878);
#1334=LINE('',#12376,#1879);
#1335=LINE('',#12377,#1880);
#1336=LINE('',#12379,#1881);
#1337=LINE('',#12380,#1882);
#1338=LINE('',#12400,#1883);
#1339=LINE('',#12407,#1884);
#1340=LINE('',#12425,#1885);
#1341=LINE('',#12448,#1886);
#1342=LINE('',#12456,#1887);
#1343=LINE('',#12458,#1888);
#1344=LINE('',#12459,#1889);
#1345=LINE('',#12462,#1890);
#1346=LINE('',#12464,#1891);
#1347=LINE('',#12465,#1892);
#1348=LINE('',#12468,#1893);
#1349=LINE('',#12470,#1894);
#1350=LINE('',#12471,#1895);
#1351=LINE('',#12474,#1896);
#1352=LINE('',#12476,#1897);
#1353=LINE('',#12477,#1898);
#1354=LINE('',#12480,#1899);
#1355=LINE('',#12482,#1900);
#1356=LINE('',#12483,#1901);
#1357=LINE('',#12486,#1902);
#1358=LINE('',#12488,#1903);
#1359=LINE('',#12489,#1904);
#1360=LINE('',#12492,#1905);
#1361=LINE('',#12494,#1906);
#1362=LINE('',#12495,#1907);
#1363=LINE('',#12498,#1908);
#1364=LINE('',#12500,#1909);
#1365=LINE('',#12501,#1910);
#1366=LINE('',#12504,#1911);
#1367=LINE('',#12506,#1912);
#1368=LINE('',#12507,#1913);
#1369=LINE('',#12510,#1914);
#1370=LINE('',#12512,#1915);
#1371=LINE('',#12513,#1916);
#1372=LINE('',#12516,#1917);
#1373=LINE('',#12518,#1918);
#1374=LINE('',#12519,#1919);
#1375=LINE('',#12537,#1920);
#1376=LINE('',#12560,#1921);
#1377=LINE('',#12583,#1922);
#1378=LINE('',#12606,#1923);
#1379=LINE('',#12614,#1924);
#1380=LINE('',#12616,#1925);
#1381=LINE('',#12617,#1926);
#1382=LINE('',#12642,#1927);
#1383=LINE('',#12644,#1928);
#1384=LINE('',#12646,#1929);
#1385=LINE('',#12647,#1930);
#1386=LINE('',#12650,#1931);
#1387=LINE('',#12652,#1932);
#1388=LINE('',#12653,#1933);
#1389=LINE('',#12656,#1934);
#1390=LINE('',#12658,#1935);
#1391=LINE('',#12659,#1936);
#1392=LINE('',#12662,#1937);
#1393=LINE('',#12664,#1938);
#1394=LINE('',#12665,#1939);
#1395=LINE('',#12668,#1940);
#1396=LINE('',#12670,#1941);
#1397=LINE('',#12671,#1942);
#1398=LINE('',#12674,#1943);
#1399=LINE('',#12676,#1944);
#1400=LINE('',#12677,#1945);
#1401=LINE('',#12680,#1946);
#1402=LINE('',#12682,#1947);
#1403=LINE('',#12683,#1948);
#1404=LINE('',#12686,#1949);
#1405=LINE('',#12688,#1950);
#1406=LINE('',#12689,#1951);
#1407=LINE('',#12692,#1952);
#1408=LINE('',#12694,#1953);
#1409=LINE('',#12695,#1954);
#1410=LINE('',#12713,#1955);
#1411=LINE('',#12736,#1956);
#1412=LINE('',#12744,#1957);
#1413=LINE('',#12746,#1958);
#1414=LINE('',#12747,#1959);
#1415=LINE('',#12750,#1960);
#1416=LINE('',#12752,#1961);
#1417=LINE('',#12753,#1962);
#1418=LINE('',#12756,#1963);
#1419=LINE('',#12758,#1964);
#1420=LINE('',#12759,#1965);
#1421=LINE('',#12761,#1966);
#1422=LINE('',#12762,#1967);
#1423=LINE('',#12769,#1968);
#1424=LINE('',#12773,#1969);
#1425=LINE('',#12775,#1970);
#1426=LINE('',#12777,#1971);
#1427=LINE('',#12779,#1972);
#1428=LINE('',#12781,#1973);
#1429=LINE('',#12785,#1974);
#1430=LINE('',#12788,#1975);
#1431=LINE('',#12793,#1976);
#1432=LINE('',#12797,#1977);
#1433=LINE('',#12801,#1978);
#1434=LINE('',#12804,#1979);
#1435=LINE('',#12809,#1980);
#1436=LINE('',#12813,#1981);
#1437=LINE('',#12817,#1982);
#1438=LINE('',#12820,#1983);
#1439=LINE('',#12825,#1984);
#1440=LINE('',#12829,#1985);
#1441=LINE('',#12833,#1986);
#1442=LINE('',#12836,#1987);
#1443=LINE('',#12841,#1988);
#1444=LINE('',#12845,#1989);
#1445=LINE('',#12849,#1990);
#1446=LINE('',#12852,#1991);
#1447=LINE('',#12857,#1992);
#1448=LINE('',#12861,#1993);
#1449=LINE('',#12865,#1994);
#1450=LINE('',#12868,#1995);
#1451=LINE('',#12873,#1996);
#1452=LINE('',#12877,#1997);
#1453=LINE('',#12881,#1998);
#1454=LINE('',#12884,#1999);
#1455=LINE('',#12901,#2000);
#1456=LINE('',#12902,#2001);
#1457=LINE('',#12906,#2002);
#1458=LINE('',#12907,#2003);
#1459=LINE('',#12911,#2004);
#1460=LINE('',#12916,#2005);
#1461=LINE('',#12917,#2006);
#1462=LINE('',#12920,#2007);
#1463=LINE('',#12921,#2008);
#1464=LINE('',#12926,#2009);
#1465=LINE('',#12927,#2010);
#1466=LINE('',#12929,#2011);
#1467=LINE('',#12932,#2012);
#1468=LINE('',#12934,#2013);
#1469=LINE('',#12935,#2014);
#1470=LINE('',#12939,#2015);
#1471=LINE('',#12942,#2016);
#1472=LINE('',#12943,#2017);
#1473=LINE('',#12947,#2018);
#1474=LINE('',#12950,#2019);
#1475=LINE('',#12951,#2020);
#1476=LINE('',#12955,#2021);
#1477=LINE('',#12958,#2022);
#1478=LINE('',#12959,#2023);
#1479=LINE('',#12964,#2024);
#1480=LINE('',#12966,#2025);
#1481=LINE('',#12967,#2026);
#1482=LINE('',#12971,#2027);
#1483=LINE('',#12974,#2028);
#1484=LINE('',#12975,#2029);
#1485=LINE('',#12979,#2030);
#1486=LINE('',#12982,#2031);
#1487=LINE('',#12983,#2032);
#1488=LINE('',#12987,#2033);
#1489=LINE('',#12990,#2034);
#1490=LINE('',#12991,#2035);
#1491=LINE('',#12996,#2036);
#1492=LINE('',#12998,#2037);
#1493=LINE('',#12999,#2038);
#1494=LINE('',#13003,#2039);
#1495=LINE('',#13006,#2040);
#1496=LINE('',#13007,#2041);
#1497=LINE('',#13011,#2042);
#1498=LINE('',#13014,#2043);
#1499=LINE('',#13015,#2044);
#1500=LINE('',#13019,#2045);
#1501=LINE('',#13022,#2046);
#1502=LINE('',#13023,#2047);
#1503=LINE('',#13028,#2048);
#1504=LINE('',#13030,#2049);
#1505=LINE('',#13031,#2050);
#1506=LINE('',#13035,#2051);
#1507=LINE('',#13038,#2052);
#1508=LINE('',#13039,#2053);
#1509=LINE('',#13043,#2054);
#1510=LINE('',#13046,#2055);
#1511=LINE('',#13047,#2056);
#1512=LINE('',#13051,#2057);
#1513=LINE('',#13054,#2058);
#1514=LINE('',#13055,#2059);
#1515=LINE('',#13060,#2060);
#1516=LINE('',#13062,#2061);
#1517=LINE('',#13063,#2062);
#1518=LINE('',#13067,#2063);
#1519=LINE('',#13070,#2064);
#1520=LINE('',#13071,#2065);
#1521=LINE('',#13075,#2066);
#1522=LINE('',#13078,#2067);
#1523=LINE('',#13079,#2068);
#1524=LINE('',#13083,#2069);
#1525=LINE('',#13086,#2070);
#1526=LINE('',#13087,#2071);
#1527=LINE('',#13092,#2072);
#1528=LINE('',#13094,#2073);
#1529=LINE('',#13095,#2074);
#1530=LINE('',#13099,#2075);
#1531=LINE('',#13102,#2076);
#1532=LINE('',#13103,#2077);
#1533=LINE('',#13107,#2078);
#1534=LINE('',#13110,#2079);
#1535=LINE('',#13111,#2080);
#1536=LINE('',#13115,#2081);
#1537=LINE('',#13118,#2082);
#1538=LINE('',#13119,#2083);
#1539=LINE('',#13125,#2084);
#1540=LINE('',#13129,#2085);
#1541=LINE('',#13133,#2086);
#1542=LINE('',#13137,#2087);
#1543=LINE('',#13139,#2088);
#1544=LINE('',#13142,#2089);
#1545=LINE('',#13143,#2090);
#1546=LINE('',#13146,#2091);
#1547=LINE('',#13147,#2092);
#1548=LINE('',#13150,#2093);
#1549=LINE('',#13151,#2094);
#1550=LINE('',#13153,#2095);
#1551=VECTOR('',#6899,10.);
#1552=VECTOR('',#6900,10.);
#1553=VECTOR('',#6901,10.);
#1554=VECTOR('',#6902,10.);
#1555=VECTOR('',#6903,10.);
#1556=VECTOR('',#6904,10.);
#1557=VECTOR('',#6905,10.);
#1558=VECTOR('',#6906,10.);
#1559=VECTOR('',#6907,10.);
#1560=VECTOR('',#6908,10.);
#1561=VECTOR('',#6911,10.);
#1562=VECTOR('',#6912,10.);
#1563=VECTOR('',#6915,10.);
#1564=VECTOR('',#6916,10.);
#1565=VECTOR('',#6917,10.);
#1566=VECTOR('',#6918,10.);
#1567=VECTOR('',#6919,10.);
#1568=VECTOR('',#6920,10.);
#1569=VECTOR('',#6923,10.);
#1570=VECTOR('',#6924,10.);
#1571=VECTOR('',#6925,10.);
#1572=VECTOR('',#6926,10.);
#1573=VECTOR('',#6927,10.);
#1574=VECTOR('',#6928,10.);
#1575=VECTOR('',#6929,10.);
#1576=VECTOR('',#6930,10.);
#1577=VECTOR('',#6931,10.);
#1578=VECTOR('',#6932,10.);
#1579=VECTOR('',#6935,10.);
#1580=VECTOR('',#6936,10.);
#1581=VECTOR('',#6937,10.);
#1582=VECTOR('',#6938,10.);
#1583=VECTOR('',#6939,10.);
#1584=VECTOR('',#6940,10.);
#1585=VECTOR('',#6941,10.);
#1586=VECTOR('',#6942,10.);
#1587=VECTOR('',#6943,10.);
#1588=VECTOR('',#6944,10.);
#1589=VECTOR('',#6945,10.);
#1590=VECTOR('',#6946,10.);
#1591=VECTOR('',#6947,10.);
#1592=VECTOR('',#6948,10.);
#1593=VECTOR('',#6949,10.);
#1594=VECTOR('',#6950,10.);
#1595=VECTOR('',#6951,10.);
#1596=VECTOR('',#6954,10.);
#1597=VECTOR('',#6955,10.);
#1598=VECTOR('',#6956,10.);
#1599=VECTOR('',#6957,10.);
#1600=VECTOR('',#6958,10.);
#1601=VECTOR('',#6959,10.);
#1602=VECTOR('',#6960,10.);
#1603=VECTOR('',#6961,10.);
#1604=VECTOR('',#6962,10.);
#1605=VECTOR('',#6963,10.);
#1606=VECTOR('',#6964,10.);
#1607=VECTOR('',#6965,10.);
#1608=VECTOR('',#6966,10.);
#1609=VECTOR('',#6967,10.);
#1610=VECTOR('',#6968,10.);
#1611=VECTOR('',#6971,10.);
#1612=VECTOR('',#6972,10.);
#1613=VECTOR('',#6973,10.);
#1614=VECTOR('',#6974,10.);
#1615=VECTOR('',#6975,10.);
#1616=VECTOR('',#6976,10.);
#1617=VECTOR('',#6977,10.);
#1618=VECTOR('',#6978,10.);
#1619=VECTOR('',#6979,10.);
#1620=VECTOR('',#6980,10.);
#1621=VECTOR('',#6981,10.);
#1622=VECTOR('',#6982,10.);
#1623=VECTOR('',#6983,10.);
#1624=VECTOR('',#6984,10.);
#1625=VECTOR('',#6985,10.);
#1626=VECTOR('',#6986,10.);
#1627=VECTOR('',#6987,10.);
#1628=VECTOR('',#6988,10.);
#1629=VECTOR('',#6989,10.);
#1630=VECTOR('',#6992,10.);
#1631=VECTOR('',#6993,10.);
#1632=VECTOR('',#6994,10.);
#1633=VECTOR('',#6997,10.);
#1634=VECTOR('',#6998,10.);
#1635=VECTOR('',#6999,10.);
#1636=VECTOR('',#7000,10.);
#1637=VECTOR('',#7001,10.);
#1638=VECTOR('',#7002,10.);
#1639=VECTOR('',#7003,10.);
#1640=VECTOR('',#7004,10.);
#1641=VECTOR('',#7007,10.);
#1642=VECTOR('',#7008,10.);
#1643=VECTOR('',#7009,10.);
#1644=VECTOR('',#7010,10.);
#1645=VECTOR('',#7013,10.);
#1646=VECTOR('',#7014,10.);
#1647=VECTOR('',#7015,10.);
#1648=VECTOR('',#7018,10.);
#1649=VECTOR('',#7019,10.);
#1650=VECTOR('',#7020,10.);
#1651=VECTOR('',#7021,10.);
#1652=VECTOR('',#7022,10.);
#1653=VECTOR('',#7023,10.);
#1654=VECTOR('',#7024,10.);
#1655=VECTOR('',#7025,10.);
#1656=VECTOR('',#7026,10.);
#1657=VECTOR('',#7027,10.);
#1658=VECTOR('',#7028,10.);
#1659=VECTOR('',#7029,10.);
#1660=VECTOR('',#7032,10.);
#1661=VECTOR('',#7033,10.);
#1662=VECTOR('',#7034,10.);
#1663=VECTOR('',#7037,10.);
#1664=VECTOR('',#7038,10.);
#1665=VECTOR('',#7041,10.);
#1666=VECTOR('',#7042,10.);
#1667=VECTOR('',#7043,10.);
#1668=VECTOR('',#7044,10.);
#1669=VECTOR('',#7045,10.);
#1670=VECTOR('',#7046,10.);
#1671=VECTOR('',#7047,10.);
#1672=VECTOR('',#7048,10.);
#1673=VECTOR('',#7051,10.);
#1674=VECTOR('',#7052,10.);
#1675=VECTOR('',#7053,10.);
#1676=VECTOR('',#7054,10.);
#1677=VECTOR('',#7055,10.);
#1678=VECTOR('',#7056,10.);
#1679=VECTOR('',#7057,10.);
#1680=VECTOR('',#7058,10.);
#1681=VECTOR('',#7059,10.);
#1682=VECTOR('',#7060,10.);
#1683=VECTOR('',#7061,10.);
#1684=VECTOR('',#7062,10.);
#1685=VECTOR('',#7065,10.);
#1686=VECTOR('',#7066,10.);
#1687=VECTOR('',#7067,10.);
#1688=VECTOR('',#7070,10.);
#1689=VECTOR('',#7071,10.);
#1690=VECTOR('',#7072,10.);
#1691=VECTOR('',#7073,10.);
#1692=VECTOR('',#7074,10.);
#1693=VECTOR('',#7075,10.);
#1694=VECTOR('',#7076,10.);
#1695=VECTOR('',#7077,10.);
#1696=VECTOR('',#7080,10.);
#1697=VECTOR('',#7081,10.);
#1698=VECTOR('',#7082,10.);
#1699=VECTOR('',#7083,10.);
#1700=VECTOR('',#7084,10.);
#1701=VECTOR('',#7085,10.);
#1702=VECTOR('',#7086,10.);
#1703=VECTOR('',#7087,10.);
#1704=VECTOR('',#7088,10.);
#1705=VECTOR('',#7089,10.);
#1706=VECTOR('',#7090,10.);
#1707=VECTOR('',#7091,10.);
#1708=VECTOR('',#7092,10.);
#1709=VECTOR('',#7093,10.);
#1710=VECTOR('',#7096,10.);
#1711=VECTOR('',#7097,10.);
#1712=VECTOR('',#7098,10.);
#1713=VECTOR('',#7101,10.);
#1714=VECTOR('',#7102,10.);
#1715=VECTOR('',#7103,10.);
#1716=VECTOR('',#7106,10.);
#1717=VECTOR('',#7107,10.);
#1718=VECTOR('',#7108,10.);
#1719=VECTOR('',#7111,10.);
#1720=VECTOR('',#7112,10.);
#1721=VECTOR('',#7115,10.);
#1722=VECTOR('',#7116,10.);
#1723=VECTOR('',#7117,10.);
#1724=VECTOR('',#7118,10.);
#1725=VECTOR('',#7119,10.);
#1726=VECTOR('',#7120,10.);
#1727=VECTOR('',#7121,10.);
#1728=VECTOR('',#7122,10.);
#1729=VECTOR('',#7123,10.);
#1730=VECTOR('',#7124,10.);
#1731=VECTOR('',#7127,10.);
#1732=VECTOR('',#7128,10.);
#1733=VECTOR('',#7131,10.);
#1734=VECTOR('',#7132,10.);
#1735=VECTOR('',#7133,10.);
#1736=VECTOR('',#7134,10.);
#1737=VECTOR('',#7135,10.);
#1738=VECTOR('',#7136,10.);
#1739=VECTOR('',#7139,10.);
#1740=VECTOR('',#7140,10.);
#1741=VECTOR('',#7141,10.);
#1742=VECTOR('',#7142,10.);
#1743=VECTOR('',#7143,10.);
#1744=VECTOR('',#7144,10.);
#1745=VECTOR('',#7145,10.);
#1746=VECTOR('',#7146,10.);
#1747=VECTOR('',#7147,10.);
#1748=VECTOR('',#7148,10.);
#1749=VECTOR('',#7151,10.);
#1750=VECTOR('',#7152,10.);
#1751=VECTOR('',#7153,10.);
#1752=VECTOR('',#7154,10.);
#1753=VECTOR('',#7155,10.);
#1754=VECTOR('',#7156,10.);
#1755=VECTOR('',#7157,10.);
#1756=VECTOR('',#7158,10.);
#1757=VECTOR('',#7159,10.);
#1758=VECTOR('',#7160,10.);
#1759=VECTOR('',#7161,10.);
#1760=VECTOR('',#7162,10.);
#1761=VECTOR('',#7163,10.);
#1762=VECTOR('',#7164,10.);
#1763=VECTOR('',#7165,10.);
#1764=VECTOR('',#7166,10.);
#1765=VECTOR('',#7167,10.);
#1766=VECTOR('',#7172,10.);
#1767=VECTOR('',#7173,10.);
#1768=VECTOR('',#7174,10.);
#1769=VECTOR('',#7175,10.);
#1770=VECTOR('',#7178,10.);
#1771=VECTOR('',#7179,10.);
#1772=VECTOR('',#7180,10.);
#1773=VECTOR('',#7183,10.);
#1774=VECTOR('',#7184,10.);
#1775=VECTOR('',#7185,10.);
#1776=VECTOR('',#7188,10.);
#1777=VECTOR('',#7189,10.);
#1778=VECTOR('',#7190,10.);
#1779=VECTOR('',#7193,10.);
#1780=VECTOR('',#7194,10.);
#1781=VECTOR('',#7195,10.);
#1782=VECTOR('',#7198,10.);
#1783=VECTOR('',#7199,10.);
#1784=VECTOR('',#7200,10.);
#1785=VECTOR('',#7203,10.);
#1786=VECTOR('',#7204,10.);
#1787=VECTOR('',#7205,10.);
#1788=VECTOR('',#7208,10.);
#1789=VECTOR('',#7209,10.);
#1790=VECTOR('',#7210,10.);
#1791=VECTOR('',#7213,10.);
#1792=VECTOR('',#7214,10.);
#1793=VECTOR('',#7215,10.);
#1794=VECTOR('',#7218,10.);
#1795=VECTOR('',#7219,10.);
#1796=VECTOR('',#7220,10.);
#1797=VECTOR('',#7223,10.);
#1798=VECTOR('',#7224,10.);
#1799=VECTOR('',#7225,10.);
#1800=VECTOR('',#7228,10.);
#1801=VECTOR('',#7229,10.);
#1802=VECTOR('',#7232,10.);
#1803=VECTOR('',#7233,10.);
#1804=VECTOR('',#7234,10.);
#1805=VECTOR('',#7235,10.);
#1806=VECTOR('',#7236,10.);
#1807=VECTOR('',#7237,10.);
#1808=VECTOR('',#7238,10.);
#1809=VECTOR('',#7239,10.);
#1810=VECTOR('',#7240,10.);
#1811=VECTOR('',#7241,10.);
#1812=VECTOR('',#7244,10.);
#1813=VECTOR('',#7245,10.);
#1814=VECTOR('',#7248,10.);
#1815=VECTOR('',#7249,10.);
#1816=VECTOR('',#7250,10.);
#1817=VECTOR('',#7251,10.);
#1818=VECTOR('',#7252,10.);
#1819=VECTOR('',#7253,10.);
#1820=VECTOR('',#7256,10.);
#1821=VECTOR('',#7257,10.);
#1822=VECTOR('',#7258,10.);
#1823=VECTOR('',#7259,10.);
#1824=VECTOR('',#7260,10.);
#1825=VECTOR('',#7261,10.);
#1826=VECTOR('',#7262,10.);
#1827=VECTOR('',#7263,10.);
#1828=VECTOR('',#7264,10.);
#1829=VECTOR('',#7265,10.);
#1830=VECTOR('',#7268,10.);
#1831=VECTOR('',#7269,10.);
#1832=VECTOR('',#7270,10.);
#1833=VECTOR('',#7271,10.);
#1834=VECTOR('',#7272,10.);
#1835=VECTOR('',#7273,10.);
#1836=VECTOR('',#7274,10.);
#1837=VECTOR('',#7275,10.);
#1838=VECTOR('',#7276,10.);
#1839=VECTOR('',#7277,10.);
#1840=VECTOR('',#7278,10.);
#1841=VECTOR('',#7279,10.);
#1842=VECTOR('',#7280,10.);
#1843=VECTOR('',#7281,10.);
#1844=VECTOR('',#7282,10.);
#1845=VECTOR('',#7283,10.);
#1846=VECTOR('',#7284,10.);
#1847=VECTOR('',#7289,10.);
#1848=VECTOR('',#7290,10.);
#1849=VECTOR('',#7291,10.);
#1850=VECTOR('',#7292,10.);
#1851=VECTOR('',#7295,10.);
#1852=VECTOR('',#7296,10.);
#1853=VECTOR('',#7297,10.);
#1854=VECTOR('',#7300,10.);
#1855=VECTOR('',#7301,10.);
#1856=VECTOR('',#7302,10.);
#1857=VECTOR('',#7305,10.);
#1858=VECTOR('',#7306,10.);
#1859=VECTOR('',#7307,10.);
#1860=VECTOR('',#7310,10.);
#1861=VECTOR('',#7311,10.);
#1862=VECTOR('',#7312,10.);
#1863=VECTOR('',#7315,10.);
#1864=VECTOR('',#7316,10.);
#1865=VECTOR('',#7317,10.);
#1866=VECTOR('',#7320,10.);
#1867=VECTOR('',#7321,10.);
#1868=VECTOR('',#7322,10.);
#1869=VECTOR('',#7325,10.);
#1870=VECTOR('',#7326,10.);
#1871=VECTOR('',#7327,10.);
#1872=VECTOR('',#7330,10.);
#1873=VECTOR('',#7331,10.);
#1874=VECTOR('',#7332,10.);
#1875=VECTOR('',#7335,10.);
#1876=VECTOR('',#7336,10.);
#1877=VECTOR('',#7337,10.);
#1878=VECTOR('',#7340,10.);
#1879=VECTOR('',#7341,10.);
#1880=VECTOR('',#7342,10.);
#1881=VECTOR('',#7345,10.);
#1882=VECTOR('',#7346,10.);
#1883=VECTOR('',#7349,10.);
#1884=VECTOR('',#7350,10.);
#1885=VECTOR('',#7351,10.);
#1886=VECTOR('',#7352,10.);
#1887=VECTOR('',#7355,10.);
#1888=VECTOR('',#7356,10.);
#1889=VECTOR('',#7357,10.);
#1890=VECTOR('',#7360,10.);
#1891=VECTOR('',#7361,10.);
#1892=VECTOR('',#7362,10.);
#1893=VECTOR('',#7365,10.);
#1894=VECTOR('',#7366,10.);
#1895=VECTOR('',#7367,10.);
#1896=VECTOR('',#7370,10.);
#1897=VECTOR('',#7371,10.);
#1898=VECTOR('',#7372,10.);
#1899=VECTOR('',#7375,10.);
#1900=VECTOR('',#7376,10.);
#1901=VECTOR('',#7377,10.);
#1902=VECTOR('',#7380,10.);
#1903=VECTOR('',#7381,10.);
#1904=VECTOR('',#7382,10.);
#1905=VECTOR('',#7385,10.);
#1906=VECTOR('',#7386,10.);
#1907=VECTOR('',#7387,10.);
#1908=VECTOR('',#7390,10.);
#1909=VECTOR('',#7391,10.);
#1910=VECTOR('',#7392,10.);
#1911=VECTOR('',#7395,10.);
#1912=VECTOR('',#7396,10.);
#1913=VECTOR('',#7397,10.);
#1914=VECTOR('',#7400,10.);
#1915=VECTOR('',#7401,10.);
#1916=VECTOR('',#7402,10.);
#1917=VECTOR('',#7405,10.);
#1918=VECTOR('',#7406,10.);
#1919=VECTOR('',#7407,10.);
#1920=VECTOR('',#7408,10.);
#1921=VECTOR('',#7409,10.);
#1922=VECTOR('',#7410,10.);
#1923=VECTOR('',#7411,10.);
#1924=VECTOR('',#7414,10.);
#1925=VECTOR('',#7415,10.);
#1926=VECTOR('',#7416,10.);
#1927=VECTOR('',#7421,10.);
#1928=VECTOR('',#7422,10.);
#1929=VECTOR('',#7423,10.);
#1930=VECTOR('',#7424,10.);
#1931=VECTOR('',#7427,10.);
#1932=VECTOR('',#7428,10.);
#1933=VECTOR('',#7429,10.);
#1934=VECTOR('',#7432,10.);
#1935=VECTOR('',#7433,10.);
#1936=VECTOR('',#7434,10.);
#1937=VECTOR('',#7437,10.);
#1938=VECTOR('',#7438,10.);
#1939=VECTOR('',#7439,10.);
#1940=VECTOR('',#7442,10.);
#1941=VECTOR('',#7443,10.);
#1942=VECTOR('',#7444,10.);
#1943=VECTOR('',#7447,10.);
#1944=VECTOR('',#7448,10.);
#1945=VECTOR('',#7449,10.);
#1946=VECTOR('',#7452,10.);
#1947=VECTOR('',#7453,10.);
#1948=VECTOR('',#7454,10.);
#1949=VECTOR('',#7457,10.);
#1950=VECTOR('',#7458,10.);
#1951=VECTOR('',#7459,10.);
#1952=VECTOR('',#7462,10.);
#1953=VECTOR('',#7463,10.);
#1954=VECTOR('',#7464,10.);
#1955=VECTOR('',#7465,10.);
#1956=VECTOR('',#7466,10.);
#1957=VECTOR('',#7469,10.);
#1958=VECTOR('',#7470,10.);
#1959=VECTOR('',#7471,10.);
#1960=VECTOR('',#7474,10.);
#1961=VECTOR('',#7475,10.);
#1962=VECTOR('',#7476,10.);
#1963=VECTOR('',#7479,10.);
#1964=VECTOR('',#7480,10.);
#1965=VECTOR('',#7481,10.);
#1966=VECTOR('',#7484,10.);
#1967=VECTOR('',#7485,10.);
#1968=VECTOR('',#7492,10.);
#1969=VECTOR('',#7495,10.);
#1970=VECTOR('',#7496,10.);
#1971=VECTOR('',#7497,10.);
#1972=VECTOR('',#7498,10.);
#1973=VECTOR('',#7499,10.);
#1974=VECTOR('',#7502,10.);
#1975=VECTOR('',#7505,10.);
#1976=VECTOR('',#7508,10.);
#1977=VECTOR('',#7511,10.);
#1978=VECTOR('',#7514,10.);
#1979=VECTOR('',#7517,10.);
#1980=VECTOR('',#7520,10.);
#1981=VECTOR('',#7523,10.);
#1982=VECTOR('',#7526,10.);
#1983=VECTOR('',#7529,10.);
#1984=VECTOR('',#7532,10.);
#1985=VECTOR('',#7535,10.);
#1986=VECTOR('',#7538,10.);
#1987=VECTOR('',#7541,10.);
#1988=VECTOR('',#7544,10.);
#1989=VECTOR('',#7547,10.);
#1990=VECTOR('',#7550,10.);
#1991=VECTOR('',#7553,10.);
#1992=VECTOR('',#7556,10.);
#1993=VECTOR('',#7559,10.);
#1994=VECTOR('',#7562,10.);
#1995=VECTOR('',#7565,10.);
#1996=VECTOR('',#7568,10.);
#1997=VECTOR('',#7571,10.);
#1998=VECTOR('',#7574,10.);
#1999=VECTOR('',#7577,10.);
#2000=VECTOR('',#7598,10.);
#2001=VECTOR('',#7599,10.);
#2002=VECTOR('',#7604,10.);
#2003=VECTOR('',#7605,10.);
#2004=VECTOR('',#7610,10.);
#2005=VECTOR('',#7615,10.);
#2006=VECTOR('',#7616,10.);
#2007=VECTOR('',#7619,10.);
#2008=VECTOR('',#7620,10.);
#2009=VECTOR('',#7625,10.);
#2010=VECTOR('',#7626,10.);
#2011=VECTOR('',#7629,10.);
#2012=VECTOR('',#7632,10.);
#2013=VECTOR('',#7633,10.);
#2014=VECTOR('',#7634,10.);
#2015=VECTOR('',#7639,10.);
#2016=VECTOR('',#7642,10.);
#2017=VECTOR('',#7643,10.);
#2018=VECTOR('',#7648,10.);
#2019=VECTOR('',#7651,10.);
#2020=VECTOR('',#7652,10.);
#2021=VECTOR('',#7657,10.);
#2022=VECTOR('',#7660,10.);
#2023=VECTOR('',#7661,10.);
#2024=VECTOR('',#7668,10.);
#2025=VECTOR('',#7669,10.);
#2026=VECTOR('',#7670,10.);
#2027=VECTOR('',#7675,10.);
#2028=VECTOR('',#7678,10.);
#2029=VECTOR('',#7679,10.);
#2030=VECTOR('',#7684,10.);
#2031=VECTOR('',#7687,10.);
#2032=VECTOR('',#7688,10.);
#2033=VECTOR('',#7693,10.);
#2034=VECTOR('',#7696,10.);
#2035=VECTOR('',#7697,10.);
#2036=VECTOR('',#7704,10.);
#2037=VECTOR('',#7705,10.);
#2038=VECTOR('',#7706,10.);
#2039=VECTOR('',#7711,10.);
#2040=VECTOR('',#7714,10.);
#2041=VECTOR('',#7715,10.);
#2042=VECTOR('',#7720,10.);
#2043=VECTOR('',#7723,10.);
#2044=VECTOR('',#7724,10.);
#2045=VECTOR('',#7729,10.);
#2046=VECTOR('',#7732,10.);
#2047=VECTOR('',#7733,10.);
#2048=VECTOR('',#7740,10.);
#2049=VECTOR('',#7741,10.);
#2050=VECTOR('',#7742,10.);
#2051=VECTOR('',#7747,10.);
#2052=VECTOR('',#7750,10.);
#2053=VECTOR('',#7751,10.);
#2054=VECTOR('',#7756,10.);
#2055=VECTOR('',#7759,10.);
#2056=VECTOR('',#7760,10.);
#2057=VECTOR('',#7765,10.);
#2058=VECTOR('',#7768,10.);
#2059=VECTOR('',#7769,10.);
#2060=VECTOR('',#7776,10.);
#2061=VECTOR('',#7777,10.);
#2062=VECTOR('',#7778,10.);
#2063=VECTOR('',#7783,10.);
#2064=VECTOR('',#7786,10.);
#2065=VECTOR('',#7787,10.);
#2066=VECTOR('',#7792,10.);
#2067=VECTOR('',#7795,10.);
#2068=VECTOR('',#7796,10.);
#2069=VECTOR('',#7801,10.);
#2070=VECTOR('',#7804,10.);
#2071=VECTOR('',#7805,10.);
#2072=VECTOR('',#7812,10.);
#2073=VECTOR('',#7813,10.);
#2074=VECTOR('',#7814,10.);
#2075=VECTOR('',#7819,10.);
#2076=VECTOR('',#7822,10.);
#2077=VECTOR('',#7823,10.);
#2078=VECTOR('',#7828,10.);
#2079=VECTOR('',#7831,10.);
#2080=VECTOR('',#7832,10.);
#2081=VECTOR('',#7837,10.);
#2082=VECTOR('',#7840,10.);
#2083=VECTOR('',#7841,10.);
#2084=VECTOR('',#7850,1.7);
#2085=VECTOR('',#7855,1.7);
#2086=VECTOR('',#7860,1.7);
#2087=VECTOR('',#7865,1.7);
#2088=VECTOR('',#7868,10.);
#2089=VECTOR('',#7871,10.);
#2090=VECTOR('',#7872,10.);
#2091=VECTOR('',#7875,10.);
#2092=VECTOR('',#7876,10.);
#2093=VECTOR('',#7879,10.);
#2094=VECTOR('',#7880,10.);
#2095=VECTOR('',#7883,10.);
#2096=B_SPLINE_CURVE_WITH_KNOTS('',3,(#7899,#7900,#7901,#7902,#7903),
 .UNSPECIFIED.,.F.,.F.,(4,1,4),(0.,0.0107190242883606,0.0250097704133738),
 .UNSPECIFIED.);
#2097=B_SPLINE_CURVE_WITH_KNOTS('',3,(#7907,#7908,#7909,#7910,#7911),
 .UNSPECIFIED.,.F.,.F.,(4,1,4),(0.,0.0107190242883606,0.0250097704133738),
 .UNSPECIFIED.);
#2098=B_SPLINE_CURVE_WITH_KNOTS('',3,(#7924,#7925,#7926,#7927,#7928),
 .UNSPECIFIED.,.F.,.F.,(4,1,4),(0.,0.012077770771131,0.0237853294767909),
 .UNSPECIFIED.);
#2099=B_SPLINE_CURVE_WITH_KNOTS('',3,(#7931,#7932,#7933,#7934,#7935),
 .UNSPECIFIED.,.F.,.F.,(4,1,4),(0.,0.012077770771131,0.0237853294767909),
 .UNSPECIFIED.);
#2100=B_SPLINE_CURVE_WITH_KNOTS('',3,(#7947,#7948,#7949,#7950,#7951),
 .UNSPECIFIED.,.F.,.F.,(4,1,4),(0.,0.0134933680090233,0.0262110420219475),
 .UNSPECIFIED.);
#2101=B_SPLINE_CURVE_WITH_KNOTS('',3,(#7954,#7955,#7956,#7957,#7958),
 .UNSPECIFIED.,.F.,.F.,(4,1,4),(0.,0.0134933680090233,0.0262110420219475),
 .UNSPECIFIED.);
#2102=B_SPLINE_CURVE_WITH_KNOTS('',3,(#7970,#7971,#7972,#7973,#7974),
 .UNSPECIFIED.,.F.,.F.,(4,1,4),(0.,0.0103914508439183,0.0230996687709907),
 .UNSPECIFIED.);
#2103=B_SPLINE_CURVE_WITH_KNOTS('',3,(#7977,#7978,#7979,#7980,#7981),
 .UNSPECIFIED.,.F.,.F.,(4,1,4),(0.,0.0103914508439183,0.0230996687709907),
 .UNSPECIFIED.);
#2104=B_SPLINE_CURVE_WITH_KNOTS('',3,(#7993,#7994,#7995,#7996,#7997),
 .UNSPECIFIED.,.F.,.F.,(4,1,4),(0.,0.00919394959530948,0.018433469491043),
 .UNSPECIFIED.);
#2105=B_SPLINE_CURVE_WITH_KNOTS('',3,(#8000,#8001,#8002,#8003,#8004),
 .UNSPECIFIED.,.F.,.F.,(4,1,4),(0.,0.00919394959530948,0.018433469491043),
 .UNSPECIFIED.);
#2106=B_SPLINE_CURVE_WITH_KNOTS('',3,(#8016,#8017,#8018,#8019,#8020),
 .UNSPECIFIED.,.F.,.F.,(4,1,4),(0.,0.00610412393117266,0.0122853261802981),
 .UNSPECIFIED.);
#2107=B_SPLINE_CURVE_WITH_KNOTS('',3,(#8023,#8024,#8025,#8026,#8027),
 .UNSPECIFIED.,.F.,.F.,(4,1,4),(0.,0.00610412393117266,0.0122853261802981),
 .UNSPECIFIED.);
#2108=B_SPLINE_CURVE_WITH_KNOTS('',3,(#8039,#8040,#8041,#8042,#8043),
 .UNSPECIFIED.,.F.,.F.,(4,1,4),(0.,0.00649556111843269,0.0126914145147905),
 .UNSPECIFIED.);
#2109=B_SPLINE_CURVE_WITH_KNOTS('',3,(#8046,#8047,#8048,#8049,#8050),
 .UNSPECIFIED.,.F.,.F.,(4,1,4),(0.,0.00649556111843269,0.0126914145147905),
 .UNSPECIFIED.);
#2110=B_SPLINE_CURVE_WITH_KNOTS('',3,(#8062,#8063,#8064,#8065,#8066),
 .UNSPECIFIED.,.F.,.F.,(4,1,4),(0.,0.0131327492861536,0.0220120208340911),
 .UNSPECIFIED.);
#2111=B_SPLINE_CURVE_WITH_KNOTS('',3,(#8069,#8070,#8071,#8072,#8073),
 .UNSPECIFIED.,.F.,.F.,(4,1,4),(0.,0.0131327492861536,0.0220120208340911),
 .UNSPECIFIED.);
#2112=B_SPLINE_CURVE_WITH_KNOTS('',3,(#8085,#8086,#8087,#8088,#8089),
 .UNSPECIFIED.,.F.,.F.,(4,1,4),(0.,0.017457832631902,0.0412339615821551),
 .UNSPECIFIED.);
#2113=B_SPLINE_CURVE_WITH_KNOTS('',3,(#8092,#8093,#8094,#8095,#8096),
 .UNSPECIFIED.,.F.,.F.,(4,1,4),(0.,0.017457832631902,0.0412339615821551),
 .UNSPECIFIED.);
#2114=B_SPLINE_CURVE_WITH_KNOTS('',3,(#8120,#8121,#8122,#8123,#8124),
 .UNSPECIFIED.,.F.,.F.,(4,1,4),(0.,0.00918677294881396,0.0185354325755474),
 .UNSPECIFIED.);
#2115=B_SPLINE_CURVE_WITH_KNOTS('',3,(#8127,#8128,#8129,#8130,#8131),
 .UNSPECIFIED.,.F.,.F.,(4,1,4),(0.,0.00918677294881396,0.0185354325755474),
 .UNSPECIFIED.);
#2116=B_SPLINE_CURVE_WITH_KNOTS('',3,(#8143,#8144,#8145,#8146,#8147),
 .UNSPECIFIED.,.F.,.F.,(4,1,4),(0.,0.0279529494158737,0.043362882917619),
 .UNSPECIFIED.);
#2117=B_SPLINE_CURVE_WITH_KNOTS('',3,(#8150,#8151,#8152,#8153,#8154),
 .UNSPECIFIED.,.F.,.F.,(4,1,4),(0.,0.0279529494158737,0.043362882917619),
 .UNSPECIFIED.);
#2118=B_SPLINE_CURVE_WITH_KNOTS('',3,(#8172,#8173,#8174,#8175,#8176),
 .UNSPECIFIED.,.F.,.F.,(4,1,4),(0.,0.00884751940996848,0.0226981227728412),
 .UNSPECIFIED.);
#2119=B_SPLINE_CURVE_WITH_KNOTS('',3,(#8179,#8180,#8181,#8182,#8183),
 .UNSPECIFIED.,.F.,.F.,(4,1,4),(0.,0.00884751940996848,0.0226981227728412),
 .UNSPECIFIED.);
#2120=B_SPLINE_CURVE_WITH_KNOTS('',3,(#8195,#8196,#8197,#8198,#8199),
 .UNSPECIFIED.,.F.,.F.,(4,1,4),(0.,0.00880686673984311,0.0185085829150914),
 .UNSPECIFIED.);
#2121=B_SPLINE_CURVE_WITH_KNOTS('',3,(#8202,#8203,#8204,#8205,#8206),
 .UNSPECIFIED.,.F.,.F.,(4,1,4),(0.,0.00880686673984311,0.0185085829150914),
 .UNSPECIFIED.);
#2122=B_SPLINE_CURVE_WITH_KNOTS('',3,(#8218,#8219,#8220,#8221,#8222),
 .UNSPECIFIED.,.F.,.F.,(4,1,4),(0.,0.0112036139015228,0.0204521153773945),
 .UNSPECIFIED.);
#2123=B_SPLINE_CURVE_WITH_KNOTS('',3,(#8225,#8226,#8227,#8228,#8229),
 .UNSPECIFIED.,.F.,.F.,(4,1,4),(0.,0.0112036139015228,0.0204521153773945),
 .UNSPECIFIED.);
#2124=B_SPLINE_CURVE_WITH_KNOTS('',3,(#8241,#8242,#8243,#8244,#8245),
 .UNSPECIFIED.,.F.,.F.,(4,1,4),(0.,0.0168498539364946,0.0305815376129495),
 .UNSPECIFIED.);
#2125=B_SPLINE_CURVE_WITH_KNOTS('',3,(#8248,#8249,#8250,#8251,#8252),
 .UNSPECIFIED.,.F.,.F.,(4,1,4),(0.,0.0168498539364946,0.0305815376129495),
 .UNSPECIFIED.);
#2126=B_SPLINE_CURVE_WITH_KNOTS('',3,(#8264,#8265,#8266,#8267,#8268),
 .UNSPECIFIED.,.F.,.F.,(4,1,4),(0.,0.0157871774190055,0.0333984551172047),
 .UNSPECIFIED.);
#2127=B_SPLINE_CURVE_WITH_KNOTS('',3,(#8271,#8272,#8273,#8274,#8275),
 .UNSPECIFIED.,.F.,.F.,(4,1,4),(0.,0.0157871774190055,0.0333984551172047),
 .UNSPECIFIED.);
#2128=B_SPLINE_CURVE_WITH_KNOTS('',3,(#8287,#8288,#8289,#8290,#8291),
 .UNSPECIFIED.,.F.,.F.,(4,1,4),(0.,0.0124325829245985,0.0264042509034053),
 .UNSPECIFIED.);
#2129=B_SPLINE_CURVE_WITH_KNOTS('',3,(#8294,#8295,#8296,#8297,#8298),
 .UNSPECIFIED.,.F.,.F.,(4,1,4),(0.,0.0124325829245985,0.0264042509034053),
 .UNSPECIFIED.);
#2130=B_SPLINE_CURVE_WITH_KNOTS('',3,(#8310,#8311,#8312,#8313,#8314),
 .UNSPECIFIED.,.F.,.F.,(4,1,4),(0.,0.0145902627687876,0.0273098547109404),
 .UNSPECIFIED.);
#2131=B_SPLINE_CURVE_WITH_KNOTS('',3,(#8317,#8318,#8319,#8320,#8321),
 .UNSPECIFIED.,.F.,.F.,(4,1,4),(0.,0.0145902627687876,0.0273098547109404),
 .UNSPECIFIED.);
#2132=B_SPLINE_CURVE_WITH_KNOTS('',3,(#8339,#8340,#8341,#8342,#8343),
 .UNSPECIFIED.,.F.,.F.,(4,1,4),(0.,0.0110555651232624,0.0250694587155229),
 .UNSPECIFIED.);
#2133=B_SPLINE_CURVE_WITH_KNOTS('',3,(#8346,#8347,#8348,#8349,#8350),
 .UNSPECIFIED.,.F.,.F.,(4,1,4),(0.,0.0110555651232624,0.0250694587155229),
 .UNSPECIFIED.);
#2134=B_SPLINE_CURVE_WITH_KNOTS('',3,(#8362,#8363,#8364,#8365,#8366),
 .UNSPECIFIED.,.F.,.F.,(4,1,4),(0.,0.0151342471939332,0.0265989978518321),
 .UNSPECIFIED.);
#2135=B_SPLINE_CURVE_WITH_KNOTS('',3,(#8369,#8370,#8371,#8372,#8373),
 .UNSPECIFIED.,.F.,.F.,(4,1,4),(0.,0.0151342471939332,0.0265989978518321),
 .UNSPECIFIED.);
#2136=B_SPLINE_CURVE_WITH_KNOTS('',3,(#8385,#8386,#8387,#8388,#8389),
 .UNSPECIFIED.,.F.,.F.,(4,1,4),(0.,0.0132593549121324,0.0296606353894706),
 .UNSPECIFIED.);
#2137=B_SPLINE_CURVE_WITH_KNOTS('',3,(#8392,#8393,#8394,#8395,#8396),
 .UNSPECIFIED.,.F.,.F.,(4,1,4),(0.,0.0132593549121324,0.0296606353894706),
 .UNSPECIFIED.);
#2138=B_SPLINE_CURVE_WITH_KNOTS('',3,(#8408,#8409,#8410,#8411,#8412),
 .UNSPECIFIED.,.F.,.F.,(4,1,4),(0.,0.0129076462383926,0.0227592516903797),
 .UNSPECIFIED.);
#2139=B_SPLINE_CURVE_WITH_KNOTS('',3,(#8415,#8416,#8417,#8418,#8419),
 .UNSPECIFIED.,.F.,.F.,(4,1,4),(0.,0.0129076462383926,0.0227592516903797),
 .UNSPECIFIED.);
#2140=B_SPLINE_CURVE_WITH_KNOTS('',3,(#8431,#8432,#8433,#8434,#8435),
 .UNSPECIFIED.,.F.,.F.,(4,1,4),(0.,0.0041281453616563,0.00641352255775824),
 .UNSPECIFIED.);
#2141=B_SPLINE_CURVE_WITH_KNOTS('',3,(#8438,#8439,#8440,#8441,#8442),
 .UNSPECIFIED.,.F.,.F.,(4,1,4),(0.,0.0041281453616563,0.00641352255775824),
 .UNSPECIFIED.);
#2142=B_SPLINE_CURVE_WITH_KNOTS('',3,(#8454,#8455,#8456,#8457,#8458),
 .UNSPECIFIED.,.F.,.F.,(4,1,4),(0.,0.0261096805521994,0.0446557022836431),
 .UNSPECIFIED.);
#2143=B_SPLINE_CURVE_WITH_KNOTS('',3,(#8461,#8462,#8463,#8464,#8465),
 .UNSPECIFIED.,.F.,.F.,(4,1,4),(0.,0.0261096805521994,0.0446557022836431),
 .UNSPECIFIED.);
#2144=B_SPLINE_CURVE_WITH_KNOTS('',3,(#8477,#8478,#8479,#8480,#8481),
 .UNSPECIFIED.,.F.,.F.,(4,1,4),(0.,0.00926420530142875,0.0221474302810417),
 .UNSPECIFIED.);
#2145=B_SPLINE_CURVE_WITH_KNOTS('',3,(#8484,#8485,#8486,#8487,#8488),
 .UNSPECIFIED.,.F.,.F.,(4,1,4),(0.,0.00926420530142875,0.0221474302810417),
 .UNSPECIFIED.);
#2146=B_SPLINE_CURVE_WITH_KNOTS('',3,(#8500,#8501,#8502,#8503,#8504),
 .UNSPECIFIED.,.F.,.F.,(4,1,4),(0.,0.0095588590579102,0.0194792924030196),
 .UNSPECIFIED.);
#2147=B_SPLINE_CURVE_WITH_KNOTS('',3,(#8507,#8508,#8509,#8510,#8511),
 .UNSPECIFIED.,.F.,.F.,(4,1,4),(0.,0.0095588590579102,0.0194792924030196),
 .UNSPECIFIED.);
#2148=B_SPLINE_CURVE_WITH_KNOTS('',3,(#8523,#8524,#8525,#8526,#8527),
 .UNSPECIFIED.,.F.,.F.,(4,1,4),(0.,0.0097039810149507,0.0191192287104762),
 .UNSPECIFIED.);
#2149=B_SPLINE_CURVE_WITH_KNOTS('',3,(#8530,#8531,#8532,#8533,#8534),
 .UNSPECIFIED.,.F.,.F.,(4,1,4),(0.,0.0097039810149507,0.0191192287104762),
 .UNSPECIFIED.);
#2150=B_SPLINE_CURVE_WITH_KNOTS('',3,(#8546,#8547,#8548,#8549,#8550),
 .UNSPECIFIED.,.F.,.F.,(4,1,4),(0.,0.0102525015268393,0.0201993360483407),
 .UNSPECIFIED.);
#2151=B_SPLINE_CURVE_WITH_KNOTS('',3,(#8553,#8554,#8555,#8556,#8557),
 .UNSPECIFIED.,.F.,.F.,(4,1,4),(0.,0.0102525015268393,0.0201993360483407),
 .UNSPECIFIED.);
#2152=B_SPLINE_CURVE_WITH_KNOTS('',3,(#8569,#8570,#8571,#8572,#8573),
 .UNSPECIFIED.,.F.,.F.,(4,1,4),(0.,0.0164006736379662,0.0332333764520804),
 .UNSPECIFIED.);
#2153=B_SPLINE_CURVE_WITH_KNOTS('',3,(#8576,#8577,#8578,#8579,#8580),
 .UNSPECIFIED.,.F.,.F.,(4,1,4),(0.,0.0164006736379662,0.0332333764520804),
 .UNSPECIFIED.);
#2154=B_SPLINE_CURVE_WITH_KNOTS('',3,(#8592,#8593,#8594,#8595,#8596),
 .UNSPECIFIED.,.F.,.F.,(4,1,4),(0.,0.0213123185994453,0.0391862060429926),
 .UNSPECIFIED.);
#2155=B_SPLINE_CURVE_WITH_KNOTS('',3,(#8599,#8600,#8601,#8602,#8603),
 .UNSPECIFIED.,.F.,.F.,(4,1,4),(0.,0.0213123185994453,0.0391862060429926),
 .UNSPECIFIED.);
#2156=B_SPLINE_CURVE_WITH_KNOTS('',3,(#8615,#8616,#8617,#8618,#8619),
 .UNSPECIFIED.,.F.,.F.,(4,1,4),(0.,0.0135611842192663,0.0276126663208985),
 .UNSPECIFIED.);
#2157=B_SPLINE_CURVE_WITH_KNOTS('',3,(#8622,#8623,#8624,#8625,#8626),
 .UNSPECIFIED.,.F.,.F.,(4,1,4),(0.,0.0135611842192663,0.0276126663208985),
 .UNSPECIFIED.);
#2158=B_SPLINE_CURVE_WITH_KNOTS('',3,(#8638,#8639,#8640,#8641,#8642),
 .UNSPECIFIED.,.F.,.F.,(4,1,4),(0.,0.0166443695863482,0.0310583628624433),
 .UNSPECIFIED.);
#2159=B_SPLINE_CURVE_WITH_KNOTS('',3,(#8645,#8646,#8647,#8648,#8649),
 .UNSPECIFIED.,.F.,.F.,(4,1,4),(0.,0.0166443695863482,0.0310583628624433),
 .UNSPECIFIED.);
#2160=B_SPLINE_CURVE_WITH_KNOTS('',3,(#8660,#8661,#8662,#8663,#8664),
 .UNSPECIFIED.,.F.,.F.,(4,1,4),(0.,0.00886194066305453,0.0186085789474002),
 .UNSPECIFIED.);
#2161=B_SPLINE_CURVE_WITH_KNOTS('',3,(#8665,#8666,#8667,#8668,#8669),
 .UNSPECIFIED.,.F.,.F.,(4,1,4),(0.,0.00886194066305453,0.0186085789474002),
 .UNSPECIFIED.);
#2162=B_SPLINE_CURVE_WITH_KNOTS('',3,(#8683,#8684,#8685,#8686,#8687),
 .UNSPECIFIED.,.F.,.F.,(4,1,4),(0.,0.0250529432404917,0.0452340232165906),
 .UNSPECIFIED.);
#2163=B_SPLINE_CURVE_WITH_KNOTS('',3,(#8691,#8692,#8693,#8694,#8695),
 .UNSPECIFIED.,.F.,.F.,(4,1,4),(0.,0.0250529432404917,0.0452340232165906),
 .UNSPECIFIED.);
#2164=B_SPLINE_CURVE_WITH_KNOTS('',3,(#8708,#8709,#8710,#8711,#8712),
 .UNSPECIFIED.,.F.,.F.,(4,1,4),(0.,0.0150654016216751,0.031299784458239),
 .UNSPECIFIED.);
#2165=B_SPLINE_CURVE_WITH_KNOTS('',3,(#8715,#8716,#8717,#8718,#8719),
 .UNSPECIFIED.,.F.,.F.,(4,1,4),(0.,0.0150654016216751,0.031299784458239),
 .UNSPECIFIED.);
#2166=B_SPLINE_CURVE_WITH_KNOTS('',3,(#8731,#8732,#8733,#8734,#8735),
 .UNSPECIFIED.,.F.,.F.,(4,1,4),(0.,0.0130014931542632,0.0269079334241601),
 .UNSPECIFIED.);
#2167=B_SPLINE_CURVE_WITH_KNOTS('',3,(#8738,#8739,#8740,#8741,#8742),
 .UNSPECIFIED.,.F.,.F.,(4,1,4),(0.,0.0130014931542632,0.0269079334241601),
 .UNSPECIFIED.);
#2168=B_SPLINE_CURVE_WITH_KNOTS('',3,(#8754,#8755,#8756,#8757,#8758),
 .UNSPECIFIED.,.F.,.F.,(4,1,4),(0.,0.0120539341024748,0.0244791118621416),
 .UNSPECIFIED.);
#2169=B_SPLINE_CURVE_WITH_KNOTS('',3,(#8761,#8762,#8763,#8764,#8765),
 .UNSPECIFIED.,.F.,.F.,(4,1,4),(0.,0.0120539341024748,0.0244791118621416),
 .UNSPECIFIED.);
#2170=B_SPLINE_CURVE_WITH_KNOTS('',3,(#8777,#8778,#8779,#8780,#8781),
 .UNSPECIFIED.,.F.,.F.,(4,1,4),(0.,0.0104526595604181,0.0220735432004771),
 .UNSPECIFIED.);
#2171=B_SPLINE_CURVE_WITH_KNOTS('',3,(#8784,#8785,#8786,#8787,#8788),
 .UNSPECIFIED.,.F.,.F.,(4,1,4),(0.,0.0104526595604181,0.0220735432004771),
 .UNSPECIFIED.);
#2172=B_SPLINE_CURVE_WITH_KNOTS('',3,(#8800,#8801,#8802,#8803,#8804),
 .UNSPECIFIED.,.F.,.F.,(4,1,4),(0.,0.0106808521062551,0.0208878719594339),
 .UNSPECIFIED.);
#2173=B_SPLINE_CURVE_WITH_KNOTS('',3,(#8807,#8808,#8809,#8810,#8811),
 .UNSPECIFIED.,.F.,.F.,(4,1,4),(0.,0.0106808521062551,0.0208878719594339),
 .UNSPECIFIED.);
#2174=B_SPLINE_CURVE_WITH_KNOTS('',3,(#8823,#8824,#8825,#8826,#8827),
 .UNSPECIFIED.,.F.,.F.,(4,1,4),(0.,0.0230050489663608,0.0381184066941174),
 .UNSPECIFIED.);
#2175=B_SPLINE_CURVE_WITH_KNOTS('',3,(#8830,#8831,#8832,#8833,#8834),
 .UNSPECIFIED.,.F.,.F.,(4,1,4),(0.,0.0230050489663608,0.0381184066941174),
 .UNSPECIFIED.);
#2176=B_SPLINE_CURVE_WITH_KNOTS('',3,(#8846,#8847,#8848,#8849,#8850),
 .UNSPECIFIED.,.F.,.F.,(4,1,4),(0.,0.0076054333035917,0.0225832714116934),
 .UNSPECIFIED.);
#2177=B_SPLINE_CURVE_WITH_KNOTS('',3,(#8853,#8854,#8855,#8856,#8857),
 .UNSPECIFIED.,.F.,.F.,(4,1,4),(0.,0.0076054333035917,0.0225832714116934),
 .UNSPECIFIED.);
#2178=B_SPLINE_CURVE_WITH_KNOTS('',3,(#8869,#8870,#8871,#8872,#8873),
 .UNSPECIFIED.,.F.,.F.,(4,1,4),(0.,0.00528429839724046,0.0115699514219233),
 .UNSPECIFIED.);
#2179=B_SPLINE_CURVE_WITH_KNOTS('',3,(#8876,#8877,#8878,#8879,#8880),
 .UNSPECIFIED.,.F.,.F.,(4,1,4),(0.,0.00528429839724046,0.0115699514219233),
 .UNSPECIFIED.);
#2180=B_SPLINE_CURVE_WITH_KNOTS('',3,(#8892,#8893,#8894,#8895,#8896),
 .UNSPECIFIED.,.F.,.F.,(4,1,4),(0.,0.00459779494693166,0.0092389118473131),
 .UNSPECIFIED.);
#2181=B_SPLINE_CURVE_WITH_KNOTS('',3,(#8899,#8900,#8901,#8902,#8903),
 .UNSPECIFIED.,.F.,.F.,(4,1,4),(0.,0.00459779494693166,0.0092389118473131),
 .UNSPECIFIED.);
#2182=B_SPLINE_CURVE_WITH_KNOTS('',3,(#8915,#8916,#8917,#8918,#8919),
 .UNSPECIFIED.,.F.,.F.,(4,1,4),(0.,0.00814031433039777,0.0153950349694678),
 .UNSPECIFIED.);
#2183=B_SPLINE_CURVE_WITH_KNOTS('',3,(#8922,#8923,#8924,#8925,#8926),
 .UNSPECIFIED.,.F.,.F.,(4,1,4),(0.,0.00814031433039777,0.0153950349694678),
 .UNSPECIFIED.);
#2184=B_SPLINE_CURVE_WITH_KNOTS('',3,(#8938,#8939,#8940,#8941,#8942),
 .UNSPECIFIED.,.F.,.F.,(4,1,4),(0.,0.0145624875604247,0.0250868677249459),
 .UNSPECIFIED.);
#2185=B_SPLINE_CURVE_WITH_KNOTS('',3,(#8945,#8946,#8947,#8948,#8949),
 .UNSPECIFIED.,.F.,.F.,(4,1,4),(0.,0.0145624875604247,0.0250868677249459),
 .UNSPECIFIED.);
#2186=B_SPLINE_CURVE_WITH_KNOTS('',3,(#8961,#8962,#8963,#8964,#8965),
 .UNSPECIFIED.,.F.,.F.,(4,1,4),(0.,0.0105702246123899,0.0233714000819542),
 .UNSPECIFIED.);
#2187=B_SPLINE_CURVE_WITH_KNOTS('',3,(#8968,#8969,#8970,#8971,#8972),
 .UNSPECIFIED.,.F.,.F.,(4,1,4),(0.,0.0105702246123899,0.0233714000819542),
 .UNSPECIFIED.);
#2188=B_SPLINE_CURVE_WITH_KNOTS('',3,(#8984,#8985,#8986,#8987,#8988),
 .UNSPECIFIED.,.F.,.F.,(4,1,4),(0.,0.010457180672911,0.0202499660897174),
 .UNSPECIFIED.);
#2189=B_SPLINE_CURVE_WITH_KNOTS('',3,(#8991,#8992,#8993,#8994,#8995),
 .UNSPECIFIED.,.F.,.F.,(4,1,4),(0.,0.010457180672911,0.0202499660897174),
 .UNSPECIFIED.);
#2190=B_SPLINE_CURVE_WITH_KNOTS('',3,(#9013,#9014,#9015,#9016,#9017),
 .UNSPECIFIED.,.F.,.F.,(4,1,4),(0.,0.0110916747751065,0.0241453941702465),
 .UNSPECIFIED.);
#2191=B_SPLINE_CURVE_WITH_KNOTS('',3,(#9020,#9021,#9022,#9023,#9024),
 .UNSPECIFIED.,.F.,.F.,(4,1,4),(0.,0.0110916747751065,0.0241453941702465),
 .UNSPECIFIED.);
#2192=B_SPLINE_CURVE_WITH_KNOTS('',3,(#9036,#9037,#9038,#9039,#9040),
 .UNSPECIFIED.,.F.,.F.,(4,1,4),(0.,0.0126075460351902,0.0234622925277765),
 .UNSPECIFIED.);
#2193=B_SPLINE_CURVE_WITH_KNOTS('',3,(#9043,#9044,#9045,#9046,#9047),
 .UNSPECIFIED.,.F.,.F.,(4,1,4),(0.,0.0126075460351902,0.0234622925277765),
 .UNSPECIFIED.);
#2194=B_SPLINE_CURVE_WITH_KNOTS('',3,(#9059,#9060,#9061,#9062,#9063),
 .UNSPECIFIED.,.F.,.F.,(4,1,4),(0.,0.0160599706343525,0.0304711378413978),
 .UNSPECIFIED.);
#2195=B_SPLINE_CURVE_WITH_KNOTS('',3,(#9066,#9067,#9068,#9069,#9070),
 .UNSPECIFIED.,.F.,.F.,(4,1,4),(0.,0.0160599706343525,0.0304711378413978),
 .UNSPECIFIED.);
#2196=B_SPLINE_CURVE_WITH_KNOTS('',3,(#9082,#9083,#9084,#9085,#9086),
 .UNSPECIFIED.,.F.,.F.,(4,1,4),(0.,0.0104823949823323,0.0214721145160338),
 .UNSPECIFIED.);
#2197=B_SPLINE_CURVE_WITH_KNOTS('',3,(#9089,#9090,#9091,#9092,#9093),
 .UNSPECIFIED.,.F.,.F.,(4,1,4),(0.,0.0104823949823323,0.0214721145160338),
 .UNSPECIFIED.);
#2198=B_SPLINE_CURVE_WITH_KNOTS('',3,(#9105,#9106,#9107,#9108,#9109),
 .UNSPECIFIED.,.F.,.F.,(4,1,4),(0.,0.00781567880382361,0.0172466270783719),
 .UNSPECIFIED.);
#2199=B_SPLINE_CURVE_WITH_KNOTS('',3,(#9112,#9113,#9114,#9115,#9116),
 .UNSPECIFIED.,.F.,.F.,(4,1,4),(0.,0.00781567880382361,0.0172466270783719),
 .UNSPECIFIED.);
#2200=B_SPLINE_CURVE_WITH_KNOTS('',3,(#9128,#9129,#9130,#9131,#9132),
 .UNSPECIFIED.,.F.,.F.,(4,1,4),(0.,0.00919130129546148,0.0183924878095776),
 .UNSPECIFIED.);
#2201=B_SPLINE_CURVE_WITH_KNOTS('',3,(#9135,#9136,#9137,#9138,#9139),
 .UNSPECIFIED.,.F.,.F.,(4,1,4),(0.,0.00919130129546148,0.0183924878095776),
 .UNSPECIFIED.);
#2202=B_SPLINE_CURVE_WITH_KNOTS('',3,(#9151,#9152,#9153,#9154,#9155),
 .UNSPECIFIED.,.F.,.F.,(4,1,4),(0.,0.00939373769617269,0.018625338756782),
 .UNSPECIFIED.);
#2203=B_SPLINE_CURVE_WITH_KNOTS('',3,(#9158,#9159,#9160,#9161,#9162),
 .UNSPECIFIED.,.F.,.F.,(4,1,4),(0.,0.00939373769617269,0.018625338756782),
 .UNSPECIFIED.);
#2204=B_SPLINE_CURVE_WITH_KNOTS('',3,(#9174,#9175,#9176,#9177,#9178),
 .UNSPECIFIED.,.F.,.F.,(4,1,4),(0.,0.0101034783479542,0.0203729820899179),
 .UNSPECIFIED.);
#2205=B_SPLINE_CURVE_WITH_KNOTS('',3,(#9181,#9182,#9183,#9184,#9185),
 .UNSPECIFIED.,.F.,.F.,(4,1,4),(0.,0.0101034783479542,0.0203729820899179),
 .UNSPECIFIED.);
#2206=B_SPLINE_CURVE_WITH_KNOTS('',3,(#9197,#9198,#9199,#9200,#9201),
 .UNSPECIFIED.,.F.,.F.,(4,1,4),(0.,0.0109266946512619,0.0212110526877763),
 .UNSPECIFIED.);
#2207=B_SPLINE_CURVE_WITH_KNOTS('',3,(#9204,#9205,#9206,#9207,#9208),
 .UNSPECIFIED.,.F.,.F.,(4,1,4),(0.,0.0109266946512619,0.0212110526877763),
 .UNSPECIFIED.);
#2208=B_SPLINE_CURVE_WITH_KNOTS('',3,(#9220,#9221,#9222,#9223,#9224),
 .UNSPECIFIED.,.F.,.F.,(4,1,4),(0.,0.0237364967950811,0.0392987548688096),
 .UNSPECIFIED.);
#2209=B_SPLINE_CURVE_WITH_KNOTS('',3,(#9227,#9228,#9229,#9230,#9231),
 .UNSPECIFIED.,.F.,.F.,(4,1,4),(0.,0.0237364967950811,0.0392987548688096),
 .UNSPECIFIED.);
#2210=B_SPLINE_CURVE_WITH_KNOTS('',3,(#9243,#9244,#9245,#9246,#9247),
 .UNSPECIFIED.,.F.,.F.,(4,1,4),(0.,0.00955251762653693,0.0264931225407675),
 .UNSPECIFIED.);
#2211=B_SPLINE_CURVE_WITH_KNOTS('',3,(#9250,#9251,#9252,#9253,#9254),
 .UNSPECIFIED.,.F.,.F.,(4,1,4),(0.,0.00955251762653693,0.0264931225407675),
 .UNSPECIFIED.);
#2212=B_SPLINE_CURVE_WITH_KNOTS('',3,(#9266,#9267,#9268,#9269,#9270),
 .UNSPECIFIED.,.F.,.F.,(4,1,4),(0.,0.00765178176134343,0.0154915956656033),
 .UNSPECIFIED.);
#2213=B_SPLINE_CURVE_WITH_KNOTS('',3,(#9273,#9274,#9275,#9276,#9277),
 .UNSPECIFIED.,.F.,.F.,(4,1,4),(0.,0.00765178176134343,0.0154915956656033),
 .UNSPECIFIED.);
#2214=B_SPLINE_CURVE_WITH_KNOTS('',3,(#9289,#9290,#9291,#9292,#9293),
 .UNSPECIFIED.,.F.,.F.,(4,1,4),(0.,0.00968167527265881,0.0185997325934225),
 .UNSPECIFIED.);
#2215=B_SPLINE_CURVE_WITH_KNOTS('',3,(#9296,#9297,#9298,#9299,#9300),
 .UNSPECIFIED.,.F.,.F.,(4,1,4),(0.,0.00968167527265881,0.0185997325934225),
 .UNSPECIFIED.);
#2216=B_SPLINE_CURVE_WITH_KNOTS('',3,(#9312,#9313,#9314,#9315,#9316),
 .UNSPECIFIED.,.F.,.F.,(4,1,4),(0.,0.0148343005053318,0.026418844815669),
 .UNSPECIFIED.);
#2217=B_SPLINE_CURVE_WITH_KNOTS('',3,(#9319,#9320,#9321,#9322,#9323),
 .UNSPECIFIED.,.F.,.F.,(4,1,4),(0.,0.0148343005053318,0.026418844815669),
 .UNSPECIFIED.);
#2218=B_SPLINE_CURVE_WITH_KNOTS('',3,(#9335,#9336,#9337,#9338,#9339),
 .UNSPECIFIED.,.F.,.F.,(4,1,4),(0.,0.0126310283931508,0.0276786834793559),
 .UNSPECIFIED.);
#2219=B_SPLINE_CURVE_WITH_KNOTS('',3,(#9342,#9343,#9344,#9345,#9346),
 .UNSPECIFIED.,.F.,.F.,(4,1,4),(0.,0.0126310283931508,0.0276786834793559),
 .UNSPECIFIED.);
#2220=B_SPLINE_CURVE_WITH_KNOTS('',3,(#9358,#9359,#9360,#9361,#9362),
 .UNSPECIFIED.,.F.,.F.,(4,1,4),(0.,0.0134608603431354,0.0255628154687248),
 .UNSPECIFIED.);
#2221=B_SPLINE_CURVE_WITH_KNOTS('',3,(#9365,#9366,#9367,#9368,#9369),
 .UNSPECIFIED.,.F.,.F.,(4,1,4),(0.,0.0134608603431354,0.0255628154687248),
 .UNSPECIFIED.);
#2222=B_SPLINE_CURVE_WITH_KNOTS('',3,(#9386,#9387,#9388,#9389,#9390),
 .UNSPECIFIED.,.F.,.F.,(4,1,4),(0.,0.0189500595760099,0.0402781886899846),
 .UNSPECIFIED.);
#2223=B_SPLINE_CURVE_WITH_KNOTS('',3,(#9391,#9392,#9393,#9394,#9395),
 .UNSPECIFIED.,.F.,.F.,(4,1,4),(0.,0.0189500595760099,0.0402781886899846),
 .UNSPECIFIED.);
#2224=B_SPLINE_CURVE_WITH_KNOTS('',3,(#9409,#9410,#9411,#9412,#9413),
 .UNSPECIFIED.,.F.,.F.,(4,1,4),(0.,0.0153911391675542,0.0312833415463651),
 .UNSPECIFIED.);
#2225=B_SPLINE_CURVE_WITH_KNOTS('',3,(#9417,#9418,#9419,#9420,#9421),
 .UNSPECIFIED.,.F.,.F.,(4,1,4),(0.,0.0153911391675542,0.0312833415463651),
 .UNSPECIFIED.);
#2226=B_SPLINE_CURVE_WITH_KNOTS('',3,(#9434,#9435,#9436,#9437,#9438),
 .UNSPECIFIED.,.F.,.F.,(4,1,4),(0.,0.0165076354897176,0.0323446908392477),
 .UNSPECIFIED.);
#2227=B_SPLINE_CURVE_WITH_KNOTS('',3,(#9441,#9442,#9443,#9444,#9445),
 .UNSPECIFIED.,.F.,.F.,(4,1,4),(0.,0.0165076354897176,0.0323446908392477),
 .UNSPECIFIED.);
#2228=B_SPLINE_CURVE_WITH_KNOTS('',3,(#9457,#9458,#9459,#9460,#9461),
 .UNSPECIFIED.,.F.,.F.,(4,1,4),(0.,0.0259431396329679,0.0457741961007635),
 .UNSPECIFIED.);
#2229=B_SPLINE_CURVE_WITH_KNOTS('',3,(#9464,#9465,#9466,#9467,#9468),
 .UNSPECIFIED.,.F.,.F.,(4,1,4),(0.,0.0259431396329679,0.0457741961007635),
 .UNSPECIFIED.);
#2230=B_SPLINE_CURVE_WITH_KNOTS('',3,(#9480,#9481,#9482,#9483,#9484),
 .UNSPECIFIED.,.F.,.F.,(4,1,4),(0.,0.0186469212767206,0.0423649334464897),
 .UNSPECIFIED.);
#2231=B_SPLINE_CURVE_WITH_KNOTS('',3,(#9487,#9488,#9489,#9490,#9491),
 .UNSPECIFIED.,.F.,.F.,(4,1,4),(0.,0.0186469212767206,0.0423649334464897),
 .UNSPECIFIED.);
#2232=B_SPLINE_CURVE_WITH_KNOTS('',3,(#9503,#9504,#9505,#9506,#9507),
 .UNSPECIFIED.,.F.,.F.,(4,1,4),(0.,0.0152469194456479,0.0311494438659042),
 .UNSPECIFIED.);
#2233=B_SPLINE_CURVE_WITH_KNOTS('',3,(#9510,#9511,#9512,#9513,#9514),
 .UNSPECIFIED.,.F.,.F.,(4,1,4),(0.,0.0152469194456479,0.0311494438659042),
 .UNSPECIFIED.);
#2234=B_SPLINE_CURVE_WITH_KNOTS('',3,(#9526,#9527,#9528,#9529,#9530),
 .UNSPECIFIED.,.F.,.F.,(4,1,4),(0.,0.0164432353236831,0.0317406428158604),
 .UNSPECIFIED.);
#2235=B_SPLINE_CURVE_WITH_KNOTS('',3,(#9533,#9534,#9535,#9536,#9537),
 .UNSPECIFIED.,.F.,.F.,(4,1,4),(0.,0.0164432353236831,0.0317406428158604),
 .UNSPECIFIED.);
#2236=B_SPLINE_CURVE_WITH_KNOTS('',3,(#9549,#9550,#9551,#9552,#9553),
 .UNSPECIFIED.,.F.,.F.,(4,1,4),(0.,0.0244941448278242,0.0438962055455034),
 .UNSPECIFIED.);
#2237=B_SPLINE_CURVE_WITH_KNOTS('',3,(#9556,#9557,#9558,#9559,#9560),
 .UNSPECIFIED.,.F.,.F.,(4,1,4),(0.,0.0244941448278242,0.0438962055455034),
 .UNSPECIFIED.);
#2238=B_SPLINE_CURVE_WITH_KNOTS('',3,(#9571,#9572,#9573,#9574,#9575),
 .UNSPECIFIED.,.F.,.F.,(4,1,4),(0.,0.0190919551233667,0.0441744272796863),
 .UNSPECIFIED.);
#2239=B_SPLINE_CURVE_WITH_KNOTS('',3,(#9576,#9577,#9578,#9579,#9580),
 .UNSPECIFIED.,.F.,.F.,(4,1,4),(0.,0.0190919551233667,0.0441744272796863),
 .UNSPECIFIED.);
#2240=B_SPLINE_CURVE_WITH_KNOTS('',3,(#9613,#9614,#9615,#9616,#9617),
 .UNSPECIFIED.,.F.,.F.,(4,1,4),(0.,0.0112482440692807,0.0221471795723379),
 .UNSPECIFIED.);
#2241=B_SPLINE_CURVE_WITH_KNOTS('',3,(#9620,#9621,#9622,#9623,#9624),
 .UNSPECIFIED.,.F.,.F.,(4,1,4),(0.,0.0112482440692807,0.0221471795723379),
 .UNSPECIFIED.);
#2242=B_SPLINE_CURVE_WITH_KNOTS('',3,(#9636,#9637,#9638,#9639,#9640),
 .UNSPECIFIED.,.F.,.F.,(4,1,4),(0.,0.0124574148511563,0.0241636106333374),
 .UNSPECIFIED.);
#2243=B_SPLINE_CURVE_WITH_KNOTS('',3,(#9643,#9644,#9645,#9646,#9647),
 .UNSPECIFIED.,.F.,.F.,(4,1,4),(0.,0.0124574148511563,0.0241636106333374),
 .UNSPECIFIED.);
#2244=B_SPLINE_CURVE_WITH_KNOTS('',3,(#9659,#9660,#9661,#9662,#9663),
 .UNSPECIFIED.,.F.,.F.,(4,1,4),(0.,0.0168628608347559,0.0340438343289843),
 .UNSPECIFIED.);
#2245=B_SPLINE_CURVE_WITH_KNOTS('',3,(#9666,#9667,#9668,#9669,#9670),
 .UNSPECIFIED.,.F.,.F.,(4,1,4),(0.,0.0168628608347559,0.0340438343289843),
 .UNSPECIFIED.);
#2246=B_SPLINE_CURVE_WITH_KNOTS('',3,(#9682,#9683,#9684,#9685,#9686),
 .UNSPECIFIED.,.F.,.F.,(4,1,4),(0.,0.0180322861682497,0.0351152920274529),
 .UNSPECIFIED.);
#2247=B_SPLINE_CURVE_WITH_KNOTS('',3,(#9689,#9690,#9691,#9692,#9693),
 .UNSPECIFIED.,.F.,.F.,(4,1,4),(0.,0.0180322861682497,0.0351152920274529),
 .UNSPECIFIED.);
#2248=B_SPLINE_CURVE_WITH_KNOTS('',3,(#9705,#9706,#9707,#9708,#9709),
 .UNSPECIFIED.,.F.,.F.,(4,1,4),(0.,0.0207643842225367,0.0402091346465001),
 .UNSPECIFIED.);
#2249=B_SPLINE_CURVE_WITH_KNOTS('',3,(#9712,#9713,#9714,#9715,#9716),
 .UNSPECIFIED.,.F.,.F.,(4,1,4),(0.,0.0207643842225367,0.0402091346465001),
 .UNSPECIFIED.);
#2250=B_SPLINE_CURVE_WITH_KNOTS('',3,(#9728,#9729,#9730,#9731,#9732),
 .UNSPECIFIED.,.F.,.F.,(4,1,4),(0.,0.019349469960041,0.0404026197881985),
 .UNSPECIFIED.);
#2251=B_SPLINE_CURVE_WITH_KNOTS('',3,(#9735,#9736,#9737,#9738,#9739),
 .UNSPECIFIED.,.F.,.F.,(4,1,4),(0.,0.019349469960041,0.0404026197881985),
 .UNSPECIFIED.);
#2252=B_SPLINE_CURVE_WITH_KNOTS('',3,(#9751,#9752,#9753,#9754,#9755),
 .UNSPECIFIED.,.F.,.F.,(4,1,4),(0.,0.0172378750944461,0.0352493792603334),
 .UNSPECIFIED.);
#2253=B_SPLINE_CURVE_WITH_KNOTS('',3,(#9758,#9759,#9760,#9761,#9762),
 .UNSPECIFIED.,.F.,.F.,(4,1,4),(0.,0.0172378750944461,0.0352493792603334),
 .UNSPECIFIED.);
#2254=B_SPLINE_CURVE_WITH_KNOTS('',3,(#9774,#9775,#9776,#9777,#9778),
 .UNSPECIFIED.,.F.,.F.,(4,1,4),(0.,0.0167974875058019,0.0336262284332535),
 .UNSPECIFIED.);
#2255=B_SPLINE_CURVE_WITH_KNOTS('',3,(#9781,#9782,#9783,#9784,#9785),
 .UNSPECIFIED.,.F.,.F.,(4,1,4),(0.,0.0167974875058019,0.0336262284332535),
 .UNSPECIFIED.);
#2256=B_SPLINE_CURVE_WITH_KNOTS('',3,(#9797,#9798,#9799,#9800,#9801),
 .UNSPECIFIED.,.F.,.F.,(4,1,4),(0.,0.0234734677786448,0.0475826887989149),
 .UNSPECIFIED.);
#2257=B_SPLINE_CURVE_WITH_KNOTS('',3,(#9804,#9805,#9806,#9807,#9808),
 .UNSPECIFIED.,.F.,.F.,(4,1,4),(0.,0.0234734677786448,0.0475826887989149),
 .UNSPECIFIED.);
#2258=B_SPLINE_CURVE_WITH_KNOTS('',3,(#9831,#9832,#9833,#9834,#9835),
 .UNSPECIFIED.,.F.,.F.,(4,1,4),(0.,0.0134513437252461,0.0262030506438963),
 .UNSPECIFIED.);
#2259=B_SPLINE_CURVE_WITH_KNOTS('',3,(#9839,#9840,#9841,#9842,#9843),
 .UNSPECIFIED.,.F.,.F.,(4,1,4),(0.,0.0134513437252461,0.0262030506438963),
 .UNSPECIFIED.);
#2260=B_SPLINE_CURVE_WITH_KNOTS('',3,(#9856,#9857,#9858,#9859,#9860),
 .UNSPECIFIED.,.F.,.F.,(4,1,4),(0.,0.0162700653062295,0.0329052048167786),
 .UNSPECIFIED.);
#2261=B_SPLINE_CURVE_WITH_KNOTS('',3,(#9863,#9864,#9865,#9866,#9867),
 .UNSPECIFIED.,.F.,.F.,(4,1,4),(0.,0.0162700653062295,0.0329052048167786),
 .UNSPECIFIED.);
#2262=B_SPLINE_CURVE_WITH_KNOTS('',3,(#9879,#9880,#9881,#9882,#9883),
 .UNSPECIFIED.,.F.,.F.,(4,1,4),(0.,0.0253593486007627,0.0445179274512656),
 .UNSPECIFIED.);
#2263=B_SPLINE_CURVE_WITH_KNOTS('',3,(#9886,#9887,#9888,#9889,#9890),
 .UNSPECIFIED.,.F.,.F.,(4,1,4),(0.,0.0253593486007627,0.0445179274512656),
 .UNSPECIFIED.);
#2264=B_SPLINE_CURVE_WITH_KNOTS('',3,(#9902,#9903,#9904,#9905,#9906),
 .UNSPECIFIED.,.F.,.F.,(4,1,4),(0.,0.0192493446367225,0.044332184185882),
 .UNSPECIFIED.);
#2265=B_SPLINE_CURVE_WITH_KNOTS('',3,(#9909,#9910,#9911,#9912,#9913),
 .UNSPECIFIED.,.F.,.F.,(4,1,4),(0.,0.0192493446367225,0.044332184185882),
 .UNSPECIFIED.);
#2266=B_SPLINE_CURVE_WITH_KNOTS('',3,(#9925,#9926,#9927,#9928,#9929),
 .UNSPECIFIED.,.F.,.F.,(4,1,4),(0.,0.0171401434160862,0.0337942957365041),
 .UNSPECIFIED.);
#2267=B_SPLINE_CURVE_WITH_KNOTS('',3,(#9932,#9933,#9934,#9935,#9936),
 .UNSPECIFIED.,.F.,.F.,(4,1,4),(0.,0.0171401434160862,0.0337942957365041),
 .UNSPECIFIED.);
#2268=B_SPLINE_CURVE_WITH_KNOTS('',3,(#9948,#9949,#9950,#9951,#9952),
 .UNSPECIFIED.,.F.,.F.,(4,1,4),(0.,0.0110477711129743,0.0225703834916219),
 .UNSPECIFIED.);
#2269=B_SPLINE_CURVE_WITH_KNOTS('',3,(#9955,#9956,#9957,#9958,#9959),
 .UNSPECIFIED.,.F.,.F.,(4,1,4),(0.,0.0110477711129743,0.0225703834916219),
 .UNSPECIFIED.);
#2270=B_SPLINE_CURVE_WITH_KNOTS('',3,(#9971,#9972,#9973,#9974,#9975),
 .UNSPECIFIED.,.F.,.F.,(4,1,4),(0.,0.0136343417569308,0.0253900085085589),
 .UNSPECIFIED.);
#2271=B_SPLINE_CURVE_WITH_KNOTS('',3,(#9978,#9979,#9980,#9981,#9982),
 .UNSPECIFIED.,.F.,.F.,(4,1,4),(0.,0.0136343417569308,0.0253900085085589),
 .UNSPECIFIED.);
#2272=B_SPLINE_CURVE_WITH_KNOTS('',3,(#10000,#10001,#10002,#10003,#10004),
 .UNSPECIFIED.,.F.,.F.,(4,1,4),(0.,0.0189796444026941,0.0396324420639645),
 .UNSPECIFIED.);
#2273=B_SPLINE_CURVE_WITH_KNOTS('',3,(#10007,#10008,#10009,#10010,#10011),
 .UNSPECIFIED.,.F.,.F.,(4,1,4),(0.,0.0189796444026941,0.0396324420639645),
 .UNSPECIFIED.);
#2274=B_SPLINE_CURVE_WITH_KNOTS('',3,(#10023,#10024,#10025,#10026,#10027),
 .UNSPECIFIED.,.F.,.F.,(4,1,4),(0.,0.0216594791784054,0.0410106525162645),
 .UNSPECIFIED.);
#2275=B_SPLINE_CURVE_WITH_KNOTS('',3,(#10030,#10031,#10032,#10033,#10034),
 .UNSPECIFIED.,.F.,.F.,(4,1,4),(0.,0.0216594791784054,0.0410106525162645),
 .UNSPECIFIED.);
#2276=B_SPLINE_CURVE_WITH_KNOTS('',3,(#10046,#10047,#10048,#10049,#10050),
 .UNSPECIFIED.,.F.,.F.,(4,1,4),(0.,0.0178570833624707,0.0359822070306926),
 .UNSPECIFIED.);
#2277=B_SPLINE_CURVE_WITH_KNOTS('',3,(#10053,#10054,#10055,#10056,#10057),
 .UNSPECIFIED.,.F.,.F.,(4,1,4),(0.,0.0178570833624707,0.0359822070306926),
 .UNSPECIFIED.);
#2278=B_SPLINE_CURVE_WITH_KNOTS('',3,(#10069,#10070,#10071,#10072,#10073),
 .UNSPECIFIED.,.F.,.F.,(4,1,4),(0.,0.018255973645204,0.0359534778985771),
 .UNSPECIFIED.);
#2279=B_SPLINE_CURVE_WITH_KNOTS('',3,(#10076,#10077,#10078,#10079,#10080),
 .UNSPECIFIED.,.F.,.F.,(4,1,4),(0.,0.018255973645204,0.0359534778985771),
 .UNSPECIFIED.);
#2280=B_SPLINE_CURVE_WITH_KNOTS('',3,(#10092,#10093,#10094,#10095,#10096),
 .UNSPECIFIED.,.F.,.F.,(4,1,4),(0.,0.02208437731597,0.0420219456028088),
 .UNSPECIFIED.);
#2281=B_SPLINE_CURVE_WITH_KNOTS('',3,(#10099,#10100,#10101,#10102,#10103),
 .UNSPECIFIED.,.F.,.F.,(4,1,4),(0.,0.02208437731597,0.0420219456028088),
 .UNSPECIFIED.);
#2282=B_SPLINE_CURVE_WITH_KNOTS('',3,(#10115,#10116,#10117,#10118,#10119),
 .UNSPECIFIED.,.F.,.F.,(4,1,4),(0.,0.0272626951489481,0.059656536990952),
 .UNSPECIFIED.);
#2283=B_SPLINE_CURVE_WITH_KNOTS('',3,(#10122,#10123,#10124,#10125,#10126),
 .UNSPECIFIED.,.F.,.F.,(4,1,4),(0.,0.0272626951489481,0.059656536990952),
 .UNSPECIFIED.);
#2284=B_SPLINE_CURVE_WITH_KNOTS('',3,(#10138,#10139,#10140,#10141,#10142),
 .UNSPECIFIED.,.F.,.F.,(4,1,4),(0.,0.0272614452314505,0.0528206935542711),
 .UNSPECIFIED.);
#2285=B_SPLINE_CURVE_WITH_KNOTS('',3,(#10145,#10146,#10147,#10148,#10149),
 .UNSPECIFIED.,.F.,.F.,(4,1,4),(0.,0.0272614452314505,0.0528206935542711),
 .UNSPECIFIED.);
#2286=B_SPLINE_CURVE_WITH_KNOTS('',3,(#10161,#10162,#10163,#10164,#10165),
 .UNSPECIFIED.,.F.,.F.,(4,1,4),(0.,0.0210236569103605,0.0431858524926022),
 .UNSPECIFIED.);
#2287=B_SPLINE_CURVE_WITH_KNOTS('',3,(#10168,#10169,#10170,#10171,#10172),
 .UNSPECIFIED.,.F.,.F.,(4,1,4),(0.,0.0210236569103605,0.0431858524926022),
 .UNSPECIFIED.);
#2288=B_SPLINE_CURVE_WITH_KNOTS('',3,(#10184,#10185,#10186,#10187,#10188),
 .UNSPECIFIED.,.F.,.F.,(4,1,4),(0.,0.0233422731379818,0.0447424933125929),
 .UNSPECIFIED.);
#2289=B_SPLINE_CURVE_WITH_KNOTS('',3,(#10191,#10192,#10193,#10194,#10195),
 .UNSPECIFIED.,.F.,.F.,(4,1,4),(0.,0.0233422731379818,0.0447424933125929),
 .UNSPECIFIED.);
#2290=B_SPLINE_CURVE_WITH_KNOTS('',3,(#10212,#10213,#10214,#10215,#10216),
 .UNSPECIFIED.,.F.,.F.,(4,1,4),(0.,0.0137581694234276,0.0303720765454238),
 .UNSPECIFIED.);
#2291=B_SPLINE_CURVE_WITH_KNOTS('',3,(#10217,#10218,#10219,#10220,#10221),
 .UNSPECIFIED.,.F.,.F.,(4,1,4),(0.,0.0137581694234276,0.0303720765454238),
 .UNSPECIFIED.);
#2292=B_SPLINE_CURVE_WITH_KNOTS('',3,(#10235,#10236,#10237,#10238,#10239),
 .UNSPECIFIED.,.F.,.F.,(4,1,4),(0.,0.0152329899398597,0.0322447078502094),
 .UNSPECIFIED.);
#2293=B_SPLINE_CURVE_WITH_KNOTS('',3,(#10243,#10244,#10245,#10246,#10247),
 .UNSPECIFIED.,.F.,.F.,(4,1,4),(0.,0.0152329899398597,0.0322447078502094),
 .UNSPECIFIED.);
#2294=B_SPLINE_CURVE_WITH_KNOTS('',3,(#10260,#10261,#10262,#10263,#10264),
 .UNSPECIFIED.,.F.,.F.,(4,1,4),(0.,0.0162186891426981,0.031333390865424),
 .UNSPECIFIED.);
#2295=B_SPLINE_CURVE_WITH_KNOTS('',3,(#10267,#10268,#10269,#10270,#10271),
 .UNSPECIFIED.,.F.,.F.,(4,1,4),(0.,0.0162186891426981,0.031333390865424),
 .UNSPECIFIED.);
#2296=B_SPLINE_CURVE_WITH_KNOTS('',3,(#10283,#10284,#10285,#10286,#10287),
 .UNSPECIFIED.,.F.,.F.,(4,1,4),(0.,0.0243824111222518,0.0436393151031923),
 .UNSPECIFIED.);
#2297=B_SPLINE_CURVE_WITH_KNOTS('',3,(#10290,#10291,#10292,#10293,#10294),
 .UNSPECIFIED.,.F.,.F.,(4,1,4),(0.,0.0243824111222518,0.0436393151031923),
 .UNSPECIFIED.);
#2298=B_SPLINE_CURVE_WITH_KNOTS('',3,(#10306,#10307,#10308,#10309,#10310),
 .UNSPECIFIED.,.F.,.F.,(4,1,4),(0.,0.0196991756840523,0.0451227675507863),
 .UNSPECIFIED.);
#2299=B_SPLINE_CURVE_WITH_KNOTS('',3,(#10313,#10314,#10315,#10316,#10317),
 .UNSPECIFIED.,.F.,.F.,(4,1,4),(0.,0.0196991756840523,0.0451227675507863),
 .UNSPECIFIED.);
#2300=B_SPLINE_CURVE_WITH_KNOTS('',3,(#10329,#10330,#10331,#10332,#10333),
 .UNSPECIFIED.,.F.,.F.,(4,1,4),(0.,0.0155837928540862,0.0320989031844813),
 .UNSPECIFIED.);
#2301=B_SPLINE_CURVE_WITH_KNOTS('',3,(#10336,#10337,#10338,#10339,#10340),
 .UNSPECIFIED.,.F.,.F.,(4,1,4),(0.,0.0155837928540862,0.0320989031844813),
 .UNSPECIFIED.);
#2302=B_SPLINE_CURVE_WITH_KNOTS('',3,(#10352,#10353,#10354,#10355,#10356),
 .UNSPECIFIED.,.F.,.F.,(4,1,4),(0.,0.0160382475788509,0.0313129214989506),
 .UNSPECIFIED.);
#2303=B_SPLINE_CURVE_WITH_KNOTS('',3,(#10359,#10360,#10361,#10362,#10363),
 .UNSPECIFIED.,.F.,.F.,(4,1,4),(0.,0.0160382475788509,0.0313129214989506),
 .UNSPECIFIED.);
#2304=B_SPLINE_CURVE_WITH_KNOTS('',3,(#10375,#10376,#10377,#10378,#10379),
 .UNSPECIFIED.,.F.,.F.,(4,1,4),(0.,0.0244820708311285,0.043502391103624),
 .UNSPECIFIED.);
#2305=B_SPLINE_CURVE_WITH_KNOTS('',3,(#10382,#10383,#10384,#10385,#10386),
 .UNSPECIFIED.,.F.,.F.,(4,1,4),(0.,0.0244820708311285,0.043502391103624),
 .UNSPECIFIED.);
#2306=B_SPLINE_CURVE_WITH_KNOTS('',3,(#10397,#10398,#10399,#10400,#10401),
 .UNSPECIFIED.,.F.,.F.,(4,1,4),(0.,0.0201414834544001,0.0449675566539232),
 .UNSPECIFIED.);
#2307=B_SPLINE_CURVE_WITH_KNOTS('',3,(#10402,#10403,#10404,#10405,#10406),
 .UNSPECIFIED.,.F.,.F.,(4,1,4),(0.,0.0201414834544001,0.0449675566539232),
 .UNSPECIFIED.);
#2308=B_SPLINE_CURVE_WITH_KNOTS('',3,(#10427,#10428,#10429,#10430,#10431),
 .UNSPECIFIED.,.F.,.F.,(4,1,4),(0.,0.010646677373335,0.0208121282442137),
 .UNSPECIFIED.);
#2309=B_SPLINE_CURVE_WITH_KNOTS('',3,(#10434,#10435,#10436,#10437,#10438),
 .UNSPECIFIED.,.F.,.F.,(4,1,4),(0.,0.010646677373335,0.0208121282442137),
 .UNSPECIFIED.);
#2310=B_SPLINE_CURVE_WITH_KNOTS('',3,(#10450,#10451,#10452,#10453,#10454),
 .UNSPECIFIED.,.F.,.F.,(4,1,4),(0.,0.0117192295928147,0.0228085923741361),
 .UNSPECIFIED.);
#2311=B_SPLINE_CURVE_WITH_KNOTS('',3,(#10457,#10458,#10459,#10460,#10461),
 .UNSPECIFIED.,.F.,.F.,(4,1,4),(0.,0.0117192295928147,0.0228085923741361),
 .UNSPECIFIED.);
#2312=B_SPLINE_CURVE_WITH_KNOTS('',3,(#10473,#10474,#10475,#10476,#10477),
 .UNSPECIFIED.,.F.,.F.,(4,1,4),(0.,0.0171476908493757,0.0337063446315099),
 .UNSPECIFIED.);
#2313=B_SPLINE_CURVE_WITH_KNOTS('',3,(#10480,#10481,#10482,#10483,#10484),
 .UNSPECIFIED.,.F.,.F.,(4,1,4),(0.,0.0171476908493757,0.0337063446315099),
 .UNSPECIFIED.);
#2314=B_SPLINE_CURVE_WITH_KNOTS('',3,(#10496,#10497,#10498,#10499,#10500),
 .UNSPECIFIED.,.F.,.F.,(4,1,4),(0.,0.0185210811572424,0.0362225924843911),
 .UNSPECIFIED.);
#2315=B_SPLINE_CURVE_WITH_KNOTS('',3,(#10503,#10504,#10505,#10506,#10507),
 .UNSPECIFIED.,.F.,.F.,(4,1,4),(0.,0.0185210811572424,0.0362225924843911),
 .UNSPECIFIED.);
#2316=B_SPLINE_CURVE_WITH_KNOTS('',3,(#10519,#10520,#10521,#10522,#10523),
 .UNSPECIFIED.,.F.,.F.,(4,1,4),(0.,0.0212228932869642,0.0410595445195317),
 .UNSPECIFIED.);
#2317=B_SPLINE_CURVE_WITH_KNOTS('',3,(#10526,#10527,#10528,#10529,#10530),
 .UNSPECIFIED.,.F.,.F.,(4,1,4),(0.,0.0212228932869642,0.0410595445195317),
 .UNSPECIFIED.);
#2318=B_SPLINE_CURVE_WITH_KNOTS('',3,(#10542,#10543,#10544,#10545,#10546),
 .UNSPECIFIED.,.F.,.F.,(4,1,4),(0.,0.0190193577883811,0.0390023855020027),
 .UNSPECIFIED.);
#2319=B_SPLINE_CURVE_WITH_KNOTS('',3,(#10549,#10550,#10551,#10552,#10553),
 .UNSPECIFIED.,.F.,.F.,(4,1,4),(0.,0.0190193577883811,0.0390023855020027),
 .UNSPECIFIED.);
#2320=B_SPLINE_CURVE_WITH_KNOTS('',3,(#10565,#10566,#10567,#10568,#10569),
 .UNSPECIFIED.,.F.,.F.,(4,1,4),(0.,0.0169550385376443,0.0348056352091445),
 .UNSPECIFIED.);
#2321=B_SPLINE_CURVE_WITH_KNOTS('',3,(#10572,#10573,#10574,#10575,#10576),
 .UNSPECIFIED.,.F.,.F.,(4,1,4),(0.,0.0169550385376443,0.0348056352091445),
 .UNSPECIFIED.);
#2322=B_SPLINE_CURVE_WITH_KNOTS('',3,(#10588,#10589,#10590,#10591,#10592),
 .UNSPECIFIED.,.F.,.F.,(4,1,4),(0.,0.0176248797741456,0.0344999792073483),
 .UNSPECIFIED.);
#2323=B_SPLINE_CURVE_WITH_KNOTS('',3,(#10595,#10596,#10597,#10598,#10599),
 .UNSPECIFIED.,.F.,.F.,(4,1,4),(0.,0.0176248797741456,0.0344999792073483),
 .UNSPECIFIED.);
#2324=B_SPLINE_CURVE_WITH_KNOTS('',3,(#10611,#10612,#10613,#10614,#10615),
 .UNSPECIFIED.,.F.,.F.,(4,1,4),(0.,0.0117699718836999,0.0249733911005555),
 .UNSPECIFIED.);
#2325=B_SPLINE_CURVE_WITH_KNOTS('',3,(#10618,#10619,#10620,#10621,#10622),
 .UNSPECIFIED.,.F.,.F.,(4,1,4),(0.,0.0117699718836999,0.0249733911005555),
 .UNSPECIFIED.);
#2326=B_SPLINE_CURVE_WITH_KNOTS('',3,(#10634,#10635,#10636,#10637,#10638),
 .UNSPECIFIED.,.F.,.F.,(4,1,4),(0.,0.0128242773230527,0.0245270594307293),
 .UNSPECIFIED.);
#2327=B_SPLINE_CURVE_WITH_KNOTS('',3,(#10641,#10642,#10643,#10644,#10645),
 .UNSPECIFIED.,.F.,.F.,(4,1,4),(0.,0.0128242773230527,0.0245270594307293),
 .UNSPECIFIED.);
#2328=B_SPLINE_CURVE_WITH_KNOTS('',3,(#10680,#10681,#10682,#10683,#10684),
 .UNSPECIFIED.,.F.,.F.,(4,1,4),(0.,0.0107189978317805,0.0250097439567937),
 .UNSPECIFIED.);
#2329=B_SPLINE_CURVE_WITH_KNOTS('',3,(#10688,#10689,#10690,#10691,#10692),
 .UNSPECIFIED.,.F.,.F.,(4,1,4),(0.,0.0107189978317805,0.0250097439567937),
 .UNSPECIFIED.);
#2330=B_SPLINE_CURVE_WITH_KNOTS('',3,(#10705,#10706,#10707,#10708,#10709),
 .UNSPECIFIED.,.F.,.F.,(4,1,4),(0.,0.0120777526349243,0.0237853312006437),
 .UNSPECIFIED.);
#2331=B_SPLINE_CURVE_WITH_KNOTS('',3,(#10712,#10713,#10714,#10715,#10716),
 .UNSPECIFIED.,.F.,.F.,(4,1,4),(0.,0.0120777526349243,0.0237853312006437),
 .UNSPECIFIED.);
#2332=B_SPLINE_CURVE_WITH_KNOTS('',3,(#10728,#10729,#10730,#10731,#10732),
 .UNSPECIFIED.,.F.,.F.,(4,1,4),(0.,0.0134933697227912,0.0262110273712981),
 .UNSPECIFIED.);
#2333=B_SPLINE_CURVE_WITH_KNOTS('',3,(#10735,#10736,#10737,#10738,#10739),
 .UNSPECIFIED.,.F.,.F.,(4,1,4),(0.,0.0134933697227912,0.0262110273712981),
 .UNSPECIFIED.);
#2334=B_SPLINE_CURVE_WITH_KNOTS('',3,(#10751,#10752,#10753,#10754,#10755),
 .UNSPECIFIED.,.F.,.F.,(4,1,4),(0.,0.0103914630220517,0.0230996218411254),
 .UNSPECIFIED.);
#2335=B_SPLINE_CURVE_WITH_KNOTS('',3,(#10758,#10759,#10760,#10761,#10762),
 .UNSPECIFIED.,.F.,.F.,(4,1,4),(0.,0.0103914630220517,0.0230996218411254),
 .UNSPECIFIED.);
#2336=B_SPLINE_CURVE_WITH_KNOTS('',3,(#10774,#10775,#10776,#10777,#10778),
 .UNSPECIFIED.,.F.,.F.,(4,1,4),(0.,0.00919397275692495,0.0184334868771783),
 .UNSPECIFIED.);
#2337=B_SPLINE_CURVE_WITH_KNOTS('',3,(#10781,#10782,#10783,#10784,#10785),
 .UNSPECIFIED.,.F.,.F.,(4,1,4),(0.,0.00919397275692495,0.0184334868771783),
 .UNSPECIFIED.);
#2338=B_SPLINE_CURVE_WITH_KNOTS('',3,(#10797,#10798,#10799,#10800,#10801),
 .UNSPECIFIED.,.F.,.F.,(4,1,4),(0.,0.00610408646441042,0.0122852969357732),
 .UNSPECIFIED.);
#2339=B_SPLINE_CURVE_WITH_KNOTS('',3,(#10804,#10805,#10806,#10807,#10808),
 .UNSPECIFIED.,.F.,.F.,(4,1,4),(0.,0.00610408646441042,0.0122852969357732),
 .UNSPECIFIED.);
#2340=B_SPLINE_CURVE_WITH_KNOTS('',3,(#10820,#10821,#10822,#10823,#10824),
 .UNSPECIFIED.,.F.,.F.,(4,1,4),(0.,0.00649556111843269,0.0126914565944577),
 .UNSPECIFIED.);
#2341=B_SPLINE_CURVE_WITH_KNOTS('',3,(#10827,#10828,#10829,#10830,#10831),
 .UNSPECIFIED.,.F.,.F.,(4,1,4),(0.,0.00649556111843269,0.0126914565944577),
 .UNSPECIFIED.);
#2342=B_SPLINE_CURVE_WITH_KNOTS('',3,(#10843,#10844,#10845,#10846,#10847),
 .UNSPECIFIED.,.F.,.F.,(4,1,4),(0.,0.0131327466546302,0.0220119896984081),
 .UNSPECIFIED.);
#2343=B_SPLINE_CURVE_WITH_KNOTS('',3,(#10850,#10851,#10852,#10853,#10854),
 .UNSPECIFIED.,.F.,.F.,(4,1,4),(0.,0.0131327466546302,0.0220119896984081),
 .UNSPECIFIED.);
#2344=B_SPLINE_CURVE_WITH_KNOTS('',3,(#10866,#10867,#10868,#10869,#10870),
 .UNSPECIFIED.,.F.,.F.,(4,1,4),(0.,0.0174578611612846,0.0412339874609831),
 .UNSPECIFIED.);
#2345=B_SPLINE_CURVE_WITH_KNOTS('',3,(#10873,#10874,#10875,#10876,#10877),
 .UNSPECIFIED.,.F.,.F.,(4,1,4),(0.,0.0174578611612846,0.0412339874609831),
 .UNSPECIFIED.);
#2346=B_SPLINE_CURVE_WITH_KNOTS('',3,(#10901,#10902,#10903,#10904,#10905),
 .UNSPECIFIED.,.F.,.F.,(4,1,4),(0.,0.00918675779071031,0.0185354026306088),
 .UNSPECIFIED.);
#2347=B_SPLINE_CURVE_WITH_KNOTS('',3,(#10908,#10909,#10910,#10911,#10912),
 .UNSPECIFIED.,.F.,.F.,(4,1,4),(0.,0.00918675779071031,0.0185354026306088),
 .UNSPECIFIED.);
#2348=B_SPLINE_CURVE_WITH_KNOTS('',3,(#10924,#10925,#10926,#10927,#10928),
 .UNSPECIFIED.,.F.,.F.,(4,1,4),(0.,0.0279529796334558,0.0433629131352011),
 .UNSPECIFIED.);
#2349=B_SPLINE_CURVE_WITH_KNOTS('',3,(#10931,#10932,#10933,#10934,#10935),
 .UNSPECIFIED.,.F.,.F.,(4,1,4),(0.,0.0279529796334558,0.0433629131352011),
 .UNSPECIFIED.);
#2350=B_SPLINE_CURVE_WITH_KNOTS('',3,(#10953,#10954,#10955,#10956,#10957),
 .UNSPECIFIED.,.F.,.F.,(4,1,4),(0.,0.00884748976951997,0.0226981235878568),
 .UNSPECIFIED.);
#2351=B_SPLINE_CURVE_WITH_KNOTS('',3,(#10960,#10961,#10962,#10963,#10964),
 .UNSPECIFIED.,.F.,.F.,(4,1,4),(0.,0.00884748976951997,0.0226981235878568),
 .UNSPECIFIED.);
#2352=B_SPLINE_CURVE_WITH_KNOTS('',3,(#10976,#10977,#10978,#10979,#10980),
 .UNSPECIFIED.,.F.,.F.,(4,1,4),(0.,0.0088068383764917,0.0185085637715482),
 .UNSPECIFIED.);
#2353=B_SPLINE_CURVE_WITH_KNOTS('',3,(#10983,#10984,#10985,#10986,#10987),
 .UNSPECIFIED.,.F.,.F.,(4,1,4),(0.,0.0088068383764917,0.0185085637715482),
 .UNSPECIFIED.);
#2354=B_SPLINE_CURVE_WITH_KNOTS('',3,(#10999,#11000,#11001,#11002,#11003),
 .UNSPECIFIED.,.F.,.F.,(4,1,4),(0.,0.0112035336096045,0.0204520899002155),
 .UNSPECIFIED.);
#2355=B_SPLINE_CURVE_WITH_KNOTS('',3,(#11006,#11007,#11008,#11009,#11010),
 .UNSPECIFIED.,.F.,.F.,(4,1,4),(0.,0.0112035336096045,0.0204520899002155),
 .UNSPECIFIED.);
#2356=B_SPLINE_CURVE_WITH_KNOTS('',3,(#11022,#11023,#11024,#11025,#11026),
 .UNSPECIFIED.,.F.,.F.,(4,1,4),(0.,0.0168497934918353,0.0305815096640849),
 .UNSPECIFIED.);
#2357=B_SPLINE_CURVE_WITH_KNOTS('',3,(#11029,#11030,#11031,#11032,#11033),
 .UNSPECIFIED.,.F.,.F.,(4,1,4),(0.,0.0168497934918353,0.0305815096640849),
 .UNSPECIFIED.);
#2358=B_SPLINE_CURVE_WITH_KNOTS('',3,(#11045,#11046,#11047,#11048,#11049),
 .UNSPECIFIED.,.F.,.F.,(4,1,4),(0.,0.0157871232232466,0.0333984603686997),
 .UNSPECIFIED.);
#2359=B_SPLINE_CURVE_WITH_KNOTS('',3,(#11052,#11053,#11054,#11055,#11056),
 .UNSPECIFIED.,.F.,.F.,(4,1,4),(0.,0.0157871232232466,0.0333984603686997),
 .UNSPECIFIED.);
#2360=B_SPLINE_CURVE_WITH_KNOTS('',3,(#11068,#11069,#11070,#11071,#11072),
 .UNSPECIFIED.,.F.,.F.,(4,1,4),(0.,0.0124325929807056,0.0264042543391998),
 .UNSPECIFIED.);
#2361=B_SPLINE_CURVE_WITH_KNOTS('',3,(#11075,#11076,#11077,#11078,#11079),
 .UNSPECIFIED.,.F.,.F.,(4,1,4),(0.,0.0124325929807056,0.0264042543391998),
 .UNSPECIFIED.);
#2362=B_SPLINE_CURVE_WITH_KNOTS('',3,(#11091,#11092,#11093,#11094,#11095),
 .UNSPECIFIED.,.F.,.F.,(4,1,4),(0.,0.0145902343100938,0.0273098542015022),
 .UNSPECIFIED.);
#2363=B_SPLINE_CURVE_WITH_KNOTS('',3,(#11098,#11099,#11100,#11101,#11102),
 .UNSPECIFIED.,.F.,.F.,(4,1,4),(0.,0.0145902343100938,0.0273098542015022),
 .UNSPECIFIED.);
#2364=B_SPLINE_CURVE_WITH_KNOTS('',3,(#11120,#11121,#11122,#11123,#11124),
 .UNSPECIFIED.,.F.,.F.,(4,1,4),(0.,0.0110555457698589,0.025069474666952),
 .UNSPECIFIED.);
#2365=B_SPLINE_CURVE_WITH_KNOTS('',3,(#11127,#11128,#11129,#11130,#11131),
 .UNSPECIFIED.,.F.,.F.,(4,1,4),(0.,0.0110555457698589,0.025069474666952),
 .UNSPECIFIED.);
#2366=B_SPLINE_CURVE_WITH_KNOTS('',3,(#11143,#11144,#11145,#11146,#11147),
 .UNSPECIFIED.,.F.,.F.,(4,1,4),(0.,0.015134276846014,0.026599027503913),
 .UNSPECIFIED.);
#2367=B_SPLINE_CURVE_WITH_KNOTS('',3,(#11150,#11151,#11152,#11153,#11154),
 .UNSPECIFIED.,.F.,.F.,(4,1,4),(0.,0.015134276846014,0.026599027503913),
 .UNSPECIFIED.);
#2368=B_SPLINE_CURVE_WITH_KNOTS('',3,(#11166,#11167,#11168,#11169,#11170),
 .UNSPECIFIED.,.F.,.F.,(4,1,4),(0.,0.0132594215288219,0.0296606391026002),
 .UNSPECIFIED.);
#2369=B_SPLINE_CURVE_WITH_KNOTS('',3,(#11173,#11174,#11175,#11176,#11177),
 .UNSPECIFIED.,.F.,.F.,(4,1,4),(0.,0.0132594215288219,0.0296606391026002),
 .UNSPECIFIED.);
#2370=B_SPLINE_CURVE_WITH_KNOTS('',3,(#11189,#11190,#11191,#11192,#11193),
 .UNSPECIFIED.,.F.,.F.,(4,1,4),(0.,0.0129076382061692,0.0227592436581562),
 .UNSPECIFIED.);
#2371=B_SPLINE_CURVE_WITH_KNOTS('',3,(#11196,#11197,#11198,#11199,#11200),
 .UNSPECIFIED.,.F.,.F.,(4,1,4),(0.,0.0129076382061692,0.0227592436581562),
 .UNSPECIFIED.);
#2372=B_SPLINE_CURVE_WITH_KNOTS('',3,(#11212,#11213,#11214,#11215,#11216),
 .UNSPECIFIED.,.F.,.F.,(4,1,4),(0.,0.00412814388442292,0.00641352108052486),
 .UNSPECIFIED.);
#2373=B_SPLINE_CURVE_WITH_KNOTS('',3,(#11219,#11220,#11221,#11222,#11223),
 .UNSPECIFIED.,.F.,.F.,(4,1,4),(0.,0.00412814388442292,0.00641352108052486),
 .UNSPECIFIED.);
#2374=B_SPLINE_CURVE_WITH_KNOTS('',3,(#11235,#11236,#11237,#11238,#11239),
 .UNSPECIFIED.,.F.,.F.,(4,1,4),(0.,0.026109710022225,0.0446557317536688),
 .UNSPECIFIED.);
#2375=B_SPLINE_CURVE_WITH_KNOTS('',3,(#11242,#11243,#11244,#11245,#11246),
 .UNSPECIFIED.,.F.,.F.,(4,1,4),(0.,0.026109710022225,0.0446557317536688),
 .UNSPECIFIED.);
#2376=B_SPLINE_CURVE_WITH_KNOTS('',3,(#11258,#11259,#11260,#11261,#11262),
 .UNSPECIFIED.,.F.,.F.,(4,1,4),(0.,0.00926420530142875,0.022147459788554),
 .UNSPECIFIED.);
#2377=B_SPLINE_CURVE_WITH_KNOTS('',3,(#11265,#11266,#11267,#11268,#11269),
 .UNSPECIFIED.,.F.,.F.,(4,1,4),(0.,0.00926420530142875,0.022147459788554),
 .UNSPECIFIED.);
#2378=B_SPLINE_CURVE_WITH_KNOTS('',3,(#11281,#11282,#11283,#11284,#11285),
 .UNSPECIFIED.,.F.,.F.,(4,1,4),(0.,0.0095588590579102,0.0194792924030196),
 .UNSPECIFIED.);
#2379=B_SPLINE_CURVE_WITH_KNOTS('',3,(#11288,#11289,#11290,#11291,#11292),
 .UNSPECIFIED.,.F.,.F.,(4,1,4),(0.,0.0095588590579102,0.0194792924030196),
 .UNSPECIFIED.);
#2380=B_SPLINE_CURVE_WITH_KNOTS('',3,(#11304,#11305,#11306,#11307,#11308),
 .UNSPECIFIED.,.F.,.F.,(4,1,4),(0.,0.00970397601338719,0.019119213911739),
 .UNSPECIFIED.);
#2381=B_SPLINE_CURVE_WITH_KNOTS('',3,(#11311,#11312,#11313,#11314,#11315),
 .UNSPECIFIED.,.F.,.F.,(4,1,4),(0.,0.00970397601338719,0.019119213911739),
 .UNSPECIFIED.);
#2382=B_SPLINE_CURVE_WITH_KNOTS('',3,(#11327,#11328,#11329,#11330,#11331),
 .UNSPECIFIED.,.F.,.F.,(4,1,4),(0.,0.0102525198432965,0.0201993296096855),
 .UNSPECIFIED.);
#2383=B_SPLINE_CURVE_WITH_KNOTS('',3,(#11334,#11335,#11336,#11337,#11338),
 .UNSPECIFIED.,.F.,.F.,(4,1,4),(0.,0.0102525198432965,0.0201993296096855),
 .UNSPECIFIED.);
#2384=B_SPLINE_CURVE_WITH_KNOTS('',3,(#11350,#11351,#11352,#11353,#11354),
 .UNSPECIFIED.,.F.,.F.,(4,1,4),(0.,0.0164007085924879,0.0332333854258032),
 .UNSPECIFIED.);
#2385=B_SPLINE_CURVE_WITH_KNOTS('',3,(#11357,#11358,#11359,#11360,#11361),
 .UNSPECIFIED.,.F.,.F.,(4,1,4),(0.,0.0164007085924879,0.0332333854258032),
 .UNSPECIFIED.);
#2386=B_SPLINE_CURVE_WITH_KNOTS('',3,(#11373,#11374,#11375,#11376,#11377),
 .UNSPECIFIED.,.F.,.F.,(4,1,4),(0.,0.0213123481214766,0.0391862168696885),
 .UNSPECIFIED.);
#2387=B_SPLINE_CURVE_WITH_KNOTS('',3,(#11380,#11381,#11382,#11383,#11384),
 .UNSPECIFIED.,.F.,.F.,(4,1,4),(0.,0.0213123481214766,0.0391862168696885),
 .UNSPECIFIED.);
#2388=B_SPLINE_CURVE_WITH_KNOTS('',3,(#11396,#11397,#11398,#11399,#11400),
 .UNSPECIFIED.,.F.,.F.,(4,1,4),(0.,0.0135611972237485,0.0276126521626665),
 .UNSPECIFIED.);
#2389=B_SPLINE_CURVE_WITH_KNOTS('',3,(#11403,#11404,#11405,#11406,#11407),
 .UNSPECIFIED.,.F.,.F.,(4,1,4),(0.,0.0135611972237485,0.0276126521626665),
 .UNSPECIFIED.);
#2390=B_SPLINE_CURVE_WITH_KNOTS('',3,(#11419,#11420,#11421,#11422,#11423),
 .UNSPECIFIED.,.F.,.F.,(4,1,4),(0.,0.0166443216473745,0.0310583415441315),
 .UNSPECIFIED.);
#2391=B_SPLINE_CURVE_WITH_KNOTS('',3,(#11426,#11427,#11428,#11429,#11430),
 .UNSPECIFIED.,.F.,.F.,(4,1,4),(0.,0.0166443216473745,0.0310583415441315),
 .UNSPECIFIED.);
#2392=B_SPLINE_CURVE_WITH_KNOTS('',3,(#11441,#11442,#11443,#11444,#11445),
 .UNSPECIFIED.,.F.,.F.,(4,1,4),(0.,0.00886196176758083,0.018608570747149),
 .UNSPECIFIED.);
#2393=B_SPLINE_CURVE_WITH_KNOTS('',3,(#11446,#11447,#11448,#11449,#11450),
 .UNSPECIFIED.,.F.,.F.,(4,1,4),(0.,0.00886196176758083,0.018608570747149),
 .UNSPECIFIED.);
#2394=B_SPLINE_CURVE_WITH_KNOTS('',3,(#11537,#11538,#11539,#11540,#11541),
 .UNSPECIFIED.,.F.,.F.,(4,1,4),(0.,0.010718989581759,0.0250097357067722),
 .UNSPECIFIED.);
#2395=B_SPLINE_CURVE_WITH_KNOTS('',3,(#11545,#11546,#11547,#11548,#11549),
 .UNSPECIFIED.,.F.,.F.,(4,1,4),(0.,0.010718989581759,0.0250097357067722),
 .UNSPECIFIED.);
#2396=B_SPLINE_CURVE_WITH_KNOTS('',3,(#11562,#11563,#11564,#11565,#11566),
 .UNSPECIFIED.,.F.,.F.,(4,1,4),(0.,0.0120777762835587,0.0237853548492781),
 .UNSPECIFIED.);
#2397=B_SPLINE_CURVE_WITH_KNOTS('',3,(#11569,#11570,#11571,#11572,#11573),
 .UNSPECIFIED.,.F.,.F.,(4,1,4),(0.,0.0120777762835587,0.0237853548492781),
 .UNSPECIFIED.);
#2398=B_SPLINE_CURVE_WITH_KNOTS('',3,(#11585,#11586,#11587,#11588,#11589),
 .UNSPECIFIED.,.F.,.F.,(4,1,4),(0.,0.013493340118226,0.0262109977667329),
 .UNSPECIFIED.);
#2399=B_SPLINE_CURVE_WITH_KNOTS('',3,(#11592,#11593,#11594,#11595,#11596),
 .UNSPECIFIED.,.F.,.F.,(4,1,4),(0.,0.013493340118226,0.0262109977667329),
 .UNSPECIFIED.);
#2400=B_SPLINE_CURVE_WITH_KNOTS('',3,(#11608,#11609,#11610,#11611,#11612),
 .UNSPECIFIED.,.F.,.F.,(4,1,4),(0.,0.010391436758417,0.0230996546854894),
 .UNSPECIFIED.);
#2401=B_SPLINE_CURVE_WITH_KNOTS('',3,(#11615,#11616,#11617,#11618,#11619),
 .UNSPECIFIED.,.F.,.F.,(4,1,4),(0.,0.010391436758417,0.0230996546854894),
 .UNSPECIFIED.);
#2402=B_SPLINE_CURVE_WITH_KNOTS('',3,(#11631,#11632,#11633,#11634,#11635),
 .UNSPECIFIED.,.F.,.F.,(4,1,4),(0.,0.00919397878218904,0.0184334749155296),
 .UNSPECIFIED.);
#2403=B_SPLINE_CURVE_WITH_KNOTS('',3,(#11638,#11639,#11640,#11641,#11642),
 .UNSPECIFIED.,.F.,.F.,(4,1,4),(0.,0.00919397878218904,0.0184334749155296),
 .UNSPECIFIED.);
#2404=B_SPLINE_CURVE_WITH_KNOTS('',3,(#11654,#11655,#11656,#11657,#11658),
 .UNSPECIFIED.,.F.,.F.,(4,1,4),(0.,0.00610410519765659,0.0122853095022885),
 .UNSPECIFIED.);
#2405=B_SPLINE_CURVE_WITH_KNOTS('',3,(#11661,#11662,#11663,#11664,#11665),
 .UNSPECIFIED.,.F.,.F.,(4,1,4),(0.,0.00610410519765659,0.0122853095022885),
 .UNSPECIFIED.);
#2406=B_SPLINE_CURVE_WITH_KNOTS('',3,(#11677,#11678,#11679,#11680,#11681),
 .UNSPECIFIED.,.F.,.F.,(4,1,4),(0.,0.00649558662522389,0.0126914622508256),
 .UNSPECIFIED.);
#2407=B_SPLINE_CURVE_WITH_KNOTS('',3,(#11684,#11685,#11686,#11687,#11688),
 .UNSPECIFIED.,.F.,.F.,(4,1,4),(0.,0.00649558662522389,0.0126914622508256),
 .UNSPECIFIED.);
#2408=B_SPLINE_CURVE_WITH_KNOTS('',3,(#11700,#11701,#11702,#11703,#11704),
 .UNSPECIFIED.,.F.,.F.,(4,1,4),(0.,0.0131327466546302,0.0220119896984081),
 .UNSPECIFIED.);
#2409=B_SPLINE_CURVE_WITH_KNOTS('',3,(#11707,#11708,#11709,#11710,#11711),
 .UNSPECIFIED.,.F.,.F.,(4,1,4),(0.,0.0131327466546302,0.0220119896984081),
 .UNSPECIFIED.);
#2410=B_SPLINE_CURVE_WITH_KNOTS('',3,(#11723,#11724,#11725,#11726,#11727),
 .UNSPECIFIED.,.F.,.F.,(4,1,4),(0.,0.017457832631902,0.0412339882586664),
 .UNSPECIFIED.);
#2411=B_SPLINE_CURVE_WITH_KNOTS('',3,(#11730,#11731,#11732,#11733,#11734),
 .UNSPECIFIED.,.F.,.F.,(4,1,4),(0.,0.017457832631902,0.0412339882586664),
 .UNSPECIFIED.);
#2412=B_SPLINE_CURVE_WITH_KNOTS('',3,(#11758,#11759,#11760,#11761,#11762),
 .UNSPECIFIED.,.F.,.F.,(4,1,4),(0.,0.00918675779071031,0.0185354026306088),
 .UNSPECIFIED.);
#2413=B_SPLINE_CURVE_WITH_KNOTS('',3,(#11765,#11766,#11767,#11768,#11769),
 .UNSPECIFIED.,.F.,.F.,(4,1,4),(0.,0.00918675779071031,0.0185354026306088),
 .UNSPECIFIED.);
#2414=B_SPLINE_CURVE_WITH_KNOTS('',3,(#11781,#11782,#11783,#11784,#11785),
 .UNSPECIFIED.,.F.,.F.,(4,1,4),(0.,0.0279529792152621,0.04336291499265),
 .UNSPECIFIED.);
#2415=B_SPLINE_CURVE_WITH_KNOTS('',3,(#11788,#11789,#11790,#11791,#11792),
 .UNSPECIFIED.,.F.,.F.,(4,1,4),(0.,0.0279529792152621,0.04336291499265),
 .UNSPECIFIED.);
#2416=B_SPLINE_CURVE_WITH_KNOTS('',3,(#11810,#11811,#11812,#11813,#11814),
 .UNSPECIFIED.,.F.,.F.,(4,1,4),(0.,0.00884748666759223,0.0226981204859291),
 .UNSPECIFIED.);
#2417=B_SPLINE_CURVE_WITH_KNOTS('',3,(#11817,#11818,#11819,#11820,#11821),
 .UNSPECIFIED.,.F.,.F.,(4,1,4),(0.,0.00884748666759223,0.0226981204859291),
 .UNSPECIFIED.);
#2418=B_SPLINE_CURVE_WITH_KNOTS('',3,(#11833,#11834,#11835,#11836,#11837),
 .UNSPECIFIED.,.F.,.F.,(4,1,4),(0.,0.00880685407297712,0.0185085702482254),
 .UNSPECIFIED.);
#2419=B_SPLINE_CURVE_WITH_KNOTS('',3,(#11840,#11841,#11842,#11843,#11844),
 .UNSPECIFIED.,.F.,.F.,(4,1,4),(0.,0.00880685407297712,0.0185085702482254),
 .UNSPECIFIED.);
#2420=B_SPLINE_CURVE_WITH_KNOTS('',3,(#11856,#11857,#11858,#11859,#11860),
 .UNSPECIFIED.,.F.,.F.,(4,1,4),(0.,0.0112036139015228,0.0204521251313967),
 .UNSPECIFIED.);
#2421=B_SPLINE_CURVE_WITH_KNOTS('',3,(#11863,#11864,#11865,#11866,#11867),
 .UNSPECIFIED.,.F.,.F.,(4,1,4),(0.,0.0112036139015228,0.0204521251313967),
 .UNSPECIFIED.);
#2422=B_SPLINE_CURVE_WITH_KNOTS('',3,(#11879,#11880,#11881,#11882,#11883),
 .UNSPECIFIED.,.F.,.F.,(4,1,4),(0.,0.016849852971317,0.0305815112581367),
 .UNSPECIFIED.);
#2423=B_SPLINE_CURVE_WITH_KNOTS('',3,(#11886,#11887,#11888,#11889,#11890),
 .UNSPECIFIED.,.F.,.F.,(4,1,4),(0.,0.016849852971317,0.0305815112581367),
 .UNSPECIFIED.);
#2424=B_SPLINE_CURVE_WITH_KNOTS('',3,(#11902,#11903,#11904,#11905,#11906),
 .UNSPECIFIED.,.F.,.F.,(4,1,4),(0.,0.0157871521319446,0.0333984595537707),
 .UNSPECIFIED.);
#2425=B_SPLINE_CURVE_WITH_KNOTS('',3,(#11909,#11910,#11911,#11912,#11913),
 .UNSPECIFIED.,.F.,.F.,(4,1,4),(0.,0.0157871521319446,0.0333984595537707),
 .UNSPECIFIED.);
#2426=B_SPLINE_CURVE_WITH_KNOTS('',3,(#11925,#11926,#11927,#11928,#11929),
 .UNSPECIFIED.,.F.,.F.,(4,1,4),(0.,0.0124325819843822,0.0264042566926402),
 .UNSPECIFIED.);
#2427=B_SPLINE_CURVE_WITH_KNOTS('',3,(#11932,#11933,#11934,#11935,#11936),
 .UNSPECIFIED.,.F.,.F.,(4,1,4),(0.,0.0124325819843822,0.0264042566926402),
 .UNSPECIFIED.);
#2428=B_SPLINE_CURVE_WITH_KNOTS('',3,(#11948,#11949,#11950,#11951,#11952),
 .UNSPECIFIED.,.F.,.F.,(4,1,4),(0.,0.0145902298862641,0.0273098497776724),
 .UNSPECIFIED.);
#2429=B_SPLINE_CURVE_WITH_KNOTS('',3,(#11955,#11956,#11957,#11958,#11959),
 .UNSPECIFIED.,.F.,.F.,(4,1,4),(0.,0.0145902298862641,0.0273098497776724),
 .UNSPECIFIED.);
#2430=B_SPLINE_CURVE_WITH_KNOTS('',3,(#11977,#11978,#11979,#11980,#11981),
 .UNSPECIFIED.,.F.,.F.,(4,1,4),(0.,0.0110555554465549,0.0250694629467509),
 .UNSPECIFIED.);
#2431=B_SPLINE_CURVE_WITH_KNOTS('',3,(#11984,#11985,#11986,#11987,#11988),
 .UNSPECIFIED.,.F.,.F.,(4,1,4),(0.,0.0110555554465549,0.0250694629467509),
 .UNSPECIFIED.);
#2432=B_SPLINE_CURVE_WITH_KNOTS('',3,(#12000,#12001,#12002,#12003,#12004),
 .UNSPECIFIED.,.F.,.F.,(4,1,4),(0.,0.015134276846014,0.026599027503913),
 .UNSPECIFIED.);
#2433=B_SPLINE_CURVE_WITH_KNOTS('',3,(#12007,#12008,#12009,#12010,#12011),
 .UNSPECIFIED.,.F.,.F.,(4,1,4),(0.,0.015134276846014,0.026599027503913),
 .UNSPECIFIED.);
#2434=B_SPLINE_CURVE_WITH_KNOTS('',3,(#12023,#12024,#12025,#12026,#12027),
 .UNSPECIFIED.,.F.,.F.,(4,1,4),(0.,0.0132593952347877,0.0296606423701487),
 .UNSPECIFIED.);
#2435=B_SPLINE_CURVE_WITH_KNOTS('',3,(#12030,#12031,#12032,#12033,#12034),
 .UNSPECIFIED.,.F.,.F.,(4,1,4),(0.,0.0132593952347877,0.0296606423701487),
 .UNSPECIFIED.);
#2436=B_SPLINE_CURVE_WITH_KNOTS('',3,(#12046,#12047,#12048,#12049,#12050),
 .UNSPECIFIED.,.F.,.F.,(4,1,4),(0.,0.0129076462383926,0.0227592516903797),
 .UNSPECIFIED.);
#2437=B_SPLINE_CURVE_WITH_KNOTS('',3,(#12053,#12054,#12055,#12056,#12057),
 .UNSPECIFIED.,.F.,.F.,(4,1,4),(0.,0.0129076462383926,0.0227592516903797),
 .UNSPECIFIED.);
#2438=B_SPLINE_CURVE_WITH_KNOTS('',3,(#12069,#12070,#12071,#12072,#12073),
 .UNSPECIFIED.,.F.,.F.,(4,1,4),(0.,0.0041281453616563,0.00641352255775824),
 .UNSPECIFIED.);
#2439=B_SPLINE_CURVE_WITH_KNOTS('',3,(#12076,#12077,#12078,#12079,#12080),
 .UNSPECIFIED.,.F.,.F.,(4,1,4),(0.,0.0041281453616563,0.00641352255775824),
 .UNSPECIFIED.);
#2440=B_SPLINE_CURVE_WITH_KNOTS('',3,(#12092,#12093,#12094,#12095,#12096),
 .UNSPECIFIED.,.F.,.F.,(4,1,4),(0.,0.0261096805521994,0.0446557022836431),
 .UNSPECIFIED.);
#2441=B_SPLINE_CURVE_WITH_KNOTS('',3,(#12099,#12100,#12101,#12102,#12103),
 .UNSPECIFIED.,.F.,.F.,(4,1,4),(0.,0.0261096805521994,0.0446557022836431),
 .UNSPECIFIED.);
#2442=B_SPLINE_CURVE_WITH_KNOTS('',3,(#12115,#12116,#12117,#12118,#12119),
 .UNSPECIFIED.,.F.,.F.,(4,1,4),(0.,0.00926420530142875,0.022147459788554),
 .UNSPECIFIED.);
#2443=B_SPLINE_CURVE_WITH_KNOTS('',3,(#12122,#12123,#12124,#12125,#12126),
 .UNSPECIFIED.,.F.,.F.,(4,1,4),(0.,0.00926420530142875,0.022147459788554),
 .UNSPECIFIED.);
#2444=B_SPLINE_CURVE_WITH_KNOTS('',3,(#12138,#12139,#12140,#12141,#12142),
 .UNSPECIFIED.,.F.,.F.,(4,1,4),(0.,0.00955888505696596,0.0194792903791268),
 .UNSPECIFIED.);
#2445=B_SPLINE_CURVE_WITH_KNOTS('',3,(#12145,#12146,#12147,#12148,#12149),
 .UNSPECIFIED.,.F.,.F.,(4,1,4),(0.,0.00955888505696596,0.0194792903791268),
 .UNSPECIFIED.);
#2446=B_SPLINE_CURVE_WITH_KNOTS('',3,(#12161,#12162,#12163,#12164,#12165),
 .UNSPECIFIED.,.F.,.F.,(4,1,4),(0.,0.00970398460249677,0.0191192225008486),
 .UNSPECIFIED.);
#2447=B_SPLINE_CURVE_WITH_KNOTS('',3,(#12168,#12169,#12170,#12171,#12172),
 .UNSPECIFIED.,.F.,.F.,(4,1,4),(0.,0.00970398460249677,0.0191192225008486),
 .UNSPECIFIED.);
#2448=B_SPLINE_CURVE_WITH_KNOTS('',3,(#12184,#12185,#12186,#12187,#12188),
 .UNSPECIFIED.,.F.,.F.,(4,1,4),(0.,0.0102525163237251,0.0201993369731584),
 .UNSPECIFIED.);
#2449=B_SPLINE_CURVE_WITH_KNOTS('',3,(#12191,#12192,#12193,#12194,#12195),
 .UNSPECIFIED.,.F.,.F.,(4,1,4),(0.,0.0102525163237251,0.0201993369731584),
 .UNSPECIFIED.);
#2450=B_SPLINE_CURVE_WITH_KNOTS('',3,(#12207,#12208,#12209,#12210,#12211),
 .UNSPECIFIED.,.F.,.F.,(4,1,4),(0.,0.0164006911152093,0.0332333764628163),
 .UNSPECIFIED.);
#2451=B_SPLINE_CURVE_WITH_KNOTS('',3,(#12214,#12215,#12216,#12217,#12218),
 .UNSPECIFIED.,.F.,.F.,(4,1,4),(0.,0.0164006911152093,0.0332333764628163),
 .UNSPECIFIED.);
#2452=B_SPLINE_CURVE_WITH_KNOTS('',3,(#12230,#12231,#12232,#12233,#12234),
 .UNSPECIFIED.,.F.,.F.,(4,1,4),(0.,0.0213122890774148,0.03918618381426),
 .UNSPECIFIED.);
#2453=B_SPLINE_CURVE_WITH_KNOTS('',3,(#12237,#12238,#12239,#12240,#12241),
 .UNSPECIFIED.,.F.,.F.,(4,1,4),(0.,0.0213122890774148,0.03918618381426),
 .UNSPECIFIED.);
#2454=B_SPLINE_CURVE_WITH_KNOTS('',3,(#12253,#12254,#12255,#12256,#12257),
 .UNSPECIFIED.,.F.,.F.,(4,1,4),(0.,0.0135611972237485,0.0276126818572437),
 .UNSPECIFIED.);
#2455=B_SPLINE_CURVE_WITH_KNOTS('',3,(#12260,#12261,#12262,#12263,#12264),
 .UNSPECIFIED.,.F.,.F.,(4,1,4),(0.,0.0135611972237485,0.0276126818572437),
 .UNSPECIFIED.);
#2456=B_SPLINE_CURVE_WITH_KNOTS('',3,(#12276,#12277,#12278,#12279,#12280),
 .UNSPECIFIED.,.F.,.F.,(4,1,4),(0.,0.0166443456168519,0.031058338892947),
 .UNSPECIFIED.);
#2457=B_SPLINE_CURVE_WITH_KNOTS('',3,(#12283,#12284,#12285,#12286,#12287),
 .UNSPECIFIED.,.F.,.F.,(4,1,4),(0.,0.0166443456168519,0.031058338892947),
 .UNSPECIFIED.);
#2458=B_SPLINE_CURVE_WITH_KNOTS('',3,(#12298,#12299,#12300,#12301,#12302),
 .UNSPECIFIED.,.F.,.F.,(4,1,4),(0.,0.00886195121527385,0.018608560194842),
 .UNSPECIFIED.);
#2459=B_SPLINE_CURVE_WITH_KNOTS('',3,(#12303,#12304,#12305,#12306,#12307),
 .UNSPECIFIED.,.F.,.F.,(4,1,4),(0.,0.00886195121527385,0.018608560194842),
 .UNSPECIFIED.);
#2460=B_SPLINE_CURVE_WITH_KNOTS('',3,(#12394,#12395,#12396,#12397,#12398),
 .UNSPECIFIED.,.F.,.F.,(4,1,4),(0.,0.00380426916164201,0.00865063301288271),
 .UNSPECIFIED.);
#2461=B_SPLINE_CURVE_WITH_KNOTS('',3,(#12402,#12403,#12404,#12405,#12406),
 .UNSPECIFIED.,.F.,.F.,(4,1,4),(0.,0.00380426916164201,0.00865063301288271),
 .UNSPECIFIED.);
#2462=B_SPLINE_CURVE_WITH_KNOTS('',3,(#12419,#12420,#12421,#12422,#12423),
 .UNSPECIFIED.,.F.,.F.,(4,1,4),(0.,0.00318871342431981,0.00645955382036183),
 .UNSPECIFIED.);
#2463=B_SPLINE_CURVE_WITH_KNOTS('',3,(#12426,#12427,#12428,#12429,#12430),
 .UNSPECIFIED.,.F.,.F.,(4,1,4),(0.,0.00318871342431981,0.00645955382036183),
 .UNSPECIFIED.);
#2464=B_SPLINE_CURVE_WITH_KNOTS('',3,(#12442,#12443,#12444,#12445,#12446),
 .UNSPECIFIED.,.F.,.F.,(4,1,4),(0.,0.00863500078608489,0.0136081307233676),
 .UNSPECIFIED.);
#2465=B_SPLINE_CURVE_WITH_KNOTS('',3,(#12449,#12450,#12451,#12452,#12453),
 .UNSPECIFIED.,.F.,.F.,(4,1,4),(0.,0.00863500078608489,0.0136081307233676),
 .UNSPECIFIED.);
#2466=B_SPLINE_CURVE_WITH_KNOTS('',3,(#12531,#12532,#12533,#12534,#12535),
 .UNSPECIFIED.,.F.,.F.,(4,1,4),(0.,0.0109267402086592,0.0292402073632511),
 .UNSPECIFIED.);
#2467=B_SPLINE_CURVE_WITH_KNOTS('',3,(#12538,#12539,#12540,#12541,#12542),
 .UNSPECIFIED.,.F.,.F.,(4,1,4),(0.,0.0109267402086592,0.0292402073632511),
 .UNSPECIFIED.);
#2468=B_SPLINE_CURVE_WITH_KNOTS('',3,(#12554,#12555,#12556,#12557,#12558),
 .UNSPECIFIED.,.F.,.F.,(4,1,4),(0.,0.00795842964338913,0.0154078845702128),
 .UNSPECIFIED.);
#2469=B_SPLINE_CURVE_WITH_KNOTS('',3,(#12561,#12562,#12563,#12564,#12565),
 .UNSPECIFIED.,.F.,.F.,(4,1,4),(0.,0.00795842964338913,0.0154078845702128),
 .UNSPECIFIED.);
#2470=B_SPLINE_CURVE_WITH_KNOTS('',3,(#12577,#12578,#12579,#12580,#12581),
 .UNSPECIFIED.,.F.,.F.,(4,1,4),(0.,0.0119160124986716,0.0213339129121696),
 .UNSPECIFIED.);
#2471=B_SPLINE_CURVE_WITH_KNOTS('',3,(#12584,#12585,#12586,#12587,#12588),
 .UNSPECIFIED.,.F.,.F.,(4,1,4),(0.,0.0119160124986716,0.0213339129121696),
 .UNSPECIFIED.);
#2472=B_SPLINE_CURVE_WITH_KNOTS('',3,(#12600,#12601,#12602,#12603,#12604),
 .UNSPECIFIED.,.F.,.F.,(4,1,4),(0.,0.00995812707270104,0.0187064101257768),
 .UNSPECIFIED.);
#2473=B_SPLINE_CURVE_WITH_KNOTS('',3,(#12607,#12608,#12609,#12610,#12611),
 .UNSPECIFIED.,.F.,.F.,(4,1,4),(0.,0.00995812707270104,0.0187064101257768),
 .UNSPECIFIED.);
#2474=B_SPLINE_CURVE_WITH_KNOTS('',3,(#12628,#12629,#12630,#12631,#12632),
 .UNSPECIFIED.,.F.,.F.,(4,1,4),(0.,0.00474681224881336,0.0108259709495462),
 .UNSPECIFIED.);
#2475=B_SPLINE_CURVE_WITH_KNOTS('',3,(#12633,#12634,#12635,#12636,#12637),
 .UNSPECIFIED.,.F.,.F.,(4,1,4),(0.,0.00474681224881336,0.0108259709495462),
 .UNSPECIFIED.);
#2476=B_SPLINE_CURVE_WITH_KNOTS('',3,(#12707,#12708,#12709,#12710,#12711),
 .UNSPECIFIED.,.F.,.F.,(4,1,4),(0.,0.0141617232497088,0.0337804981226302),
 .UNSPECIFIED.);
#2477=B_SPLINE_CURVE_WITH_KNOTS('',3,(#12714,#12715,#12716,#12717,#12718),
 .UNSPECIFIED.,.F.,.F.,(4,1,4),(0.,0.0141617232497088,0.0337804981226302),
 .UNSPECIFIED.);
#2478=B_SPLINE_CURVE_WITH_KNOTS('',3,(#12730,#12731,#12732,#12733,#12734),
 .UNSPECIFIED.,.F.,.F.,(4,1,4),(0.,0.0181952033111783,0.0311069583818874),
 .UNSPECIFIED.);
#2479=B_SPLINE_CURVE_WITH_KNOTS('',3,(#12737,#12738,#12739,#12740,#12741),
 .UNSPECIFIED.,.F.,.F.,(4,1,4),(0.,0.0181952033111783,0.0311069583818874),
 .UNSPECIFIED.);
#2480=VERTEX_POINT('',#7897);
#2481=VERTEX_POINT('',#7898);
#2482=VERTEX_POINT('',#7904);
#2483=VERTEX_POINT('',#7906);
#2484=VERTEX_POINT('',#7923);
#2485=VERTEX_POINT('',#7929);
#2486=VERTEX_POINT('',#7946);
#2487=VERTEX_POINT('',#7952);
#2488=VERTEX_POINT('',#7969);
#2489=VERTEX_POINT('',#7975);
#2490=VERTEX_POINT('',#7992);
#2491=VERTEX_POINT('',#7998);
#2492=VERTEX_POINT('',#8015);
#2493=VERTEX_POINT('',#8021);
#2494=VERTEX_POINT('',#8038);
#2495=VERTEX_POINT('',#8044);
#2496=VERTEX_POINT('',#8061);
#2497=VERTEX_POINT('',#8067);
#2498=VERTEX_POINT('',#8084);
#2499=VERTEX_POINT('',#8090);
#2500=VERTEX_POINT('',#8101);
#2501=VERTEX_POINT('',#8102);
#2502=VERTEX_POINT('',#8104);
#2503=VERTEX_POINT('',#8106);
#2504=VERTEX_POINT('',#8119);
#2505=VERTEX_POINT('',#8125);
#2506=VERTEX_POINT('',#8142);
#2507=VERTEX_POINT('',#8148);
#2508=VERTEX_POINT('',#8156);
#2509=VERTEX_POINT('',#8158);
#2510=VERTEX_POINT('',#8171);
#2511=VERTEX_POINT('',#8177);
#2512=VERTEX_POINT('',#8194);
#2513=VERTEX_POINT('',#8200);
#2514=VERTEX_POINT('',#8217);
#2515=VERTEX_POINT('',#8223);
#2516=VERTEX_POINT('',#8240);
#2517=VERTEX_POINT('',#8246);
#2518=VERTEX_POINT('',#8263);
#2519=VERTEX_POINT('',#8269);
#2520=VERTEX_POINT('',#8286);
#2521=VERTEX_POINT('',#8292);
#2522=VERTEX_POINT('',#8309);
#2523=VERTEX_POINT('',#8315);
#2524=VERTEX_POINT('',#8323);
#2525=VERTEX_POINT('',#8325);
#2526=VERTEX_POINT('',#8338);
#2527=VERTEX_POINT('',#8344);
#2528=VERTEX_POINT('',#8361);
#2529=VERTEX_POINT('',#8367);
#2530=VERTEX_POINT('',#8384);
#2531=VERTEX_POINT('',#8390);
#2532=VERTEX_POINT('',#8407);
#2533=VERTEX_POINT('',#8413);
#2534=VERTEX_POINT('',#8430);
#2535=VERTEX_POINT('',#8436);
#2536=VERTEX_POINT('',#8453);
#2537=VERTEX_POINT('',#8459);
#2538=VERTEX_POINT('',#8476);
#2539=VERTEX_POINT('',#8482);
#2540=VERTEX_POINT('',#8499);
#2541=VERTEX_POINT('',#8505);
#2542=VERTEX_POINT('',#8522);
#2543=VERTEX_POINT('',#8528);
#2544=VERTEX_POINT('',#8545);
#2545=VERTEX_POINT('',#8551);
#2546=VERTEX_POINT('',#8568);
#2547=VERTEX_POINT('',#8574);
#2548=VERTEX_POINT('',#8591);
#2549=VERTEX_POINT('',#8597);
#2550=VERTEX_POINT('',#8614);
#2551=VERTEX_POINT('',#8620);
#2552=VERTEX_POINT('',#8637);
#2553=VERTEX_POINT('',#8643);
#2554=VERTEX_POINT('',#8681);
#2555=VERTEX_POINT('',#8682);
#2556=VERTEX_POINT('',#8688);
#2557=VERTEX_POINT('',#8690);
#2558=VERTEX_POINT('',#8707);
#2559=VERTEX_POINT('',#8713);
#2560=VERTEX_POINT('',#8730);
#2561=VERTEX_POINT('',#8736);
#2562=VERTEX_POINT('',#8753);
#2563=VERTEX_POINT('',#8759);
#2564=VERTEX_POINT('',#8776);
#2565=VERTEX_POINT('',#8782);
#2566=VERTEX_POINT('',#8799);
#2567=VERTEX_POINT('',#8805);
#2568=VERTEX_POINT('',#8822);
#2569=VERTEX_POINT('',#8828);
#2570=VERTEX_POINT('',#8845);
#2571=VERTEX_POINT('',#8851);
#2572=VERTEX_POINT('',#8868);
#2573=VERTEX_POINT('',#8874);
#2574=VERTEX_POINT('',#8891);
#2575=VERTEX_POINT('',#8897);
#2576=VERTEX_POINT('',#8914);
#2577=VERTEX_POINT('',#8920);
#2578=VERTEX_POINT('',#8937);
#2579=VERTEX_POINT('',#8943);
#2580=VERTEX_POINT('',#8960);
#2581=VERTEX_POINT('',#8966);
#2582=VERTEX_POINT('',#8983);
#2583=VERTEX_POINT('',#8989);
#2584=VERTEX_POINT('',#8997);
#2585=VERTEX_POINT('',#8999);
#2586=VERTEX_POINT('',#9012);
#2587=VERTEX_POINT('',#9018);
#2588=VERTEX_POINT('',#9035);
#2589=VERTEX_POINT('',#9041);
#2590=VERTEX_POINT('',#9058);
#2591=VERTEX_POINT('',#9064);
#2592=VERTEX_POINT('',#9081);
#2593=VERTEX_POINT('',#9087);
#2594=VERTEX_POINT('',#9104);
#2595=VERTEX_POINT('',#9110);
#2596=VERTEX_POINT('',#9127);
#2597=VERTEX_POINT('',#9133);
#2598=VERTEX_POINT('',#9150);
#2599=VERTEX_POINT('',#9156);
#2600=VERTEX_POINT('',#9173);
#2601=VERTEX_POINT('',#9179);
#2602=VERTEX_POINT('',#9196);
#2603=VERTEX_POINT('',#9202);
#2604=VERTEX_POINT('',#9219);
#2605=VERTEX_POINT('',#9225);
#2606=VERTEX_POINT('',#9242);
#2607=VERTEX_POINT('',#9248);
#2608=VERTEX_POINT('',#9265);
#2609=VERTEX_POINT('',#9271);
#2610=VERTEX_POINT('',#9288);
#2611=VERTEX_POINT('',#9294);
#2612=VERTEX_POINT('',#9311);
#2613=VERTEX_POINT('',#9317);
#2614=VERTEX_POINT('',#9334);
#2615=VERTEX_POINT('',#9340);
#2616=VERTEX_POINT('',#9357);
#2617=VERTEX_POINT('',#9363);
#2618=VERTEX_POINT('',#9371);
#2619=VERTEX_POINT('',#9373);
#2620=VERTEX_POINT('',#9407);
#2621=VERTEX_POINT('',#9408);
#2622=VERTEX_POINT('',#9414);
#2623=VERTEX_POINT('',#9416);
#2624=VERTEX_POINT('',#9433);
#2625=VERTEX_POINT('',#9439);
#2626=VERTEX_POINT('',#9456);
#2627=VERTEX_POINT('',#9462);
#2628=VERTEX_POINT('',#9479);
#2629=VERTEX_POINT('',#9485);
#2630=VERTEX_POINT('',#9502);
#2631=VERTEX_POINT('',#9508);
#2632=VERTEX_POINT('',#9525);
#2633=VERTEX_POINT('',#9531);
#2634=VERTEX_POINT('',#9548);
#2635=VERTEX_POINT('',#9554);
#2636=VERTEX_POINT('',#9582);
#2637=VERTEX_POINT('',#9583);
#2638=VERTEX_POINT('',#9585);
#2639=VERTEX_POINT('',#9587);
#2640=VERTEX_POINT('',#9591);
#2641=VERTEX_POINT('',#9593);
#2642=VERTEX_POINT('',#9597);
#2643=VERTEX_POINT('',#9599);
#2644=VERTEX_POINT('',#9612);
#2645=VERTEX_POINT('',#9618);
#2646=VERTEX_POINT('',#9635);
#2647=VERTEX_POINT('',#9641);
#2648=VERTEX_POINT('',#9658);
#2649=VERTEX_POINT('',#9664);
#2650=VERTEX_POINT('',#9681);
#2651=VERTEX_POINT('',#9687);
#2652=VERTEX_POINT('',#9704);
#2653=VERTEX_POINT('',#9710);
#2654=VERTEX_POINT('',#9727);
#2655=VERTEX_POINT('',#9733);
#2656=VERTEX_POINT('',#9750);
#2657=VERTEX_POINT('',#9756);
#2658=VERTEX_POINT('',#9773);
#2659=VERTEX_POINT('',#9779);
#2660=VERTEX_POINT('',#9796);
#2661=VERTEX_POINT('',#9802);
#2662=VERTEX_POINT('',#9810);
#2663=VERTEX_POINT('',#9812);
#2664=VERTEX_POINT('',#9829);
#2665=VERTEX_POINT('',#9830);
#2666=VERTEX_POINT('',#9836);
#2667=VERTEX_POINT('',#9838);
#2668=VERTEX_POINT('',#9855);
#2669=VERTEX_POINT('',#9861);
#2670=VERTEX_POINT('',#9878);
#2671=VERTEX_POINT('',#9884);
#2672=VERTEX_POINT('',#9901);
#2673=VERTEX_POINT('',#9907);
#2674=VERTEX_POINT('',#9924);
#2675=VERTEX_POINT('',#9930);
#2676=VERTEX_POINT('',#9947);
#2677=VERTEX_POINT('',#9953);
#2678=VERTEX_POINT('',#9970);
#2679=VERTEX_POINT('',#9976);
#2680=VERTEX_POINT('',#9984);
#2681=VERTEX_POINT('',#9986);
#2682=VERTEX_POINT('',#9999);
#2683=VERTEX_POINT('',#10005);
#2684=VERTEX_POINT('',#10022);
#2685=VERTEX_POINT('',#10028);
#2686=VERTEX_POINT('',#10045);
#2687=VERTEX_POINT('',#10051);
#2688=VERTEX_POINT('',#10068);
#2689=VERTEX_POINT('',#10074);
#2690=VERTEX_POINT('',#10091);
#2691=VERTEX_POINT('',#10097);
#2692=VERTEX_POINT('',#10114);
#2693=VERTEX_POINT('',#10120);
#2694=VERTEX_POINT('',#10137);
#2695=VERTEX_POINT('',#10143);
#2696=VERTEX_POINT('',#10160);
#2697=VERTEX_POINT('',#10166);
#2698=VERTEX_POINT('',#10183);
#2699=VERTEX_POINT('',#10189);
#2700=VERTEX_POINT('',#10197);
#2701=VERTEX_POINT('',#10199);
#2702=VERTEX_POINT('',#10233);
#2703=VERTEX_POINT('',#10234);
#2704=VERTEX_POINT('',#10240);
#2705=VERTEX_POINT('',#10242);
#2706=VERTEX_POINT('',#10259);
#2707=VERTEX_POINT('',#10265);
#2708=VERTEX_POINT('',#10282);
#2709=VERTEX_POINT('',#10288);
#2710=VERTEX_POINT('',#10305);
#2711=VERTEX_POINT('',#10311);
#2712=VERTEX_POINT('',#10328);
#2713=VERTEX_POINT('',#10334);
#2714=VERTEX_POINT('',#10351);
#2715=VERTEX_POINT('',#10357);
#2716=VERTEX_POINT('',#10374);
#2717=VERTEX_POINT('',#10380);
#2718=VERTEX_POINT('',#10408);
#2719=VERTEX_POINT('',#10409);
#2720=VERTEX_POINT('',#10411);
#2721=VERTEX_POINT('',#10413);
#2722=VERTEX_POINT('',#10426);
#2723=VERTEX_POINT('',#10432);
#2724=VERTEX_POINT('',#10449);
#2725=VERTEX_POINT('',#10455);
#2726=VERTEX_POINT('',#10472);
#2727=VERTEX_POINT('',#10478);
#2728=VERTEX_POINT('',#10495);
#2729=VERTEX_POINT('',#10501);
#2730=VERTEX_POINT('',#10518);
#2731=VERTEX_POINT('',#10524);
#2732=VERTEX_POINT('',#10541);
#2733=VERTEX_POINT('',#10547);
#2734=VERTEX_POINT('',#10564);
#2735=VERTEX_POINT('',#10570);
#2736=VERTEX_POINT('',#10587);
#2737=VERTEX_POINT('',#10593);
#2738=VERTEX_POINT('',#10610);
#2739=VERTEX_POINT('',#10616);
#2740=VERTEX_POINT('',#10633);
#2741=VERTEX_POINT('',#10639);
#2742=VERTEX_POINT('',#10647);
#2743=VERTEX_POINT('',#10649);
#2744=VERTEX_POINT('',#10653);
#2745=VERTEX_POINT('',#10655);
#2746=VERTEX_POINT('',#10659);
#2747=VERTEX_POINT('',#10661);
#2748=VERTEX_POINT('',#10678);
#2749=VERTEX_POINT('',#10679);
#2750=VERTEX_POINT('',#10685);
#2751=VERTEX_POINT('',#10687);
#2752=VERTEX_POINT('',#10704);
#2753=VERTEX_POINT('',#10710);
#2754=VERTEX_POINT('',#10727);
#2755=VERTEX_POINT('',#10733);
#2756=VERTEX_POINT('',#10750);
#2757=VERTEX_POINT('',#10756);
#2758=VERTEX_POINT('',#10773);
#2759=VERTEX_POINT('',#10779);
#2760=VERTEX_POINT('',#10796);
#2761=VERTEX_POINT('',#10802);
#2762=VERTEX_POINT('',#10819);
#2763=VERTEX_POINT('',#10825);
#2764=VERTEX_POINT('',#10842);
#2765=VERTEX_POINT('',#10848);
#2766=VERTEX_POINT('',#10865);
#2767=VERTEX_POINT('',#10871);
#2768=VERTEX_POINT('',#10882);
#2769=VERTEX_POINT('',#10883);
#2770=VERTEX_POINT('',#10885);
#2771=VERTEX_POINT('',#10887);
#2772=VERTEX_POINT('',#10900);
#2773=VERTEX_POINT('',#10906);
#2774=VERTEX_POINT('',#10923);
#2775=VERTEX_POINT('',#10929);
#2776=VERTEX_POINT('',#10937);
#2777=VERTEX_POINT('',#10939);
#2778=VERTEX_POINT('',#10952);
#2779=VERTEX_POINT('',#10958);
#2780=VERTEX_POINT('',#10975);
#2781=VERTEX_POINT('',#10981);
#2782=VERTEX_POINT('',#10998);
#2783=VERTEX_POINT('',#11004);
#2784=VERTEX_POINT('',#11021);
#2785=VERTEX_POINT('',#11027);
#2786=VERTEX_POINT('',#11044);
#2787=VERTEX_POINT('',#11050);
#2788=VERTEX_POINT('',#11067);
#2789=VERTEX_POINT('',#11073);
#2790=VERTEX_POINT('',#11090);
#2791=VERTEX_POINT('',#11096);
#2792=VERTEX_POINT('',#11104);
#2793=VERTEX_POINT('',#11106);
#2794=VERTEX_POINT('',#11119);
#2795=VERTEX_POINT('',#11125);
#2796=VERTEX_POINT('',#11142);
#2797=VERTEX_POINT('',#11148);
#2798=VERTEX_POINT('',#11165);
#2799=VERTEX_POINT('',#11171);
#2800=VERTEX_POINT('',#11188);
#2801=VERTEX_POINT('',#11194);
#2802=VERTEX_POINT('',#11211);
#2803=VERTEX_POINT('',#11217);
#2804=VERTEX_POINT('',#11234);
#2805=VERTEX_POINT('',#11240);
#2806=VERTEX_POINT('',#11257);
#2807=VERTEX_POINT('',#11263);
#2808=VERTEX_POINT('',#11280);
#2809=VERTEX_POINT('',#11286);
#2810=VERTEX_POINT('',#11303);
#2811=VERTEX_POINT('',#11309);
#2812=VERTEX_POINT('',#11326);
#2813=VERTEX_POINT('',#11332);
#2814=VERTEX_POINT('',#11349);
#2815=VERTEX_POINT('',#11355);
#2816=VERTEX_POINT('',#11372);
#2817=VERTEX_POINT('',#11378);
#2818=VERTEX_POINT('',#11395);
#2819=VERTEX_POINT('',#11401);
#2820=VERTEX_POINT('',#11418);
#2821=VERTEX_POINT('',#11424);
#2822=VERTEX_POINT('',#11453);
#2823=VERTEX_POINT('',#11454);
#2824=VERTEX_POINT('',#11456);
#2825=VERTEX_POINT('',#11458);
#2826=VERTEX_POINT('',#11462);
#2827=VERTEX_POINT('',#11464);
#2828=VERTEX_POINT('',#11468);
#2829=VERTEX_POINT('',#11470);
#2830=VERTEX_POINT('',#11474);
#2831=VERTEX_POINT('',#11476);
#2832=VERTEX_POINT('',#11480);
#2833=VERTEX_POINT('',#11482);
#2834=VERTEX_POINT('',#11486);
#2835=VERTEX_POINT('',#11488);
#2836=VERTEX_POINT('',#11492);
#2837=VERTEX_POINT('',#11494);
#2838=VERTEX_POINT('',#11498);
#2839=VERTEX_POINT('',#11500);
#2840=VERTEX_POINT('',#11504);
#2841=VERTEX_POINT('',#11506);
#2842=VERTEX_POINT('',#11510);
#2843=VERTEX_POINT('',#11512);
#2844=VERTEX_POINT('',#11516);
#2845=VERTEX_POINT('',#11518);
#2846=VERTEX_POINT('',#11535);
#2847=VERTEX_POINT('',#11536);
#2848=VERTEX_POINT('',#11542);
#2849=VERTEX_POINT('',#11544);
#2850=VERTEX_POINT('',#11561);
#2851=VERTEX_POINT('',#11567);
#2852=VERTEX_POINT('',#11584);
#2853=VERTEX_POINT('',#11590);
#2854=VERTEX_POINT('',#11607);
#2855=VERTEX_POINT('',#11613);
#2856=VERTEX_POINT('',#11630);
#2857=VERTEX_POINT('',#11636);
#2858=VERTEX_POINT('',#11653);
#2859=VERTEX_POINT('',#11659);
#2860=VERTEX_POINT('',#11676);
#2861=VERTEX_POINT('',#11682);
#2862=VERTEX_POINT('',#11699);
#2863=VERTEX_POINT('',#11705);
#2864=VERTEX_POINT('',#11722);
#2865=VERTEX_POINT('',#11728);
#2866=VERTEX_POINT('',#11739);
#2867=VERTEX_POINT('',#11740);
#2868=VERTEX_POINT('',#11742);
#2869=VERTEX_POINT('',#11744);
#2870=VERTEX_POINT('',#11757);
#2871=VERTEX_POINT('',#11763);
#2872=VERTEX_POINT('',#11780);
#2873=VERTEX_POINT('',#11786);
#2874=VERTEX_POINT('',#11794);
#2875=VERTEX_POINT('',#11796);
#2876=VERTEX_POINT('',#11809);
#2877=VERTEX_POINT('',#11815);
#2878=VERTEX_POINT('',#11832);
#2879=VERTEX_POINT('',#11838);
#2880=VERTEX_POINT('',#11855);
#2881=VERTEX_POINT('',#11861);
#2882=VERTEX_POINT('',#11878);
#2883=VERTEX_POINT('',#11884);
#2884=VERTEX_POINT('',#11901);
#2885=VERTEX_POINT('',#11907);
#2886=VERTEX_POINT('',#11924);
#2887=VERTEX_POINT('',#11930);
#2888=VERTEX_POINT('',#11947);
#2889=VERTEX_POINT('',#11953);
#2890=VERTEX_POINT('',#11961);
#2891=VERTEX_POINT('',#11963);
#2892=VERTEX_POINT('',#11976);
#2893=VERTEX_POINT('',#11982);
#2894=VERTEX_POINT('',#11999);
#2895=VERTEX_POINT('',#12005);
#2896=VERTEX_POINT('',#12022);
#2897=VERTEX_POINT('',#12028);
#2898=VERTEX_POINT('',#12045);
#2899=VERTEX_POINT('',#12051);
#2900=VERTEX_POINT('',#12068);
#2901=VERTEX_POINT('',#12074);
#2902=VERTEX_POINT('',#12091);
#2903=VERTEX_POINT('',#12097);
#2904=VERTEX_POINT('',#12114);
#2905=VERTEX_POINT('',#12120);
#2906=VERTEX_POINT('',#12137);
#2907=VERTEX_POINT('',#12143);
#2908=VERTEX_POINT('',#12160);
#2909=VERTEX_POINT('',#12166);
#2910=VERTEX_POINT('',#12183);
#2911=VERTEX_POINT('',#12189);
#2912=VERTEX_POINT('',#12206);
#2913=VERTEX_POINT('',#12212);
#2914=VERTEX_POINT('',#12229);
#2915=VERTEX_POINT('',#12235);
#2916=VERTEX_POINT('',#12252);
#2917=VERTEX_POINT('',#12258);
#2918=VERTEX_POINT('',#12275);
#2919=VERTEX_POINT('',#12281);
#2920=VERTEX_POINT('',#12310);
#2921=VERTEX_POINT('',#12311);
#2922=VERTEX_POINT('',#12313);
#2923=VERTEX_POINT('',#12315);
#2924=VERTEX_POINT('',#12319);
#2925=VERTEX_POINT('',#12321);
#2926=VERTEX_POINT('',#12325);
#2927=VERTEX_POINT('',#12327);
#2928=VERTEX_POINT('',#12331);
#2929=VERTEX_POINT('',#12333);
#2930=VERTEX_POINT('',#12337);
#2931=VERTEX_POINT('',#12339);
#2932=VERTEX_POINT('',#12343);
#2933=VERTEX_POINT('',#12345);
#2934=VERTEX_POINT('',#12349);
#2935=VERTEX_POINT('',#12351);
#2936=VERTEX_POINT('',#12355);
#2937=VERTEX_POINT('',#12357);
#2938=VERTEX_POINT('',#12361);
#2939=VERTEX_POINT('',#12363);
#2940=VERTEX_POINT('',#12367);
#2941=VERTEX_POINT('',#12369);
#2942=VERTEX_POINT('',#12373);
#2943=VERTEX_POINT('',#12375);
#2944=VERTEX_POINT('',#12392);
#2945=VERTEX_POINT('',#12393);
#2946=VERTEX_POINT('',#12399);
#2947=VERTEX_POINT('',#12401);
#2948=VERTEX_POINT('',#12418);
#2949=VERTEX_POINT('',#12424);
#2950=VERTEX_POINT('',#12441);
#2951=VERTEX_POINT('',#12447);
#2952=VERTEX_POINT('',#12455);
#2953=VERTEX_POINT('',#12457);
#2954=VERTEX_POINT('',#12461);
#2955=VERTEX_POINT('',#12463);
#2956=VERTEX_POINT('',#12467);
#2957=VERTEX_POINT('',#12469);
#2958=VERTEX_POINT('',#12473);
#2959=VERTEX_POINT('',#12475);
#2960=VERTEX_POINT('',#12479);
#2961=VERTEX_POINT('',#12481);
#2962=VERTEX_POINT('',#12485);
#2963=VERTEX_POINT('',#12487);
#2964=VERTEX_POINT('',#12491);
#2965=VERTEX_POINT('',#12493);
#2966=VERTEX_POINT('',#12497);
#2967=VERTEX_POINT('',#12499);
#2968=VERTEX_POINT('',#12503);
#2969=VERTEX_POINT('',#12505);
#2970=VERTEX_POINT('',#12509);
#2971=VERTEX_POINT('',#12511);
#2972=VERTEX_POINT('',#12515);
#2973=VERTEX_POINT('',#12517);
#2974=VERTEX_POINT('',#12530);
#2975=VERTEX_POINT('',#12536);
#2976=VERTEX_POINT('',#12553);
#2977=VERTEX_POINT('',#12559);
#2978=VERTEX_POINT('',#12576);
#2979=VERTEX_POINT('',#12582);
#2980=VERTEX_POINT('',#12599);
#2981=VERTEX_POINT('',#12605);
#2982=VERTEX_POINT('',#12613);
#2983=VERTEX_POINT('',#12615);
#2984=VERTEX_POINT('',#12640);
#2985=VERTEX_POINT('',#12641);
#2986=VERTEX_POINT('',#12643);
#2987=VERTEX_POINT('',#12645);
#2988=VERTEX_POINT('',#12649);
#2989=VERTEX_POINT('',#12651);
#2990=VERTEX_POINT('',#12655);
#2991=VERTEX_POINT('',#12657);
#2992=VERTEX_POINT('',#12661);
#2993=VERTEX_POINT('',#12663);
#2994=VERTEX_POINT('',#12667);
#2995=VERTEX_POINT('',#12669);
#2996=VERTEX_POINT('',#12673);
#2997=VERTEX_POINT('',#12675);
#2998=VERTEX_POINT('',#12679);
#2999=VERTEX_POINT('',#12681);
#3000=VERTEX_POINT('',#12685);
#3001=VERTEX_POINT('',#12687);
#3002=VERTEX_POINT('',#12691);
#3003=VERTEX_POINT('',#12693);
#3004=VERTEX_POINT('',#12706);
#3005=VERTEX_POINT('',#12712);
#3006=VERTEX_POINT('',#12729);
#3007=VERTEX_POINT('',#12735);
#3008=VERTEX_POINT('',#12743);
#3009=VERTEX_POINT('',#12745);
#3010=VERTEX_POINT('',#12749);
#3011=VERTEX_POINT('',#12751);
#3012=VERTEX_POINT('',#12755);
#3013=VERTEX_POINT('',#12757);
#3014=VERTEX_POINT('',#12765);
#3015=VERTEX_POINT('',#12766);
#3016=VERTEX_POINT('',#12768);
#3017=VERTEX_POINT('',#12770);
#3018=VERTEX_POINT('',#12772);
#3019=VERTEX_POINT('',#12774);
#3020=VERTEX_POINT('',#12776);
#3021=VERTEX_POINT('',#12778);
#3022=VERTEX_POINT('',#12780);
#3023=VERTEX_POINT('',#12782);
#3024=VERTEX_POINT('',#12784);
#3025=VERTEX_POINT('',#12786);
#3026=VERTEX_POINT('',#12789);
#3027=VERTEX_POINT('',#12790);
#3028=VERTEX_POINT('',#12792);
#3029=VERTEX_POINT('',#12794);
#3030=VERTEX_POINT('',#12796);
#3031=VERTEX_POINT('',#12798);
#3032=VERTEX_POINT('',#12800);
#3033=VERTEX_POINT('',#12802);
#3034=VERTEX_POINT('',#12805);
#3035=VERTEX_POINT('',#12806);
#3036=VERTEX_POINT('',#12808);
#3037=VERTEX_POINT('',#12810);
#3038=VERTEX_POINT('',#12812);
#3039=VERTEX_POINT('',#12814);
#3040=VERTEX_POINT('',#12816);
#3041=VERTEX_POINT('',#12818);
#3042=VERTEX_POINT('',#12821);
#3043=VERTEX_POINT('',#12822);
#3044=VERTEX_POINT('',#12824);
#3045=VERTEX_POINT('',#12826);
#3046=VERTEX_POINT('',#12828);
#3047=VERTEX_POINT('',#12830);
#3048=VERTEX_POINT('',#12832);
#3049=VERTEX_POINT('',#12834);
#3050=VERTEX_POINT('',#12837);
#3051=VERTEX_POINT('',#12838);
#3052=VERTEX_POINT('',#12840);
#3053=VERTEX_POINT('',#12842);
#3054=VERTEX_POINT('',#12844);
#3055=VERTEX_POINT('',#12846);
#3056=VERTEX_POINT('',#12848);
#3057=VERTEX_POINT('',#12850);
#3058=VERTEX_POINT('',#12853);
#3059=VERTEX_POINT('',#12854);
#3060=VERTEX_POINT('',#12856);
#3061=VERTEX_POINT('',#12858);
#3062=VERTEX_POINT('',#12860);
#3063=VERTEX_POINT('',#12862);
#3064=VERTEX_POINT('',#12864);
#3065=VERTEX_POINT('',#12866);
#3066=VERTEX_POINT('',#12869);
#3067=VERTEX_POINT('',#12870);
#3068=VERTEX_POINT('',#12872);
#3069=VERTEX_POINT('',#12874);
#3070=VERTEX_POINT('',#12876);
#3071=VERTEX_POINT('',#12878);
#3072=VERTEX_POINT('',#12880);
#3073=VERTEX_POINT('',#12882);
#3074=VERTEX_POINT('',#12885);
#3075=VERTEX_POINT('',#12887);
#3076=VERTEX_POINT('',#12889);
#3077=VERTEX_POINT('',#12891);
#3078=VERTEX_POINT('',#12898);
#3079=VERTEX_POINT('',#12899);
#3080=VERTEX_POINT('',#12905);
#3081=VERTEX_POINT('',#12909);
#3082=VERTEX_POINT('',#12913);
#3083=VERTEX_POINT('',#12914);
#3084=VERTEX_POINT('',#12919);
#3085=VERTEX_POINT('',#12923);
#3086=VERTEX_POINT('',#12924);
#3087=VERTEX_POINT('',#12931);
#3088=VERTEX_POINT('',#12933);
#3089=VERTEX_POINT('',#12937);
#3090=VERTEX_POINT('',#12941);
#3091=VERTEX_POINT('',#12945);
#3092=VERTEX_POINT('',#12949);
#3093=VERTEX_POINT('',#12953);
#3094=VERTEX_POINT('',#12957);
#3095=VERTEX_POINT('',#12963);
#3096=VERTEX_POINT('',#12965);
#3097=VERTEX_POINT('',#12969);
#3098=VERTEX_POINT('',#12973);
#3099=VERTEX_POINT('',#12977);
#3100=VERTEX_POINT('',#12981);
#3101=VERTEX_POINT('',#12985);
#3102=VERTEX_POINT('',#12989);
#3103=VERTEX_POINT('',#12995);
#3104=VERTEX_POINT('',#12997);
#3105=VERTEX_POINT('',#13001);
#3106=VERTEX_POINT('',#13005);
#3107=VERTEX_POINT('',#13009);
#3108=VERTEX_POINT('',#13013);
#3109=VERTEX_POINT('',#13017);
#3110=VERTEX_POINT('',#13021);
#3111=VERTEX_POINT('',#13027);
#3112=VERTEX_POINT('',#13029);
#3113=VERTEX_POINT('',#13033);
#3114=VERTEX_POINT('',#13037);
#3115=VERTEX_POINT('',#13041);
#3116=VERTEX_POINT('',#13045);
#3117=VERTEX_POINT('',#13049);
#3118=VERTEX_POINT('',#13053);
#3119=VERTEX_POINT('',#13059);
#3120=VERTEX_POINT('',#13061);
#3121=VERTEX_POINT('',#13065);
#3122=VERTEX_POINT('',#13069);
#3123=VERTEX_POINT('',#13073);
#3124=VERTEX_POINT('',#13077);
#3125=VERTEX_POINT('',#13081);
#3126=VERTEX_POINT('',#13085);
#3127=VERTEX_POINT('',#13091);
#3128=VERTEX_POINT('',#13093);
#3129=VERTEX_POINT('',#13097);
#3130=VERTEX_POINT('',#13101);
#3131=VERTEX_POINT('',#13105);
#3132=VERTEX_POINT('',#13109);
#3133=VERTEX_POINT('',#13113);
#3134=VERTEX_POINT('',#13117);
#3135=VERTEX_POINT('',#13123);
#3136=VERTEX_POINT('',#13127);
#3137=VERTEX_POINT('',#13131);
#3138=VERTEX_POINT('',#13135);
#3139=VERTEX_POINT('',#13141);
#3140=VERTEX_POINT('',#13145);
#3141=VERTEX_POINT('',#13149);
#3142=EDGE_CURVE('',#2480,#2481,#2096,.T.);
#3143=EDGE_CURVE('',#2480,#2482,#1006,.T.);
#3144=EDGE_CURVE('',#2482,#2483,#2097,.T.);
#3145=EDGE_CURVE('',#2481,#2483,#1007,.T.);
#3146=EDGE_CURVE('',#2484,#2480,#2098,.T.);
#3147=EDGE_CURVE('',#2484,#2485,#1008,.T.);
#3148=EDGE_CURVE('',#2485,#2482,#2099,.T.);
#3149=EDGE_CURVE('',#2486,#2484,#2100,.T.);
#3150=EDGE_CURVE('',#2486,#2487,#1009,.T.);
#3151=EDGE_CURVE('',#2487,#2485,#2101,.T.);
#3152=EDGE_CURVE('',#2488,#2486,#2102,.T.);
#3153=EDGE_CURVE('',#2488,#2489,#1010,.T.);
#3154=EDGE_CURVE('',#2489,#2487,#2103,.T.);
#3155=EDGE_CURVE('',#2490,#2488,#2104,.T.);
#3156=EDGE_CURVE('',#2490,#2491,#1011,.T.);
#3157=EDGE_CURVE('',#2491,#2489,#2105,.T.);
#3158=EDGE_CURVE('',#2492,#2490,#2106,.T.);
#3159=EDGE_CURVE('',#2492,#2493,#1012,.T.);
#3160=EDGE_CURVE('',#2493,#2491,#2107,.T.);
#3161=EDGE_CURVE('',#2494,#2492,#2108,.T.);
#3162=EDGE_CURVE('',#2494,#2495,#1013,.T.);
#3163=EDGE_CURVE('',#2495,#2493,#2109,.T.);
#3164=EDGE_CURVE('',#2496,#2494,#2110,.T.);
#3165=EDGE_CURVE('',#2496,#2497,#1014,.T.);
#3166=EDGE_CURVE('',#2497,#2495,#2111,.T.);
#3167=EDGE_CURVE('',#2498,#2496,#2112,.T.);
#3168=EDGE_CURVE('',#2498,#2499,#1015,.T.);
#3169=EDGE_CURVE('',#2499,#2497,#2113,.T.);
#3170=EDGE_CURVE('',#2481,#2498,#1016,.T.);
#3171=EDGE_CURVE('',#2483,#2499,#1017,.T.);
#3172=EDGE_CURVE('',#2500,#2501,#1018,.T.);
#3173=EDGE_CURVE('',#2500,#2502,#1019,.T.);
#3174=EDGE_CURVE('',#2502,#2503,#1020,.T.);
#3175=EDGE_CURVE('',#2501,#2503,#1021,.T.);
#3176=EDGE_CURVE('',#2504,#2500,#2114,.T.);
#3177=EDGE_CURVE('',#2504,#2505,#1022,.T.);
#3178=EDGE_CURVE('',#2505,#2502,#2115,.T.);
#3179=EDGE_CURVE('',#2506,#2504,#2116,.T.);
#3180=EDGE_CURVE('',#2506,#2507,#1023,.T.);
#3181=EDGE_CURVE('',#2507,#2505,#2117,.T.);
#3182=EDGE_CURVE('',#2508,#2506,#1024,.T.);
#3183=EDGE_CURVE('',#2508,#2509,#1025,.T.);
#3184=EDGE_CURVE('',#2509,#2507,#1026,.T.);
#3185=EDGE_CURVE('',#2510,#2508,#2118,.T.);
#3186=EDGE_CURVE('',#2510,#2511,#1027,.T.);
#3187=EDGE_CURVE('',#2511,#2509,#2119,.T.);
#3188=EDGE_CURVE('',#2512,#2510,#2120,.T.);
#3189=EDGE_CURVE('',#2512,#2513,#1028,.T.);
#3190=EDGE_CURVE('',#2513,#2511,#2121,.T.);
#3191=EDGE_CURVE('',#2514,#2512,#2122,.T.);
#3192=EDGE_CURVE('',#2514,#2515,#1029,.T.);
#3193=EDGE_CURVE('',#2515,#2513,#2123,.T.);
#3194=EDGE_CURVE('',#2516,#2514,#2124,.T.);
#3195=EDGE_CURVE('',#2516,#2517,#1030,.T.);
#3196=EDGE_CURVE('',#2517,#2515,#2125,.T.);
#3197=EDGE_CURVE('',#2518,#2516,#2126,.T.);
#3198=EDGE_CURVE('',#2518,#2519,#1031,.T.);
#3199=EDGE_CURVE('',#2519,#2517,#2127,.T.);
#3200=EDGE_CURVE('',#2520,#2518,#2128,.T.);
#3201=EDGE_CURVE('',#2520,#2521,#1032,.T.);
#3202=EDGE_CURVE('',#2521,#2519,#2129,.T.);
#3203=EDGE_CURVE('',#2522,#2520,#2130,.T.);
#3204=EDGE_CURVE('',#2522,#2523,#1033,.T.);
#3205=EDGE_CURVE('',#2523,#2521,#2131,.T.);
#3206=EDGE_CURVE('',#2524,#2522,#1034,.T.);
#3207=EDGE_CURVE('',#2524,#2525,#1035,.T.);
#3208=EDGE_CURVE('',#2525,#2523,#1036,.T.);
#3209=EDGE_CURVE('',#2526,#2524,#2132,.T.);
#3210=EDGE_CURVE('',#2526,#2527,#1037,.T.);
#3211=EDGE_CURVE('',#2527,#2525,#2133,.T.);
#3212=EDGE_CURVE('',#2528,#2526,#2134,.T.);
#3213=EDGE_CURVE('',#2528,#2529,#1038,.T.);
#3214=EDGE_CURVE('',#2529,#2527,#2135,.T.);
#3215=EDGE_CURVE('',#2530,#2528,#2136,.T.);
#3216=EDGE_CURVE('',#2530,#2531,#1039,.T.);
#3217=EDGE_CURVE('',#2531,#2529,#2137,.T.);
#3218=EDGE_CURVE('',#2532,#2530,#2138,.T.);
#3219=EDGE_CURVE('',#2532,#2533,#1040,.T.);
#3220=EDGE_CURVE('',#2533,#2531,#2139,.T.);
#3221=EDGE_CURVE('',#2534,#2532,#2140,.T.);
#3222=EDGE_CURVE('',#2534,#2535,#1041,.T.);
#3223=EDGE_CURVE('',#2535,#2533,#2141,.T.);
#3224=EDGE_CURVE('',#2536,#2534,#2142,.T.);
#3225=EDGE_CURVE('',#2536,#2537,#1042,.T.);
#3226=EDGE_CURVE('',#2537,#2535,#2143,.T.);
#3227=EDGE_CURVE('',#2538,#2536,#2144,.T.);
#3228=EDGE_CURVE('',#2538,#2539,#1043,.T.);
#3229=EDGE_CURVE('',#2539,#2537,#2145,.T.);
#3230=EDGE_CURVE('',#2540,#2538,#2146,.T.);
#3231=EDGE_CURVE('',#2540,#2541,#1044,.T.);
#3232=EDGE_CURVE('',#2541,#2539,#2147,.T.);
#3233=EDGE_CURVE('',#2542,#2540,#2148,.T.);
#3234=EDGE_CURVE('',#2542,#2543,#1045,.T.);
#3235=EDGE_CURVE('',#2543,#2541,#2149,.T.);
#3236=EDGE_CURVE('',#2544,#2542,#2150,.T.);
#3237=EDGE_CURVE('',#2544,#2545,#1046,.T.);
#3238=EDGE_CURVE('',#2545,#2543,#2151,.T.);
#3239=EDGE_CURVE('',#2546,#2544,#2152,.T.);
#3240=EDGE_CURVE('',#2546,#2547,#1047,.T.);
#3241=EDGE_CURVE('',#2547,#2545,#2153,.T.);
#3242=EDGE_CURVE('',#2548,#2546,#2154,.T.);
#3243=EDGE_CURVE('',#2548,#2549,#1048,.T.);
#3244=EDGE_CURVE('',#2549,#2547,#2155,.T.);
#3245=EDGE_CURVE('',#2550,#2548,#2156,.T.);
#3246=EDGE_CURVE('',#2550,#2551,#1049,.T.);
#3247=EDGE_CURVE('',#2551,#2549,#2157,.T.);
#3248=EDGE_CURVE('',#2552,#2550,#2158,.T.);
#3249=EDGE_CURVE('',#2552,#2553,#1050,.T.);
#3250=EDGE_CURVE('',#2553,#2551,#2159,.T.);
#3251=EDGE_CURVE('',#2501,#2552,#2160,.T.);
#3252=EDGE_CURVE('',#2503,#2553,#2161,.T.);
#3253=EDGE_CURVE('',#2554,#2555,#2162,.T.);
#3254=EDGE_CURVE('',#2554,#2556,#1051,.T.);
#3255=EDGE_CURVE('',#2556,#2557,#2163,.T.);
#3256=EDGE_CURVE('',#2555,#2557,#1052,.T.);
#3257=EDGE_CURVE('',#2558,#2554,#2164,.T.);
#3258=EDGE_CURVE('',#2558,#2559,#1053,.T.);
#3259=EDGE_CURVE('',#2559,#2556,#2165,.T.);
#3260=EDGE_CURVE('',#2560,#2558,#2166,.T.);
#3261=EDGE_CURVE('',#2560,#2561,#1054,.T.);
#3262=EDGE_CURVE('',#2561,#2559,#2167,.T.);
#3263=EDGE_CURVE('',#2562,#2560,#2168,.T.);
#3264=EDGE_CURVE('',#2562,#2563,#1055,.T.);
#3265=EDGE_CURVE('',#2563,#2561,#2169,.T.);
#3266=EDGE_CURVE('',#2564,#2562,#2170,.T.);
#3267=EDGE_CURVE('',#2564,#2565,#1056,.T.);
#3268=EDGE_CURVE('',#2565,#2563,#2171,.T.);
#3269=EDGE_CURVE('',#2566,#2564,#2172,.T.);
#3270=EDGE_CURVE('',#2566,#2567,#1057,.T.);
#3271=EDGE_CURVE('',#2567,#2565,#2173,.T.);
#3272=EDGE_CURVE('',#2568,#2566,#2174,.T.);
#3273=EDGE_CURVE('',#2568,#2569,#1058,.T.);
#3274=EDGE_CURVE('',#2569,#2567,#2175,.T.);
#3275=EDGE_CURVE('',#2570,#2568,#2176,.T.);
#3276=EDGE_CURVE('',#2570,#2571,#1059,.T.);
#3277=EDGE_CURVE('',#2571,#2569,#2177,.T.);
#3278=EDGE_CURVE('',#2572,#2570,#2178,.T.);
#3279=EDGE_CURVE('',#2572,#2573,#1060,.T.);
#3280=EDGE_CURVE('',#2573,#2571,#2179,.T.);
#3281=EDGE_CURVE('',#2574,#2572,#2180,.T.);
#3282=EDGE_CURVE('',#2574,#2575,#1061,.T.);
#3283=EDGE_CURVE('',#2575,#2573,#2181,.T.);
#3284=EDGE_CURVE('',#2576,#2574,#2182,.T.);
#3285=EDGE_CURVE('',#2576,#2577,#1062,.T.);
#3286=EDGE_CURVE('',#2577,#2575,#2183,.T.);
#3287=EDGE_CURVE('',#2578,#2576,#2184,.T.);
#3288=EDGE_CURVE('',#2578,#2579,#1063,.T.);
#3289=EDGE_CURVE('',#2579,#2577,#2185,.T.);
#3290=EDGE_CURVE('',#2580,#2578,#2186,.T.);
#3291=EDGE_CURVE('',#2580,#2581,#1064,.T.);
#3292=EDGE_CURVE('',#2581,#2579,#2187,.T.);
#3293=EDGE_CURVE('',#2582,#2580,#2188,.T.);
#3294=EDGE_CURVE('',#2582,#2583,#1065,.T.);
#3295=EDGE_CURVE('',#2583,#2581,#2189,.T.);
#3296=EDGE_CURVE('',#2584,#2582,#1066,.T.);
#3297=EDGE_CURVE('',#2584,#2585,#1067,.T.);
#3298=EDGE_CURVE('',#2585,#2583,#1068,.T.);
#3299=EDGE_CURVE('',#2586,#2584,#2190,.T.);
#3300=EDGE_CURVE('',#2586,#2587,#1069,.T.);
#3301=EDGE_CURVE('',#2587,#2585,#2191,.T.);
#3302=EDGE_CURVE('',#2588,#2586,#2192,.T.);
#3303=EDGE_CURVE('',#2588,#2589,#1070,.T.);
#3304=EDGE_CURVE('',#2589,#2587,#2193,.T.);
#3305=EDGE_CURVE('',#2590,#2588,#2194,.T.);
#3306=EDGE_CURVE('',#2590,#2591,#1071,.T.);
#3307=EDGE_CURVE('',#2591,#2589,#2195,.T.);
#3308=EDGE_CURVE('',#2592,#2590,#2196,.T.);
#3309=EDGE_CURVE('',#2592,#2593,#1072,.T.);
#3310=EDGE_CURVE('',#2593,#2591,#2197,.T.);
#3311=EDGE_CURVE('',#2594,#2592,#2198,.T.);
#3312=EDGE_CURVE('',#2594,#2595,#1073,.T.);
#3313=EDGE_CURVE('',#2595,#2593,#2199,.T.);
#3314=EDGE_CURVE('',#2596,#2594,#2200,.T.);
#3315=EDGE_CURVE('',#2596,#2597,#1074,.T.);
#3316=EDGE_CURVE('',#2597,#2595,#2201,.T.);
#3317=EDGE_CURVE('',#2598,#2596,#2202,.T.);
#3318=EDGE_CURVE('',#2598,#2599,#1075,.T.);
#3319=EDGE_CURVE('',#2599,#2597,#2203,.T.);
#3320=EDGE_CURVE('',#2600,#2598,#2204,.T.);
#3321=EDGE_CURVE('',#2600,#2601,#1076,.T.);
#3322=EDGE_CURVE('',#2601,#2599,#2205,.T.);
#3323=EDGE_CURVE('',#2602,#2600,#2206,.T.);
#3324=EDGE_CURVE('',#2602,#2603,#1077,.T.);
#3325=EDGE_CURVE('',#2603,#2601,#2207,.T.);
#3326=EDGE_CURVE('',#2604,#2602,#2208,.T.);
#3327=EDGE_CURVE('',#2604,#2605,#1078,.T.);
#3328=EDGE_CURVE('',#2605,#2603,#2209,.T.);
#3329=EDGE_CURVE('',#2606,#2604,#2210,.T.);
#3330=EDGE_CURVE('',#2606,#2607,#1079,.T.);
#3331=EDGE_CURVE('',#2607,#2605,#2211,.T.);
#3332=EDGE_CURVE('',#2608,#2606,#2212,.T.);
#3333=EDGE_CURVE('',#2608,#2609,#1080,.T.);
#3334=EDGE_CURVE('',#2609,#2607,#2213,.T.);
#3335=EDGE_CURVE('',#2610,#2608,#2214,.T.);
#3336=EDGE_CURVE('',#2610,#2611,#1081,.T.);
#3337=EDGE_CURVE('',#2611,#2609,#2215,.T.);
#3338=EDGE_CURVE('',#2612,#2610,#2216,.T.);
#3339=EDGE_CURVE('',#2612,#2613,#1082,.T.);
#3340=EDGE_CURVE('',#2613,#2611,#2217,.T.);
#3341=EDGE_CURVE('',#2614,#2612,#2218,.T.);
#3342=EDGE_CURVE('',#2614,#2615,#1083,.T.);
#3343=EDGE_CURVE('',#2615,#2613,#2219,.T.);
#3344=EDGE_CURVE('',#2616,#2614,#2220,.T.);
#3345=EDGE_CURVE('',#2616,#2617,#1084,.T.);
#3346=EDGE_CURVE('',#2617,#2615,#2221,.T.);
#3347=EDGE_CURVE('',#2618,#2616,#1085,.T.);
#3348=EDGE_CURVE('',#2618,#2619,#1086,.T.);
#3349=EDGE_CURVE('',#2619,#2617,#1087,.T.);
#3350=EDGE_CURVE('',#2555,#2618,#2222,.T.);
#3351=EDGE_CURVE('',#2557,#2619,#2223,.T.);
#3352=EDGE_CURVE('',#2620,#2621,#2224,.T.);
#3353=EDGE_CURVE('',#2620,#2622,#1088,.T.);
#3354=EDGE_CURVE('',#2622,#2623,#2225,.T.);
#3355=EDGE_CURVE('',#2621,#2623,#1089,.T.);
#3356=EDGE_CURVE('',#2624,#2620,#2226,.T.);
#3357=EDGE_CURVE('',#2624,#2625,#1090,.T.);
#3358=EDGE_CURVE('',#2625,#2622,#2227,.T.);
#3359=EDGE_CURVE('',#2626,#2624,#2228,.T.);
#3360=EDGE_CURVE('',#2626,#2627,#1091,.T.);
#3361=EDGE_CURVE('',#2627,#2625,#2229,.T.);
#3362=EDGE_CURVE('',#2628,#2626,#2230,.T.);
#3363=EDGE_CURVE('',#2628,#2629,#1092,.T.);
#3364=EDGE_CURVE('',#2629,#2627,#2231,.T.);
#3365=EDGE_CURVE('',#2630,#2628,#2232,.T.);
#3366=EDGE_CURVE('',#2630,#2631,#1093,.T.);
#3367=EDGE_CURVE('',#2631,#2629,#2233,.T.);
#3368=EDGE_CURVE('',#2632,#2630,#2234,.T.);
#3369=EDGE_CURVE('',#2632,#2633,#1094,.T.);
#3370=EDGE_CURVE('',#2633,#2631,#2235,.T.);
#3371=EDGE_CURVE('',#2634,#2632,#2236,.T.);
#3372=EDGE_CURVE('',#2634,#2635,#1095,.T.);
#3373=EDGE_CURVE('',#2635,#2633,#2237,.T.);
#3374=EDGE_CURVE('',#2621,#2634,#2238,.T.);
#3375=EDGE_CURVE('',#2623,#2635,#2239,.T.);
#3376=EDGE_CURVE('',#2636,#2637,#1096,.T.);
#3377=EDGE_CURVE('',#2636,#2638,#1097,.T.);
#3378=EDGE_CURVE('',#2638,#2639,#1098,.T.);
#3379=EDGE_CURVE('',#2637,#2639,#1099,.T.);
#3380=EDGE_CURVE('',#2640,#2636,#1100,.T.);
#3381=EDGE_CURVE('',#2640,#2641,#1101,.T.);
#3382=EDGE_CURVE('',#2641,#2638,#1102,.T.);
#3383=EDGE_CURVE('',#2642,#2640,#1103,.T.);
#3384=EDGE_CURVE('',#2642,#2643,#1104,.T.);
#3385=EDGE_CURVE('',#2643,#2641,#1105,.T.);
#3386=EDGE_CURVE('',#2644,#2642,#2240,.T.);
#3387=EDGE_CURVE('',#2644,#2645,#1106,.T.);
#3388=EDGE_CURVE('',#2645,#2643,#2241,.T.);
#3389=EDGE_CURVE('',#2646,#2644,#2242,.T.);
#3390=EDGE_CURVE('',#2646,#2647,#1107,.T.);
#3391=EDGE_CURVE('',#2647,#2645,#2243,.T.);
#3392=EDGE_CURVE('',#2648,#2646,#2244,.T.);
#3393=EDGE_CURVE('',#2648,#2649,#1108,.T.);
#3394=EDGE_CURVE('',#2649,#2647,#2245,.T.);
#3395=EDGE_CURVE('',#2650,#2648,#2246,.T.);
#3396=EDGE_CURVE('',#2650,#2651,#1109,.T.);
#3397=EDGE_CURVE('',#2651,#2649,#2247,.T.);
#3398=EDGE_CURVE('',#2652,#2650,#2248,.T.);
#3399=EDGE_CURVE('',#2652,#2653,#1110,.T.);
#3400=EDGE_CURVE('',#2653,#2651,#2249,.T.);
#3401=EDGE_CURVE('',#2654,#2652,#2250,.T.);
#3402=EDGE_CURVE('',#2654,#2655,#1111,.T.);
#3403=EDGE_CURVE('',#2655,#2653,#2251,.T.);
#3404=EDGE_CURVE('',#2656,#2654,#2252,.T.);
#3405=EDGE_CURVE('',#2656,#2657,#1112,.T.);
#3406=EDGE_CURVE('',#2657,#2655,#2253,.T.);
#3407=EDGE_CURVE('',#2658,#2656,#2254,.T.);
#3408=EDGE_CURVE('',#2658,#2659,#1113,.T.);
#3409=EDGE_CURVE('',#2659,#2657,#2255,.T.);
#3410=EDGE_CURVE('',#2660,#2658,#2256,.T.);
#3411=EDGE_CURVE('',#2660,#2661,#1114,.T.);
#3412=EDGE_CURVE('',#2661,#2659,#2257,.T.);
#3413=EDGE_CURVE('',#2662,#2660,#1115,.T.);
#3414=EDGE_CURVE('',#2662,#2663,#1116,.T.);
#3415=EDGE_CURVE('',#2663,#2661,#1117,.T.);
#3416=EDGE_CURVE('',#2637,#2662,#1118,.T.);
#3417=EDGE_CURVE('',#2639,#2663,#1119,.T.);
#3418=EDGE_CURVE('',#2664,#2665,#2258,.T.);
#3419=EDGE_CURVE('',#2664,#2666,#1120,.T.);
#3420=EDGE_CURVE('',#2666,#2667,#2259,.T.);
#3421=EDGE_CURVE('',#2665,#2667,#1121,.T.);
#3422=EDGE_CURVE('',#2668,#2664,#2260,.T.);
#3423=EDGE_CURVE('',#2668,#2669,#1122,.T.);
#3424=EDGE_CURVE('',#2669,#2666,#2261,.T.);
#3425=EDGE_CURVE('',#2670,#2668,#2262,.T.);
#3426=EDGE_CURVE('',#2670,#2671,#1123,.T.);
#3427=EDGE_CURVE('',#2671,#2669,#2263,.T.);
#3428=EDGE_CURVE('',#2672,#2670,#2264,.T.);
#3429=EDGE_CURVE('',#2672,#2673,#1124,.T.);
#3430=EDGE_CURVE('',#2673,#2671,#2265,.T.);
#3431=EDGE_CURVE('',#2674,#2672,#2266,.T.);
#3432=EDGE_CURVE('',#2674,#2675,#1125,.T.);
#3433=EDGE_CURVE('',#2675,#2673,#2267,.T.);
#3434=EDGE_CURVE('',#2676,#2674,#2268,.T.);
#3435=EDGE_CURVE('',#2676,#2677,#1126,.T.);
#3436=EDGE_CURVE('',#2677,#2675,#2269,.T.);
#3437=EDGE_CURVE('',#2678,#2676,#2270,.T.);
#3438=EDGE_CURVE('',#2678,#2679,#1127,.T.);
#3439=EDGE_CURVE('',#2679,#2677,#2271,.T.);
#3440=EDGE_CURVE('',#2680,#2678,#1128,.T.);
#3441=EDGE_CURVE('',#2680,#2681,#1129,.T.);
#3442=EDGE_CURVE('',#2681,#2679,#1130,.T.);
#3443=EDGE_CURVE('',#2682,#2680,#2272,.T.);
#3444=EDGE_CURVE('',#2682,#2683,#1131,.T.);
#3445=EDGE_CURVE('',#2683,#2681,#2273,.T.);
#3446=EDGE_CURVE('',#2684,#2682,#2274,.T.);
#3447=EDGE_CURVE('',#2684,#2685,#1132,.T.);
#3448=EDGE_CURVE('',#2685,#2683,#2275,.T.);
#3449=EDGE_CURVE('',#2686,#2684,#2276,.T.);
#3450=EDGE_CURVE('',#2686,#2687,#1133,.T.);
#3451=EDGE_CURVE('',#2687,#2685,#2277,.T.);
#3452=EDGE_CURVE('',#2688,#2686,#2278,.T.);
#3453=EDGE_CURVE('',#2688,#2689,#1134,.T.);
#3454=EDGE_CURVE('',#2689,#2687,#2279,.T.);
#3455=EDGE_CURVE('',#2690,#2688,#2280,.T.);
#3456=EDGE_CURVE('',#2690,#2691,#1135,.T.);
#3457=EDGE_CURVE('',#2691,#2689,#2281,.T.);
#3458=EDGE_CURVE('',#2692,#2690,#2282,.T.);
#3459=EDGE_CURVE('',#2692,#2693,#1136,.T.);
#3460=EDGE_CURVE('',#2693,#2691,#2283,.T.);
#3461=EDGE_CURVE('',#2694,#2692,#2284,.T.);
#3462=EDGE_CURVE('',#2694,#2695,#1137,.T.);
#3463=EDGE_CURVE('',#2695,#2693,#2285,.T.);
#3464=EDGE_CURVE('',#2696,#2694,#2286,.T.);
#3465=EDGE_CURVE('',#2696,#2697,#1138,.T.);
#3466=EDGE_CURVE('',#2697,#2695,#2287,.T.);
#3467=EDGE_CURVE('',#2698,#2696,#2288,.T.);
#3468=EDGE_CURVE('',#2698,#2699,#1139,.T.);
#3469=EDGE_CURVE('',#2699,#2697,#2289,.T.);
#3470=EDGE_CURVE('',#2700,#2698,#1140,.T.);
#3471=EDGE_CURVE('',#2700,#2701,#1141,.T.);
#3472=EDGE_CURVE('',#2701,#2699,#1142,.T.);
#3473=EDGE_CURVE('',#2665,#2700,#2290,.T.);
#3474=EDGE_CURVE('',#2667,#2701,#2291,.T.);
#3475=EDGE_CURVE('',#2702,#2703,#2292,.T.);
#3476=EDGE_CURVE('',#2702,#2704,#1143,.T.);
#3477=EDGE_CURVE('',#2704,#2705,#2293,.T.);
#3478=EDGE_CURVE('',#2703,#2705,#1144,.T.);
#3479=EDGE_CURVE('',#2706,#2702,#2294,.T.);
#3480=EDGE_CURVE('',#2706,#2707,#1145,.T.);
#3481=EDGE_CURVE('',#2707,#2704,#2295,.T.);
#3482=EDGE_CURVE('',#2708,#2706,#2296,.T.);
#3483=EDGE_CURVE('',#2708,#2709,#1146,.T.);
#3484=EDGE_CURVE('',#2709,#2707,#2297,.T.);
#3485=EDGE_CURVE('',#2710,#2708,#2298,.T.);
#3486=EDGE_CURVE('',#2710,#2711,#1147,.T.);
#3487=EDGE_CURVE('',#2711,#2709,#2299,.T.);
#3488=EDGE_CURVE('',#2712,#2710,#2300,.T.);
#3489=EDGE_CURVE('',#2712,#2713,#1148,.T.);
#3490=EDGE_CURVE('',#2713,#2711,#2301,.T.);
#3491=EDGE_CURVE('',#2714,#2712,#2302,.T.);
#3492=EDGE_CURVE('',#2714,#2715,#1149,.T.);
#3493=EDGE_CURVE('',#2715,#2713,#2303,.T.);
#3494=EDGE_CURVE('',#2716,#2714,#2304,.T.);
#3495=EDGE_CURVE('',#2716,#2717,#1150,.T.);
#3496=EDGE_CURVE('',#2717,#2715,#2305,.T.);
#3497=EDGE_CURVE('',#2703,#2716,#2306,.T.);
#3498=EDGE_CURVE('',#2705,#2717,#2307,.T.);
#3499=EDGE_CURVE('',#2718,#2719,#1151,.T.);
#3500=EDGE_CURVE('',#2718,#2720,#1152,.T.);
#3501=EDGE_CURVE('',#2720,#2721,#1153,.T.);
#3502=EDGE_CURVE('',#2719,#2721,#1154,.T.);
#3503=EDGE_CURVE('',#2722,#2718,#2308,.T.);
#3504=EDGE_CURVE('',#2722,#2723,#1155,.T.);
#3505=EDGE_CURVE('',#2723,#2720,#2309,.T.);
#3506=EDGE_CURVE('',#2724,#2722,#2310,.T.);
#3507=EDGE_CURVE('',#2724,#2725,#1156,.T.);
#3508=EDGE_CURVE('',#2725,#2723,#2311,.T.);
#3509=EDGE_CURVE('',#2726,#2724,#2312,.T.);
#3510=EDGE_CURVE('',#2726,#2727,#1157,.T.);
#3511=EDGE_CURVE('',#2727,#2725,#2313,.T.);
#3512=EDGE_CURVE('',#2728,#2726,#2314,.T.);
#3513=EDGE_CURVE('',#2728,#2729,#1158,.T.);
#3514=EDGE_CURVE('',#2729,#2727,#2315,.T.);
#3515=EDGE_CURVE('',#2730,#2728,#2316,.T.);
#3516=EDGE_CURVE('',#2730,#2731,#1159,.T.);
#3517=EDGE_CURVE('',#2731,#2729,#2317,.T.);
#3518=EDGE_CURVE('',#2732,#2730,#2318,.T.);
#3519=EDGE_CURVE('',#2732,#2733,#1160,.T.);
#3520=EDGE_CURVE('',#2733,#2731,#2319,.T.);
#3521=EDGE_CURVE('',#2734,#2732,#2320,.T.);
#3522=EDGE_CURVE('',#2734,#2735,#1161,.T.);
#3523=EDGE_CURVE('',#2735,#2733,#2321,.T.);
#3524=EDGE_CURVE('',#2736,#2734,#2322,.T.);
#3525=EDGE_CURVE('',#2736,#2737,#1162,.T.);
#3526=EDGE_CURVE('',#2737,#2735,#2323,.T.);
#3527=EDGE_CURVE('',#2738,#2736,#2324,.T.);
#3528=EDGE_CURVE('',#2738,#2739,#1163,.T.);
#3529=EDGE_CURVE('',#2739,#2737,#2325,.T.);
#3530=EDGE_CURVE('',#2740,#2738,#2326,.T.);
#3531=EDGE_CURVE('',#2740,#2741,#1164,.T.);
#3532=EDGE_CURVE('',#2741,#2739,#2327,.T.);
#3533=EDGE_CURVE('',#2742,#2740,#1165,.T.);
#3534=EDGE_CURVE('',#2742,#2743,#1166,.T.);
#3535=EDGE_CURVE('',#2743,#2741,#1167,.T.);
#3536=EDGE_CURVE('',#2744,#2742,#1168,.T.);
#3537=EDGE_CURVE('',#2744,#2745,#1169,.T.);
#3538=EDGE_CURVE('',#2745,#2743,#1170,.T.);
#3539=EDGE_CURVE('',#2746,#2744,#1171,.T.);
#3540=EDGE_CURVE('',#2746,#2747,#1172,.T.);
#3541=EDGE_CURVE('',#2747,#2745,#1173,.T.);
#3542=EDGE_CURVE('',#2719,#2746,#1174,.T.);
#3543=EDGE_CURVE('',#2721,#2747,#1175,.T.);
#3544=EDGE_CURVE('',#2748,#2749,#2328,.T.);
#3545=EDGE_CURVE('',#2748,#2750,#1176,.T.);
#3546=EDGE_CURVE('',#2750,#2751,#2329,.T.);
#3547=EDGE_CURVE('',#2749,#2751,#1177,.T.);
#3548=EDGE_CURVE('',#2752,#2748,#2330,.T.);
#3549=EDGE_CURVE('',#2752,#2753,#1178,.T.);
#3550=EDGE_CURVE('',#2753,#2750,#2331,.T.);
#3551=EDGE_CURVE('',#2754,#2752,#2332,.T.);
#3552=EDGE_CURVE('',#2754,#2755,#1179,.T.);
#3553=EDGE_CURVE('',#2755,#2753,#2333,.T.);
#3554=EDGE_CURVE('',#2756,#2754,#2334,.T.);
#3555=EDGE_CURVE('',#2756,#2757,#1180,.T.);
#3556=EDGE_CURVE('',#2757,#2755,#2335,.T.);
#3557=EDGE_CURVE('',#2758,#2756,#2336,.T.);
#3558=EDGE_CURVE('',#2758,#2759,#1181,.T.);
#3559=EDGE_CURVE('',#2759,#2757,#2337,.T.);
#3560=EDGE_CURVE('',#2760,#2758,#2338,.T.);
#3561=EDGE_CURVE('',#2760,#2761,#1182,.T.);
#3562=EDGE_CURVE('',#2761,#2759,#2339,.T.);
#3563=EDGE_CURVE('',#2762,#2760,#2340,.T.);
#3564=EDGE_CURVE('',#2762,#2763,#1183,.T.);
#3565=EDGE_CURVE('',#2763,#2761,#2341,.T.);
#3566=EDGE_CURVE('',#2764,#2762,#2342,.T.);
#3567=EDGE_CURVE('',#2764,#2765,#1184,.T.);
#3568=EDGE_CURVE('',#2765,#2763,#2343,.T.);
#3569=EDGE_CURVE('',#2766,#2764,#2344,.T.);
#3570=EDGE_CURVE('',#2766,#2767,#1185,.T.);
#3571=EDGE_CURVE('',#2767,#2765,#2345,.T.);
#3572=EDGE_CURVE('',#2749,#2766,#1186,.T.);
#3573=EDGE_CURVE('',#2751,#2767,#1187,.T.);
#3574=EDGE_CURVE('',#2768,#2769,#1188,.T.);
#3575=EDGE_CURVE('',#2768,#2770,#1189,.T.);
#3576=EDGE_CURVE('',#2770,#2771,#1190,.T.);
#3577=EDGE_CURVE('',#2769,#2771,#1191,.T.);
#3578=EDGE_CURVE('',#2772,#2768,#2346,.T.);
#3579=EDGE_CURVE('',#2772,#2773,#1192,.T.);
#3580=EDGE_CURVE('',#2773,#2770,#2347,.T.);
#3581=EDGE_CURVE('',#2774,#2772,#2348,.T.);
#3582=EDGE_CURVE('',#2774,#2775,#1193,.T.);
#3583=EDGE_CURVE('',#2775,#2773,#2349,.T.);
#3584=EDGE_CURVE('',#2776,#2774,#1194,.T.);
#3585=EDGE_CURVE('',#2776,#2777,#1195,.T.);
#3586=EDGE_CURVE('',#2777,#2775,#1196,.T.);
#3587=EDGE_CURVE('',#2778,#2776,#2350,.T.);
#3588=EDGE_CURVE('',#2778,#2779,#1197,.T.);
#3589=EDGE_CURVE('',#2779,#2777,#2351,.T.);
#3590=EDGE_CURVE('',#2780,#2778,#2352,.T.);
#3591=EDGE_CURVE('',#2780,#2781,#1198,.T.);
#3592=EDGE_CURVE('',#2781,#2779,#2353,.T.);
#3593=EDGE_CURVE('',#2782,#2780,#2354,.T.);
#3594=EDGE_CURVE('',#2782,#2783,#1199,.T.);
#3595=EDGE_CURVE('',#2783,#2781,#2355,.T.);
#3596=EDGE_CURVE('',#2784,#2782,#2356,.T.);
#3597=EDGE_CURVE('',#2784,#2785,#1200,.T.);
#3598=EDGE_CURVE('',#2785,#2783,#2357,.T.);
#3599=EDGE_CURVE('',#2786,#2784,#2358,.T.);
#3600=EDGE_CURVE('',#2786,#2787,#1201,.T.);
#3601=EDGE_CURVE('',#2787,#2785,#2359,.T.);
#3602=EDGE_CURVE('',#2788,#2786,#2360,.T.);
#3603=EDGE_CURVE('',#2788,#2789,#1202,.T.);
#3604=EDGE_CURVE('',#2789,#2787,#2361,.T.);
#3605=EDGE_CURVE('',#2790,#2788,#2362,.T.);
#3606=EDGE_CURVE('',#2790,#2791,#1203,.T.);
#3607=EDGE_CURVE('',#2791,#2789,#2363,.T.);
#3608=EDGE_CURVE('',#2792,#2790,#1204,.T.);
#3609=EDGE_CURVE('',#2792,#2793,#1205,.T.);
#3610=EDGE_CURVE('',#2793,#2791,#1206,.T.);
#3611=EDGE_CURVE('',#2794,#2792,#2364,.T.);
#3612=EDGE_CURVE('',#2794,#2795,#1207,.T.);
#3613=EDGE_CURVE('',#2795,#2793,#2365,.T.);
#3614=EDGE_CURVE('',#2796,#2794,#2366,.T.);
#3615=EDGE_CURVE('',#2796,#2797,#1208,.T.);
#3616=EDGE_CURVE('',#2797,#2795,#2367,.T.);
#3617=EDGE_CURVE('',#2798,#2796,#2368,.T.);
#3618=EDGE_CURVE('',#2798,#2799,#1209,.T.);
#3619=EDGE_CURVE('',#2799,#2797,#2369,.T.);
#3620=EDGE_CURVE('',#2800,#2798,#2370,.T.);
#3621=EDGE_CURVE('',#2800,#2801,#1210,.T.);
#3622=EDGE_CURVE('',#2801,#2799,#2371,.T.);
#3623=EDGE_CURVE('',#2802,#2800,#2372,.T.);
#3624=EDGE_CURVE('',#2802,#2803,#1211,.T.);
#3625=EDGE_CURVE('',#2803,#2801,#2373,.T.);
#3626=EDGE_CURVE('',#2804,#2802,#2374,.T.);
#3627=EDGE_CURVE('',#2804,#2805,#1212,.T.);
#3628=EDGE_CURVE('',#2805,#2803,#2375,.T.);
#3629=EDGE_CURVE('',#2806,#2804,#2376,.T.);
#3630=EDGE_CURVE('',#2806,#2807,#1213,.T.);
#3631=EDGE_CURVE('',#2807,#2805,#2377,.T.);
#3632=EDGE_CURVE('',#2808,#2806,#2378,.T.);
#3633=EDGE_CURVE('',#2808,#2809,#1214,.T.);
#3634=EDGE_CURVE('',#2809,#2807,#2379,.T.);
#3635=EDGE_CURVE('',#2810,#2808,#2380,.T.);
#3636=EDGE_CURVE('',#2810,#2811,#1215,.T.);
#3637=EDGE_CURVE('',#2811,#2809,#2381,.T.);
#3638=EDGE_CURVE('',#2812,#2810,#2382,.T.);
#3639=EDGE_CURVE('',#2812,#2813,#1216,.T.);
#3640=EDGE_CURVE('',#2813,#2811,#2383,.T.);
#3641=EDGE_CURVE('',#2814,#2812,#2384,.T.);
#3642=EDGE_CURVE('',#2814,#2815,#1217,.T.);
#3643=EDGE_CURVE('',#2815,#2813,#2385,.T.);
#3644=EDGE_CURVE('',#2816,#2814,#2386,.T.);
#3645=EDGE_CURVE('',#2816,#2817,#1218,.T.);
#3646=EDGE_CURVE('',#2817,#2815,#2387,.T.);
#3647=EDGE_CURVE('',#2818,#2816,#2388,.T.);
#3648=EDGE_CURVE('',#2818,#2819,#1219,.T.);
#3649=EDGE_CURVE('',#2819,#2817,#2389,.T.);
#3650=EDGE_CURVE('',#2820,#2818,#2390,.T.);
#3651=EDGE_CURVE('',#2820,#2821,#1220,.T.);
#3652=EDGE_CURVE('',#2821,#2819,#2391,.T.);
#3653=EDGE_CURVE('',#2769,#2820,#2392,.T.);
#3654=EDGE_CURVE('',#2771,#2821,#2393,.T.);
#3655=EDGE_CURVE('',#2822,#2823,#1221,.T.);
#3656=EDGE_CURVE('',#2822,#2824,#1222,.T.);
#3657=EDGE_CURVE('',#2824,#2825,#1223,.T.);
#3658=EDGE_CURVE('',#2823,#2825,#1224,.T.);
#3659=EDGE_CURVE('',#2826,#2822,#1225,.T.);
#3660=EDGE_CURVE('',#2826,#2827,#1226,.T.);
#3661=EDGE_CURVE('',#2827,#2824,#1227,.T.);
#3662=EDGE_CURVE('',#2828,#2826,#1228,.T.);
#3663=EDGE_CURVE('',#2828,#2829,#1229,.T.);
#3664=EDGE_CURVE('',#2829,#2827,#1230,.T.);
#3665=EDGE_CURVE('',#2830,#2828,#1231,.T.);
#3666=EDGE_CURVE('',#2830,#2831,#1232,.T.);
#3667=EDGE_CURVE('',#2831,#2829,#1233,.T.);
#3668=EDGE_CURVE('',#2832,#2830,#1234,.T.);
#3669=EDGE_CURVE('',#2832,#2833,#1235,.T.);
#3670=EDGE_CURVE('',#2833,#2831,#1236,.T.);
#3671=EDGE_CURVE('',#2834,#2832,#1237,.T.);
#3672=EDGE_CURVE('',#2834,#2835,#1238,.T.);
#3673=EDGE_CURVE('',#2835,#2833,#1239,.T.);
#3674=EDGE_CURVE('',#2836,#2834,#1240,.T.);
#3675=EDGE_CURVE('',#2836,#2837,#1241,.T.);
#3676=EDGE_CURVE('',#2837,#2835,#1242,.T.);
#3677=EDGE_CURVE('',#2838,#2836,#1243,.T.);
#3678=EDGE_CURVE('',#2838,#2839,#1244,.T.);
#3679=EDGE_CURVE('',#2839,#2837,#1245,.T.);
#3680=EDGE_CURVE('',#2840,#2838,#1246,.T.);
#3681=EDGE_CURVE('',#2840,#2841,#1247,.T.);
#3682=EDGE_CURVE('',#2841,#2839,#1248,.T.);
#3683=EDGE_CURVE('',#2842,#2840,#1249,.T.);
#3684=EDGE_CURVE('',#2842,#2843,#1250,.T.);
#3685=EDGE_CURVE('',#2843,#2841,#1251,.T.);
#3686=EDGE_CURVE('',#2844,#2842,#1252,.T.);
#3687=EDGE_CURVE('',#2844,#2845,#1253,.T.);
#3688=EDGE_CURVE('',#2845,#2843,#1254,.T.);
#3689=EDGE_CURVE('',#2823,#2844,#1255,.T.);
#3690=EDGE_CURVE('',#2825,#2845,#1256,.T.);
#3691=EDGE_CURVE('',#2846,#2847,#2394,.T.);
#3692=EDGE_CURVE('',#2846,#2848,#1257,.T.);
#3693=EDGE_CURVE('',#2848,#2849,#2395,.T.);
#3694=EDGE_CURVE('',#2847,#2849,#1258,.T.);
#3695=EDGE_CURVE('',#2850,#2846,#2396,.T.);
#3696=EDGE_CURVE('',#2850,#2851,#1259,.T.);
#3697=EDGE_CURVE('',#2851,#2848,#2397,.T.);
#3698=EDGE_CURVE('',#2852,#2850,#2398,.T.);
#3699=EDGE_CURVE('',#2852,#2853,#1260,.T.);
#3700=EDGE_CURVE('',#2853,#2851,#2399,.T.);
#3701=EDGE_CURVE('',#2854,#2852,#2400,.T.);
#3702=EDGE_CURVE('',#2854,#2855,#1261,.T.);
#3703=EDGE_CURVE('',#2855,#2853,#2401,.T.);
#3704=EDGE_CURVE('',#2856,#2854,#2402,.T.);
#3705=EDGE_CURVE('',#2856,#2857,#1262,.T.);
#3706=EDGE_CURVE('',#2857,#2855,#2403,.T.);
#3707=EDGE_CURVE('',#2858,#2856,#2404,.T.);
#3708=EDGE_CURVE('',#2858,#2859,#1263,.T.);
#3709=EDGE_CURVE('',#2859,#2857,#2405,.T.);
#3710=EDGE_CURVE('',#2860,#2858,#2406,.T.);
#3711=EDGE_CURVE('',#2860,#2861,#1264,.T.);
#3712=EDGE_CURVE('',#2861,#2859,#2407,.T.);
#3713=EDGE_CURVE('',#2862,#2860,#2408,.T.);
#3714=EDGE_CURVE('',#2862,#2863,#1265,.T.);
#3715=EDGE_CURVE('',#2863,#2861,#2409,.T.);
#3716=EDGE_CURVE('',#2864,#2862,#2410,.T.);
#3717=EDGE_CURVE('',#2864,#2865,#1266,.T.);
#3718=EDGE_CURVE('',#2865,#2863,#2411,.T.);
#3719=EDGE_CURVE('',#2847,#2864,#1267,.T.);
#3720=EDGE_CURVE('',#2849,#2865,#1268,.T.);
#3721=EDGE_CURVE('',#2866,#2867,#1269,.T.);
#3722=EDGE_CURVE('',#2866,#2868,#1270,.T.);
#3723=EDGE_CURVE('',#2868,#2869,#1271,.T.);
#3724=EDGE_CURVE('',#2867,#2869,#1272,.T.);
#3725=EDGE_CURVE('',#2870,#2866,#2412,.T.);
#3726=EDGE_CURVE('',#2870,#2871,#1273,.T.);
#3727=EDGE_CURVE('',#2871,#2868,#2413,.T.);
#3728=EDGE_CURVE('',#2872,#2870,#2414,.T.);
#3729=EDGE_CURVE('',#2872,#2873,#1274,.T.);
#3730=EDGE_CURVE('',#2873,#2871,#2415,.T.);
#3731=EDGE_CURVE('',#2874,#2872,#1275,.T.);
#3732=EDGE_CURVE('',#2874,#2875,#1276,.T.);
#3733=EDGE_CURVE('',#2875,#2873,#1277,.T.);
#3734=EDGE_CURVE('',#2876,#2874,#2416,.T.);
#3735=EDGE_CURVE('',#2876,#2877,#1278,.T.);
#3736=EDGE_CURVE('',#2877,#2875,#2417,.T.);
#3737=EDGE_CURVE('',#2878,#2876,#2418,.T.);
#3738=EDGE_CURVE('',#2878,#2879,#1279,.T.);
#3739=EDGE_CURVE('',#2879,#2877,#2419,.T.);
#3740=EDGE_CURVE('',#2880,#2878,#2420,.T.);
#3741=EDGE_CURVE('',#2880,#2881,#1280,.T.);
#3742=EDGE_CURVE('',#2881,#2879,#2421,.T.);
#3743=EDGE_CURVE('',#2882,#2880,#2422,.T.);
#3744=EDGE_CURVE('',#2882,#2883,#1281,.T.);
#3745=EDGE_CURVE('',#2883,#2881,#2423,.T.);
#3746=EDGE_CURVE('',#2884,#2882,#2424,.T.);
#3747=EDGE_CURVE('',#2884,#2885,#1282,.T.);
#3748=EDGE_CURVE('',#2885,#2883,#2425,.T.);
#3749=EDGE_CURVE('',#2886,#2884,#2426,.T.);
#3750=EDGE_CURVE('',#2886,#2887,#1283,.T.);
#3751=EDGE_CURVE('',#2887,#2885,#2427,.T.);
#3752=EDGE_CURVE('',#2888,#2886,#2428,.T.);
#3753=EDGE_CURVE('',#2888,#2889,#1284,.T.);
#3754=EDGE_CURVE('',#2889,#2887,#2429,.T.);
#3755=EDGE_CURVE('',#2890,#2888,#1285,.T.);
#3756=EDGE_CURVE('',#2890,#2891,#1286,.T.);
#3757=EDGE_CURVE('',#2891,#2889,#1287,.T.);
#3758=EDGE_CURVE('',#2892,#2890,#2430,.T.);
#3759=EDGE_CURVE('',#2892,#2893,#1288,.T.);
#3760=EDGE_CURVE('',#2893,#2891,#2431,.T.);
#3761=EDGE_CURVE('',#2894,#2892,#2432,.T.);
#3762=EDGE_CURVE('',#2894,#2895,#1289,.T.);
#3763=EDGE_CURVE('',#2895,#2893,#2433,.T.);
#3764=EDGE_CURVE('',#2896,#2894,#2434,.T.);
#3765=EDGE_CURVE('',#2896,#2897,#1290,.T.);
#3766=EDGE_CURVE('',#2897,#2895,#2435,.T.);
#3767=EDGE_CURVE('',#2898,#2896,#2436,.T.);
#3768=EDGE_CURVE('',#2898,#2899,#1291,.T.);
#3769=EDGE_CURVE('',#2899,#2897,#2437,.T.);
#3770=EDGE_CURVE('',#2900,#2898,#2438,.T.);
#3771=EDGE_CURVE('',#2900,#2901,#1292,.T.);
#3772=EDGE_CURVE('',#2901,#2899,#2439,.T.);
#3773=EDGE_CURVE('',#2902,#2900,#2440,.T.);
#3774=EDGE_CURVE('',#2902,#2903,#1293,.T.);
#3775=EDGE_CURVE('',#2903,#2901,#2441,.T.);
#3776=EDGE_CURVE('',#2904,#2902,#2442,.T.);
#3777=EDGE_CURVE('',#2904,#2905,#1294,.T.);
#3778=EDGE_CURVE('',#2905,#2903,#2443,.T.);
#3779=EDGE_CURVE('',#2906,#2904,#2444,.T.);
#3780=EDGE_CURVE('',#2906,#2907,#1295,.T.);
#3781=EDGE_CURVE('',#2907,#2905,#2445,.T.);
#3782=EDGE_CURVE('',#2908,#2906,#2446,.T.);
#3783=EDGE_CURVE('',#2908,#2909,#1296,.T.);
#3784=EDGE_CURVE('',#2909,#2907,#2447,.T.);
#3785=EDGE_CURVE('',#2910,#2908,#2448,.T.);
#3786=EDGE_CURVE('',#2910,#2911,#1297,.T.);
#3787=EDGE_CURVE('',#2911,#2909,#2449,.T.);
#3788=EDGE_CURVE('',#2912,#2910,#2450,.T.);
#3789=EDGE_CURVE('',#2912,#2913,#1298,.T.);
#3790=EDGE_CURVE('',#2913,#2911,#2451,.T.);
#3791=EDGE_CURVE('',#2914,#2912,#2452,.T.);
#3792=EDGE_CURVE('',#2914,#2915,#1299,.T.);
#3793=EDGE_CURVE('',#2915,#2913,#2453,.T.);
#3794=EDGE_CURVE('',#2916,#2914,#2454,.T.);
#3795=EDGE_CURVE('',#2916,#2917,#1300,.T.);
#3796=EDGE_CURVE('',#2917,#2915,#2455,.T.);
#3797=EDGE_CURVE('',#2918,#2916,#2456,.T.);
#3798=EDGE_CURVE('',#2918,#2919,#1301,.T.);
#3799=EDGE_CURVE('',#2919,#2917,#2457,.T.);
#3800=EDGE_CURVE('',#2867,#2918,#2458,.T.);
#3801=EDGE_CURVE('',#2869,#2919,#2459,.T.);
#3802=EDGE_CURVE('',#2920,#2921,#1302,.T.);
#3803=EDGE_CURVE('',#2920,#2922,#1303,.T.);
#3804=EDGE_CURVE('',#2922,#2923,#1304,.T.);
#3805=EDGE_CURVE('',#2921,#2923,#1305,.T.);
#3806=EDGE_CURVE('',#2924,#2920,#1306,.T.);
#3807=EDGE_CURVE('',#2924,#2925,#1307,.T.);
#3808=EDGE_CURVE('',#2925,#2922,#1308,.T.);
#3809=EDGE_CURVE('',#2926,#2924,#1309,.T.);
#3810=EDGE_CURVE('',#2926,#2927,#1310,.T.);
#3811=EDGE_CURVE('',#2927,#2925,#1311,.T.);
#3812=EDGE_CURVE('',#2928,#2926,#1312,.T.);
#3813=EDGE_CURVE('',#2928,#2929,#1313,.T.);
#3814=EDGE_CURVE('',#2929,#2927,#1314,.T.);
#3815=EDGE_CURVE('',#2930,#2928,#1315,.T.);
#3816=EDGE_CURVE('',#2930,#2931,#1316,.T.);
#3817=EDGE_CURVE('',#2931,#2929,#1317,.T.);
#3818=EDGE_CURVE('',#2932,#2930,#1318,.T.);
#3819=EDGE_CURVE('',#2932,#2933,#1319,.T.);
#3820=EDGE_CURVE('',#2933,#2931,#1320,.T.);
#3821=EDGE_CURVE('',#2934,#2932,#1321,.T.);
#3822=EDGE_CURVE('',#2934,#2935,#1322,.T.);
#3823=EDGE_CURVE('',#2935,#2933,#1323,.T.);
#3824=EDGE_CURVE('',#2936,#2934,#1324,.T.);
#3825=EDGE_CURVE('',#2936,#2937,#1325,.T.);
#3826=EDGE_CURVE('',#2937,#2935,#1326,.T.);
#3827=EDGE_CURVE('',#2938,#2936,#1327,.T.);
#3828=EDGE_CURVE('',#2938,#2939,#1328,.T.);
#3829=EDGE_CURVE('',#2939,#2937,#1329,.T.);
#3830=EDGE_CURVE('',#2940,#2938,#1330,.T.);
#3831=EDGE_CURVE('',#2940,#2941,#1331,.T.);
#3832=EDGE_CURVE('',#2941,#2939,#1332,.T.);
#3833=EDGE_CURVE('',#2942,#2940,#1333,.T.);
#3834=EDGE_CURVE('',#2942,#2943,#1334,.T.);
#3835=EDGE_CURVE('',#2943,#2941,#1335,.T.);
#3836=EDGE_CURVE('',#2921,#2942,#1336,.T.);
#3837=EDGE_CURVE('',#2923,#2943,#1337,.T.);
#3838=EDGE_CURVE('',#2944,#2945,#2460,.T.);
#3839=EDGE_CURVE('',#2944,#2946,#1338,.T.);
#3840=EDGE_CURVE('',#2946,#2947,#2461,.T.);
#3841=EDGE_CURVE('',#2945,#2947,#1339,.T.);
#3842=EDGE_CURVE('',#2948,#2944,#2462,.T.);
#3843=EDGE_CURVE('',#2948,#2949,#1340,.T.);
#3844=EDGE_CURVE('',#2949,#2946,#2463,.T.);
#3845=EDGE_CURVE('',#2950,#2948,#2464,.T.);
#3846=EDGE_CURVE('',#2950,#2951,#1341,.T.);
#3847=EDGE_CURVE('',#2951,#2949,#2465,.T.);
#3848=EDGE_CURVE('',#2952,#2950,#1342,.T.);
#3849=EDGE_CURVE('',#2952,#2953,#1343,.T.);
#3850=EDGE_CURVE('',#2953,#2951,#1344,.T.);
#3851=EDGE_CURVE('',#2954,#2952,#1345,.T.);
#3852=EDGE_CURVE('',#2954,#2955,#1346,.T.);
#3853=EDGE_CURVE('',#2955,#2953,#1347,.T.);
#3854=EDGE_CURVE('',#2956,#2954,#1348,.T.);
#3855=EDGE_CURVE('',#2956,#2957,#1349,.T.);
#3856=EDGE_CURVE('',#2957,#2955,#1350,.T.);
#3857=EDGE_CURVE('',#2958,#2956,#1351,.T.);
#3858=EDGE_CURVE('',#2958,#2959,#1352,.T.);
#3859=EDGE_CURVE('',#2959,#2957,#1353,.T.);
#3860=EDGE_CURVE('',#2960,#2958,#1354,.T.);
#3861=EDGE_CURVE('',#2960,#2961,#1355,.T.);
#3862=EDGE_CURVE('',#2961,#2959,#1356,.T.);
#3863=EDGE_CURVE('',#2962,#2960,#1357,.T.);
#3864=EDGE_CURVE('',#2962,#2963,#1358,.T.);
#3865=EDGE_CURVE('',#2963,#2961,#1359,.T.);
#3866=EDGE_CURVE('',#2964,#2962,#1360,.T.);
#3867=EDGE_CURVE('',#2964,#2965,#1361,.T.);
#3868=EDGE_CURVE('',#2965,#2963,#1362,.T.);
#3869=EDGE_CURVE('',#2966,#2964,#1363,.T.);
#3870=EDGE_CURVE('',#2966,#2967,#1364,.T.);
#3871=EDGE_CURVE('',#2967,#2965,#1365,.T.);
#3872=EDGE_CURVE('',#2968,#2966,#1366,.T.);
#3873=EDGE_CURVE('',#2968,#2969,#1367,.T.);
#3874=EDGE_CURVE('',#2969,#2967,#1368,.T.);
#3875=EDGE_CURVE('',#2970,#2968,#1369,.T.);
#3876=EDGE_CURVE('',#2970,#2971,#1370,.T.);
#3877=EDGE_CURVE('',#2971,#2969,#1371,.T.);
#3878=EDGE_CURVE('',#2972,#2970,#1372,.T.);
#3879=EDGE_CURVE('',#2972,#2973,#1373,.T.);
#3880=EDGE_CURVE('',#2973,#2971,#1374,.T.);
#3881=EDGE_CURVE('',#2974,#2972,#2466,.T.);
#3882=EDGE_CURVE('',#2974,#2975,#1375,.T.);
#3883=EDGE_CURVE('',#2975,#2973,#2467,.T.);
#3884=EDGE_CURVE('',#2976,#2974,#2468,.T.);
#3885=EDGE_CURVE('',#2976,#2977,#1376,.T.);
#3886=EDGE_CURVE('',#2977,#2975,#2469,.T.);
#3887=EDGE_CURVE('',#2978,#2976,#2470,.T.);
#3888=EDGE_CURVE('',#2978,#2979,#1377,.T.);
#3889=EDGE_CURVE('',#2979,#2977,#2471,.T.);
#3890=EDGE_CURVE('',#2980,#2978,#2472,.T.);
#3891=EDGE_CURVE('',#2980,#2981,#1378,.T.);
#3892=EDGE_CURVE('',#2981,#2979,#2473,.T.);
#3893=EDGE_CURVE('',#2982,#2980,#1379,.T.);
#3894=EDGE_CURVE('',#2982,#2983,#1380,.T.);
#3895=EDGE_CURVE('',#2983,#2981,#1381,.T.);
#3896=EDGE_CURVE('',#2945,#2982,#2474,.T.);
#3897=EDGE_CURVE('',#2947,#2983,#2475,.T.);
#3898=EDGE_CURVE('',#2984,#2985,#1382,.T.);
#3899=EDGE_CURVE('',#2984,#2986,#1383,.T.);
#3900=EDGE_CURVE('',#2986,#2987,#1384,.T.);
#3901=EDGE_CURVE('',#2985,#2987,#1385,.T.);
#3902=EDGE_CURVE('',#2988,#2984,#1386,.T.);
#3903=EDGE_CURVE('',#2988,#2989,#1387,.T.);
#3904=EDGE_CURVE('',#2989,#2986,#1388,.T.);
#3905=EDGE_CURVE('',#2990,#2988,#1389,.T.);
#3906=EDGE_CURVE('',#2990,#2991,#1390,.T.);
#3907=EDGE_CURVE('',#2991,#2989,#1391,.T.);
#3908=EDGE_CURVE('',#2992,#2990,#1392,.T.);
#3909=EDGE_CURVE('',#2992,#2993,#1393,.T.);
#3910=EDGE_CURVE('',#2993,#2991,#1394,.T.);
#3911=EDGE_CURVE('',#2994,#2992,#1395,.T.);
#3912=EDGE_CURVE('',#2994,#2995,#1396,.T.);
#3913=EDGE_CURVE('',#2995,#2993,#1397,.T.);
#3914=EDGE_CURVE('',#2996,#2994,#1398,.T.);
#3915=EDGE_CURVE('',#2996,#2997,#1399,.T.);
#3916=EDGE_CURVE('',#2997,#2995,#1400,.T.);
#3917=EDGE_CURVE('',#2998,#2996,#1401,.T.);
#3918=EDGE_CURVE('',#2998,#2999,#1402,.T.);
#3919=EDGE_CURVE('',#2999,#2997,#1403,.T.);
#3920=EDGE_CURVE('',#3000,#2998,#1404,.T.);
#3921=EDGE_CURVE('',#3000,#3001,#1405,.T.);
#3922=EDGE_CURVE('',#3001,#2999,#1406,.T.);
#3923=EDGE_CURVE('',#3002,#3000,#1407,.T.);
#3924=EDGE_CURVE('',#3002,#3003,#1408,.T.);
#3925=EDGE_CURVE('',#3003,#3001,#1409,.T.);
#3926=EDGE_CURVE('',#3004,#3002,#2476,.T.);
#3927=EDGE_CURVE('',#3004,#3005,#1410,.T.);
#3928=EDGE_CURVE('',#3005,#3003,#2477,.T.);
#3929=EDGE_CURVE('',#3006,#3004,#2478,.T.);
#3930=EDGE_CURVE('',#3006,#3007,#1411,.T.);
#3931=EDGE_CURVE('',#3007,#3005,#2479,.T.);
#3932=EDGE_CURVE('',#3008,#3006,#1412,.T.);
#3933=EDGE_CURVE('',#3008,#3009,#1413,.T.);
#3934=EDGE_CURVE('',#3009,#3007,#1414,.T.);
#3935=EDGE_CURVE('',#3010,#3008,#1415,.T.);
#3936=EDGE_CURVE('',#3010,#3011,#1416,.T.);
#3937=EDGE_CURVE('',#3011,#3009,#1417,.T.);
#3938=EDGE_CURVE('',#3012,#3010,#1418,.T.);
#3939=EDGE_CURVE('',#3012,#3013,#1419,.T.);
#3940=EDGE_CURVE('',#3013,#3011,#1420,.T.);
#3941=EDGE_CURVE('',#2985,#3012,#1421,.T.);
#3942=EDGE_CURVE('',#2987,#3013,#1422,.T.);
#3943=EDGE_CURVE('',#3014,#3015,#47,.T.);
#3944=EDGE_CURVE('',#3014,#3016,#1423,.T.);
#3945=EDGE_CURVE('',#3017,#3016,#48,.T.);
#3946=EDGE_CURVE('',#3017,#3018,#1424,.T.);
#3947=EDGE_CURVE('',#3019,#3018,#1425,.T.);
#3948=EDGE_CURVE('',#3020,#3019,#1426,.T.);
#3949=EDGE_CURVE('',#3021,#3020,#1427,.T.);
#3950=EDGE_CURVE('',#3021,#3022,#1428,.T.);
#3951=EDGE_CURVE('',#3023,#3022,#49,.T.);
#3952=EDGE_CURVE('',#3023,#3024,#1429,.T.);
#3953=EDGE_CURVE('',#3025,#3024,#50,.T.);
#3954=EDGE_CURVE('',#3025,#3015,#1430,.T.);
#3955=EDGE_CURVE('',#3026,#3027,#51,.T.);
#3956=EDGE_CURVE('',#3028,#3026,#1431,.T.);
#3957=EDGE_CURVE('',#3029,#3028,#52,.T.);
#3958=EDGE_CURVE('',#3030,#3029,#1432,.T.);
#3959=EDGE_CURVE('',#3031,#3030,#53,.T.);
#3960=EDGE_CURVE('',#3032,#3031,#1433,.T.);
#3961=EDGE_CURVE('',#3033,#3032,#54,.T.);
#3962=EDGE_CURVE('',#3027,#3033,#1434,.T.);
#3963=EDGE_CURVE('',#3034,#3035,#55,.T.);
#3964=EDGE_CURVE('',#3036,#3034,#1435,.T.);
#3965=EDGE_CURVE('',#3037,#3036,#56,.T.);
#3966=EDGE_CURVE('',#3038,#3037,#1436,.T.);
#3967=EDGE_CURVE('',#3039,#3038,#57,.T.);
#3968=EDGE_CURVE('',#3040,#3039,#1437,.T.);
#3969=EDGE_CURVE('',#3041,#3040,#58,.T.);
#3970=EDGE_CURVE('',#3035,#3041,#1438,.T.);
#3971=EDGE_CURVE('',#3042,#3043,#59,.T.);
#3972=EDGE_CURVE('',#3044,#3042,#1439,.T.);
#3973=EDGE_CURVE('',#3045,#3044,#60,.T.);
#3974=EDGE_CURVE('',#3046,#3045,#1440,.T.);
#3975=EDGE_CURVE('',#3047,#3046,#61,.T.);
#3976=EDGE_CURVE('',#3048,#3047,#1441,.T.);
#3977=EDGE_CURVE('',#3049,#3048,#62,.T.);
#3978=EDGE_CURVE('',#3043,#3049,#1442,.T.);
#3979=EDGE_CURVE('',#3050,#3051,#63,.T.);
#3980=EDGE_CURVE('',#3052,#3050,#1443,.T.);
#3981=EDGE_CURVE('',#3053,#3052,#64,.T.);
#3982=EDGE_CURVE('',#3054,#3053,#1444,.T.);
#3983=EDGE_CURVE('',#3055,#3054,#65,.T.);
#3984=EDGE_CURVE('',#3056,#3055,#1445,.T.);
#3985=EDGE_CURVE('',#3057,#3056,#66,.T.);
#3986=EDGE_CURVE('',#3051,#3057,#1446,.T.);
#3987=EDGE_CURVE('',#3058,#3059,#67,.T.);
#3988=EDGE_CURVE('',#3060,#3058,#1447,.T.);
#3989=EDGE_CURVE('',#3061,#3060,#68,.T.);
#3990=EDGE_CURVE('',#3062,#3061,#1448,.T.);
#3991=EDGE_CURVE('',#3063,#3062,#69,.T.);
#3992=EDGE_CURVE('',#3064,#3063,#1449,.T.);
#3993=EDGE_CURVE('',#3065,#3064,#70,.T.);
#3994=EDGE_CURVE('',#3059,#3065,#1450,.T.);
#3995=EDGE_CURVE('',#3066,#3067,#71,.T.);
#3996=EDGE_CURVE('',#3068,#3066,#1451,.T.);
#3997=EDGE_CURVE('',#3069,#3068,#72,.T.);
#3998=EDGE_CURVE('',#3070,#3069,#1452,.T.);
#3999=EDGE_CURVE('',#3071,#3070,#73,.T.);
#4000=EDGE_CURVE('',#3072,#3071,#1453,.T.);
#4001=EDGE_CURVE('',#3073,#3072,#74,.T.);
#4002=EDGE_CURVE('',#3067,#3073,#1454,.T.);
#4003=EDGE_CURVE('',#3074,#3074,#75,.T.);
#4004=EDGE_CURVE('',#3075,#3075,#76,.T.);
#4005=EDGE_CURVE('',#3076,#3076,#77,.T.);
#4006=EDGE_CURVE('',#3077,#3077,#78,.T.);
#4007=EDGE_CURVE('',#3078,#3079,#79,.T.);
#4008=EDGE_CURVE('',#3079,#3014,#1455,.T.);
#4009=EDGE_CURVE('',#3015,#3078,#1456,.T.);
#4010=EDGE_CURVE('',#3080,#3079,#1457,.T.);
#4011=EDGE_CURVE('',#3016,#3080,#1458,.T.);
#4012=EDGE_CURVE('',#3080,#3081,#80,.T.);
#4013=EDGE_CURVE('',#3081,#3017,#1459,.T.);
#4014=EDGE_CURVE('',#3082,#3083,#81,.T.);
#4015=EDGE_CURVE('',#3083,#3023,#1460,.T.);
#4016=EDGE_CURVE('',#3022,#3082,#1461,.T.);
#4017=EDGE_CURVE('',#3021,#3084,#1462,.T.);
#4018=EDGE_CURVE('',#3082,#3084,#1463,.T.);
#4019=EDGE_CURVE('',#3085,#3086,#82,.T.);
#4020=EDGE_CURVE('',#3086,#3025,#1464,.T.);
#4021=EDGE_CURVE('',#3024,#3085,#1465,.T.);
#4022=EDGE_CURVE('',#3078,#3086,#1466,.T.);
#4023=EDGE_CURVE('',#3026,#3087,#1467,.T.);
#4024=EDGE_CURVE('',#3088,#3087,#1468,.T.);
#4025=EDGE_CURVE('',#3028,#3088,#1469,.T.);
#4026=EDGE_CURVE('',#3089,#3088,#83,.T.);
#4027=EDGE_CURVE('',#3029,#3089,#1470,.T.);
#4028=EDGE_CURVE('',#3090,#3089,#1471,.T.);
#4029=EDGE_CURVE('',#3030,#3090,#1472,.T.);
#4030=EDGE_CURVE('',#3091,#3090,#84,.T.);
#4031=EDGE_CURVE('',#3031,#3091,#1473,.T.);
#4032=EDGE_CURVE('',#3092,#3091,#1474,.T.);
#4033=EDGE_CURVE('',#3032,#3092,#1475,.T.);
#4034=EDGE_CURVE('',#3093,#3092,#85,.T.);
#4035=EDGE_CURVE('',#3033,#3093,#1476,.T.);
#4036=EDGE_CURVE('',#3094,#3093,#1477,.T.);
#4037=EDGE_CURVE('',#3027,#3094,#1478,.T.);
#4038=EDGE_CURVE('',#3087,#3094,#86,.T.);
#4039=EDGE_CURVE('',#3034,#3095,#1479,.T.);
#4040=EDGE_CURVE('',#3096,#3095,#1480,.T.);
#4041=EDGE_CURVE('',#3036,#3096,#1481,.T.);
#4042=EDGE_CURVE('',#3097,#3096,#87,.T.);
#4043=EDGE_CURVE('',#3037,#3097,#1482,.T.);
#4044=EDGE_CURVE('',#3098,#3097,#1483,.T.);
#4045=EDGE_CURVE('',#3038,#3098,#1484,.T.);
#4046=EDGE_CURVE('',#3099,#3098,#88,.T.);
#4047=EDGE_CURVE('',#3039,#3099,#1485,.T.);
#4048=EDGE_CURVE('',#3100,#3099,#1486,.T.);
#4049=EDGE_CURVE('',#3040,#3100,#1487,.T.);
#4050=EDGE_CURVE('',#3101,#3100,#89,.T.);
#4051=EDGE_CURVE('',#3041,#3101,#1488,.T.);
#4052=EDGE_CURVE('',#3102,#3101,#1489,.T.);
#4053=EDGE_CURVE('',#3035,#3102,#1490,.T.);
#4054=EDGE_CURVE('',#3095,#3102,#90,.T.);
#4055=EDGE_CURVE('',#3042,#3103,#1491,.T.);
#4056=EDGE_CURVE('',#3104,#3103,#1492,.T.);
#4057=EDGE_CURVE('',#3044,#3104,#1493,.T.);
#4058=EDGE_CURVE('',#3105,#3104,#91,.T.);
#4059=EDGE_CURVE('',#3045,#3105,#1494,.T.);
#4060=EDGE_CURVE('',#3106,#3105,#1495,.T.);
#4061=EDGE_CURVE('',#3046,#3106,#1496,.T.);
#4062=EDGE_CURVE('',#3107,#3106,#92,.T.);
#4063=EDGE_CURVE('',#3047,#3107,#1497,.T.);
#4064=EDGE_CURVE('',#3108,#3107,#1498,.T.);
#4065=EDGE_CURVE('',#3048,#3108,#1499,.T.);
#4066=EDGE_CURVE('',#3109,#3108,#93,.T.);
#4067=EDGE_CURVE('',#3049,#3109,#1500,.T.);
#4068=EDGE_CURVE('',#3110,#3109,#1501,.T.);
#4069=EDGE_CURVE('',#3043,#3110,#1502,.T.);
#4070=EDGE_CURVE('',#3103,#3110,#94,.T.);
#4071=EDGE_CURVE('',#3050,#3111,#1503,.T.);
#4072=EDGE_CURVE('',#3112,#3111,#1504,.T.);
#4073=EDGE_CURVE('',#3052,#3112,#1505,.T.);
#4074=EDGE_CURVE('',#3113,#3112,#95,.T.);
#4075=EDGE_CURVE('',#3053,#3113,#1506,.T.);
#4076=EDGE_CURVE('',#3114,#3113,#1507,.T.);
#4077=EDGE_CURVE('',#3054,#3114,#1508,.T.);
#4078=EDGE_CURVE('',#3115,#3114,#96,.T.);
#4079=EDGE_CURVE('',#3055,#3115,#1509,.T.);
#4080=EDGE_CURVE('',#3116,#3115,#1510,.T.);
#4081=EDGE_CURVE('',#3056,#3116,#1511,.T.);
#4082=EDGE_CURVE('',#3117,#3116,#97,.T.);
#4083=EDGE_CURVE('',#3057,#3117,#1512,.T.);
#4084=EDGE_CURVE('',#3118,#3117,#1513,.T.);
#4085=EDGE_CURVE('',#3051,#3118,#1514,.T.);
#4086=EDGE_CURVE('',#3111,#3118,#98,.T.);
#4087=EDGE_CURVE('',#3058,#3119,#1515,.T.);
#4088=EDGE_CURVE('',#3120,#3119,#1516,.T.);
#4089=EDGE_CURVE('',#3060,#3120,#1517,.T.);
#4090=EDGE_CURVE('',#3121,#3120,#99,.T.);
#4091=EDGE_CURVE('',#3061,#3121,#1518,.T.);
#4092=EDGE_CURVE('',#3122,#3121,#1519,.T.);
#4093=EDGE_CURVE('',#3062,#3122,#1520,.T.);
#4094=EDGE_CURVE('',#3123,#3122,#100,.T.);
#4095=EDGE_CURVE('',#3063,#3123,#1521,.T.);
#4096=EDGE_CURVE('',#3124,#3123,#1522,.T.);
#4097=EDGE_CURVE('',#3064,#3124,#1523,.T.);
#4098=EDGE_CURVE('',#3125,#3124,#101,.T.);
#4099=EDGE_CURVE('',#3065,#3125,#1524,.T.);
#4100=EDGE_CURVE('',#3126,#3125,#1525,.T.);
#4101=EDGE_CURVE('',#3059,#3126,#1526,.T.);
#4102=EDGE_CURVE('',#3119,#3126,#102,.T.);
#4103=EDGE_CURVE('',#3066,#3127,#1527,.T.);
#4104=EDGE_CURVE('',#3128,#3127,#1528,.T.);
#4105=EDGE_CURVE('',#3068,#3128,#1529,.T.);
#4106=EDGE_CURVE('',#3129,#3128,#103,.T.);
#4107=EDGE_CURVE('',#3069,#3129,#1530,.T.);
#4108=EDGE_CURVE('',#3130,#3129,#1531,.T.);
#4109=EDGE_CURVE('',#3070,#3130,#1532,.T.);
#4110=EDGE_CURVE('',#3131,#3130,#104,.T.);
#4111=EDGE_CURVE('',#3071,#3131,#1533,.T.);
#4112=EDGE_CURVE('',#3132,#3131,#1534,.T.);
#4113=EDGE_CURVE('',#3072,#3132,#1535,.T.);
#4114=EDGE_CURVE('',#3133,#3132,#105,.T.);
#4115=EDGE_CURVE('',#3073,#3133,#1536,.T.);
#4116=EDGE_CURVE('',#3134,#3133,#1537,.T.);
#4117=EDGE_CURVE('',#3067,#3134,#1538,.T.);
#4118=EDGE_CURVE('',#3127,#3134,#106,.T.);
#4119=EDGE_CURVE('',#3135,#3135,#107,.T.);
#4120=EDGE_CURVE('',#3135,#3074,#1539,.T.);
#4121=EDGE_CURVE('',#3136,#3136,#108,.T.);
#4122=EDGE_CURVE('',#3136,#3075,#1540,.T.);
#4123=EDGE_CURVE('',#3137,#3137,#109,.T.);
#4124=EDGE_CURVE('',#3137,#3076,#1541,.T.);
#4125=EDGE_CURVE('',#3138,#3138,#110,.T.);
#4126=EDGE_CURVE('',#3138,#3077,#1542,.T.);
#4127=EDGE_CURVE('',#3085,#3083,#1543,.T.);
#4128=EDGE_CURVE('',#3139,#3081,#1544,.T.);
#4129=EDGE_CURVE('',#3018,#3139,#1545,.T.);
#4130=EDGE_CURVE('',#3140,#3139,#1546,.T.);
#4131=EDGE_CURVE('',#3019,#3140,#1547,.T.);
#4132=EDGE_CURVE('',#3141,#3140,#1548,.T.);
#4133=EDGE_CURVE('',#3020,#3141,#1549,.T.);
#4134=EDGE_CURVE('',#3084,#3141,#1550,.T.);
#4135=ORIENTED_EDGE('',*,*,#3142,.F.);
#4136=ORIENTED_EDGE('',*,*,#3143,.T.);
#4137=ORIENTED_EDGE('',*,*,#3144,.T.);
#4138=ORIENTED_EDGE('',*,*,#3145,.F.);
#4139=ORIENTED_EDGE('',*,*,#3146,.F.);
#4140=ORIENTED_EDGE('',*,*,#3147,.T.);
#4141=ORIENTED_EDGE('',*,*,#3148,.T.);
#4142=ORIENTED_EDGE('',*,*,#3143,.F.);
#4143=ORIENTED_EDGE('',*,*,#3149,.F.);
#4144=ORIENTED_EDGE('',*,*,#3150,.T.);
#4145=ORIENTED_EDGE('',*,*,#3151,.T.);
#4146=ORIENTED_EDGE('',*,*,#3147,.F.);
#4147=ORIENTED_EDGE('',*,*,#3152,.F.);
#4148=ORIENTED_EDGE('',*,*,#3153,.T.);
#4149=ORIENTED_EDGE('',*,*,#3154,.T.);
#4150=ORIENTED_EDGE('',*,*,#3150,.F.);
#4151=ORIENTED_EDGE('',*,*,#3155,.F.);
#4152=ORIENTED_EDGE('',*,*,#3156,.T.);
#4153=ORIENTED_EDGE('',*,*,#3157,.T.);
#4154=ORIENTED_EDGE('',*,*,#3153,.F.);
#4155=ORIENTED_EDGE('',*,*,#3158,.F.);
#4156=ORIENTED_EDGE('',*,*,#3159,.T.);
#4157=ORIENTED_EDGE('',*,*,#3160,.T.);
#4158=ORIENTED_EDGE('',*,*,#3156,.F.);
#4159=ORIENTED_EDGE('',*,*,#3161,.F.);
#4160=ORIENTED_EDGE('',*,*,#3162,.T.);
#4161=ORIENTED_EDGE('',*,*,#3163,.T.);
#4162=ORIENTED_EDGE('',*,*,#3159,.F.);
#4163=ORIENTED_EDGE('',*,*,#3164,.F.);
#4164=ORIENTED_EDGE('',*,*,#3165,.T.);
#4165=ORIENTED_EDGE('',*,*,#3166,.T.);
#4166=ORIENTED_EDGE('',*,*,#3162,.F.);
#4167=ORIENTED_EDGE('',*,*,#3167,.F.);
#4168=ORIENTED_EDGE('',*,*,#3168,.T.);
#4169=ORIENTED_EDGE('',*,*,#3169,.T.);
#4170=ORIENTED_EDGE('',*,*,#3165,.F.);
#4171=ORIENTED_EDGE('',*,*,#3170,.F.);
#4172=ORIENTED_EDGE('',*,*,#3145,.T.);
#4173=ORIENTED_EDGE('',*,*,#3171,.T.);
#4174=ORIENTED_EDGE('',*,*,#3168,.F.);
#4175=ORIENTED_EDGE('',*,*,#3172,.F.);
#4176=ORIENTED_EDGE('',*,*,#3173,.T.);
#4177=ORIENTED_EDGE('',*,*,#3174,.T.);
#4178=ORIENTED_EDGE('',*,*,#3175,.F.);
#4179=ORIENTED_EDGE('',*,*,#3176,.F.);
#4180=ORIENTED_EDGE('',*,*,#3177,.T.);
#4181=ORIENTED_EDGE('',*,*,#3178,.T.);
#4182=ORIENTED_EDGE('',*,*,#3173,.F.);
#4183=ORIENTED_EDGE('',*,*,#3179,.F.);
#4184=ORIENTED_EDGE('',*,*,#3180,.T.);
#4185=ORIENTED_EDGE('',*,*,#3181,.T.);
#4186=ORIENTED_EDGE('',*,*,#3177,.F.);
#4187=ORIENTED_EDGE('',*,*,#3182,.F.);
#4188=ORIENTED_EDGE('',*,*,#3183,.T.);
#4189=ORIENTED_EDGE('',*,*,#3184,.T.);
#4190=ORIENTED_EDGE('',*,*,#3180,.F.);
#4191=ORIENTED_EDGE('',*,*,#3185,.F.);
#4192=ORIENTED_EDGE('',*,*,#3186,.T.);
#4193=ORIENTED_EDGE('',*,*,#3187,.T.);
#4194=ORIENTED_EDGE('',*,*,#3183,.F.);
#4195=ORIENTED_EDGE('',*,*,#3188,.F.);
#4196=ORIENTED_EDGE('',*,*,#3189,.T.);
#4197=ORIENTED_EDGE('',*,*,#3190,.T.);
#4198=ORIENTED_EDGE('',*,*,#3186,.F.);
#4199=ORIENTED_EDGE('',*,*,#3191,.F.);
#4200=ORIENTED_EDGE('',*,*,#3192,.T.);
#4201=ORIENTED_EDGE('',*,*,#3193,.T.);
#4202=ORIENTED_EDGE('',*,*,#3189,.F.);
#4203=ORIENTED_EDGE('',*,*,#3194,.F.);
#4204=ORIENTED_EDGE('',*,*,#3195,.T.);
#4205=ORIENTED_EDGE('',*,*,#3196,.T.);
#4206=ORIENTED_EDGE('',*,*,#3192,.F.);
#4207=ORIENTED_EDGE('',*,*,#3197,.F.);
#4208=ORIENTED_EDGE('',*,*,#3198,.T.);
#4209=ORIENTED_EDGE('',*,*,#3199,.T.);
#4210=ORIENTED_EDGE('',*,*,#3195,.F.);
#4211=ORIENTED_EDGE('',*,*,#3200,.F.);
#4212=ORIENTED_EDGE('',*,*,#3201,.T.);
#4213=ORIENTED_EDGE('',*,*,#3202,.T.);
#4214=ORIENTED_EDGE('',*,*,#3198,.F.);
#4215=ORIENTED_EDGE('',*,*,#3203,.F.);
#4216=ORIENTED_EDGE('',*,*,#3204,.T.);
#4217=ORIENTED_EDGE('',*,*,#3205,.T.);
#4218=ORIENTED_EDGE('',*,*,#3201,.F.);
#4219=ORIENTED_EDGE('',*,*,#3206,.F.);
#4220=ORIENTED_EDGE('',*,*,#3207,.T.);
#4221=ORIENTED_EDGE('',*,*,#3208,.T.);
#4222=ORIENTED_EDGE('',*,*,#3204,.F.);
#4223=ORIENTED_EDGE('',*,*,#3209,.F.);
#4224=ORIENTED_EDGE('',*,*,#3210,.T.);
#4225=ORIENTED_EDGE('',*,*,#3211,.T.);
#4226=ORIENTED_EDGE('',*,*,#3207,.F.);
#4227=ORIENTED_EDGE('',*,*,#3212,.F.);
#4228=ORIENTED_EDGE('',*,*,#3213,.T.);
#4229=ORIENTED_EDGE('',*,*,#3214,.T.);
#4230=ORIENTED_EDGE('',*,*,#3210,.F.);
#4231=ORIENTED_EDGE('',*,*,#3215,.F.);
#4232=ORIENTED_EDGE('',*,*,#3216,.T.);
#4233=ORIENTED_EDGE('',*,*,#3217,.T.);
#4234=ORIENTED_EDGE('',*,*,#3213,.F.);
#4235=ORIENTED_EDGE('',*,*,#3218,.F.);
#4236=ORIENTED_EDGE('',*,*,#3219,.T.);
#4237=ORIENTED_EDGE('',*,*,#3220,.T.);
#4238=ORIENTED_EDGE('',*,*,#3216,.F.);
#4239=ORIENTED_EDGE('',*,*,#3221,.F.);
#4240=ORIENTED_EDGE('',*,*,#3222,.T.);
#4241=ORIENTED_EDGE('',*,*,#3223,.T.);
#4242=ORIENTED_EDGE('',*,*,#3219,.F.);
#4243=ORIENTED_EDGE('',*,*,#3224,.F.);
#4244=ORIENTED_EDGE('',*,*,#3225,.T.);
#4245=ORIENTED_EDGE('',*,*,#3226,.T.);
#4246=ORIENTED_EDGE('',*,*,#3222,.F.);
#4247=ORIENTED_EDGE('',*,*,#3227,.F.);
#4248=ORIENTED_EDGE('',*,*,#3228,.T.);
#4249=ORIENTED_EDGE('',*,*,#3229,.T.);
#4250=ORIENTED_EDGE('',*,*,#3225,.F.);
#4251=ORIENTED_EDGE('',*,*,#3230,.F.);
#4252=ORIENTED_EDGE('',*,*,#3231,.T.);
#4253=ORIENTED_EDGE('',*,*,#3232,.T.);
#4254=ORIENTED_EDGE('',*,*,#3228,.F.);
#4255=ORIENTED_EDGE('',*,*,#3233,.F.);
#4256=ORIENTED_EDGE('',*,*,#3234,.T.);
#4257=ORIENTED_EDGE('',*,*,#3235,.T.);
#4258=ORIENTED_EDGE('',*,*,#3231,.F.);
#4259=ORIENTED_EDGE('',*,*,#3236,.F.);
#4260=ORIENTED_EDGE('',*,*,#3237,.T.);
#4261=ORIENTED_EDGE('',*,*,#3238,.T.);
#4262=ORIENTED_EDGE('',*,*,#3234,.F.);
#4263=ORIENTED_EDGE('',*,*,#3239,.F.);
#4264=ORIENTED_EDGE('',*,*,#3240,.T.);
#4265=ORIENTED_EDGE('',*,*,#3241,.T.);
#4266=ORIENTED_EDGE('',*,*,#3237,.F.);
#4267=ORIENTED_EDGE('',*,*,#3242,.F.);
#4268=ORIENTED_EDGE('',*,*,#3243,.T.);
#4269=ORIENTED_EDGE('',*,*,#3244,.T.);
#4270=ORIENTED_EDGE('',*,*,#3240,.F.);
#4271=ORIENTED_EDGE('',*,*,#3245,.F.);
#4272=ORIENTED_EDGE('',*,*,#3246,.T.);
#4273=ORIENTED_EDGE('',*,*,#3247,.T.);
#4274=ORIENTED_EDGE('',*,*,#3243,.F.);
#4275=ORIENTED_EDGE('',*,*,#3248,.F.);
#4276=ORIENTED_EDGE('',*,*,#3249,.T.);
#4277=ORIENTED_EDGE('',*,*,#3250,.T.);
#4278=ORIENTED_EDGE('',*,*,#3246,.F.);
#4279=ORIENTED_EDGE('',*,*,#3251,.F.);
#4280=ORIENTED_EDGE('',*,*,#3175,.T.);
#4281=ORIENTED_EDGE('',*,*,#3252,.T.);
#4282=ORIENTED_EDGE('',*,*,#3249,.F.);
#4283=ORIENTED_EDGE('',*,*,#3252,.F.);
#4284=ORIENTED_EDGE('',*,*,#3174,.F.);
#4285=ORIENTED_EDGE('',*,*,#3178,.F.);
#4286=ORIENTED_EDGE('',*,*,#3181,.F.);
#4287=ORIENTED_EDGE('',*,*,#3184,.F.);
#4288=ORIENTED_EDGE('',*,*,#3187,.F.);
#4289=ORIENTED_EDGE('',*,*,#3190,.F.);
#4290=ORIENTED_EDGE('',*,*,#3193,.F.);
#4291=ORIENTED_EDGE('',*,*,#3196,.F.);
#4292=ORIENTED_EDGE('',*,*,#3199,.F.);
#4293=ORIENTED_EDGE('',*,*,#3202,.F.);
#4294=ORIENTED_EDGE('',*,*,#3205,.F.);
#4295=ORIENTED_EDGE('',*,*,#3208,.F.);
#4296=ORIENTED_EDGE('',*,*,#3211,.F.);
#4297=ORIENTED_EDGE('',*,*,#3214,.F.);
#4298=ORIENTED_EDGE('',*,*,#3217,.F.);
#4299=ORIENTED_EDGE('',*,*,#3220,.F.);
#4300=ORIENTED_EDGE('',*,*,#3223,.F.);
#4301=ORIENTED_EDGE('',*,*,#3226,.F.);
#4302=ORIENTED_EDGE('',*,*,#3229,.F.);
#4303=ORIENTED_EDGE('',*,*,#3232,.F.);
#4304=ORIENTED_EDGE('',*,*,#3235,.F.);
#4305=ORIENTED_EDGE('',*,*,#3238,.F.);
#4306=ORIENTED_EDGE('',*,*,#3241,.F.);
#4307=ORIENTED_EDGE('',*,*,#3244,.F.);
#4308=ORIENTED_EDGE('',*,*,#3247,.F.);
#4309=ORIENTED_EDGE('',*,*,#3250,.F.);
#4310=ORIENTED_EDGE('',*,*,#3171,.F.);
#4311=ORIENTED_EDGE('',*,*,#3144,.F.);
#4312=ORIENTED_EDGE('',*,*,#3148,.F.);
#4313=ORIENTED_EDGE('',*,*,#3151,.F.);
#4314=ORIENTED_EDGE('',*,*,#3154,.F.);
#4315=ORIENTED_EDGE('',*,*,#3157,.F.);
#4316=ORIENTED_EDGE('',*,*,#3160,.F.);
#4317=ORIENTED_EDGE('',*,*,#3163,.F.);
#4318=ORIENTED_EDGE('',*,*,#3166,.F.);
#4319=ORIENTED_EDGE('',*,*,#3169,.F.);
#4320=ORIENTED_EDGE('',*,*,#3253,.F.);
#4321=ORIENTED_EDGE('',*,*,#3254,.T.);
#4322=ORIENTED_EDGE('',*,*,#3255,.T.);
#4323=ORIENTED_EDGE('',*,*,#3256,.F.);
#4324=ORIENTED_EDGE('',*,*,#3257,.F.);
#4325=ORIENTED_EDGE('',*,*,#3258,.T.);
#4326=ORIENTED_EDGE('',*,*,#3259,.T.);
#4327=ORIENTED_EDGE('',*,*,#3254,.F.);
#4328=ORIENTED_EDGE('',*,*,#3260,.F.);
#4329=ORIENTED_EDGE('',*,*,#3261,.T.);
#4330=ORIENTED_EDGE('',*,*,#3262,.T.);
#4331=ORIENTED_EDGE('',*,*,#3258,.F.);
#4332=ORIENTED_EDGE('',*,*,#3263,.F.);
#4333=ORIENTED_EDGE('',*,*,#3264,.T.);
#4334=ORIENTED_EDGE('',*,*,#3265,.T.);
#4335=ORIENTED_EDGE('',*,*,#3261,.F.);
#4336=ORIENTED_EDGE('',*,*,#3266,.F.);
#4337=ORIENTED_EDGE('',*,*,#3267,.T.);
#4338=ORIENTED_EDGE('',*,*,#3268,.T.);
#4339=ORIENTED_EDGE('',*,*,#3264,.F.);
#4340=ORIENTED_EDGE('',*,*,#3269,.F.);
#4341=ORIENTED_EDGE('',*,*,#3270,.T.);
#4342=ORIENTED_EDGE('',*,*,#3271,.T.);
#4343=ORIENTED_EDGE('',*,*,#3267,.F.);
#4344=ORIENTED_EDGE('',*,*,#3272,.F.);
#4345=ORIENTED_EDGE('',*,*,#3273,.T.);
#4346=ORIENTED_EDGE('',*,*,#3274,.T.);
#4347=ORIENTED_EDGE('',*,*,#3270,.F.);
#4348=ORIENTED_EDGE('',*,*,#3275,.F.);
#4349=ORIENTED_EDGE('',*,*,#3276,.T.);
#4350=ORIENTED_EDGE('',*,*,#3277,.T.);
#4351=ORIENTED_EDGE('',*,*,#3273,.F.);
#4352=ORIENTED_EDGE('',*,*,#3278,.F.);
#4353=ORIENTED_EDGE('',*,*,#3279,.T.);
#4354=ORIENTED_EDGE('',*,*,#3280,.T.);
#4355=ORIENTED_EDGE('',*,*,#3276,.F.);
#4356=ORIENTED_EDGE('',*,*,#3281,.F.);
#4357=ORIENTED_EDGE('',*,*,#3282,.T.);
#4358=ORIENTED_EDGE('',*,*,#3283,.T.);
#4359=ORIENTED_EDGE('',*,*,#3279,.F.);
#4360=ORIENTED_EDGE('',*,*,#3284,.F.);
#4361=ORIENTED_EDGE('',*,*,#3285,.T.);
#4362=ORIENTED_EDGE('',*,*,#3286,.T.);
#4363=ORIENTED_EDGE('',*,*,#3282,.F.);
#4364=ORIENTED_EDGE('',*,*,#3287,.F.);
#4365=ORIENTED_EDGE('',*,*,#3288,.T.);
#4366=ORIENTED_EDGE('',*,*,#3289,.T.);
#4367=ORIENTED_EDGE('',*,*,#3285,.F.);
#4368=ORIENTED_EDGE('',*,*,#3290,.F.);
#4369=ORIENTED_EDGE('',*,*,#3291,.T.);
#4370=ORIENTED_EDGE('',*,*,#3292,.T.);
#4371=ORIENTED_EDGE('',*,*,#3288,.F.);
#4372=ORIENTED_EDGE('',*,*,#3293,.F.);
#4373=ORIENTED_EDGE('',*,*,#3294,.T.);
#4374=ORIENTED_EDGE('',*,*,#3295,.T.);
#4375=ORIENTED_EDGE('',*,*,#3291,.F.);
#4376=ORIENTED_EDGE('',*,*,#3296,.F.);
#4377=ORIENTED_EDGE('',*,*,#3297,.T.);
#4378=ORIENTED_EDGE('',*,*,#3298,.T.);
#4379=ORIENTED_EDGE('',*,*,#3294,.F.);
#4380=ORIENTED_EDGE('',*,*,#3299,.F.);
#4381=ORIENTED_EDGE('',*,*,#3300,.T.);
#4382=ORIENTED_EDGE('',*,*,#3301,.T.);
#4383=ORIENTED_EDGE('',*,*,#3297,.F.);
#4384=ORIENTED_EDGE('',*,*,#3302,.F.);
#4385=ORIENTED_EDGE('',*,*,#3303,.T.);
#4386=ORIENTED_EDGE('',*,*,#3304,.T.);
#4387=ORIENTED_EDGE('',*,*,#3300,.F.);
#4388=ORIENTED_EDGE('',*,*,#3305,.F.);
#4389=ORIENTED_EDGE('',*,*,#3306,.T.);
#4390=ORIENTED_EDGE('',*,*,#3307,.T.);
#4391=ORIENTED_EDGE('',*,*,#3303,.F.);
#4392=ORIENTED_EDGE('',*,*,#3308,.F.);
#4393=ORIENTED_EDGE('',*,*,#3309,.T.);
#4394=ORIENTED_EDGE('',*,*,#3310,.T.);
#4395=ORIENTED_EDGE('',*,*,#3306,.F.);
#4396=ORIENTED_EDGE('',*,*,#3311,.F.);
#4397=ORIENTED_EDGE('',*,*,#3312,.T.);
#4398=ORIENTED_EDGE('',*,*,#3313,.T.);
#4399=ORIENTED_EDGE('',*,*,#3309,.F.);
#4400=ORIENTED_EDGE('',*,*,#3314,.F.);
#4401=ORIENTED_EDGE('',*,*,#3315,.T.);
#4402=ORIENTED_EDGE('',*,*,#3316,.T.);
#4403=ORIENTED_EDGE('',*,*,#3312,.F.);
#4404=ORIENTED_EDGE('',*,*,#3317,.F.);
#4405=ORIENTED_EDGE('',*,*,#3318,.T.);
#4406=ORIENTED_EDGE('',*,*,#3319,.T.);
#4407=ORIENTED_EDGE('',*,*,#3315,.F.);
#4408=ORIENTED_EDGE('',*,*,#3320,.F.);
#4409=ORIENTED_EDGE('',*,*,#3321,.T.);
#4410=ORIENTED_EDGE('',*,*,#3322,.T.);
#4411=ORIENTED_EDGE('',*,*,#3318,.F.);
#4412=ORIENTED_EDGE('',*,*,#3323,.F.);
#4413=ORIENTED_EDGE('',*,*,#3324,.T.);
#4414=ORIENTED_EDGE('',*,*,#3325,.T.);
#4415=ORIENTED_EDGE('',*,*,#3321,.F.);
#4416=ORIENTED_EDGE('',*,*,#3326,.F.);
#4417=ORIENTED_EDGE('',*,*,#3327,.T.);
#4418=ORIENTED_EDGE('',*,*,#3328,.T.);
#4419=ORIENTED_EDGE('',*,*,#3324,.F.);
#4420=ORIENTED_EDGE('',*,*,#3329,.F.);
#4421=ORIENTED_EDGE('',*,*,#3330,.T.);
#4422=ORIENTED_EDGE('',*,*,#3331,.T.);
#4423=ORIENTED_EDGE('',*,*,#3327,.F.);
#4424=ORIENTED_EDGE('',*,*,#3332,.F.);
#4425=ORIENTED_EDGE('',*,*,#3333,.T.);
#4426=ORIENTED_EDGE('',*,*,#3334,.T.);
#4427=ORIENTED_EDGE('',*,*,#3330,.F.);
#4428=ORIENTED_EDGE('',*,*,#3335,.F.);
#4429=ORIENTED_EDGE('',*,*,#3336,.T.);
#4430=ORIENTED_EDGE('',*,*,#3337,.T.);
#4431=ORIENTED_EDGE('',*,*,#3333,.F.);
#4432=ORIENTED_EDGE('',*,*,#3338,.F.);
#4433=ORIENTED_EDGE('',*,*,#3339,.T.);
#4434=ORIENTED_EDGE('',*,*,#3340,.T.);
#4435=ORIENTED_EDGE('',*,*,#3336,.F.);
#4436=ORIENTED_EDGE('',*,*,#3341,.F.);
#4437=ORIENTED_EDGE('',*,*,#3342,.T.);
#4438=ORIENTED_EDGE('',*,*,#3343,.T.);
#4439=ORIENTED_EDGE('',*,*,#3339,.F.);
#4440=ORIENTED_EDGE('',*,*,#3344,.F.);
#4441=ORIENTED_EDGE('',*,*,#3345,.T.);
#4442=ORIENTED_EDGE('',*,*,#3346,.T.);
#4443=ORIENTED_EDGE('',*,*,#3342,.F.);
#4444=ORIENTED_EDGE('',*,*,#3347,.F.);
#4445=ORIENTED_EDGE('',*,*,#3348,.T.);
#4446=ORIENTED_EDGE('',*,*,#3349,.T.);
#4447=ORIENTED_EDGE('',*,*,#3345,.F.);
#4448=ORIENTED_EDGE('',*,*,#3350,.F.);
#4449=ORIENTED_EDGE('',*,*,#3256,.T.);
#4450=ORIENTED_EDGE('',*,*,#3351,.T.);
#4451=ORIENTED_EDGE('',*,*,#3348,.F.);
#4452=ORIENTED_EDGE('',*,*,#3351,.F.);
#4453=ORIENTED_EDGE('',*,*,#3255,.F.);
#4454=ORIENTED_EDGE('',*,*,#3259,.F.);
#4455=ORIENTED_EDGE('',*,*,#3262,.F.);
#4456=ORIENTED_EDGE('',*,*,#3265,.F.);
#4457=ORIENTED_EDGE('',*,*,#3268,.F.);
#4458=ORIENTED_EDGE('',*,*,#3271,.F.);
#4459=ORIENTED_EDGE('',*,*,#3274,.F.);
#4460=ORIENTED_EDGE('',*,*,#3277,.F.);
#4461=ORIENTED_EDGE('',*,*,#3280,.F.);
#4462=ORIENTED_EDGE('',*,*,#3283,.F.);
#4463=ORIENTED_EDGE('',*,*,#3286,.F.);
#4464=ORIENTED_EDGE('',*,*,#3289,.F.);
#4465=ORIENTED_EDGE('',*,*,#3292,.F.);
#4466=ORIENTED_EDGE('',*,*,#3295,.F.);
#4467=ORIENTED_EDGE('',*,*,#3298,.F.);
#4468=ORIENTED_EDGE('',*,*,#3301,.F.);
#4469=ORIENTED_EDGE('',*,*,#3304,.F.);
#4470=ORIENTED_EDGE('',*,*,#3307,.F.);
#4471=ORIENTED_EDGE('',*,*,#3310,.F.);
#4472=ORIENTED_EDGE('',*,*,#3313,.F.);
#4473=ORIENTED_EDGE('',*,*,#3316,.F.);
#4474=ORIENTED_EDGE('',*,*,#3319,.F.);
#4475=ORIENTED_EDGE('',*,*,#3322,.F.);
#4476=ORIENTED_EDGE('',*,*,#3325,.F.);
#4477=ORIENTED_EDGE('',*,*,#3328,.F.);
#4478=ORIENTED_EDGE('',*,*,#3331,.F.);
#4479=ORIENTED_EDGE('',*,*,#3334,.F.);
#4480=ORIENTED_EDGE('',*,*,#3337,.F.);
#4481=ORIENTED_EDGE('',*,*,#3340,.F.);
#4482=ORIENTED_EDGE('',*,*,#3343,.F.);
#4483=ORIENTED_EDGE('',*,*,#3346,.F.);
#4484=ORIENTED_EDGE('',*,*,#3349,.F.);
#4485=ORIENTED_EDGE('',*,*,#3352,.F.);
#4486=ORIENTED_EDGE('',*,*,#3353,.T.);
#4487=ORIENTED_EDGE('',*,*,#3354,.T.);
#4488=ORIENTED_EDGE('',*,*,#3355,.F.);
#4489=ORIENTED_EDGE('',*,*,#3356,.F.);
#4490=ORIENTED_EDGE('',*,*,#3357,.T.);
#4491=ORIENTED_EDGE('',*,*,#3358,.T.);
#4492=ORIENTED_EDGE('',*,*,#3353,.F.);
#4493=ORIENTED_EDGE('',*,*,#3359,.F.);
#4494=ORIENTED_EDGE('',*,*,#3360,.T.);
#4495=ORIENTED_EDGE('',*,*,#3361,.T.);
#4496=ORIENTED_EDGE('',*,*,#3357,.F.);
#4497=ORIENTED_EDGE('',*,*,#3362,.F.);
#4498=ORIENTED_EDGE('',*,*,#3363,.T.);
#4499=ORIENTED_EDGE('',*,*,#3364,.T.);
#4500=ORIENTED_EDGE('',*,*,#3360,.F.);
#4501=ORIENTED_EDGE('',*,*,#3365,.F.);
#4502=ORIENTED_EDGE('',*,*,#3366,.T.);
#4503=ORIENTED_EDGE('',*,*,#3367,.T.);
#4504=ORIENTED_EDGE('',*,*,#3363,.F.);
#4505=ORIENTED_EDGE('',*,*,#3368,.F.);
#4506=ORIENTED_EDGE('',*,*,#3369,.T.);
#4507=ORIENTED_EDGE('',*,*,#3370,.T.);
#4508=ORIENTED_EDGE('',*,*,#3366,.F.);
#4509=ORIENTED_EDGE('',*,*,#3371,.F.);
#4510=ORIENTED_EDGE('',*,*,#3372,.T.);
#4511=ORIENTED_EDGE('',*,*,#3373,.T.);
#4512=ORIENTED_EDGE('',*,*,#3369,.F.);
#4513=ORIENTED_EDGE('',*,*,#3374,.F.);
#4514=ORIENTED_EDGE('',*,*,#3355,.T.);
#4515=ORIENTED_EDGE('',*,*,#3375,.T.);
#4516=ORIENTED_EDGE('',*,*,#3372,.F.);
#4517=ORIENTED_EDGE('',*,*,#3376,.F.);
#4518=ORIENTED_EDGE('',*,*,#3377,.T.);
#4519=ORIENTED_EDGE('',*,*,#3378,.T.);
#4520=ORIENTED_EDGE('',*,*,#3379,.F.);
#4521=ORIENTED_EDGE('',*,*,#3380,.F.);
#4522=ORIENTED_EDGE('',*,*,#3381,.T.);
#4523=ORIENTED_EDGE('',*,*,#3382,.T.);
#4524=ORIENTED_EDGE('',*,*,#3377,.F.);
#4525=ORIENTED_EDGE('',*,*,#3383,.F.);
#4526=ORIENTED_EDGE('',*,*,#3384,.T.);
#4527=ORIENTED_EDGE('',*,*,#3385,.T.);
#4528=ORIENTED_EDGE('',*,*,#3381,.F.);
#4529=ORIENTED_EDGE('',*,*,#3386,.F.);
#4530=ORIENTED_EDGE('',*,*,#3387,.T.);
#4531=ORIENTED_EDGE('',*,*,#3388,.T.);
#4532=ORIENTED_EDGE('',*,*,#3384,.F.);
#4533=ORIENTED_EDGE('',*,*,#3389,.F.);
#4534=ORIENTED_EDGE('',*,*,#3390,.T.);
#4535=ORIENTED_EDGE('',*,*,#3391,.T.);
#4536=ORIENTED_EDGE('',*,*,#3387,.F.);
#4537=ORIENTED_EDGE('',*,*,#3392,.F.);
#4538=ORIENTED_EDGE('',*,*,#3393,.T.);
#4539=ORIENTED_EDGE('',*,*,#3394,.T.);
#4540=ORIENTED_EDGE('',*,*,#3390,.F.);
#4541=ORIENTED_EDGE('',*,*,#3395,.F.);
#4542=ORIENTED_EDGE('',*,*,#3396,.T.);
#4543=ORIENTED_EDGE('',*,*,#3397,.T.);
#4544=ORIENTED_EDGE('',*,*,#3393,.F.);
#4545=ORIENTED_EDGE('',*,*,#3398,.F.);
#4546=ORIENTED_EDGE('',*,*,#3399,.T.);
#4547=ORIENTED_EDGE('',*,*,#3400,.T.);
#4548=ORIENTED_EDGE('',*,*,#3396,.F.);
#4549=ORIENTED_EDGE('',*,*,#3401,.F.);
#4550=ORIENTED_EDGE('',*,*,#3402,.T.);
#4551=ORIENTED_EDGE('',*,*,#3403,.T.);
#4552=ORIENTED_EDGE('',*,*,#3399,.F.);
#4553=ORIENTED_EDGE('',*,*,#3404,.F.);
#4554=ORIENTED_EDGE('',*,*,#3405,.T.);
#4555=ORIENTED_EDGE('',*,*,#3406,.T.);
#4556=ORIENTED_EDGE('',*,*,#3402,.F.);
#4557=ORIENTED_EDGE('',*,*,#3407,.F.);
#4558=ORIENTED_EDGE('',*,*,#3408,.T.);
#4559=ORIENTED_EDGE('',*,*,#3409,.T.);
#4560=ORIENTED_EDGE('',*,*,#3405,.F.);
#4561=ORIENTED_EDGE('',*,*,#3410,.F.);
#4562=ORIENTED_EDGE('',*,*,#3411,.T.);
#4563=ORIENTED_EDGE('',*,*,#3412,.T.);
#4564=ORIENTED_EDGE('',*,*,#3408,.F.);
#4565=ORIENTED_EDGE('',*,*,#3413,.F.);
#4566=ORIENTED_EDGE('',*,*,#3414,.T.);
#4567=ORIENTED_EDGE('',*,*,#3415,.T.);
#4568=ORIENTED_EDGE('',*,*,#3411,.F.);
#4569=ORIENTED_EDGE('',*,*,#3416,.F.);
#4570=ORIENTED_EDGE('',*,*,#3379,.T.);
#4571=ORIENTED_EDGE('',*,*,#3417,.T.);
#4572=ORIENTED_EDGE('',*,*,#3414,.F.);
#4573=ORIENTED_EDGE('',*,*,#3417,.F.);
#4574=ORIENTED_EDGE('',*,*,#3378,.F.);
#4575=ORIENTED_EDGE('',*,*,#3382,.F.);
#4576=ORIENTED_EDGE('',*,*,#3385,.F.);
#4577=ORIENTED_EDGE('',*,*,#3388,.F.);
#4578=ORIENTED_EDGE('',*,*,#3391,.F.);
#4579=ORIENTED_EDGE('',*,*,#3394,.F.);
#4580=ORIENTED_EDGE('',*,*,#3397,.F.);
#4581=ORIENTED_EDGE('',*,*,#3400,.F.);
#4582=ORIENTED_EDGE('',*,*,#3403,.F.);
#4583=ORIENTED_EDGE('',*,*,#3406,.F.);
#4584=ORIENTED_EDGE('',*,*,#3409,.F.);
#4585=ORIENTED_EDGE('',*,*,#3412,.F.);
#4586=ORIENTED_EDGE('',*,*,#3415,.F.);
#4587=ORIENTED_EDGE('',*,*,#3375,.F.);
#4588=ORIENTED_EDGE('',*,*,#3354,.F.);
#4589=ORIENTED_EDGE('',*,*,#3358,.F.);
#4590=ORIENTED_EDGE('',*,*,#3361,.F.);
#4591=ORIENTED_EDGE('',*,*,#3364,.F.);
#4592=ORIENTED_EDGE('',*,*,#3367,.F.);
#4593=ORIENTED_EDGE('',*,*,#3370,.F.);
#4594=ORIENTED_EDGE('',*,*,#3373,.F.);
#4595=ORIENTED_EDGE('',*,*,#3418,.F.);
#4596=ORIENTED_EDGE('',*,*,#3419,.T.);
#4597=ORIENTED_EDGE('',*,*,#3420,.T.);
#4598=ORIENTED_EDGE('',*,*,#3421,.F.);
#4599=ORIENTED_EDGE('',*,*,#3422,.F.);
#4600=ORIENTED_EDGE('',*,*,#3423,.T.);
#4601=ORIENTED_EDGE('',*,*,#3424,.T.);
#4602=ORIENTED_EDGE('',*,*,#3419,.F.);
#4603=ORIENTED_EDGE('',*,*,#3425,.F.);
#4604=ORIENTED_EDGE('',*,*,#3426,.T.);
#4605=ORIENTED_EDGE('',*,*,#3427,.T.);
#4606=ORIENTED_EDGE('',*,*,#3423,.F.);
#4607=ORIENTED_EDGE('',*,*,#3428,.F.);
#4608=ORIENTED_EDGE('',*,*,#3429,.T.);
#4609=ORIENTED_EDGE('',*,*,#3430,.T.);
#4610=ORIENTED_EDGE('',*,*,#3426,.F.);
#4611=ORIENTED_EDGE('',*,*,#3431,.F.);
#4612=ORIENTED_EDGE('',*,*,#3432,.T.);
#4613=ORIENTED_EDGE('',*,*,#3433,.T.);
#4614=ORIENTED_EDGE('',*,*,#3429,.F.);
#4615=ORIENTED_EDGE('',*,*,#3434,.F.);
#4616=ORIENTED_EDGE('',*,*,#3435,.T.);
#4617=ORIENTED_EDGE('',*,*,#3436,.T.);
#4618=ORIENTED_EDGE('',*,*,#3432,.F.);
#4619=ORIENTED_EDGE('',*,*,#3437,.F.);
#4620=ORIENTED_EDGE('',*,*,#3438,.T.);
#4621=ORIENTED_EDGE('',*,*,#3439,.T.);
#4622=ORIENTED_EDGE('',*,*,#3435,.F.);
#4623=ORIENTED_EDGE('',*,*,#3440,.F.);
#4624=ORIENTED_EDGE('',*,*,#3441,.T.);
#4625=ORIENTED_EDGE('',*,*,#3442,.T.);
#4626=ORIENTED_EDGE('',*,*,#3438,.F.);
#4627=ORIENTED_EDGE('',*,*,#3443,.F.);
#4628=ORIENTED_EDGE('',*,*,#3444,.T.);
#4629=ORIENTED_EDGE('',*,*,#3445,.T.);
#4630=ORIENTED_EDGE('',*,*,#3441,.F.);
#4631=ORIENTED_EDGE('',*,*,#3446,.F.);
#4632=ORIENTED_EDGE('',*,*,#3447,.T.);
#4633=ORIENTED_EDGE('',*,*,#3448,.T.);
#4634=ORIENTED_EDGE('',*,*,#3444,.F.);
#4635=ORIENTED_EDGE('',*,*,#3449,.F.);
#4636=ORIENTED_EDGE('',*,*,#3450,.T.);
#4637=ORIENTED_EDGE('',*,*,#3451,.T.);
#4638=ORIENTED_EDGE('',*,*,#3447,.F.);
#4639=ORIENTED_EDGE('',*,*,#3452,.F.);
#4640=ORIENTED_EDGE('',*,*,#3453,.T.);
#4641=ORIENTED_EDGE('',*,*,#3454,.T.);
#4642=ORIENTED_EDGE('',*,*,#3450,.F.);
#4643=ORIENTED_EDGE('',*,*,#3455,.F.);
#4644=ORIENTED_EDGE('',*,*,#3456,.T.);
#4645=ORIENTED_EDGE('',*,*,#3457,.T.);
#4646=ORIENTED_EDGE('',*,*,#3453,.F.);
#4647=ORIENTED_EDGE('',*,*,#3458,.F.);
#4648=ORIENTED_EDGE('',*,*,#3459,.T.);
#4649=ORIENTED_EDGE('',*,*,#3460,.T.);
#4650=ORIENTED_EDGE('',*,*,#3456,.F.);
#4651=ORIENTED_EDGE('',*,*,#3461,.F.);
#4652=ORIENTED_EDGE('',*,*,#3462,.T.);
#4653=ORIENTED_EDGE('',*,*,#3463,.T.);
#4654=ORIENTED_EDGE('',*,*,#3459,.F.);
#4655=ORIENTED_EDGE('',*,*,#3464,.F.);
#4656=ORIENTED_EDGE('',*,*,#3465,.T.);
#4657=ORIENTED_EDGE('',*,*,#3466,.T.);
#4658=ORIENTED_EDGE('',*,*,#3462,.F.);
#4659=ORIENTED_EDGE('',*,*,#3467,.F.);
#4660=ORIENTED_EDGE('',*,*,#3468,.T.);
#4661=ORIENTED_EDGE('',*,*,#3469,.T.);
#4662=ORIENTED_EDGE('',*,*,#3465,.F.);
#4663=ORIENTED_EDGE('',*,*,#3470,.F.);
#4664=ORIENTED_EDGE('',*,*,#3471,.T.);
#4665=ORIENTED_EDGE('',*,*,#3472,.T.);
#4666=ORIENTED_EDGE('',*,*,#3468,.F.);
#4667=ORIENTED_EDGE('',*,*,#3473,.F.);
#4668=ORIENTED_EDGE('',*,*,#3421,.T.);
#4669=ORIENTED_EDGE('',*,*,#3474,.T.);
#4670=ORIENTED_EDGE('',*,*,#3471,.F.);
#4671=ORIENTED_EDGE('',*,*,#3474,.F.);
#4672=ORIENTED_EDGE('',*,*,#3420,.F.);
#4673=ORIENTED_EDGE('',*,*,#3424,.F.);
#4674=ORIENTED_EDGE('',*,*,#3427,.F.);
#4675=ORIENTED_EDGE('',*,*,#3430,.F.);
#4676=ORIENTED_EDGE('',*,*,#3433,.F.);
#4677=ORIENTED_EDGE('',*,*,#3436,.F.);
#4678=ORIENTED_EDGE('',*,*,#3439,.F.);
#4679=ORIENTED_EDGE('',*,*,#3442,.F.);
#4680=ORIENTED_EDGE('',*,*,#3445,.F.);
#4681=ORIENTED_EDGE('',*,*,#3448,.F.);
#4682=ORIENTED_EDGE('',*,*,#3451,.F.);
#4683=ORIENTED_EDGE('',*,*,#3454,.F.);
#4684=ORIENTED_EDGE('',*,*,#3457,.F.);
#4685=ORIENTED_EDGE('',*,*,#3460,.F.);
#4686=ORIENTED_EDGE('',*,*,#3463,.F.);
#4687=ORIENTED_EDGE('',*,*,#3466,.F.);
#4688=ORIENTED_EDGE('',*,*,#3469,.F.);
#4689=ORIENTED_EDGE('',*,*,#3472,.F.);
#4690=ORIENTED_EDGE('',*,*,#3475,.F.);
#4691=ORIENTED_EDGE('',*,*,#3476,.T.);
#4692=ORIENTED_EDGE('',*,*,#3477,.T.);
#4693=ORIENTED_EDGE('',*,*,#3478,.F.);
#4694=ORIENTED_EDGE('',*,*,#3479,.F.);
#4695=ORIENTED_EDGE('',*,*,#3480,.T.);
#4696=ORIENTED_EDGE('',*,*,#3481,.T.);
#4697=ORIENTED_EDGE('',*,*,#3476,.F.);
#4698=ORIENTED_EDGE('',*,*,#3482,.F.);
#4699=ORIENTED_EDGE('',*,*,#3483,.T.);
#4700=ORIENTED_EDGE('',*,*,#3484,.T.);
#4701=ORIENTED_EDGE('',*,*,#3480,.F.);
#4702=ORIENTED_EDGE('',*,*,#3485,.F.);
#4703=ORIENTED_EDGE('',*,*,#3486,.T.);
#4704=ORIENTED_EDGE('',*,*,#3487,.T.);
#4705=ORIENTED_EDGE('',*,*,#3483,.F.);
#4706=ORIENTED_EDGE('',*,*,#3488,.F.);
#4707=ORIENTED_EDGE('',*,*,#3489,.T.);
#4708=ORIENTED_EDGE('',*,*,#3490,.T.);
#4709=ORIENTED_EDGE('',*,*,#3486,.F.);
#4710=ORIENTED_EDGE('',*,*,#3491,.F.);
#4711=ORIENTED_EDGE('',*,*,#3492,.T.);
#4712=ORIENTED_EDGE('',*,*,#3493,.T.);
#4713=ORIENTED_EDGE('',*,*,#3489,.F.);
#4714=ORIENTED_EDGE('',*,*,#3494,.F.);
#4715=ORIENTED_EDGE('',*,*,#3495,.T.);
#4716=ORIENTED_EDGE('',*,*,#3496,.T.);
#4717=ORIENTED_EDGE('',*,*,#3492,.F.);
#4718=ORIENTED_EDGE('',*,*,#3497,.F.);
#4719=ORIENTED_EDGE('',*,*,#3478,.T.);
#4720=ORIENTED_EDGE('',*,*,#3498,.T.);
#4721=ORIENTED_EDGE('',*,*,#3495,.F.);
#4722=ORIENTED_EDGE('',*,*,#3499,.F.);
#4723=ORIENTED_EDGE('',*,*,#3500,.T.);
#4724=ORIENTED_EDGE('',*,*,#3501,.T.);
#4725=ORIENTED_EDGE('',*,*,#3502,.F.);
#4726=ORIENTED_EDGE('',*,*,#3503,.F.);
#4727=ORIENTED_EDGE('',*,*,#3504,.T.);
#4728=ORIENTED_EDGE('',*,*,#3505,.T.);
#4729=ORIENTED_EDGE('',*,*,#3500,.F.);
#4730=ORIENTED_EDGE('',*,*,#3506,.F.);
#4731=ORIENTED_EDGE('',*,*,#3507,.T.);
#4732=ORIENTED_EDGE('',*,*,#3508,.T.);
#4733=ORIENTED_EDGE('',*,*,#3504,.F.);
#4734=ORIENTED_EDGE('',*,*,#3509,.F.);
#4735=ORIENTED_EDGE('',*,*,#3510,.T.);
#4736=ORIENTED_EDGE('',*,*,#3511,.T.);
#4737=ORIENTED_EDGE('',*,*,#3507,.F.);
#4738=ORIENTED_EDGE('',*,*,#3512,.F.);
#4739=ORIENTED_EDGE('',*,*,#3513,.T.);
#4740=ORIENTED_EDGE('',*,*,#3514,.T.);
#4741=ORIENTED_EDGE('',*,*,#3510,.F.);
#4742=ORIENTED_EDGE('',*,*,#3515,.F.);
#4743=ORIENTED_EDGE('',*,*,#3516,.T.);
#4744=ORIENTED_EDGE('',*,*,#3517,.T.);
#4745=ORIENTED_EDGE('',*,*,#3513,.F.);
#4746=ORIENTED_EDGE('',*,*,#3518,.F.);
#4747=ORIENTED_EDGE('',*,*,#3519,.T.);
#4748=ORIENTED_EDGE('',*,*,#3520,.T.);
#4749=ORIENTED_EDGE('',*,*,#3516,.F.);
#4750=ORIENTED_EDGE('',*,*,#3521,.F.);
#4751=ORIENTED_EDGE('',*,*,#3522,.T.);
#4752=ORIENTED_EDGE('',*,*,#3523,.T.);
#4753=ORIENTED_EDGE('',*,*,#3519,.F.);
#4754=ORIENTED_EDGE('',*,*,#3524,.F.);
#4755=ORIENTED_EDGE('',*,*,#3525,.T.);
#4756=ORIENTED_EDGE('',*,*,#3526,.T.);
#4757=ORIENTED_EDGE('',*,*,#3522,.F.);
#4758=ORIENTED_EDGE('',*,*,#3527,.F.);
#4759=ORIENTED_EDGE('',*,*,#3528,.T.);
#4760=ORIENTED_EDGE('',*,*,#3529,.T.);
#4761=ORIENTED_EDGE('',*,*,#3525,.F.);
#4762=ORIENTED_EDGE('',*,*,#3530,.F.);
#4763=ORIENTED_EDGE('',*,*,#3531,.T.);
#4764=ORIENTED_EDGE('',*,*,#3532,.T.);
#4765=ORIENTED_EDGE('',*,*,#3528,.F.);
#4766=ORIENTED_EDGE('',*,*,#3533,.F.);
#4767=ORIENTED_EDGE('',*,*,#3534,.T.);
#4768=ORIENTED_EDGE('',*,*,#3535,.T.);
#4769=ORIENTED_EDGE('',*,*,#3531,.F.);
#4770=ORIENTED_EDGE('',*,*,#3536,.F.);
#4771=ORIENTED_EDGE('',*,*,#3537,.T.);
#4772=ORIENTED_EDGE('',*,*,#3538,.T.);
#4773=ORIENTED_EDGE('',*,*,#3534,.F.);
#4774=ORIENTED_EDGE('',*,*,#3539,.F.);
#4775=ORIENTED_EDGE('',*,*,#3540,.T.);
#4776=ORIENTED_EDGE('',*,*,#3541,.T.);
#4777=ORIENTED_EDGE('',*,*,#3537,.F.);
#4778=ORIENTED_EDGE('',*,*,#3542,.F.);
#4779=ORIENTED_EDGE('',*,*,#3502,.T.);
#4780=ORIENTED_EDGE('',*,*,#3543,.T.);
#4781=ORIENTED_EDGE('',*,*,#3540,.F.);
#4782=ORIENTED_EDGE('',*,*,#3543,.F.);
#4783=ORIENTED_EDGE('',*,*,#3501,.F.);
#4784=ORIENTED_EDGE('',*,*,#3505,.F.);
#4785=ORIENTED_EDGE('',*,*,#3508,.F.);
#4786=ORIENTED_EDGE('',*,*,#3511,.F.);
#4787=ORIENTED_EDGE('',*,*,#3514,.F.);
#4788=ORIENTED_EDGE('',*,*,#3517,.F.);
#4789=ORIENTED_EDGE('',*,*,#3520,.F.);
#4790=ORIENTED_EDGE('',*,*,#3523,.F.);
#4791=ORIENTED_EDGE('',*,*,#3526,.F.);
#4792=ORIENTED_EDGE('',*,*,#3529,.F.);
#4793=ORIENTED_EDGE('',*,*,#3532,.F.);
#4794=ORIENTED_EDGE('',*,*,#3535,.F.);
#4795=ORIENTED_EDGE('',*,*,#3538,.F.);
#4796=ORIENTED_EDGE('',*,*,#3541,.F.);
#4797=ORIENTED_EDGE('',*,*,#3498,.F.);
#4798=ORIENTED_EDGE('',*,*,#3477,.F.);
#4799=ORIENTED_EDGE('',*,*,#3481,.F.);
#4800=ORIENTED_EDGE('',*,*,#3484,.F.);
#4801=ORIENTED_EDGE('',*,*,#3487,.F.);
#4802=ORIENTED_EDGE('',*,*,#3490,.F.);
#4803=ORIENTED_EDGE('',*,*,#3493,.F.);
#4804=ORIENTED_EDGE('',*,*,#3496,.F.);
#4805=ORIENTED_EDGE('',*,*,#3544,.F.);
#4806=ORIENTED_EDGE('',*,*,#3545,.T.);
#4807=ORIENTED_EDGE('',*,*,#3546,.T.);
#4808=ORIENTED_EDGE('',*,*,#3547,.F.);
#4809=ORIENTED_EDGE('',*,*,#3548,.F.);
#4810=ORIENTED_EDGE('',*,*,#3549,.T.);
#4811=ORIENTED_EDGE('',*,*,#3550,.T.);
#4812=ORIENTED_EDGE('',*,*,#3545,.F.);
#4813=ORIENTED_EDGE('',*,*,#3551,.F.);
#4814=ORIENTED_EDGE('',*,*,#3552,.T.);
#4815=ORIENTED_EDGE('',*,*,#3553,.T.);
#4816=ORIENTED_EDGE('',*,*,#3549,.F.);
#4817=ORIENTED_EDGE('',*,*,#3554,.F.);
#4818=ORIENTED_EDGE('',*,*,#3555,.T.);
#4819=ORIENTED_EDGE('',*,*,#3556,.T.);
#4820=ORIENTED_EDGE('',*,*,#3552,.F.);
#4821=ORIENTED_EDGE('',*,*,#3557,.F.);
#4822=ORIENTED_EDGE('',*,*,#3558,.T.);
#4823=ORIENTED_EDGE('',*,*,#3559,.T.);
#4824=ORIENTED_EDGE('',*,*,#3555,.F.);
#4825=ORIENTED_EDGE('',*,*,#3560,.F.);
#4826=ORIENTED_EDGE('',*,*,#3561,.T.);
#4827=ORIENTED_EDGE('',*,*,#3562,.T.);
#4828=ORIENTED_EDGE('',*,*,#3558,.F.);
#4829=ORIENTED_EDGE('',*,*,#3563,.F.);
#4830=ORIENTED_EDGE('',*,*,#3564,.T.);
#4831=ORIENTED_EDGE('',*,*,#3565,.T.);
#4832=ORIENTED_EDGE('',*,*,#3561,.F.);
#4833=ORIENTED_EDGE('',*,*,#3566,.F.);
#4834=ORIENTED_EDGE('',*,*,#3567,.T.);
#4835=ORIENTED_EDGE('',*,*,#3568,.T.);
#4836=ORIENTED_EDGE('',*,*,#3564,.F.);
#4837=ORIENTED_EDGE('',*,*,#3569,.F.);
#4838=ORIENTED_EDGE('',*,*,#3570,.T.);
#4839=ORIENTED_EDGE('',*,*,#3571,.T.);
#4840=ORIENTED_EDGE('',*,*,#3567,.F.);
#4841=ORIENTED_EDGE('',*,*,#3572,.F.);
#4842=ORIENTED_EDGE('',*,*,#3547,.T.);
#4843=ORIENTED_EDGE('',*,*,#3573,.T.);
#4844=ORIENTED_EDGE('',*,*,#3570,.F.);
#4845=ORIENTED_EDGE('',*,*,#3574,.F.);
#4846=ORIENTED_EDGE('',*,*,#3575,.T.);
#4847=ORIENTED_EDGE('',*,*,#3576,.T.);
#4848=ORIENTED_EDGE('',*,*,#3577,.F.);
#4849=ORIENTED_EDGE('',*,*,#3578,.F.);
#4850=ORIENTED_EDGE('',*,*,#3579,.T.);
#4851=ORIENTED_EDGE('',*,*,#3580,.T.);
#4852=ORIENTED_EDGE('',*,*,#3575,.F.);
#4853=ORIENTED_EDGE('',*,*,#3581,.F.);
#4854=ORIENTED_EDGE('',*,*,#3582,.T.);
#4855=ORIENTED_EDGE('',*,*,#3583,.T.);
#4856=ORIENTED_EDGE('',*,*,#3579,.F.);
#4857=ORIENTED_EDGE('',*,*,#3584,.F.);
#4858=ORIENTED_EDGE('',*,*,#3585,.T.);
#4859=ORIENTED_EDGE('',*,*,#3586,.T.);
#4860=ORIENTED_EDGE('',*,*,#3582,.F.);
#4861=ORIENTED_EDGE('',*,*,#3587,.F.);
#4862=ORIENTED_EDGE('',*,*,#3588,.T.);
#4863=ORIENTED_EDGE('',*,*,#3589,.T.);
#4864=ORIENTED_EDGE('',*,*,#3585,.F.);
#4865=ORIENTED_EDGE('',*,*,#3590,.F.);
#4866=ORIENTED_EDGE('',*,*,#3591,.T.);
#4867=ORIENTED_EDGE('',*,*,#3592,.T.);
#4868=ORIENTED_EDGE('',*,*,#3588,.F.);
#4869=ORIENTED_EDGE('',*,*,#3593,.F.);
#4870=ORIENTED_EDGE('',*,*,#3594,.T.);
#4871=ORIENTED_EDGE('',*,*,#3595,.T.);
#4872=ORIENTED_EDGE('',*,*,#3591,.F.);
#4873=ORIENTED_EDGE('',*,*,#3596,.F.);
#4874=ORIENTED_EDGE('',*,*,#3597,.T.);
#4875=ORIENTED_EDGE('',*,*,#3598,.T.);
#4876=ORIENTED_EDGE('',*,*,#3594,.F.);
#4877=ORIENTED_EDGE('',*,*,#3599,.F.);
#4878=ORIENTED_EDGE('',*,*,#3600,.T.);
#4879=ORIENTED_EDGE('',*,*,#3601,.T.);
#4880=ORIENTED_EDGE('',*,*,#3597,.F.);
#4881=ORIENTED_EDGE('',*,*,#3602,.F.);
#4882=ORIENTED_EDGE('',*,*,#3603,.T.);
#4883=ORIENTED_EDGE('',*,*,#3604,.T.);
#4884=ORIENTED_EDGE('',*,*,#3600,.F.);
#4885=ORIENTED_EDGE('',*,*,#3605,.F.);
#4886=ORIENTED_EDGE('',*,*,#3606,.T.);
#4887=ORIENTED_EDGE('',*,*,#3607,.T.);
#4888=ORIENTED_EDGE('',*,*,#3603,.F.);
#4889=ORIENTED_EDGE('',*,*,#3608,.F.);
#4890=ORIENTED_EDGE('',*,*,#3609,.T.);
#4891=ORIENTED_EDGE('',*,*,#3610,.T.);
#4892=ORIENTED_EDGE('',*,*,#3606,.F.);
#4893=ORIENTED_EDGE('',*,*,#3611,.F.);
#4894=ORIENTED_EDGE('',*,*,#3612,.T.);
#4895=ORIENTED_EDGE('',*,*,#3613,.T.);
#4896=ORIENTED_EDGE('',*,*,#3609,.F.);
#4897=ORIENTED_EDGE('',*,*,#3614,.F.);
#4898=ORIENTED_EDGE('',*,*,#3615,.T.);
#4899=ORIENTED_EDGE('',*,*,#3616,.T.);
#4900=ORIENTED_EDGE('',*,*,#3612,.F.);
#4901=ORIENTED_EDGE('',*,*,#3617,.F.);
#4902=ORIENTED_EDGE('',*,*,#3618,.T.);
#4903=ORIENTED_EDGE('',*,*,#3619,.T.);
#4904=ORIENTED_EDGE('',*,*,#3615,.F.);
#4905=ORIENTED_EDGE('',*,*,#3620,.F.);
#4906=ORIENTED_EDGE('',*,*,#3621,.T.);
#4907=ORIENTED_EDGE('',*,*,#3622,.T.);
#4908=ORIENTED_EDGE('',*,*,#3618,.F.);
#4909=ORIENTED_EDGE('',*,*,#3623,.F.);
#4910=ORIENTED_EDGE('',*,*,#3624,.T.);
#4911=ORIENTED_EDGE('',*,*,#3625,.T.);
#4912=ORIENTED_EDGE('',*,*,#3621,.F.);
#4913=ORIENTED_EDGE('',*,*,#3626,.F.);
#4914=ORIENTED_EDGE('',*,*,#3627,.T.);
#4915=ORIENTED_EDGE('',*,*,#3628,.T.);
#4916=ORIENTED_EDGE('',*,*,#3624,.F.);
#4917=ORIENTED_EDGE('',*,*,#3629,.F.);
#4918=ORIENTED_EDGE('',*,*,#3630,.T.);
#4919=ORIENTED_EDGE('',*,*,#3631,.T.);
#4920=ORIENTED_EDGE('',*,*,#3627,.F.);
#4921=ORIENTED_EDGE('',*,*,#3632,.F.);
#4922=ORIENTED_EDGE('',*,*,#3633,.T.);
#4923=ORIENTED_EDGE('',*,*,#3634,.T.);
#4924=ORIENTED_EDGE('',*,*,#3630,.F.);
#4925=ORIENTED_EDGE('',*,*,#3635,.F.);
#4926=ORIENTED_EDGE('',*,*,#3636,.T.);
#4927=ORIENTED_EDGE('',*,*,#3637,.T.);
#4928=ORIENTED_EDGE('',*,*,#3633,.F.);
#4929=ORIENTED_EDGE('',*,*,#3638,.F.);
#4930=ORIENTED_EDGE('',*,*,#3639,.T.);
#4931=ORIENTED_EDGE('',*,*,#3640,.T.);
#4932=ORIENTED_EDGE('',*,*,#3636,.F.);
#4933=ORIENTED_EDGE('',*,*,#3641,.F.);
#4934=ORIENTED_EDGE('',*,*,#3642,.T.);
#4935=ORIENTED_EDGE('',*,*,#3643,.T.);
#4936=ORIENTED_EDGE('',*,*,#3639,.F.);
#4937=ORIENTED_EDGE('',*,*,#3644,.F.);
#4938=ORIENTED_EDGE('',*,*,#3645,.T.);
#4939=ORIENTED_EDGE('',*,*,#3646,.T.);
#4940=ORIENTED_EDGE('',*,*,#3642,.F.);
#4941=ORIENTED_EDGE('',*,*,#3647,.F.);
#4942=ORIENTED_EDGE('',*,*,#3648,.T.);
#4943=ORIENTED_EDGE('',*,*,#3649,.T.);
#4944=ORIENTED_EDGE('',*,*,#3645,.F.);
#4945=ORIENTED_EDGE('',*,*,#3650,.F.);
#4946=ORIENTED_EDGE('',*,*,#3651,.T.);
#4947=ORIENTED_EDGE('',*,*,#3652,.T.);
#4948=ORIENTED_EDGE('',*,*,#3648,.F.);
#4949=ORIENTED_EDGE('',*,*,#3653,.F.);
#4950=ORIENTED_EDGE('',*,*,#3577,.T.);
#4951=ORIENTED_EDGE('',*,*,#3654,.T.);
#4952=ORIENTED_EDGE('',*,*,#3651,.F.);
#4953=ORIENTED_EDGE('',*,*,#3654,.F.);
#4954=ORIENTED_EDGE('',*,*,#3576,.F.);
#4955=ORIENTED_EDGE('',*,*,#3580,.F.);
#4956=ORIENTED_EDGE('',*,*,#3583,.F.);
#4957=ORIENTED_EDGE('',*,*,#3586,.F.);
#4958=ORIENTED_EDGE('',*,*,#3589,.F.);
#4959=ORIENTED_EDGE('',*,*,#3592,.F.);
#4960=ORIENTED_EDGE('',*,*,#3595,.F.);
#4961=ORIENTED_EDGE('',*,*,#3598,.F.);
#4962=ORIENTED_EDGE('',*,*,#3601,.F.);
#4963=ORIENTED_EDGE('',*,*,#3604,.F.);
#4964=ORIENTED_EDGE('',*,*,#3607,.F.);
#4965=ORIENTED_EDGE('',*,*,#3610,.F.);
#4966=ORIENTED_EDGE('',*,*,#3613,.F.);
#4967=ORIENTED_EDGE('',*,*,#3616,.F.);
#4968=ORIENTED_EDGE('',*,*,#3619,.F.);
#4969=ORIENTED_EDGE('',*,*,#3622,.F.);
#4970=ORIENTED_EDGE('',*,*,#3625,.F.);
#4971=ORIENTED_EDGE('',*,*,#3628,.F.);
#4972=ORIENTED_EDGE('',*,*,#3631,.F.);
#4973=ORIENTED_EDGE('',*,*,#3634,.F.);
#4974=ORIENTED_EDGE('',*,*,#3637,.F.);
#4975=ORIENTED_EDGE('',*,*,#3640,.F.);
#4976=ORIENTED_EDGE('',*,*,#3643,.F.);
#4977=ORIENTED_EDGE('',*,*,#3646,.F.);
#4978=ORIENTED_EDGE('',*,*,#3649,.F.);
#4979=ORIENTED_EDGE('',*,*,#3652,.F.);
#4980=ORIENTED_EDGE('',*,*,#3573,.F.);
#4981=ORIENTED_EDGE('',*,*,#3546,.F.);
#4982=ORIENTED_EDGE('',*,*,#3550,.F.);
#4983=ORIENTED_EDGE('',*,*,#3553,.F.);
#4984=ORIENTED_EDGE('',*,*,#3556,.F.);
#4985=ORIENTED_EDGE('',*,*,#3559,.F.);
#4986=ORIENTED_EDGE('',*,*,#3562,.F.);
#4987=ORIENTED_EDGE('',*,*,#3565,.F.);
#4988=ORIENTED_EDGE('',*,*,#3568,.F.);
#4989=ORIENTED_EDGE('',*,*,#3571,.F.);
#4990=ORIENTED_EDGE('',*,*,#3655,.F.);
#4991=ORIENTED_EDGE('',*,*,#3656,.T.);
#4992=ORIENTED_EDGE('',*,*,#3657,.T.);
#4993=ORIENTED_EDGE('',*,*,#3658,.F.);
#4994=ORIENTED_EDGE('',*,*,#3659,.F.);
#4995=ORIENTED_EDGE('',*,*,#3660,.T.);
#4996=ORIENTED_EDGE('',*,*,#3661,.T.);
#4997=ORIENTED_EDGE('',*,*,#3656,.F.);
#4998=ORIENTED_EDGE('',*,*,#3662,.F.);
#4999=ORIENTED_EDGE('',*,*,#3663,.T.);
#5000=ORIENTED_EDGE('',*,*,#3664,.T.);
#5001=ORIENTED_EDGE('',*,*,#3660,.F.);
#5002=ORIENTED_EDGE('',*,*,#3665,.F.);
#5003=ORIENTED_EDGE('',*,*,#3666,.T.);
#5004=ORIENTED_EDGE('',*,*,#3667,.T.);
#5005=ORIENTED_EDGE('',*,*,#3663,.F.);
#5006=ORIENTED_EDGE('',*,*,#3668,.F.);
#5007=ORIENTED_EDGE('',*,*,#3669,.T.);
#5008=ORIENTED_EDGE('',*,*,#3670,.T.);
#5009=ORIENTED_EDGE('',*,*,#3666,.F.);
#5010=ORIENTED_EDGE('',*,*,#3671,.F.);
#5011=ORIENTED_EDGE('',*,*,#3672,.T.);
#5012=ORIENTED_EDGE('',*,*,#3673,.T.);
#5013=ORIENTED_EDGE('',*,*,#3669,.F.);
#5014=ORIENTED_EDGE('',*,*,#3674,.F.);
#5015=ORIENTED_EDGE('',*,*,#3675,.T.);
#5016=ORIENTED_EDGE('',*,*,#3676,.T.);
#5017=ORIENTED_EDGE('',*,*,#3672,.F.);
#5018=ORIENTED_EDGE('',*,*,#3677,.F.);
#5019=ORIENTED_EDGE('',*,*,#3678,.T.);
#5020=ORIENTED_EDGE('',*,*,#3679,.T.);
#5021=ORIENTED_EDGE('',*,*,#3675,.F.);
#5022=ORIENTED_EDGE('',*,*,#3680,.F.);
#5023=ORIENTED_EDGE('',*,*,#3681,.T.);
#5024=ORIENTED_EDGE('',*,*,#3682,.T.);
#5025=ORIENTED_EDGE('',*,*,#3678,.F.);
#5026=ORIENTED_EDGE('',*,*,#3683,.F.);
#5027=ORIENTED_EDGE('',*,*,#3684,.T.);
#5028=ORIENTED_EDGE('',*,*,#3685,.T.);
#5029=ORIENTED_EDGE('',*,*,#3681,.F.);
#5030=ORIENTED_EDGE('',*,*,#3686,.F.);
#5031=ORIENTED_EDGE('',*,*,#3687,.T.);
#5032=ORIENTED_EDGE('',*,*,#3688,.T.);
#5033=ORIENTED_EDGE('',*,*,#3684,.F.);
#5034=ORIENTED_EDGE('',*,*,#3689,.F.);
#5035=ORIENTED_EDGE('',*,*,#3658,.T.);
#5036=ORIENTED_EDGE('',*,*,#3690,.T.);
#5037=ORIENTED_EDGE('',*,*,#3687,.F.);
#5038=ORIENTED_EDGE('',*,*,#3690,.F.);
#5039=ORIENTED_EDGE('',*,*,#3657,.F.);
#5040=ORIENTED_EDGE('',*,*,#3661,.F.);
#5041=ORIENTED_EDGE('',*,*,#3664,.F.);
#5042=ORIENTED_EDGE('',*,*,#3667,.F.);
#5043=ORIENTED_EDGE('',*,*,#3670,.F.);
#5044=ORIENTED_EDGE('',*,*,#3673,.F.);
#5045=ORIENTED_EDGE('',*,*,#3676,.F.);
#5046=ORIENTED_EDGE('',*,*,#3679,.F.);
#5047=ORIENTED_EDGE('',*,*,#3682,.F.);
#5048=ORIENTED_EDGE('',*,*,#3685,.F.);
#5049=ORIENTED_EDGE('',*,*,#3688,.F.);
#5050=ORIENTED_EDGE('',*,*,#3691,.F.);
#5051=ORIENTED_EDGE('',*,*,#3692,.T.);
#5052=ORIENTED_EDGE('',*,*,#3693,.T.);
#5053=ORIENTED_EDGE('',*,*,#3694,.F.);
#5054=ORIENTED_EDGE('',*,*,#3695,.F.);
#5055=ORIENTED_EDGE('',*,*,#3696,.T.);
#5056=ORIENTED_EDGE('',*,*,#3697,.T.);
#5057=ORIENTED_EDGE('',*,*,#3692,.F.);
#5058=ORIENTED_EDGE('',*,*,#3698,.F.);
#5059=ORIENTED_EDGE('',*,*,#3699,.T.);
#5060=ORIENTED_EDGE('',*,*,#3700,.T.);
#5061=ORIENTED_EDGE('',*,*,#3696,.F.);
#5062=ORIENTED_EDGE('',*,*,#3701,.F.);
#5063=ORIENTED_EDGE('',*,*,#3702,.T.);
#5064=ORIENTED_EDGE('',*,*,#3703,.T.);
#5065=ORIENTED_EDGE('',*,*,#3699,.F.);
#5066=ORIENTED_EDGE('',*,*,#3704,.F.);
#5067=ORIENTED_EDGE('',*,*,#3705,.T.);
#5068=ORIENTED_EDGE('',*,*,#3706,.T.);
#5069=ORIENTED_EDGE('',*,*,#3702,.F.);
#5070=ORIENTED_EDGE('',*,*,#3707,.F.);
#5071=ORIENTED_EDGE('',*,*,#3708,.T.);
#5072=ORIENTED_EDGE('',*,*,#3709,.T.);
#5073=ORIENTED_EDGE('',*,*,#3705,.F.);
#5074=ORIENTED_EDGE('',*,*,#3710,.F.);
#5075=ORIENTED_EDGE('',*,*,#3711,.T.);
#5076=ORIENTED_EDGE('',*,*,#3712,.T.);
#5077=ORIENTED_EDGE('',*,*,#3708,.F.);
#5078=ORIENTED_EDGE('',*,*,#3713,.F.);
#5079=ORIENTED_EDGE('',*,*,#3714,.T.);
#5080=ORIENTED_EDGE('',*,*,#3715,.T.);
#5081=ORIENTED_EDGE('',*,*,#3711,.F.);
#5082=ORIENTED_EDGE('',*,*,#3716,.F.);
#5083=ORIENTED_EDGE('',*,*,#3717,.T.);
#5084=ORIENTED_EDGE('',*,*,#3718,.T.);
#5085=ORIENTED_EDGE('',*,*,#3714,.F.);
#5086=ORIENTED_EDGE('',*,*,#3719,.F.);
#5087=ORIENTED_EDGE('',*,*,#3694,.T.);
#5088=ORIENTED_EDGE('',*,*,#3720,.T.);
#5089=ORIENTED_EDGE('',*,*,#3717,.F.);
#5090=ORIENTED_EDGE('',*,*,#3721,.F.);
#5091=ORIENTED_EDGE('',*,*,#3722,.T.);
#5092=ORIENTED_EDGE('',*,*,#3723,.T.);
#5093=ORIENTED_EDGE('',*,*,#3724,.F.);
#5094=ORIENTED_EDGE('',*,*,#3725,.F.);
#5095=ORIENTED_EDGE('',*,*,#3726,.T.);
#5096=ORIENTED_EDGE('',*,*,#3727,.T.);
#5097=ORIENTED_EDGE('',*,*,#3722,.F.);
#5098=ORIENTED_EDGE('',*,*,#3728,.F.);
#5099=ORIENTED_EDGE('',*,*,#3729,.T.);
#5100=ORIENTED_EDGE('',*,*,#3730,.T.);
#5101=ORIENTED_EDGE('',*,*,#3726,.F.);
#5102=ORIENTED_EDGE('',*,*,#3731,.F.);
#5103=ORIENTED_EDGE('',*,*,#3732,.T.);
#5104=ORIENTED_EDGE('',*,*,#3733,.T.);
#5105=ORIENTED_EDGE('',*,*,#3729,.F.);
#5106=ORIENTED_EDGE('',*,*,#3734,.F.);
#5107=ORIENTED_EDGE('',*,*,#3735,.T.);
#5108=ORIENTED_EDGE('',*,*,#3736,.T.);
#5109=ORIENTED_EDGE('',*,*,#3732,.F.);
#5110=ORIENTED_EDGE('',*,*,#3737,.F.);
#5111=ORIENTED_EDGE('',*,*,#3738,.T.);
#5112=ORIENTED_EDGE('',*,*,#3739,.T.);
#5113=ORIENTED_EDGE('',*,*,#3735,.F.);
#5114=ORIENTED_EDGE('',*,*,#3740,.F.);
#5115=ORIENTED_EDGE('',*,*,#3741,.T.);
#5116=ORIENTED_EDGE('',*,*,#3742,.T.);
#5117=ORIENTED_EDGE('',*,*,#3738,.F.);
#5118=ORIENTED_EDGE('',*,*,#3743,.F.);
#5119=ORIENTED_EDGE('',*,*,#3744,.T.);
#5120=ORIENTED_EDGE('',*,*,#3745,.T.);
#5121=ORIENTED_EDGE('',*,*,#3741,.F.);
#5122=ORIENTED_EDGE('',*,*,#3746,.F.);
#5123=ORIENTED_EDGE('',*,*,#3747,.T.);
#5124=ORIENTED_EDGE('',*,*,#3748,.T.);
#5125=ORIENTED_EDGE('',*,*,#3744,.F.);
#5126=ORIENTED_EDGE('',*,*,#3749,.F.);
#5127=ORIENTED_EDGE('',*,*,#3750,.T.);
#5128=ORIENTED_EDGE('',*,*,#3751,.T.);
#5129=ORIENTED_EDGE('',*,*,#3747,.F.);
#5130=ORIENTED_EDGE('',*,*,#3752,.F.);
#5131=ORIENTED_EDGE('',*,*,#3753,.T.);
#5132=ORIENTED_EDGE('',*,*,#3754,.T.);
#5133=ORIENTED_EDGE('',*,*,#3750,.F.);
#5134=ORIENTED_EDGE('',*,*,#3755,.F.);
#5135=ORIENTED_EDGE('',*,*,#3756,.T.);
#5136=ORIENTED_EDGE('',*,*,#3757,.T.);
#5137=ORIENTED_EDGE('',*,*,#3753,.F.);
#5138=ORIENTED_EDGE('',*,*,#3758,.F.);
#5139=ORIENTED_EDGE('',*,*,#3759,.T.);
#5140=ORIENTED_EDGE('',*,*,#3760,.T.);
#5141=ORIENTED_EDGE('',*,*,#3756,.F.);
#5142=ORIENTED_EDGE('',*,*,#3761,.F.);
#5143=ORIENTED_EDGE('',*,*,#3762,.T.);
#5144=ORIENTED_EDGE('',*,*,#3763,.T.);
#5145=ORIENTED_EDGE('',*,*,#3759,.F.);
#5146=ORIENTED_EDGE('',*,*,#3764,.F.);
#5147=ORIENTED_EDGE('',*,*,#3765,.T.);
#5148=ORIENTED_EDGE('',*,*,#3766,.T.);
#5149=ORIENTED_EDGE('',*,*,#3762,.F.);
#5150=ORIENTED_EDGE('',*,*,#3767,.F.);
#5151=ORIENTED_EDGE('',*,*,#3768,.T.);
#5152=ORIENTED_EDGE('',*,*,#3769,.T.);
#5153=ORIENTED_EDGE('',*,*,#3765,.F.);
#5154=ORIENTED_EDGE('',*,*,#3770,.F.);
#5155=ORIENTED_EDGE('',*,*,#3771,.T.);
#5156=ORIENTED_EDGE('',*,*,#3772,.T.);
#5157=ORIENTED_EDGE('',*,*,#3768,.F.);
#5158=ORIENTED_EDGE('',*,*,#3773,.F.);
#5159=ORIENTED_EDGE('',*,*,#3774,.T.);
#5160=ORIENTED_EDGE('',*,*,#3775,.T.);
#5161=ORIENTED_EDGE('',*,*,#3771,.F.);
#5162=ORIENTED_EDGE('',*,*,#3776,.F.);
#5163=ORIENTED_EDGE('',*,*,#3777,.T.);
#5164=ORIENTED_EDGE('',*,*,#3778,.T.);
#5165=ORIENTED_EDGE('',*,*,#3774,.F.);
#5166=ORIENTED_EDGE('',*,*,#3779,.F.);
#5167=ORIENTED_EDGE('',*,*,#3780,.T.);
#5168=ORIENTED_EDGE('',*,*,#3781,.T.);
#5169=ORIENTED_EDGE('',*,*,#3777,.F.);
#5170=ORIENTED_EDGE('',*,*,#3782,.F.);
#5171=ORIENTED_EDGE('',*,*,#3783,.T.);
#5172=ORIENTED_EDGE('',*,*,#3784,.T.);
#5173=ORIENTED_EDGE('',*,*,#3780,.F.);
#5174=ORIENTED_EDGE('',*,*,#3785,.F.);
#5175=ORIENTED_EDGE('',*,*,#3786,.T.);
#5176=ORIENTED_EDGE('',*,*,#3787,.T.);
#5177=ORIENTED_EDGE('',*,*,#3783,.F.);
#5178=ORIENTED_EDGE('',*,*,#3788,.F.);
#5179=ORIENTED_EDGE('',*,*,#3789,.T.);
#5180=ORIENTED_EDGE('',*,*,#3790,.T.);
#5181=ORIENTED_EDGE('',*,*,#3786,.F.);
#5182=ORIENTED_EDGE('',*,*,#3791,.F.);
#5183=ORIENTED_EDGE('',*,*,#3792,.T.);
#5184=ORIENTED_EDGE('',*,*,#3793,.T.);
#5185=ORIENTED_EDGE('',*,*,#3789,.F.);
#5186=ORIENTED_EDGE('',*,*,#3794,.F.);
#5187=ORIENTED_EDGE('',*,*,#3795,.T.);
#5188=ORIENTED_EDGE('',*,*,#3796,.T.);
#5189=ORIENTED_EDGE('',*,*,#3792,.F.);
#5190=ORIENTED_EDGE('',*,*,#3797,.F.);
#5191=ORIENTED_EDGE('',*,*,#3798,.T.);
#5192=ORIENTED_EDGE('',*,*,#3799,.T.);
#5193=ORIENTED_EDGE('',*,*,#3795,.F.);
#5194=ORIENTED_EDGE('',*,*,#3800,.F.);
#5195=ORIENTED_EDGE('',*,*,#3724,.T.);
#5196=ORIENTED_EDGE('',*,*,#3801,.T.);
#5197=ORIENTED_EDGE('',*,*,#3798,.F.);
#5198=ORIENTED_EDGE('',*,*,#3801,.F.);
#5199=ORIENTED_EDGE('',*,*,#3723,.F.);
#5200=ORIENTED_EDGE('',*,*,#3727,.F.);
#5201=ORIENTED_EDGE('',*,*,#3730,.F.);
#5202=ORIENTED_EDGE('',*,*,#3733,.F.);
#5203=ORIENTED_EDGE('',*,*,#3736,.F.);
#5204=ORIENTED_EDGE('',*,*,#3739,.F.);
#5205=ORIENTED_EDGE('',*,*,#3742,.F.);
#5206=ORIENTED_EDGE('',*,*,#3745,.F.);
#5207=ORIENTED_EDGE('',*,*,#3748,.F.);
#5208=ORIENTED_EDGE('',*,*,#3751,.F.);
#5209=ORIENTED_EDGE('',*,*,#3754,.F.);
#5210=ORIENTED_EDGE('',*,*,#3757,.F.);
#5211=ORIENTED_EDGE('',*,*,#3760,.F.);
#5212=ORIENTED_EDGE('',*,*,#3763,.F.);
#5213=ORIENTED_EDGE('',*,*,#3766,.F.);
#5214=ORIENTED_EDGE('',*,*,#3769,.F.);
#5215=ORIENTED_EDGE('',*,*,#3772,.F.);
#5216=ORIENTED_EDGE('',*,*,#3775,.F.);
#5217=ORIENTED_EDGE('',*,*,#3778,.F.);
#5218=ORIENTED_EDGE('',*,*,#3781,.F.);
#5219=ORIENTED_EDGE('',*,*,#3784,.F.);
#5220=ORIENTED_EDGE('',*,*,#3787,.F.);
#5221=ORIENTED_EDGE('',*,*,#3790,.F.);
#5222=ORIENTED_EDGE('',*,*,#3793,.F.);
#5223=ORIENTED_EDGE('',*,*,#3796,.F.);
#5224=ORIENTED_EDGE('',*,*,#3799,.F.);
#5225=ORIENTED_EDGE('',*,*,#3720,.F.);
#5226=ORIENTED_EDGE('',*,*,#3693,.F.);
#5227=ORIENTED_EDGE('',*,*,#3697,.F.);
#5228=ORIENTED_EDGE('',*,*,#3700,.F.);
#5229=ORIENTED_EDGE('',*,*,#3703,.F.);
#5230=ORIENTED_EDGE('',*,*,#3706,.F.);
#5231=ORIENTED_EDGE('',*,*,#3709,.F.);
#5232=ORIENTED_EDGE('',*,*,#3712,.F.);
#5233=ORIENTED_EDGE('',*,*,#3715,.F.);
#5234=ORIENTED_EDGE('',*,*,#3718,.F.);
#5235=ORIENTED_EDGE('',*,*,#3802,.F.);
#5236=ORIENTED_EDGE('',*,*,#3803,.T.);
#5237=ORIENTED_EDGE('',*,*,#3804,.T.);
#5238=ORIENTED_EDGE('',*,*,#3805,.F.);
#5239=ORIENTED_EDGE('',*,*,#3806,.F.);
#5240=ORIENTED_EDGE('',*,*,#3807,.T.);
#5241=ORIENTED_EDGE('',*,*,#3808,.T.);
#5242=ORIENTED_EDGE('',*,*,#3803,.F.);
#5243=ORIENTED_EDGE('',*,*,#3809,.F.);
#5244=ORIENTED_EDGE('',*,*,#3810,.T.);
#5245=ORIENTED_EDGE('',*,*,#3811,.T.);
#5246=ORIENTED_EDGE('',*,*,#3807,.F.);
#5247=ORIENTED_EDGE('',*,*,#3812,.F.);
#5248=ORIENTED_EDGE('',*,*,#3813,.T.);
#5249=ORIENTED_EDGE('',*,*,#3814,.T.);
#5250=ORIENTED_EDGE('',*,*,#3810,.F.);
#5251=ORIENTED_EDGE('',*,*,#3815,.F.);
#5252=ORIENTED_EDGE('',*,*,#3816,.T.);
#5253=ORIENTED_EDGE('',*,*,#3817,.T.);
#5254=ORIENTED_EDGE('',*,*,#3813,.F.);
#5255=ORIENTED_EDGE('',*,*,#3818,.F.);
#5256=ORIENTED_EDGE('',*,*,#3819,.T.);
#5257=ORIENTED_EDGE('',*,*,#3820,.T.);
#5258=ORIENTED_EDGE('',*,*,#3816,.F.);
#5259=ORIENTED_EDGE('',*,*,#3821,.F.);
#5260=ORIENTED_EDGE('',*,*,#3822,.T.);
#5261=ORIENTED_EDGE('',*,*,#3823,.T.);
#5262=ORIENTED_EDGE('',*,*,#3819,.F.);
#5263=ORIENTED_EDGE('',*,*,#3824,.F.);
#5264=ORIENTED_EDGE('',*,*,#3825,.T.);
#5265=ORIENTED_EDGE('',*,*,#3826,.T.);
#5266=ORIENTED_EDGE('',*,*,#3822,.F.);
#5267=ORIENTED_EDGE('',*,*,#3827,.F.);
#5268=ORIENTED_EDGE('',*,*,#3828,.T.);
#5269=ORIENTED_EDGE('',*,*,#3829,.T.);
#5270=ORIENTED_EDGE('',*,*,#3825,.F.);
#5271=ORIENTED_EDGE('',*,*,#3830,.F.);
#5272=ORIENTED_EDGE('',*,*,#3831,.T.);
#5273=ORIENTED_EDGE('',*,*,#3832,.T.);
#5274=ORIENTED_EDGE('',*,*,#3828,.F.);
#5275=ORIENTED_EDGE('',*,*,#3833,.F.);
#5276=ORIENTED_EDGE('',*,*,#3834,.T.);
#5277=ORIENTED_EDGE('',*,*,#3835,.T.);
#5278=ORIENTED_EDGE('',*,*,#3831,.F.);
#5279=ORIENTED_EDGE('',*,*,#3836,.F.);
#5280=ORIENTED_EDGE('',*,*,#3805,.T.);
#5281=ORIENTED_EDGE('',*,*,#3837,.T.);
#5282=ORIENTED_EDGE('',*,*,#3834,.F.);
#5283=ORIENTED_EDGE('',*,*,#3837,.F.);
#5284=ORIENTED_EDGE('',*,*,#3804,.F.);
#5285=ORIENTED_EDGE('',*,*,#3808,.F.);
#5286=ORIENTED_EDGE('',*,*,#3811,.F.);
#5287=ORIENTED_EDGE('',*,*,#3814,.F.);
#5288=ORIENTED_EDGE('',*,*,#3817,.F.);
#5289=ORIENTED_EDGE('',*,*,#3820,.F.);
#5290=ORIENTED_EDGE('',*,*,#3823,.F.);
#5291=ORIENTED_EDGE('',*,*,#3826,.F.);
#5292=ORIENTED_EDGE('',*,*,#3829,.F.);
#5293=ORIENTED_EDGE('',*,*,#3832,.F.);
#5294=ORIENTED_EDGE('',*,*,#3835,.F.);
#5295=ORIENTED_EDGE('',*,*,#3838,.F.);
#5296=ORIENTED_EDGE('',*,*,#3839,.T.);
#5297=ORIENTED_EDGE('',*,*,#3840,.T.);
#5298=ORIENTED_EDGE('',*,*,#3841,.F.);
#5299=ORIENTED_EDGE('',*,*,#3842,.F.);
#5300=ORIENTED_EDGE('',*,*,#3843,.T.);
#5301=ORIENTED_EDGE('',*,*,#3844,.T.);
#5302=ORIENTED_EDGE('',*,*,#3839,.F.);
#5303=ORIENTED_EDGE('',*,*,#3845,.F.);
#5304=ORIENTED_EDGE('',*,*,#3846,.T.);
#5305=ORIENTED_EDGE('',*,*,#3847,.T.);
#5306=ORIENTED_EDGE('',*,*,#3843,.F.);
#5307=ORIENTED_EDGE('',*,*,#3848,.F.);
#5308=ORIENTED_EDGE('',*,*,#3849,.T.);
#5309=ORIENTED_EDGE('',*,*,#3850,.T.);
#5310=ORIENTED_EDGE('',*,*,#3846,.F.);
#5311=ORIENTED_EDGE('',*,*,#3851,.F.);
#5312=ORIENTED_EDGE('',*,*,#3852,.T.);
#5313=ORIENTED_EDGE('',*,*,#3853,.T.);
#5314=ORIENTED_EDGE('',*,*,#3849,.F.);
#5315=ORIENTED_EDGE('',*,*,#3854,.F.);
#5316=ORIENTED_EDGE('',*,*,#3855,.T.);
#5317=ORIENTED_EDGE('',*,*,#3856,.T.);
#5318=ORIENTED_EDGE('',*,*,#3852,.F.);
#5319=ORIENTED_EDGE('',*,*,#3857,.F.);
#5320=ORIENTED_EDGE('',*,*,#3858,.T.);
#5321=ORIENTED_EDGE('',*,*,#3859,.T.);
#5322=ORIENTED_EDGE('',*,*,#3855,.F.);
#5323=ORIENTED_EDGE('',*,*,#3860,.F.);
#5324=ORIENTED_EDGE('',*,*,#3861,.T.);
#5325=ORIENTED_EDGE('',*,*,#3862,.T.);
#5326=ORIENTED_EDGE('',*,*,#3858,.F.);
#5327=ORIENTED_EDGE('',*,*,#3863,.F.);
#5328=ORIENTED_EDGE('',*,*,#3864,.T.);
#5329=ORIENTED_EDGE('',*,*,#3865,.T.);
#5330=ORIENTED_EDGE('',*,*,#3861,.F.);
#5331=ORIENTED_EDGE('',*,*,#3866,.F.);
#5332=ORIENTED_EDGE('',*,*,#3867,.T.);
#5333=ORIENTED_EDGE('',*,*,#3868,.T.);
#5334=ORIENTED_EDGE('',*,*,#3864,.F.);
#5335=ORIENTED_EDGE('',*,*,#3869,.F.);
#5336=ORIENTED_EDGE('',*,*,#3870,.T.);
#5337=ORIENTED_EDGE('',*,*,#3871,.T.);
#5338=ORIENTED_EDGE('',*,*,#3867,.F.);
#5339=ORIENTED_EDGE('',*,*,#3872,.F.);
#5340=ORIENTED_EDGE('',*,*,#3873,.T.);
#5341=ORIENTED_EDGE('',*,*,#3874,.T.);
#5342=ORIENTED_EDGE('',*,*,#3870,.F.);
#5343=ORIENTED_EDGE('',*,*,#3875,.F.);
#5344=ORIENTED_EDGE('',*,*,#3876,.T.);
#5345=ORIENTED_EDGE('',*,*,#3877,.T.);
#5346=ORIENTED_EDGE('',*,*,#3873,.F.);
#5347=ORIENTED_EDGE('',*,*,#3878,.F.);
#5348=ORIENTED_EDGE('',*,*,#3879,.T.);
#5349=ORIENTED_EDGE('',*,*,#3880,.T.);
#5350=ORIENTED_EDGE('',*,*,#3876,.F.);
#5351=ORIENTED_EDGE('',*,*,#3881,.F.);
#5352=ORIENTED_EDGE('',*,*,#3882,.T.);
#5353=ORIENTED_EDGE('',*,*,#3883,.T.);
#5354=ORIENTED_EDGE('',*,*,#3879,.F.);
#5355=ORIENTED_EDGE('',*,*,#3884,.F.);
#5356=ORIENTED_EDGE('',*,*,#3885,.T.);
#5357=ORIENTED_EDGE('',*,*,#3886,.T.);
#5358=ORIENTED_EDGE('',*,*,#3882,.F.);
#5359=ORIENTED_EDGE('',*,*,#3887,.F.);
#5360=ORIENTED_EDGE('',*,*,#3888,.T.);
#5361=ORIENTED_EDGE('',*,*,#3889,.T.);
#5362=ORIENTED_EDGE('',*,*,#3885,.F.);
#5363=ORIENTED_EDGE('',*,*,#3890,.F.);
#5364=ORIENTED_EDGE('',*,*,#3891,.T.);
#5365=ORIENTED_EDGE('',*,*,#3892,.T.);
#5366=ORIENTED_EDGE('',*,*,#3888,.F.);
#5367=ORIENTED_EDGE('',*,*,#3893,.F.);
#5368=ORIENTED_EDGE('',*,*,#3894,.T.);
#5369=ORIENTED_EDGE('',*,*,#3895,.T.);
#5370=ORIENTED_EDGE('',*,*,#3891,.F.);
#5371=ORIENTED_EDGE('',*,*,#3896,.F.);
#5372=ORIENTED_EDGE('',*,*,#3841,.T.);
#5373=ORIENTED_EDGE('',*,*,#3897,.T.);
#5374=ORIENTED_EDGE('',*,*,#3894,.F.);
#5375=ORIENTED_EDGE('',*,*,#3897,.F.);
#5376=ORIENTED_EDGE('',*,*,#3840,.F.);
#5377=ORIENTED_EDGE('',*,*,#3844,.F.);
#5378=ORIENTED_EDGE('',*,*,#3847,.F.);
#5379=ORIENTED_EDGE('',*,*,#3850,.F.);
#5380=ORIENTED_EDGE('',*,*,#3853,.F.);
#5381=ORIENTED_EDGE('',*,*,#3856,.F.);
#5382=ORIENTED_EDGE('',*,*,#3859,.F.);
#5383=ORIENTED_EDGE('',*,*,#3862,.F.);
#5384=ORIENTED_EDGE('',*,*,#3865,.F.);
#5385=ORIENTED_EDGE('',*,*,#3868,.F.);
#5386=ORIENTED_EDGE('',*,*,#3871,.F.);
#5387=ORIENTED_EDGE('',*,*,#3874,.F.);
#5388=ORIENTED_EDGE('',*,*,#3877,.F.);
#5389=ORIENTED_EDGE('',*,*,#3880,.F.);
#5390=ORIENTED_EDGE('',*,*,#3883,.F.);
#5391=ORIENTED_EDGE('',*,*,#3886,.F.);
#5392=ORIENTED_EDGE('',*,*,#3889,.F.);
#5393=ORIENTED_EDGE('',*,*,#3892,.F.);
#5394=ORIENTED_EDGE('',*,*,#3895,.F.);
#5395=ORIENTED_EDGE('',*,*,#3898,.F.);
#5396=ORIENTED_EDGE('',*,*,#3899,.T.);
#5397=ORIENTED_EDGE('',*,*,#3900,.T.);
#5398=ORIENTED_EDGE('',*,*,#3901,.F.);
#5399=ORIENTED_EDGE('',*,*,#3902,.F.);
#5400=ORIENTED_EDGE('',*,*,#3903,.T.);
#5401=ORIENTED_EDGE('',*,*,#3904,.T.);
#5402=ORIENTED_EDGE('',*,*,#3899,.F.);
#5403=ORIENTED_EDGE('',*,*,#3905,.F.);
#5404=ORIENTED_EDGE('',*,*,#3906,.T.);
#5405=ORIENTED_EDGE('',*,*,#3907,.T.);
#5406=ORIENTED_EDGE('',*,*,#3903,.F.);
#5407=ORIENTED_EDGE('',*,*,#3908,.F.);
#5408=ORIENTED_EDGE('',*,*,#3909,.T.);
#5409=ORIENTED_EDGE('',*,*,#3910,.T.);
#5410=ORIENTED_EDGE('',*,*,#3906,.F.);
#5411=ORIENTED_EDGE('',*,*,#3911,.F.);
#5412=ORIENTED_EDGE('',*,*,#3912,.T.);
#5413=ORIENTED_EDGE('',*,*,#3913,.T.);
#5414=ORIENTED_EDGE('',*,*,#3909,.F.);
#5415=ORIENTED_EDGE('',*,*,#3914,.F.);
#5416=ORIENTED_EDGE('',*,*,#3915,.T.);
#5417=ORIENTED_EDGE('',*,*,#3916,.T.);
#5418=ORIENTED_EDGE('',*,*,#3912,.F.);
#5419=ORIENTED_EDGE('',*,*,#3917,.F.);
#5420=ORIENTED_EDGE('',*,*,#3918,.T.);
#5421=ORIENTED_EDGE('',*,*,#3919,.T.);
#5422=ORIENTED_EDGE('',*,*,#3915,.F.);
#5423=ORIENTED_EDGE('',*,*,#3920,.F.);
#5424=ORIENTED_EDGE('',*,*,#3921,.T.);
#5425=ORIENTED_EDGE('',*,*,#3922,.T.);
#5426=ORIENTED_EDGE('',*,*,#3918,.F.);
#5427=ORIENTED_EDGE('',*,*,#3923,.F.);
#5428=ORIENTED_EDGE('',*,*,#3924,.T.);
#5429=ORIENTED_EDGE('',*,*,#3925,.T.);
#5430=ORIENTED_EDGE('',*,*,#3921,.F.);
#5431=ORIENTED_EDGE('',*,*,#3926,.F.);
#5432=ORIENTED_EDGE('',*,*,#3927,.T.);
#5433=ORIENTED_EDGE('',*,*,#3928,.T.);
#5434=ORIENTED_EDGE('',*,*,#3924,.F.);
#5435=ORIENTED_EDGE('',*,*,#3929,.F.);
#5436=ORIENTED_EDGE('',*,*,#3930,.T.);
#5437=ORIENTED_EDGE('',*,*,#3931,.T.);
#5438=ORIENTED_EDGE('',*,*,#3927,.F.);
#5439=ORIENTED_EDGE('',*,*,#3932,.F.);
#5440=ORIENTED_EDGE('',*,*,#3933,.T.);
#5441=ORIENTED_EDGE('',*,*,#3934,.T.);
#5442=ORIENTED_EDGE('',*,*,#3930,.F.);
#5443=ORIENTED_EDGE('',*,*,#3935,.F.);
#5444=ORIENTED_EDGE('',*,*,#3936,.T.);
#5445=ORIENTED_EDGE('',*,*,#3937,.T.);
#5446=ORIENTED_EDGE('',*,*,#3933,.F.);
#5447=ORIENTED_EDGE('',*,*,#3938,.F.);
#5448=ORIENTED_EDGE('',*,*,#3939,.T.);
#5449=ORIENTED_EDGE('',*,*,#3940,.T.);
#5450=ORIENTED_EDGE('',*,*,#3936,.F.);
#5451=ORIENTED_EDGE('',*,*,#3941,.F.);
#5452=ORIENTED_EDGE('',*,*,#3901,.T.);
#5453=ORIENTED_EDGE('',*,*,#3942,.T.);
#5454=ORIENTED_EDGE('',*,*,#3939,.F.);
#5455=ORIENTED_EDGE('',*,*,#3942,.F.);
#5456=ORIENTED_EDGE('',*,*,#3900,.F.);
#5457=ORIENTED_EDGE('',*,*,#3904,.F.);
#5458=ORIENTED_EDGE('',*,*,#3907,.F.);
#5459=ORIENTED_EDGE('',*,*,#3910,.F.);
#5460=ORIENTED_EDGE('',*,*,#3913,.F.);
#5461=ORIENTED_EDGE('',*,*,#3916,.F.);
#5462=ORIENTED_EDGE('',*,*,#3919,.F.);
#5463=ORIENTED_EDGE('',*,*,#3922,.F.);
#5464=ORIENTED_EDGE('',*,*,#3925,.F.);
#5465=ORIENTED_EDGE('',*,*,#3928,.F.);
#5466=ORIENTED_EDGE('',*,*,#3931,.F.);
#5467=ORIENTED_EDGE('',*,*,#3934,.F.);
#5468=ORIENTED_EDGE('',*,*,#3937,.F.);
#5469=ORIENTED_EDGE('',*,*,#3940,.F.);
#5470=ORIENTED_EDGE('',*,*,#3943,.F.);
#5471=ORIENTED_EDGE('',*,*,#3944,.T.);
#5472=ORIENTED_EDGE('',*,*,#3945,.F.);
#5473=ORIENTED_EDGE('',*,*,#3946,.T.);
#5474=ORIENTED_EDGE('',*,*,#3947,.F.);
#5475=ORIENTED_EDGE('',*,*,#3948,.F.);
#5476=ORIENTED_EDGE('',*,*,#3949,.F.);
#5477=ORIENTED_EDGE('',*,*,#3950,.T.);
#5478=ORIENTED_EDGE('',*,*,#3951,.F.);
#5479=ORIENTED_EDGE('',*,*,#3952,.T.);
#5480=ORIENTED_EDGE('',*,*,#3953,.F.);
#5481=ORIENTED_EDGE('',*,*,#3954,.T.);
#5482=ORIENTED_EDGE('',*,*,#3955,.F.);
#5483=ORIENTED_EDGE('',*,*,#3956,.F.);
#5484=ORIENTED_EDGE('',*,*,#3957,.F.);
#5485=ORIENTED_EDGE('',*,*,#3958,.F.);
#5486=ORIENTED_EDGE('',*,*,#3959,.F.);
#5487=ORIENTED_EDGE('',*,*,#3960,.F.);
#5488=ORIENTED_EDGE('',*,*,#3961,.F.);
#5489=ORIENTED_EDGE('',*,*,#3962,.F.);
#5490=ORIENTED_EDGE('',*,*,#3963,.F.);
#5491=ORIENTED_EDGE('',*,*,#3964,.F.);
#5492=ORIENTED_EDGE('',*,*,#3965,.F.);
#5493=ORIENTED_EDGE('',*,*,#3966,.F.);
#5494=ORIENTED_EDGE('',*,*,#3967,.F.);
#5495=ORIENTED_EDGE('',*,*,#3968,.F.);
#5496=ORIENTED_EDGE('',*,*,#3969,.F.);
#5497=ORIENTED_EDGE('',*,*,#3970,.F.);
#5498=ORIENTED_EDGE('',*,*,#3971,.F.);
#5499=ORIENTED_EDGE('',*,*,#3972,.F.);
#5500=ORIENTED_EDGE('',*,*,#3973,.F.);
#5501=ORIENTED_EDGE('',*,*,#3974,.F.);
#5502=ORIENTED_EDGE('',*,*,#3975,.F.);
#5503=ORIENTED_EDGE('',*,*,#3976,.F.);
#5504=ORIENTED_EDGE('',*,*,#3977,.F.);
#5505=ORIENTED_EDGE('',*,*,#3978,.F.);
#5506=ORIENTED_EDGE('',*,*,#3979,.F.);
#5507=ORIENTED_EDGE('',*,*,#3980,.F.);
#5508=ORIENTED_EDGE('',*,*,#3981,.F.);
#5509=ORIENTED_EDGE('',*,*,#3982,.F.);
#5510=ORIENTED_EDGE('',*,*,#3983,.F.);
#5511=ORIENTED_EDGE('',*,*,#3984,.F.);
#5512=ORIENTED_EDGE('',*,*,#3985,.F.);
#5513=ORIENTED_EDGE('',*,*,#3986,.F.);
#5514=ORIENTED_EDGE('',*,*,#3987,.F.);
#5515=ORIENTED_EDGE('',*,*,#3988,.F.);
#5516=ORIENTED_EDGE('',*,*,#3989,.F.);
#5517=ORIENTED_EDGE('',*,*,#3990,.F.);
#5518=ORIENTED_EDGE('',*,*,#3991,.F.);
#5519=ORIENTED_EDGE('',*,*,#3992,.F.);
#5520=ORIENTED_EDGE('',*,*,#3993,.F.);
#5521=ORIENTED_EDGE('',*,*,#3994,.F.);
#5522=ORIENTED_EDGE('',*,*,#3995,.F.);
#5523=ORIENTED_EDGE('',*,*,#3996,.F.);
#5524=ORIENTED_EDGE('',*,*,#3997,.F.);
#5525=ORIENTED_EDGE('',*,*,#3998,.F.);
#5526=ORIENTED_EDGE('',*,*,#3999,.F.);
#5527=ORIENTED_EDGE('',*,*,#4000,.F.);
#5528=ORIENTED_EDGE('',*,*,#4001,.F.);
#5529=ORIENTED_EDGE('',*,*,#4002,.F.);
#5530=ORIENTED_EDGE('',*,*,#4003,.F.);
#5531=ORIENTED_EDGE('',*,*,#4004,.F.);
#5532=ORIENTED_EDGE('',*,*,#4005,.F.);
#5533=ORIENTED_EDGE('',*,*,#4006,.F.);
#5534=ORIENTED_EDGE('',*,*,#3898,.T.);
#5535=ORIENTED_EDGE('',*,*,#3941,.T.);
#5536=ORIENTED_EDGE('',*,*,#3938,.T.);
#5537=ORIENTED_EDGE('',*,*,#3935,.T.);
#5538=ORIENTED_EDGE('',*,*,#3932,.T.);
#5539=ORIENTED_EDGE('',*,*,#3929,.T.);
#5540=ORIENTED_EDGE('',*,*,#3926,.T.);
#5541=ORIENTED_EDGE('',*,*,#3923,.T.);
#5542=ORIENTED_EDGE('',*,*,#3920,.T.);
#5543=ORIENTED_EDGE('',*,*,#3917,.T.);
#5544=ORIENTED_EDGE('',*,*,#3914,.T.);
#5545=ORIENTED_EDGE('',*,*,#3911,.T.);
#5546=ORIENTED_EDGE('',*,*,#3908,.T.);
#5547=ORIENTED_EDGE('',*,*,#3905,.T.);
#5548=ORIENTED_EDGE('',*,*,#3902,.T.);
#5549=ORIENTED_EDGE('',*,*,#3838,.T.);
#5550=ORIENTED_EDGE('',*,*,#3896,.T.);
#5551=ORIENTED_EDGE('',*,*,#3893,.T.);
#5552=ORIENTED_EDGE('',*,*,#3890,.T.);
#5553=ORIENTED_EDGE('',*,*,#3887,.T.);
#5554=ORIENTED_EDGE('',*,*,#3884,.T.);
#5555=ORIENTED_EDGE('',*,*,#3881,.T.);
#5556=ORIENTED_EDGE('',*,*,#3878,.T.);
#5557=ORIENTED_EDGE('',*,*,#3875,.T.);
#5558=ORIENTED_EDGE('',*,*,#3872,.T.);
#5559=ORIENTED_EDGE('',*,*,#3869,.T.);
#5560=ORIENTED_EDGE('',*,*,#3866,.T.);
#5561=ORIENTED_EDGE('',*,*,#3863,.T.);
#5562=ORIENTED_EDGE('',*,*,#3860,.T.);
#5563=ORIENTED_EDGE('',*,*,#3857,.T.);
#5564=ORIENTED_EDGE('',*,*,#3854,.T.);
#5565=ORIENTED_EDGE('',*,*,#3851,.T.);
#5566=ORIENTED_EDGE('',*,*,#3848,.T.);
#5567=ORIENTED_EDGE('',*,*,#3845,.T.);
#5568=ORIENTED_EDGE('',*,*,#3842,.T.);
#5569=ORIENTED_EDGE('',*,*,#3802,.T.);
#5570=ORIENTED_EDGE('',*,*,#3836,.T.);
#5571=ORIENTED_EDGE('',*,*,#3833,.T.);
#5572=ORIENTED_EDGE('',*,*,#3830,.T.);
#5573=ORIENTED_EDGE('',*,*,#3827,.T.);
#5574=ORIENTED_EDGE('',*,*,#3824,.T.);
#5575=ORIENTED_EDGE('',*,*,#3821,.T.);
#5576=ORIENTED_EDGE('',*,*,#3818,.T.);
#5577=ORIENTED_EDGE('',*,*,#3815,.T.);
#5578=ORIENTED_EDGE('',*,*,#3812,.T.);
#5579=ORIENTED_EDGE('',*,*,#3809,.T.);
#5580=ORIENTED_EDGE('',*,*,#3806,.T.);
#5581=ORIENTED_EDGE('',*,*,#3721,.T.);
#5582=ORIENTED_EDGE('',*,*,#3800,.T.);
#5583=ORIENTED_EDGE('',*,*,#3797,.T.);
#5584=ORIENTED_EDGE('',*,*,#3794,.T.);
#5585=ORIENTED_EDGE('',*,*,#3791,.T.);
#5586=ORIENTED_EDGE('',*,*,#3788,.T.);
#5587=ORIENTED_EDGE('',*,*,#3785,.T.);
#5588=ORIENTED_EDGE('',*,*,#3782,.T.);
#5589=ORIENTED_EDGE('',*,*,#3779,.T.);
#5590=ORIENTED_EDGE('',*,*,#3776,.T.);
#5591=ORIENTED_EDGE('',*,*,#3773,.T.);
#5592=ORIENTED_EDGE('',*,*,#3770,.T.);
#5593=ORIENTED_EDGE('',*,*,#3767,.T.);
#5594=ORIENTED_EDGE('',*,*,#3764,.T.);
#5595=ORIENTED_EDGE('',*,*,#3761,.T.);
#5596=ORIENTED_EDGE('',*,*,#3758,.T.);
#5597=ORIENTED_EDGE('',*,*,#3755,.T.);
#5598=ORIENTED_EDGE('',*,*,#3752,.T.);
#5599=ORIENTED_EDGE('',*,*,#3749,.T.);
#5600=ORIENTED_EDGE('',*,*,#3746,.T.);
#5601=ORIENTED_EDGE('',*,*,#3743,.T.);
#5602=ORIENTED_EDGE('',*,*,#3740,.T.);
#5603=ORIENTED_EDGE('',*,*,#3737,.T.);
#5604=ORIENTED_EDGE('',*,*,#3734,.T.);
#5605=ORIENTED_EDGE('',*,*,#3731,.T.);
#5606=ORIENTED_EDGE('',*,*,#3728,.T.);
#5607=ORIENTED_EDGE('',*,*,#3725,.T.);
#5608=ORIENTED_EDGE('',*,*,#3655,.T.);
#5609=ORIENTED_EDGE('',*,*,#3689,.T.);
#5610=ORIENTED_EDGE('',*,*,#3686,.T.);
#5611=ORIENTED_EDGE('',*,*,#3683,.T.);
#5612=ORIENTED_EDGE('',*,*,#3680,.T.);
#5613=ORIENTED_EDGE('',*,*,#3677,.T.);
#5614=ORIENTED_EDGE('',*,*,#3674,.T.);
#5615=ORIENTED_EDGE('',*,*,#3671,.T.);
#5616=ORIENTED_EDGE('',*,*,#3668,.T.);
#5617=ORIENTED_EDGE('',*,*,#3665,.T.);
#5618=ORIENTED_EDGE('',*,*,#3662,.T.);
#5619=ORIENTED_EDGE('',*,*,#3659,.T.);
#5620=ORIENTED_EDGE('',*,*,#3574,.T.);
#5621=ORIENTED_EDGE('',*,*,#3653,.T.);
#5622=ORIENTED_EDGE('',*,*,#3650,.T.);
#5623=ORIENTED_EDGE('',*,*,#3647,.T.);
#5624=ORIENTED_EDGE('',*,*,#3644,.T.);
#5625=ORIENTED_EDGE('',*,*,#3641,.T.);
#5626=ORIENTED_EDGE('',*,*,#3638,.T.);
#5627=ORIENTED_EDGE('',*,*,#3635,.T.);
#5628=ORIENTED_EDGE('',*,*,#3632,.T.);
#5629=ORIENTED_EDGE('',*,*,#3629,.T.);
#5630=ORIENTED_EDGE('',*,*,#3626,.T.);
#5631=ORIENTED_EDGE('',*,*,#3623,.T.);
#5632=ORIENTED_EDGE('',*,*,#3620,.T.);
#5633=ORIENTED_EDGE('',*,*,#3617,.T.);
#5634=ORIENTED_EDGE('',*,*,#3614,.T.);
#5635=ORIENTED_EDGE('',*,*,#3611,.T.);
#5636=ORIENTED_EDGE('',*,*,#3608,.T.);
#5637=ORIENTED_EDGE('',*,*,#3605,.T.);
#5638=ORIENTED_EDGE('',*,*,#3602,.T.);
#5639=ORIENTED_EDGE('',*,*,#3599,.T.);
#5640=ORIENTED_EDGE('',*,*,#3596,.T.);
#5641=ORIENTED_EDGE('',*,*,#3593,.T.);
#5642=ORIENTED_EDGE('',*,*,#3590,.T.);
#5643=ORIENTED_EDGE('',*,*,#3587,.T.);
#5644=ORIENTED_EDGE('',*,*,#3584,.T.);
#5645=ORIENTED_EDGE('',*,*,#3581,.T.);
#5646=ORIENTED_EDGE('',*,*,#3578,.T.);
#5647=ORIENTED_EDGE('',*,*,#3499,.T.);
#5648=ORIENTED_EDGE('',*,*,#3542,.T.);
#5649=ORIENTED_EDGE('',*,*,#3539,.T.);
#5650=ORIENTED_EDGE('',*,*,#3536,.T.);
#5651=ORIENTED_EDGE('',*,*,#3533,.T.);
#5652=ORIENTED_EDGE('',*,*,#3530,.T.);
#5653=ORIENTED_EDGE('',*,*,#3527,.T.);
#5654=ORIENTED_EDGE('',*,*,#3524,.T.);
#5655=ORIENTED_EDGE('',*,*,#3521,.T.);
#5656=ORIENTED_EDGE('',*,*,#3518,.T.);
#5657=ORIENTED_EDGE('',*,*,#3515,.T.);
#5658=ORIENTED_EDGE('',*,*,#3512,.T.);
#5659=ORIENTED_EDGE('',*,*,#3509,.T.);
#5660=ORIENTED_EDGE('',*,*,#3506,.T.);
#5661=ORIENTED_EDGE('',*,*,#3503,.T.);
#5662=ORIENTED_EDGE('',*,*,#3418,.T.);
#5663=ORIENTED_EDGE('',*,*,#3473,.T.);
#5664=ORIENTED_EDGE('',*,*,#3470,.T.);
#5665=ORIENTED_EDGE('',*,*,#3467,.T.);
#5666=ORIENTED_EDGE('',*,*,#3464,.T.);
#5667=ORIENTED_EDGE('',*,*,#3461,.T.);
#5668=ORIENTED_EDGE('',*,*,#3458,.T.);
#5669=ORIENTED_EDGE('',*,*,#3455,.T.);
#5670=ORIENTED_EDGE('',*,*,#3452,.T.);
#5671=ORIENTED_EDGE('',*,*,#3449,.T.);
#5672=ORIENTED_EDGE('',*,*,#3446,.T.);
#5673=ORIENTED_EDGE('',*,*,#3443,.T.);
#5674=ORIENTED_EDGE('',*,*,#3440,.T.);
#5675=ORIENTED_EDGE('',*,*,#3437,.T.);
#5676=ORIENTED_EDGE('',*,*,#3434,.T.);
#5677=ORIENTED_EDGE('',*,*,#3431,.T.);
#5678=ORIENTED_EDGE('',*,*,#3428,.T.);
#5679=ORIENTED_EDGE('',*,*,#3425,.T.);
#5680=ORIENTED_EDGE('',*,*,#3422,.T.);
#5681=ORIENTED_EDGE('',*,*,#3376,.T.);
#5682=ORIENTED_EDGE('',*,*,#3416,.T.);
#5683=ORIENTED_EDGE('',*,*,#3413,.T.);
#5684=ORIENTED_EDGE('',*,*,#3410,.T.);
#5685=ORIENTED_EDGE('',*,*,#3407,.T.);
#5686=ORIENTED_EDGE('',*,*,#3404,.T.);
#5687=ORIENTED_EDGE('',*,*,#3401,.T.);
#5688=ORIENTED_EDGE('',*,*,#3398,.T.);
#5689=ORIENTED_EDGE('',*,*,#3395,.T.);
#5690=ORIENTED_EDGE('',*,*,#3392,.T.);
#5691=ORIENTED_EDGE('',*,*,#3389,.T.);
#5692=ORIENTED_EDGE('',*,*,#3386,.T.);
#5693=ORIENTED_EDGE('',*,*,#3383,.T.);
#5694=ORIENTED_EDGE('',*,*,#3380,.T.);
#5695=ORIENTED_EDGE('',*,*,#3253,.T.);
#5696=ORIENTED_EDGE('',*,*,#3350,.T.);
#5697=ORIENTED_EDGE('',*,*,#3347,.T.);
#5698=ORIENTED_EDGE('',*,*,#3344,.T.);
#5699=ORIENTED_EDGE('',*,*,#3341,.T.);
#5700=ORIENTED_EDGE('',*,*,#3338,.T.);
#5701=ORIENTED_EDGE('',*,*,#3335,.T.);
#5702=ORIENTED_EDGE('',*,*,#3332,.T.);
#5703=ORIENTED_EDGE('',*,*,#3329,.T.);
#5704=ORIENTED_EDGE('',*,*,#3326,.T.);
#5705=ORIENTED_EDGE('',*,*,#3323,.T.);
#5706=ORIENTED_EDGE('',*,*,#3320,.T.);
#5707=ORIENTED_EDGE('',*,*,#3317,.T.);
#5708=ORIENTED_EDGE('',*,*,#3314,.T.);
#5709=ORIENTED_EDGE('',*,*,#3311,.T.);
#5710=ORIENTED_EDGE('',*,*,#3308,.T.);
#5711=ORIENTED_EDGE('',*,*,#3305,.T.);
#5712=ORIENTED_EDGE('',*,*,#3302,.T.);
#5713=ORIENTED_EDGE('',*,*,#3299,.T.);
#5714=ORIENTED_EDGE('',*,*,#3296,.T.);
#5715=ORIENTED_EDGE('',*,*,#3293,.T.);
#5716=ORIENTED_EDGE('',*,*,#3290,.T.);
#5717=ORIENTED_EDGE('',*,*,#3287,.T.);
#5718=ORIENTED_EDGE('',*,*,#3284,.T.);
#5719=ORIENTED_EDGE('',*,*,#3281,.T.);
#5720=ORIENTED_EDGE('',*,*,#3278,.T.);
#5721=ORIENTED_EDGE('',*,*,#3275,.T.);
#5722=ORIENTED_EDGE('',*,*,#3272,.T.);
#5723=ORIENTED_EDGE('',*,*,#3269,.T.);
#5724=ORIENTED_EDGE('',*,*,#3266,.T.);
#5725=ORIENTED_EDGE('',*,*,#3263,.T.);
#5726=ORIENTED_EDGE('',*,*,#3260,.T.);
#5727=ORIENTED_EDGE('',*,*,#3257,.T.);
#5728=ORIENTED_EDGE('',*,*,#3172,.T.);
#5729=ORIENTED_EDGE('',*,*,#3251,.T.);
#5730=ORIENTED_EDGE('',*,*,#3248,.T.);
#5731=ORIENTED_EDGE('',*,*,#3245,.T.);
#5732=ORIENTED_EDGE('',*,*,#3242,.T.);
#5733=ORIENTED_EDGE('',*,*,#3239,.T.);
#5734=ORIENTED_EDGE('',*,*,#3236,.T.);
#5735=ORIENTED_EDGE('',*,*,#3233,.T.);
#5736=ORIENTED_EDGE('',*,*,#3230,.T.);
#5737=ORIENTED_EDGE('',*,*,#3227,.T.);
#5738=ORIENTED_EDGE('',*,*,#3224,.T.);
#5739=ORIENTED_EDGE('',*,*,#3221,.T.);
#5740=ORIENTED_EDGE('',*,*,#3218,.T.);
#5741=ORIENTED_EDGE('',*,*,#3215,.T.);
#5742=ORIENTED_EDGE('',*,*,#3212,.T.);
#5743=ORIENTED_EDGE('',*,*,#3209,.T.);
#5744=ORIENTED_EDGE('',*,*,#3206,.T.);
#5745=ORIENTED_EDGE('',*,*,#3203,.T.);
#5746=ORIENTED_EDGE('',*,*,#3200,.T.);
#5747=ORIENTED_EDGE('',*,*,#3197,.T.);
#5748=ORIENTED_EDGE('',*,*,#3194,.T.);
#5749=ORIENTED_EDGE('',*,*,#3191,.T.);
#5750=ORIENTED_EDGE('',*,*,#3188,.T.);
#5751=ORIENTED_EDGE('',*,*,#3185,.T.);
#5752=ORIENTED_EDGE('',*,*,#3182,.T.);
#5753=ORIENTED_EDGE('',*,*,#3179,.T.);
#5754=ORIENTED_EDGE('',*,*,#3176,.T.);
#5755=ORIENTED_EDGE('',*,*,#3691,.T.);
#5756=ORIENTED_EDGE('',*,*,#3719,.T.);
#5757=ORIENTED_EDGE('',*,*,#3716,.T.);
#5758=ORIENTED_EDGE('',*,*,#3713,.T.);
#5759=ORIENTED_EDGE('',*,*,#3710,.T.);
#5760=ORIENTED_EDGE('',*,*,#3707,.T.);
#5761=ORIENTED_EDGE('',*,*,#3704,.T.);
#5762=ORIENTED_EDGE('',*,*,#3701,.T.);
#5763=ORIENTED_EDGE('',*,*,#3698,.T.);
#5764=ORIENTED_EDGE('',*,*,#3695,.T.);
#5765=ORIENTED_EDGE('',*,*,#3544,.T.);
#5766=ORIENTED_EDGE('',*,*,#3572,.T.);
#5767=ORIENTED_EDGE('',*,*,#3569,.T.);
#5768=ORIENTED_EDGE('',*,*,#3566,.T.);
#5769=ORIENTED_EDGE('',*,*,#3563,.T.);
#5770=ORIENTED_EDGE('',*,*,#3560,.T.);
#5771=ORIENTED_EDGE('',*,*,#3557,.T.);
#5772=ORIENTED_EDGE('',*,*,#3554,.T.);
#5773=ORIENTED_EDGE('',*,*,#3551,.T.);
#5774=ORIENTED_EDGE('',*,*,#3548,.T.);
#5775=ORIENTED_EDGE('',*,*,#3475,.T.);
#5776=ORIENTED_EDGE('',*,*,#3497,.T.);
#5777=ORIENTED_EDGE('',*,*,#3494,.T.);
#5778=ORIENTED_EDGE('',*,*,#3491,.T.);
#5779=ORIENTED_EDGE('',*,*,#3488,.T.);
#5780=ORIENTED_EDGE('',*,*,#3485,.T.);
#5781=ORIENTED_EDGE('',*,*,#3482,.T.);
#5782=ORIENTED_EDGE('',*,*,#3479,.T.);
#5783=ORIENTED_EDGE('',*,*,#3352,.T.);
#5784=ORIENTED_EDGE('',*,*,#3374,.T.);
#5785=ORIENTED_EDGE('',*,*,#3371,.T.);
#5786=ORIENTED_EDGE('',*,*,#3368,.T.);
#5787=ORIENTED_EDGE('',*,*,#3365,.T.);
#5788=ORIENTED_EDGE('',*,*,#3362,.T.);
#5789=ORIENTED_EDGE('',*,*,#3359,.T.);
#5790=ORIENTED_EDGE('',*,*,#3356,.T.);
#5791=ORIENTED_EDGE('',*,*,#4007,.T.);
#5792=ORIENTED_EDGE('',*,*,#4008,.T.);
#5793=ORIENTED_EDGE('',*,*,#3943,.T.);
#5794=ORIENTED_EDGE('',*,*,#4009,.T.);
#5795=ORIENTED_EDGE('',*,*,#3142,.T.);
#5796=ORIENTED_EDGE('',*,*,#3170,.T.);
#5797=ORIENTED_EDGE('',*,*,#3167,.T.);
#5798=ORIENTED_EDGE('',*,*,#3164,.T.);
#5799=ORIENTED_EDGE('',*,*,#3161,.T.);
#5800=ORIENTED_EDGE('',*,*,#3158,.T.);
#5801=ORIENTED_EDGE('',*,*,#3155,.T.);
#5802=ORIENTED_EDGE('',*,*,#3152,.T.);
#5803=ORIENTED_EDGE('',*,*,#3149,.T.);
#5804=ORIENTED_EDGE('',*,*,#3146,.T.);
#5805=ORIENTED_EDGE('',*,*,#4008,.F.);
#5806=ORIENTED_EDGE('',*,*,#4010,.F.);
#5807=ORIENTED_EDGE('',*,*,#4011,.F.);
#5808=ORIENTED_EDGE('',*,*,#3944,.F.);
#5809=ORIENTED_EDGE('',*,*,#4012,.T.);
#5810=ORIENTED_EDGE('',*,*,#4013,.T.);
#5811=ORIENTED_EDGE('',*,*,#3945,.T.);
#5812=ORIENTED_EDGE('',*,*,#4011,.T.);
#5813=ORIENTED_EDGE('',*,*,#4014,.T.);
#5814=ORIENTED_EDGE('',*,*,#4015,.T.);
#5815=ORIENTED_EDGE('',*,*,#3951,.T.);
#5816=ORIENTED_EDGE('',*,*,#4016,.T.);
#5817=ORIENTED_EDGE('',*,*,#4016,.F.);
#5818=ORIENTED_EDGE('',*,*,#3950,.F.);
#5819=ORIENTED_EDGE('',*,*,#4017,.T.);
#5820=ORIENTED_EDGE('',*,*,#4018,.F.);
#5821=ORIENTED_EDGE('',*,*,#4019,.T.);
#5822=ORIENTED_EDGE('',*,*,#4020,.T.);
#5823=ORIENTED_EDGE('',*,*,#3953,.T.);
#5824=ORIENTED_EDGE('',*,*,#4021,.T.);
#5825=ORIENTED_EDGE('',*,*,#4009,.F.);
#5826=ORIENTED_EDGE('',*,*,#3954,.F.);
#5827=ORIENTED_EDGE('',*,*,#4020,.F.);
#5828=ORIENTED_EDGE('',*,*,#4022,.F.);
#5829=ORIENTED_EDGE('',*,*,#3956,.T.);
#5830=ORIENTED_EDGE('',*,*,#4023,.T.);
#5831=ORIENTED_EDGE('',*,*,#4024,.F.);
#5832=ORIENTED_EDGE('',*,*,#4025,.F.);
#5833=ORIENTED_EDGE('',*,*,#3957,.T.);
#5834=ORIENTED_EDGE('',*,*,#4025,.T.);
#5835=ORIENTED_EDGE('',*,*,#4026,.F.);
#5836=ORIENTED_EDGE('',*,*,#4027,.F.);
#5837=ORIENTED_EDGE('',*,*,#3958,.T.);
#5838=ORIENTED_EDGE('',*,*,#4027,.T.);
#5839=ORIENTED_EDGE('',*,*,#4028,.F.);
#5840=ORIENTED_EDGE('',*,*,#4029,.F.);
#5841=ORIENTED_EDGE('',*,*,#3959,.T.);
#5842=ORIENTED_EDGE('',*,*,#4029,.T.);
#5843=ORIENTED_EDGE('',*,*,#4030,.F.);
#5844=ORIENTED_EDGE('',*,*,#4031,.F.);
#5845=ORIENTED_EDGE('',*,*,#3960,.T.);
#5846=ORIENTED_EDGE('',*,*,#4031,.T.);
#5847=ORIENTED_EDGE('',*,*,#4032,.F.);
#5848=ORIENTED_EDGE('',*,*,#4033,.F.);
#5849=ORIENTED_EDGE('',*,*,#3961,.T.);
#5850=ORIENTED_EDGE('',*,*,#4033,.T.);
#5851=ORIENTED_EDGE('',*,*,#4034,.F.);
#5852=ORIENTED_EDGE('',*,*,#4035,.F.);
#5853=ORIENTED_EDGE('',*,*,#3962,.T.);
#5854=ORIENTED_EDGE('',*,*,#4035,.T.);
#5855=ORIENTED_EDGE('',*,*,#4036,.F.);
#5856=ORIENTED_EDGE('',*,*,#4037,.F.);
#5857=ORIENTED_EDGE('',*,*,#3955,.T.);
#5858=ORIENTED_EDGE('',*,*,#4037,.T.);
#5859=ORIENTED_EDGE('',*,*,#4038,.F.);
#5860=ORIENTED_EDGE('',*,*,#4023,.F.);
#5861=ORIENTED_EDGE('',*,*,#3964,.T.);
#5862=ORIENTED_EDGE('',*,*,#4039,.T.);
#5863=ORIENTED_EDGE('',*,*,#4040,.F.);
#5864=ORIENTED_EDGE('',*,*,#4041,.F.);
#5865=ORIENTED_EDGE('',*,*,#3965,.T.);
#5866=ORIENTED_EDGE('',*,*,#4041,.T.);
#5867=ORIENTED_EDGE('',*,*,#4042,.F.);
#5868=ORIENTED_EDGE('',*,*,#4043,.F.);
#5869=ORIENTED_EDGE('',*,*,#3966,.T.);
#5870=ORIENTED_EDGE('',*,*,#4043,.T.);
#5871=ORIENTED_EDGE('',*,*,#4044,.F.);
#5872=ORIENTED_EDGE('',*,*,#4045,.F.);
#5873=ORIENTED_EDGE('',*,*,#3967,.T.);
#5874=ORIENTED_EDGE('',*,*,#4045,.T.);
#5875=ORIENTED_EDGE('',*,*,#4046,.F.);
#5876=ORIENTED_EDGE('',*,*,#4047,.F.);
#5877=ORIENTED_EDGE('',*,*,#3968,.T.);
#5878=ORIENTED_EDGE('',*,*,#4047,.T.);
#5879=ORIENTED_EDGE('',*,*,#4048,.F.);
#5880=ORIENTED_EDGE('',*,*,#4049,.F.);
#5881=ORIENTED_EDGE('',*,*,#3969,.T.);
#5882=ORIENTED_EDGE('',*,*,#4049,.T.);
#5883=ORIENTED_EDGE('',*,*,#4050,.F.);
#5884=ORIENTED_EDGE('',*,*,#4051,.F.);
#5885=ORIENTED_EDGE('',*,*,#3970,.T.);
#5886=ORIENTED_EDGE('',*,*,#4051,.T.);
#5887=ORIENTED_EDGE('',*,*,#4052,.F.);
#5888=ORIENTED_EDGE('',*,*,#4053,.F.);
#5889=ORIENTED_EDGE('',*,*,#3963,.T.);
#5890=ORIENTED_EDGE('',*,*,#4053,.T.);
#5891=ORIENTED_EDGE('',*,*,#4054,.F.);
#5892=ORIENTED_EDGE('',*,*,#4039,.F.);
#5893=ORIENTED_EDGE('',*,*,#3972,.T.);
#5894=ORIENTED_EDGE('',*,*,#4055,.T.);
#5895=ORIENTED_EDGE('',*,*,#4056,.F.);
#5896=ORIENTED_EDGE('',*,*,#4057,.F.);
#5897=ORIENTED_EDGE('',*,*,#3973,.T.);
#5898=ORIENTED_EDGE('',*,*,#4057,.T.);
#5899=ORIENTED_EDGE('',*,*,#4058,.F.);
#5900=ORIENTED_EDGE('',*,*,#4059,.F.);
#5901=ORIENTED_EDGE('',*,*,#3974,.T.);
#5902=ORIENTED_EDGE('',*,*,#4059,.T.);
#5903=ORIENTED_EDGE('',*,*,#4060,.F.);
#5904=ORIENTED_EDGE('',*,*,#4061,.F.);
#5905=ORIENTED_EDGE('',*,*,#3975,.T.);
#5906=ORIENTED_EDGE('',*,*,#4061,.T.);
#5907=ORIENTED_EDGE('',*,*,#4062,.F.);
#5908=ORIENTED_EDGE('',*,*,#4063,.F.);
#5909=ORIENTED_EDGE('',*,*,#3976,.T.);
#5910=ORIENTED_EDGE('',*,*,#4063,.T.);
#5911=ORIENTED_EDGE('',*,*,#4064,.F.);
#5912=ORIENTED_EDGE('',*,*,#4065,.F.);
#5913=ORIENTED_EDGE('',*,*,#3977,.T.);
#5914=ORIENTED_EDGE('',*,*,#4065,.T.);
#5915=ORIENTED_EDGE('',*,*,#4066,.F.);
#5916=ORIENTED_EDGE('',*,*,#4067,.F.);
#5917=ORIENTED_EDGE('',*,*,#3978,.T.);
#5918=ORIENTED_EDGE('',*,*,#4067,.T.);
#5919=ORIENTED_EDGE('',*,*,#4068,.F.);
#5920=ORIENTED_EDGE('',*,*,#4069,.F.);
#5921=ORIENTED_EDGE('',*,*,#3971,.T.);
#5922=ORIENTED_EDGE('',*,*,#4069,.T.);
#5923=ORIENTED_EDGE('',*,*,#4070,.F.);
#5924=ORIENTED_EDGE('',*,*,#4055,.F.);
#5925=ORIENTED_EDGE('',*,*,#3980,.T.);
#5926=ORIENTED_EDGE('',*,*,#4071,.T.);
#5927=ORIENTED_EDGE('',*,*,#4072,.F.);
#5928=ORIENTED_EDGE('',*,*,#4073,.F.);
#5929=ORIENTED_EDGE('',*,*,#3981,.T.);
#5930=ORIENTED_EDGE('',*,*,#4073,.T.);
#5931=ORIENTED_EDGE('',*,*,#4074,.F.);
#5932=ORIENTED_EDGE('',*,*,#4075,.F.);
#5933=ORIENTED_EDGE('',*,*,#3982,.T.);
#5934=ORIENTED_EDGE('',*,*,#4075,.T.);
#5935=ORIENTED_EDGE('',*,*,#4076,.F.);
#5936=ORIENTED_EDGE('',*,*,#4077,.F.);
#5937=ORIENTED_EDGE('',*,*,#3983,.T.);
#5938=ORIENTED_EDGE('',*,*,#4077,.T.);
#5939=ORIENTED_EDGE('',*,*,#4078,.F.);
#5940=ORIENTED_EDGE('',*,*,#4079,.F.);
#5941=ORIENTED_EDGE('',*,*,#3984,.T.);
#5942=ORIENTED_EDGE('',*,*,#4079,.T.);
#5943=ORIENTED_EDGE('',*,*,#4080,.F.);
#5944=ORIENTED_EDGE('',*,*,#4081,.F.);
#5945=ORIENTED_EDGE('',*,*,#3985,.T.);
#5946=ORIENTED_EDGE('',*,*,#4081,.T.);
#5947=ORIENTED_EDGE('',*,*,#4082,.F.);
#5948=ORIENTED_EDGE('',*,*,#4083,.F.);
#5949=ORIENTED_EDGE('',*,*,#3986,.T.);
#5950=ORIENTED_EDGE('',*,*,#4083,.T.);
#5951=ORIENTED_EDGE('',*,*,#4084,.F.);
#5952=ORIENTED_EDGE('',*,*,#4085,.F.);
#5953=ORIENTED_EDGE('',*,*,#3979,.T.);
#5954=ORIENTED_EDGE('',*,*,#4085,.T.);
#5955=ORIENTED_EDGE('',*,*,#4086,.F.);
#5956=ORIENTED_EDGE('',*,*,#4071,.F.);
#5957=ORIENTED_EDGE('',*,*,#3988,.T.);
#5958=ORIENTED_EDGE('',*,*,#4087,.T.);
#5959=ORIENTED_EDGE('',*,*,#4088,.F.);
#5960=ORIENTED_EDGE('',*,*,#4089,.F.);
#5961=ORIENTED_EDGE('',*,*,#3989,.T.);
#5962=ORIENTED_EDGE('',*,*,#4089,.T.);
#5963=ORIENTED_EDGE('',*,*,#4090,.F.);
#5964=ORIENTED_EDGE('',*,*,#4091,.F.);
#5965=ORIENTED_EDGE('',*,*,#3990,.T.);
#5966=ORIENTED_EDGE('',*,*,#4091,.T.);
#5967=ORIENTED_EDGE('',*,*,#4092,.F.);
#5968=ORIENTED_EDGE('',*,*,#4093,.F.);
#5969=ORIENTED_EDGE('',*,*,#3991,.T.);
#5970=ORIENTED_EDGE('',*,*,#4093,.T.);
#5971=ORIENTED_EDGE('',*,*,#4094,.F.);
#5972=ORIENTED_EDGE('',*,*,#4095,.F.);
#5973=ORIENTED_EDGE('',*,*,#3992,.T.);
#5974=ORIENTED_EDGE('',*,*,#4095,.T.);
#5975=ORIENTED_EDGE('',*,*,#4096,.F.);
#5976=ORIENTED_EDGE('',*,*,#4097,.F.);
#5977=ORIENTED_EDGE('',*,*,#3993,.T.);
#5978=ORIENTED_EDGE('',*,*,#4097,.T.);
#5979=ORIENTED_EDGE('',*,*,#4098,.F.);
#5980=ORIENTED_EDGE('',*,*,#4099,.F.);
#5981=ORIENTED_EDGE('',*,*,#3994,.T.);
#5982=ORIENTED_EDGE('',*,*,#4099,.T.);
#5983=ORIENTED_EDGE('',*,*,#4100,.F.);
#5984=ORIENTED_EDGE('',*,*,#4101,.F.);
#5985=ORIENTED_EDGE('',*,*,#3987,.T.);
#5986=ORIENTED_EDGE('',*,*,#4101,.T.);
#5987=ORIENTED_EDGE('',*,*,#4102,.F.);
#5988=ORIENTED_EDGE('',*,*,#4087,.F.);
#5989=ORIENTED_EDGE('',*,*,#3996,.T.);
#5990=ORIENTED_EDGE('',*,*,#4103,.T.);
#5991=ORIENTED_EDGE('',*,*,#4104,.F.);
#5992=ORIENTED_EDGE('',*,*,#4105,.F.);
#5993=ORIENTED_EDGE('',*,*,#3997,.T.);
#5994=ORIENTED_EDGE('',*,*,#4105,.T.);
#5995=ORIENTED_EDGE('',*,*,#4106,.F.);
#5996=ORIENTED_EDGE('',*,*,#4107,.F.);
#5997=ORIENTED_EDGE('',*,*,#3998,.T.);
#5998=ORIENTED_EDGE('',*,*,#4107,.T.);
#5999=ORIENTED_EDGE('',*,*,#4108,.F.);
#6000=ORIENTED_EDGE('',*,*,#4109,.F.);
#6001=ORIENTED_EDGE('',*,*,#3999,.T.);
#6002=ORIENTED_EDGE('',*,*,#4109,.T.);
#6003=ORIENTED_EDGE('',*,*,#4110,.F.);
#6004=ORIENTED_EDGE('',*,*,#4111,.F.);
#6005=ORIENTED_EDGE('',*,*,#4000,.T.);
#6006=ORIENTED_EDGE('',*,*,#4111,.T.);
#6007=ORIENTED_EDGE('',*,*,#4112,.F.);
#6008=ORIENTED_EDGE('',*,*,#4113,.F.);
#6009=ORIENTED_EDGE('',*,*,#4001,.T.);
#6010=ORIENTED_EDGE('',*,*,#4113,.T.);
#6011=ORIENTED_EDGE('',*,*,#4114,.F.);
#6012=ORIENTED_EDGE('',*,*,#4115,.F.);
#6013=ORIENTED_EDGE('',*,*,#4002,.T.);
#6014=ORIENTED_EDGE('',*,*,#4115,.T.);
#6015=ORIENTED_EDGE('',*,*,#4116,.F.);
#6016=ORIENTED_EDGE('',*,*,#4117,.F.);
#6017=ORIENTED_EDGE('',*,*,#3995,.T.);
#6018=ORIENTED_EDGE('',*,*,#4117,.T.);
#6019=ORIENTED_EDGE('',*,*,#4118,.F.);
#6020=ORIENTED_EDGE('',*,*,#4103,.F.);
#6021=ORIENTED_EDGE('',*,*,#4119,.F.);
#6022=ORIENTED_EDGE('',*,*,#4120,.T.);
#6023=ORIENTED_EDGE('',*,*,#4003,.T.);
#6024=ORIENTED_EDGE('',*,*,#4120,.F.);
#6025=ORIENTED_EDGE('',*,*,#4121,.F.);
#6026=ORIENTED_EDGE('',*,*,#4122,.T.);
#6027=ORIENTED_EDGE('',*,*,#4004,.T.);
#6028=ORIENTED_EDGE('',*,*,#4122,.F.);
#6029=ORIENTED_EDGE('',*,*,#4123,.F.);
#6030=ORIENTED_EDGE('',*,*,#4124,.T.);
#6031=ORIENTED_EDGE('',*,*,#4005,.T.);
#6032=ORIENTED_EDGE('',*,*,#4124,.F.);
#6033=ORIENTED_EDGE('',*,*,#4125,.F.);
#6034=ORIENTED_EDGE('',*,*,#4126,.T.);
#6035=ORIENTED_EDGE('',*,*,#4006,.T.);
#6036=ORIENTED_EDGE('',*,*,#4126,.F.);
#6037=ORIENTED_EDGE('',*,*,#4015,.F.);
#6038=ORIENTED_EDGE('',*,*,#4127,.F.);
#6039=ORIENTED_EDGE('',*,*,#4021,.F.);
#6040=ORIENTED_EDGE('',*,*,#3952,.F.);
#6041=ORIENTED_EDGE('',*,*,#4013,.F.);
#6042=ORIENTED_EDGE('',*,*,#4128,.F.);
#6043=ORIENTED_EDGE('',*,*,#4129,.F.);
#6044=ORIENTED_EDGE('',*,*,#3946,.F.);
#6045=ORIENTED_EDGE('',*,*,#3947,.T.);
#6046=ORIENTED_EDGE('',*,*,#4129,.T.);
#6047=ORIENTED_EDGE('',*,*,#4130,.F.);
#6048=ORIENTED_EDGE('',*,*,#4131,.F.);
#6049=ORIENTED_EDGE('',*,*,#3948,.T.);
#6050=ORIENTED_EDGE('',*,*,#4131,.T.);
#6051=ORIENTED_EDGE('',*,*,#4132,.F.);
#6052=ORIENTED_EDGE('',*,*,#4133,.F.);
#6053=ORIENTED_EDGE('',*,*,#3949,.T.);
#6054=ORIENTED_EDGE('',*,*,#4133,.T.);
#6055=ORIENTED_EDGE('',*,*,#4134,.F.);
#6056=ORIENTED_EDGE('',*,*,#4017,.F.);
#6057=ORIENTED_EDGE('',*,*,#4007,.F.);
#6058=ORIENTED_EDGE('',*,*,#4022,.T.);
#6059=ORIENTED_EDGE('',*,*,#4019,.F.);
#6060=ORIENTED_EDGE('',*,*,#4127,.T.);
#6061=ORIENTED_EDGE('',*,*,#4014,.F.);
#6062=ORIENTED_EDGE('',*,*,#4018,.T.);
#6063=ORIENTED_EDGE('',*,*,#4134,.T.);
#6064=ORIENTED_EDGE('',*,*,#4132,.T.);
#6065=ORIENTED_EDGE('',*,*,#4130,.T.);
#6066=ORIENTED_EDGE('',*,*,#4128,.T.);
#6067=ORIENTED_EDGE('',*,*,#4012,.F.);
#6068=ORIENTED_EDGE('',*,*,#4010,.T.);
#6069=ORIENTED_EDGE('',*,*,#4125,.T.);
#6070=ORIENTED_EDGE('',*,*,#4123,.T.);
#6071=ORIENTED_EDGE('',*,*,#4121,.T.);
#6072=ORIENTED_EDGE('',*,*,#4119,.T.);
#6073=ORIENTED_EDGE('',*,*,#4118,.T.);
#6074=ORIENTED_EDGE('',*,*,#4116,.T.);
#6075=ORIENTED_EDGE('',*,*,#4114,.T.);
#6076=ORIENTED_EDGE('',*,*,#4112,.T.);
#6077=ORIENTED_EDGE('',*,*,#4110,.T.);
#6078=ORIENTED_EDGE('',*,*,#4108,.T.);
#6079=ORIENTED_EDGE('',*,*,#4106,.T.);
#6080=ORIENTED_EDGE('',*,*,#4104,.T.);
#6081=ORIENTED_EDGE('',*,*,#4102,.T.);
#6082=ORIENTED_EDGE('',*,*,#4100,.T.);
#6083=ORIENTED_EDGE('',*,*,#4098,.T.);
#6084=ORIENTED_EDGE('',*,*,#4096,.T.);
#6085=ORIENTED_EDGE('',*,*,#4094,.T.);
#6086=ORIENTED_EDGE('',*,*,#4092,.T.);
#6087=ORIENTED_EDGE('',*,*,#4090,.T.);
#6088=ORIENTED_EDGE('',*,*,#4088,.T.);
#6089=ORIENTED_EDGE('',*,*,#4086,.T.);
#6090=ORIENTED_EDGE('',*,*,#4084,.T.);
#6091=ORIENTED_EDGE('',*,*,#4082,.T.);
#6092=ORIENTED_EDGE('',*,*,#4080,.T.);
#6093=ORIENTED_EDGE('',*,*,#4078,.T.);
#6094=ORIENTED_EDGE('',*,*,#4076,.T.);
#6095=ORIENTED_EDGE('',*,*,#4074,.T.);
#6096=ORIENTED_EDGE('',*,*,#4072,.T.);
#6097=ORIENTED_EDGE('',*,*,#4070,.T.);
#6098=ORIENTED_EDGE('',*,*,#4068,.T.);
#6099=ORIENTED_EDGE('',*,*,#4066,.T.);
#6100=ORIENTED_EDGE('',*,*,#4064,.T.);
#6101=ORIENTED_EDGE('',*,*,#4062,.T.);
#6102=ORIENTED_EDGE('',*,*,#4060,.T.);
#6103=ORIENTED_EDGE('',*,*,#4058,.T.);
#6104=ORIENTED_EDGE('',*,*,#4056,.T.);
#6105=ORIENTED_EDGE('',*,*,#4054,.T.);
#6106=ORIENTED_EDGE('',*,*,#4052,.T.);
#6107=ORIENTED_EDGE('',*,*,#4050,.T.);
#6108=ORIENTED_EDGE('',*,*,#4048,.T.);
#6109=ORIENTED_EDGE('',*,*,#4046,.T.);
#6110=ORIENTED_EDGE('',*,*,#4044,.T.);
#6111=ORIENTED_EDGE('',*,*,#4042,.T.);
#6112=ORIENTED_EDGE('',*,*,#4040,.T.);
#6113=ORIENTED_EDGE('',*,*,#4038,.T.);
#6114=ORIENTED_EDGE('',*,*,#4036,.T.);
#6115=ORIENTED_EDGE('',*,*,#4034,.T.);
#6116=ORIENTED_EDGE('',*,*,#4032,.T.);
#6117=ORIENTED_EDGE('',*,*,#4030,.T.);
#6118=ORIENTED_EDGE('',*,*,#4028,.T.);
#6119=ORIENTED_EDGE('',*,*,#4026,.T.);
#6120=ORIENTED_EDGE('',*,*,#4024,.T.);
#6121=B_SPLINE_SURFACE_WITH_KNOTS('',3,1,((#7887,#7888),(#7889,#7890),(#7891,
#7892),(#7893,#7894),(#7895,#7896)),.UNSPECIFIED.,.F.,.F.,.F.,(4,1,4),(2,
2),(0.,0.0107190242883606,0.0250097704133738),(0.,0.02),.UNSPECIFIED.);
#6122=B_SPLINE_SURFACE_WITH_KNOTS('',3,1,((#7913,#7914),(#7915,#7916),(#7917,
#7918),(#7919,#7920),(#7921,#7922)),.UNSPECIFIED.,.F.,.F.,.F.,(4,1,4),(2,
2),(0.,0.012077770771131,0.0237853294767909),(0.,0.02),.UNSPECIFIED.);
#6123=B_SPLINE_SURFACE_WITH_KNOTS('',3,1,((#7936,#7937),(#7938,#7939),(#7940,
#7941),(#7942,#7943),(#7944,#7945)),.UNSPECIFIED.,.F.,.F.,.F.,(4,1,4),(2,
2),(0.,0.0134933680090233,0.0262110420219475),(0.,0.02),.UNSPECIFIED.);
#6124=B_SPLINE_SURFACE_WITH_KNOTS('',3,1,((#7959,#7960),(#7961,#7962),(#7963,
#7964),(#7965,#7966),(#7967,#7968)),.UNSPECIFIED.,.F.,.F.,.F.,(4,1,4),(2,
2),(0.,0.0103914508439183,0.0230996687709907),(0.,0.02),.UNSPECIFIED.);
#6125=B_SPLINE_SURFACE_WITH_KNOTS('',3,1,((#7982,#7983),(#7984,#7985),(#7986,
#7987),(#7988,#7989),(#7990,#7991)),.UNSPECIFIED.,.F.,.F.,.F.,(4,1,4),(2,
2),(0.,0.00919394959530948,0.018433469491043),(0.,0.02),.UNSPECIFIED.);
#6126=B_SPLINE_SURFACE_WITH_KNOTS('',3,1,((#8005,#8006),(#8007,#8008),(#8009,
#8010),(#8011,#8012),(#8013,#8014)),.UNSPECIFIED.,.F.,.F.,.F.,(4,1,4),(2,
2),(0.,0.00610412393117266,0.0122853261802981),(0.,0.02),.UNSPECIFIED.);
#6127=B_SPLINE_SURFACE_WITH_KNOTS('',3,1,((#8028,#8029),(#8030,#8031),(#8032,
#8033),(#8034,#8035),(#8036,#8037)),.UNSPECIFIED.,.F.,.F.,.F.,(4,1,4),(2,
2),(0.,0.00649556111843269,0.0126914145147905),(0.,0.02),.UNSPECIFIED.);
#6128=B_SPLINE_SURFACE_WITH_KNOTS('',3,1,((#8051,#8052),(#8053,#8054),(#8055,
#8056),(#8057,#8058),(#8059,#8060)),.UNSPECIFIED.,.F.,.F.,.F.,(4,1,4),(2,
2),(0.,0.0131327492861536,0.0220120208340911),(0.,0.02),.UNSPECIFIED.);
#6129=B_SPLINE_SURFACE_WITH_KNOTS('',3,1,((#8074,#8075),(#8076,#8077),(#8078,
#8079),(#8080,#8081),(#8082,#8083)),.UNSPECIFIED.,.F.,.F.,.F.,(4,1,4),(2,
2),(0.,0.017457832631902,0.0412339615821551),(0.,0.02),.UNSPECIFIED.);
#6130=B_SPLINE_SURFACE_WITH_KNOTS('',3,1,((#8109,#8110),(#8111,#8112),(#8113,
#8114),(#8115,#8116),(#8117,#8118)),.UNSPECIFIED.,.F.,.F.,.F.,(4,1,4),(2,
2),(0.,0.00918677294881396,0.0185354325755474),(0.,0.02),.UNSPECIFIED.);
#6131=B_SPLINE_SURFACE_WITH_KNOTS('',3,1,((#8132,#8133),(#8134,#8135),(#8136,
#8137),(#8138,#8139),(#8140,#8141)),.UNSPECIFIED.,.F.,.F.,.F.,(4,1,4),(2,
2),(0.,0.0279529494158737,0.043362882917619),(0.,0.02),.UNSPECIFIED.);
#6132=B_SPLINE_SURFACE_WITH_KNOTS('',3,1,((#8161,#8162),(#8163,#8164),(#8165,
#8166),(#8167,#8168),(#8169,#8170)),.UNSPECIFIED.,.F.,.F.,.F.,(4,1,4),(2,
2),(0.,0.00884751940996848,0.0226981227728412),(0.,0.02),.UNSPECIFIED.);
#6133=B_SPLINE_SURFACE_WITH_KNOTS('',3,1,((#8184,#8185),(#8186,#8187),(#8188,
#8189),(#8190,#8191),(#8192,#8193)),.UNSPECIFIED.,.F.,.F.,.F.,(4,1,4),(2,
2),(0.,0.00880686673984311,0.0185085829150914),(0.,0.02),.UNSPECIFIED.);
#6134=B_SPLINE_SURFACE_WITH_KNOTS('',3,1,((#8207,#8208),(#8209,#8210),(#8211,
#8212),(#8213,#8214),(#8215,#8216)),.UNSPECIFIED.,.F.,.F.,.F.,(4,1,4),(2,
2),(0.,0.0112036139015228,0.0204521153773945),(0.,0.02),.UNSPECIFIED.);
#6135=B_SPLINE_SURFACE_WITH_KNOTS('',3,1,((#8230,#8231),(#8232,#8233),(#8234,
#8235),(#8236,#8237),(#8238,#8239)),.UNSPECIFIED.,.F.,.F.,.F.,(4,1,4),(2,
2),(0.,0.0168498539364946,0.0305815376129495),(0.,0.02),.UNSPECIFIED.);
#6136=B_SPLINE_SURFACE_WITH_KNOTS('',3,1,((#8253,#8254),(#8255,#8256),(#8257,
#8258),(#8259,#8260),(#8261,#8262)),.UNSPECIFIED.,.F.,.F.,.F.,(4,1,4),(2,
2),(0.,0.0157871774190055,0.0333984551172047),(0.,0.02),.UNSPECIFIED.);
#6137=B_SPLINE_SURFACE_WITH_KNOTS('',3,1,((#8276,#8277),(#8278,#8279),(#8280,
#8281),(#8282,#8283),(#8284,#8285)),.UNSPECIFIED.,.F.,.F.,.F.,(4,1,4),(2,
2),(0.,0.0124325829245985,0.0264042509034053),(0.,0.02),.UNSPECIFIED.);
#6138=B_SPLINE_SURFACE_WITH_KNOTS('',3,1,((#8299,#8300),(#8301,#8302),(#8303,
#8304),(#8305,#8306),(#8307,#8308)),.UNSPECIFIED.,.F.,.F.,.F.,(4,1,4),(2,
2),(0.,0.0145902627687876,0.0273098547109404),(0.,0.02),.UNSPECIFIED.);
#6139=B_SPLINE_SURFACE_WITH_KNOTS('',3,1,((#8328,#8329),(#8330,#8331),(#8332,
#8333),(#8334,#8335),(#8336,#8337)),.UNSPECIFIED.,.F.,.F.,.F.,(4,1,4),(2,
2),(0.,0.0110555651232624,0.0250694587155229),(0.,0.02),.UNSPECIFIED.);
#6140=B_SPLINE_SURFACE_WITH_KNOTS('',3,1,((#8351,#8352),(#8353,#8354),(#8355,
#8356),(#8357,#8358),(#8359,#8360)),.UNSPECIFIED.,.F.,.F.,.F.,(4,1,4),(2,
2),(0.,0.0151342471939332,0.0265989978518321),(0.,0.02),.UNSPECIFIED.);
#6141=B_SPLINE_SURFACE_WITH_KNOTS('',3,1,((#8374,#8375),(#8376,#8377),(#8378,
#8379),(#8380,#8381),(#8382,#8383)),.UNSPECIFIED.,.F.,.F.,.F.,(4,1,4),(2,
2),(0.,0.0132593549121324,0.0296606353894706),(0.,0.02),.UNSPECIFIED.);
#6142=B_SPLINE_SURFACE_WITH_KNOTS('',3,1,((#8397,#8398),(#8399,#8400),(#8401,
#8402),(#8403,#8404),(#8405,#8406)),.UNSPECIFIED.,.F.,.F.,.F.,(4,1,4),(2,
2),(0.,0.0129076462383926,0.0227592516903797),(0.,0.02),.UNSPECIFIED.);
#6143=B_SPLINE_SURFACE_WITH_KNOTS('',3,1,((#8420,#8421),(#8422,#8423),(#8424,
#8425),(#8426,#8427),(#8428,#8429)),.UNSPECIFIED.,.F.,.F.,.F.,(4,1,4),(2,
2),(0.,0.0041281453616563,0.00641352255775824),(0.,0.02),.UNSPECIFIED.);
#6144=B_SPLINE_SURFACE_WITH_KNOTS('',3,1,((#8443,#8444),(#8445,#8446),(#8447,
#8448),(#8449,#8450),(#8451,#8452)),.UNSPECIFIED.,.F.,.F.,.F.,(4,1,4),(2,
2),(0.,0.0261096805521994,0.0446557022836431),(0.,0.02),.UNSPECIFIED.);
#6145=B_SPLINE_SURFACE_WITH_KNOTS('',3,1,((#8466,#8467),(#8468,#8469),(#8470,
#8471),(#8472,#8473),(#8474,#8475)),.UNSPECIFIED.,.F.,.F.,.F.,(4,1,4),(2,
2),(0.,0.00926420530142875,0.0221474302810417),(0.,0.02),.UNSPECIFIED.);
#6146=B_SPLINE_SURFACE_WITH_KNOTS('',3,1,((#8489,#8490),(#8491,#8492),(#8493,
#8494),(#8495,#8496),(#8497,#8498)),.UNSPECIFIED.,.F.,.F.,.F.,(4,1,4),(2,
2),(0.,0.0095588590579102,0.0194792924030196),(0.,0.02),.UNSPECIFIED.);
#6147=B_SPLINE_SURFACE_WITH_KNOTS('',3,1,((#8512,#8513),(#8514,#8515),(#8516,
#8517),(#8518,#8519),(#8520,#8521)),.UNSPECIFIED.,.F.,.F.,.F.,(4,1,4),(2,
2),(0.,0.0097039810149507,0.0191192287104762),(0.,0.02),.UNSPECIFIED.);
#6148=B_SPLINE_SURFACE_WITH_KNOTS('',3,1,((#8535,#8536),(#8537,#8538),(#8539,
#8540),(#8541,#8542),(#8543,#8544)),.UNSPECIFIED.,.F.,.F.,.F.,(4,1,4),(2,
2),(0.,0.0102525015268393,0.0201993360483407),(0.,0.02),.UNSPECIFIED.);
#6149=B_SPLINE_SURFACE_WITH_KNOTS('',3,1,((#8558,#8559),(#8560,#8561),(#8562,
#8563),(#8564,#8565),(#8566,#8567)),.UNSPECIFIED.,.F.,.F.,.F.,(4,1,4),(2,
2),(0.,0.0164006736379662,0.0332333764520804),(0.,0.02),.UNSPECIFIED.);
#6150=B_SPLINE_SURFACE_WITH_KNOTS('',3,1,((#8581,#8582),(#8583,#8584),(#8585,
#8586),(#8587,#8588),(#8589,#8590)),.UNSPECIFIED.,.F.,.F.,.F.,(4,1,4),(2,
2),(0.,0.0213123185994453,0.0391862060429926),(0.,0.02),.UNSPECIFIED.);
#6151=B_SPLINE_SURFACE_WITH_KNOTS('',3,1,((#8604,#8605),(#8606,#8607),(#8608,
#8609),(#8610,#8611),(#8612,#8613)),.UNSPECIFIED.,.F.,.F.,.F.,(4,1,4),(2,
2),(0.,0.0135611842192663,0.0276126663208985),(0.,0.02),.UNSPECIFIED.);
#6152=B_SPLINE_SURFACE_WITH_KNOTS('',3,1,((#8627,#8628),(#8629,#8630),(#8631,
#8632),(#8633,#8634),(#8635,#8636)),.UNSPECIFIED.,.F.,.F.,.F.,(4,1,4),(2,
2),(0.,0.0166443695863482,0.0310583628624433),(0.,0.02),.UNSPECIFIED.);
#6153=B_SPLINE_SURFACE_WITH_KNOTS('',3,1,((#8650,#8651),(#8652,#8653),(#8654,
#8655),(#8656,#8657),(#8658,#8659)),.UNSPECIFIED.,.F.,.F.,.F.,(4,1,4),(2,
2),(0.,0.00886194066305453,0.0186085789474002),(0.,0.02),.UNSPECIFIED.);
#6154=B_SPLINE_SURFACE_WITH_KNOTS('',3,1,((#8671,#8672),(#8673,#8674),(#8675,
#8676),(#8677,#8678),(#8679,#8680)),.UNSPECIFIED.,.F.,.F.,.F.,(4,1,4),(2,
2),(0.,0.0250529432404917,0.0452340232165906),(0.,0.02),.UNSPECIFIED.);
#6155=B_SPLINE_SURFACE_WITH_KNOTS('',3,1,((#8697,#8698),(#8699,#8700),(#8701,
#8702),(#8703,#8704),(#8705,#8706)),.UNSPECIFIED.,.F.,.F.,.F.,(4,1,4),(2,
2),(0.,0.0150654016216751,0.031299784458239),(0.,0.02),.UNSPECIFIED.);
#6156=B_SPLINE_SURFACE_WITH_KNOTS('',3,1,((#8720,#8721),(#8722,#8723),(#8724,
#8725),(#8726,#8727),(#8728,#8729)),.UNSPECIFIED.,.F.,.F.,.F.,(4,1,4),(2,
2),(0.,0.0130014931542632,0.0269079334241601),(0.,0.02),.UNSPECIFIED.);
#6157=B_SPLINE_SURFACE_WITH_KNOTS('',3,1,((#8743,#8744),(#8745,#8746),(#8747,
#8748),(#8749,#8750),(#8751,#8752)),.UNSPECIFIED.,.F.,.F.,.F.,(4,1,4),(2,
2),(0.,0.0120539341024748,0.0244791118621416),(0.,0.02),.UNSPECIFIED.);
#6158=B_SPLINE_SURFACE_WITH_KNOTS('',3,1,((#8766,#8767),(#8768,#8769),(#8770,
#8771),(#8772,#8773),(#8774,#8775)),.UNSPECIFIED.,.F.,.F.,.F.,(4,1,4),(2,
2),(0.,0.0104526595604181,0.0220735432004771),(0.,0.02),.UNSPECIFIED.);
#6159=B_SPLINE_SURFACE_WITH_KNOTS('',3,1,((#8789,#8790),(#8791,#8792),(#8793,
#8794),(#8795,#8796),(#8797,#8798)),.UNSPECIFIED.,.F.,.F.,.F.,(4,1,4),(2,
2),(0.,0.0106808521062551,0.0208878719594339),(0.,0.02),.UNSPECIFIED.);
#6160=B_SPLINE_SURFACE_WITH_KNOTS('',3,1,((#8812,#8813),(#8814,#8815),(#8816,
#8817),(#8818,#8819),(#8820,#8821)),.UNSPECIFIED.,.F.,.F.,.F.,(4,1,4),(2,
2),(0.,0.0230050489663608,0.0381184066941174),(0.,0.02),.UNSPECIFIED.);
#6161=B_SPLINE_SURFACE_WITH_KNOTS('',3,1,((#8835,#8836),(#8837,#8838),(#8839,
#8840),(#8841,#8842),(#8843,#8844)),.UNSPECIFIED.,.F.,.F.,.F.,(4,1,4),(2,
2),(0.,0.0076054333035917,0.0225832714116934),(0.,0.02),.UNSPECIFIED.);
#6162=B_SPLINE_SURFACE_WITH_KNOTS('',3,1,((#8858,#8859),(#8860,#8861),(#8862,
#8863),(#8864,#8865),(#8866,#8867)),.UNSPECIFIED.,.F.,.F.,.F.,(4,1,4),(2,
2),(0.,0.00528429839724046,0.0115699514219233),(0.,0.02),.UNSPECIFIED.);
#6163=B_SPLINE_SURFACE_WITH_KNOTS('',3,1,((#8881,#8882),(#8883,#8884),(#8885,
#8886),(#8887,#8888),(#8889,#8890)),.UNSPECIFIED.,.F.,.F.,.F.,(4,1,4),(2,
2),(0.,0.00459779494693166,0.0092389118473131),(0.,0.02),.UNSPECIFIED.);
#6164=B_SPLINE_SURFACE_WITH_KNOTS('',3,1,((#8904,#8905),(#8906,#8907),(#8908,
#8909),(#8910,#8911),(#8912,#8913)),.UNSPECIFIED.,.F.,.F.,.F.,(4,1,4),(2,
2),(0.,0.00814031433039777,0.0153950349694678),(0.,0.02),.UNSPECIFIED.);
#6165=B_SPLINE_SURFACE_WITH_KNOTS('',3,1,((#8927,#8928),(#8929,#8930),(#8931,
#8932),(#8933,#8934),(#8935,#8936)),.UNSPECIFIED.,.F.,.F.,.F.,(4,1,4),(2,
2),(0.,0.0145624875604247,0.0250868677249459),(0.,0.02),.UNSPECIFIED.);
#6166=B_SPLINE_SURFACE_WITH_KNOTS('',3,1,((#8950,#8951),(#8952,#8953),(#8954,
#8955),(#8956,#8957),(#8958,#8959)),.UNSPECIFIED.,.F.,.F.,.F.,(4,1,4),(2,
2),(0.,0.0105702246123899,0.0233714000819542),(0.,0.02),.UNSPECIFIED.);
#6167=B_SPLINE_SURFACE_WITH_KNOTS('',3,1,((#8973,#8974),(#8975,#8976),(#8977,
#8978),(#8979,#8980),(#8981,#8982)),.UNSPECIFIED.,.F.,.F.,.F.,(4,1,4),(2,
2),(0.,0.010457180672911,0.0202499660897174),(0.,0.02),.UNSPECIFIED.);
#6168=B_SPLINE_SURFACE_WITH_KNOTS('',3,1,((#9002,#9003),(#9004,#9005),(#9006,
#9007),(#9008,#9009),(#9010,#9011)),.UNSPECIFIED.,.F.,.F.,.F.,(4,1,4),(2,
2),(0.,0.0110916747751065,0.0241453941702465),(0.,0.02),.UNSPECIFIED.);
#6169=B_SPLINE_SURFACE_WITH_KNOTS('',3,1,((#9025,#9026),(#9027,#9028),(#9029,
#9030),(#9031,#9032),(#9033,#9034)),.UNSPECIFIED.,.F.,.F.,.F.,(4,1,4),(2,
2),(0.,0.0126075460351902,0.0234622925277765),(0.,0.02),.UNSPECIFIED.);
#6170=B_SPLINE_SURFACE_WITH_KNOTS('',3,1,((#9048,#9049),(#9050,#9051),(#9052,
#9053),(#9054,#9055),(#9056,#9057)),.UNSPECIFIED.,.F.,.F.,.F.,(4,1,4),(2,
2),(0.,0.0160599706343525,0.0304711378413978),(0.,0.02),.UNSPECIFIED.);
#6171=B_SPLINE_SURFACE_WITH_KNOTS('',3,1,((#9071,#9072),(#9073,#9074),(#9075,
#9076),(#9077,#9078),(#9079,#9080)),.UNSPECIFIED.,.F.,.F.,.F.,(4,1,4),(2,
2),(0.,0.0104823949823323,0.0214721145160338),(0.,0.02),.UNSPECIFIED.);
#6172=B_SPLINE_SURFACE_WITH_KNOTS('',3,1,((#9094,#9095),(#9096,#9097),(#9098,
#9099),(#9100,#9101),(#9102,#9103)),.UNSPECIFIED.,.F.,.F.,.F.,(4,1,4),(2,
2),(0.,0.00781567880382361,0.0172466270783719),(0.,0.02),.UNSPECIFIED.);
#6173=B_SPLINE_SURFACE_WITH_KNOTS('',3,1,((#9117,#9118),(#9119,#9120),(#9121,
#9122),(#9123,#9124),(#9125,#9126)),.UNSPECIFIED.,.F.,.F.,.F.,(4,1,4),(2,
2),(0.,0.00919130129546148,0.0183924878095776),(0.,0.02),.UNSPECIFIED.);
#6174=B_SPLINE_SURFACE_WITH_KNOTS('',3,1,((#9140,#9141),(#9142,#9143),(#9144,
#9145),(#9146,#9147),(#9148,#9149)),.UNSPECIFIED.,.F.,.F.,.F.,(4,1,4),(2,
2),(0.,0.00939373769617269,0.018625338756782),(0.,0.02),.UNSPECIFIED.);
#6175=B_SPLINE_SURFACE_WITH_KNOTS('',3,1,((#9163,#9164),(#9165,#9166),(#9167,
#9168),(#9169,#9170),(#9171,#9172)),.UNSPECIFIED.,.F.,.F.,.F.,(4,1,4),(2,
2),(0.,0.0101034783479542,0.0203729820899179),(0.,0.02),.UNSPECIFIED.);
#6176=B_SPLINE_SURFACE_WITH_KNOTS('',3,1,((#9186,#9187),(#9188,#9189),(#9190,
#9191),(#9192,#9193),(#9194,#9195)),.UNSPECIFIED.,.F.,.F.,.F.,(4,1,4),(2,
2),(0.,0.0109266946512619,0.0212110526877763),(0.,0.02),.UNSPECIFIED.);
#6177=B_SPLINE_SURFACE_WITH_KNOTS('',3,1,((#9209,#9210),(#9211,#9212),(#9213,
#9214),(#9215,#9216),(#9217,#9218)),.UNSPECIFIED.,.F.,.F.,.F.,(4,1,4),(2,
2),(0.,0.0237364967950811,0.0392987548688096),(0.,0.02),.UNSPECIFIED.);
#6178=B_SPLINE_SURFACE_WITH_KNOTS('',3,1,((#9232,#9233),(#9234,#9235),(#9236,
#9237),(#9238,#9239),(#9240,#9241)),.UNSPECIFIED.,.F.,.F.,.F.,(4,1,4),(2,
2),(0.,0.00955251762653693,0.0264931225407675),(0.,0.02),.UNSPECIFIED.);
#6179=B_SPLINE_SURFACE_WITH_KNOTS('',3,1,((#9255,#9256),(#9257,#9258),(#9259,
#9260),(#9261,#9262),(#9263,#9264)),.UNSPECIFIED.,.F.,.F.,.F.,(4,1,4),(2,
2),(0.,0.00765178176134343,0.0154915956656033),(0.,0.02),.UNSPECIFIED.);
#6180=B_SPLINE_SURFACE_WITH_KNOTS('',3,1,((#9278,#9279),(#9280,#9281),(#9282,
#9283),(#9284,#9285),(#9286,#9287)),.UNSPECIFIED.,.F.,.F.,.F.,(4,1,4),(2,
2),(0.,0.00968167527265881,0.0185997325934225),(0.,0.02),.UNSPECIFIED.);
#6181=B_SPLINE_SURFACE_WITH_KNOTS('',3,1,((#9301,#9302),(#9303,#9304),(#9305,
#9306),(#9307,#9308),(#9309,#9310)),.UNSPECIFIED.,.F.,.F.,.F.,(4,1,4),(2,
2),(0.,0.0148343005053318,0.026418844815669),(0.,0.02),.UNSPECIFIED.);
#6182=B_SPLINE_SURFACE_WITH_KNOTS('',3,1,((#9324,#9325),(#9326,#9327),(#9328,
#9329),(#9330,#9331),(#9332,#9333)),.UNSPECIFIED.,.F.,.F.,.F.,(4,1,4),(2,
2),(0.,0.0126310283931508,0.0276786834793559),(0.,0.02),.UNSPECIFIED.);
#6183=B_SPLINE_SURFACE_WITH_KNOTS('',3,1,((#9347,#9348),(#9349,#9350),(#9351,
#9352),(#9353,#9354),(#9355,#9356)),.UNSPECIFIED.,.F.,.F.,.F.,(4,1,4),(2,
2),(0.,0.0134608603431354,0.0255628154687248),(0.,0.02),.UNSPECIFIED.);
#6184=B_SPLINE_SURFACE_WITH_KNOTS('',3,1,((#9376,#9377),(#9378,#9379),(#9380,
#9381),(#9382,#9383),(#9384,#9385)),.UNSPECIFIED.,.F.,.F.,.F.,(4,1,4),(2,
2),(0.,0.0189500595760099,0.0402781886899846),(0.,0.02),.UNSPECIFIED.);
#6185=B_SPLINE_SURFACE_WITH_KNOTS('',3,1,((#9397,#9398),(#9399,#9400),(#9401,
#9402),(#9403,#9404),(#9405,#9406)),.UNSPECIFIED.,.F.,.F.,.F.,(4,1,4),(2,
2),(0.,0.0153911391675542,0.0312833415463651),(0.,0.02),.UNSPECIFIED.);
#6186=B_SPLINE_SURFACE_WITH_KNOTS('',3,1,((#9423,#9424),(#9425,#9426),(#9427,
#9428),(#9429,#9430),(#9431,#9432)),.UNSPECIFIED.,.F.,.F.,.F.,(4,1,4),(2,
2),(0.,0.0165076354897176,0.0323446908392477),(0.,0.02),.UNSPECIFIED.);
#6187=B_SPLINE_SURFACE_WITH_KNOTS('',3,1,((#9446,#9447),(#9448,#9449),(#9450,
#9451),(#9452,#9453),(#9454,#9455)),.UNSPECIFIED.,.F.,.F.,.F.,(4,1,4),(2,
2),(0.,0.0259431396329679,0.0457741961007635),(0.,0.02),.UNSPECIFIED.);
#6188=B_SPLINE_SURFACE_WITH_KNOTS('',3,1,((#9469,#9470),(#9471,#9472),(#9473,
#9474),(#9475,#9476),(#9477,#9478)),.UNSPECIFIED.,.F.,.F.,.F.,(4,1,4),(2,
2),(0.,0.0186469212767206,0.0423649334464897),(0.,0.02),.UNSPECIFIED.);
#6189=B_SPLINE_SURFACE_WITH_KNOTS('',3,1,((#9492,#9493),(#9494,#9495),(#9496,
#9497),(#9498,#9499),(#9500,#9501)),.UNSPECIFIED.,.F.,.F.,.F.,(4,1,4),(2,
2),(0.,0.0152469194456479,0.0311494438659042),(0.,0.02),.UNSPECIFIED.);
#6190=B_SPLINE_SURFACE_WITH_KNOTS('',3,1,((#9515,#9516),(#9517,#9518),(#9519,
#9520),(#9521,#9522),(#9523,#9524)),.UNSPECIFIED.,.F.,.F.,.F.,(4,1,4),(2,
2),(0.,0.0164432353236831,0.0317406428158604),(0.,0.02),.UNSPECIFIED.);
#6191=B_SPLINE_SURFACE_WITH_KNOTS('',3,1,((#9538,#9539),(#9540,#9541),(#9542,
#9543),(#9544,#9545),(#9546,#9547)),.UNSPECIFIED.,.F.,.F.,.F.,(4,1,4),(2,
2),(0.,0.0244941448278242,0.0438962055455034),(0.,0.02),.UNSPECIFIED.);
#6192=B_SPLINE_SURFACE_WITH_KNOTS('',3,1,((#9561,#9562),(#9563,#9564),(#9565,
#9566),(#9567,#9568),(#9569,#9570)),.UNSPECIFIED.,.F.,.F.,.F.,(4,1,4),(2,
2),(0.,0.0190919551233667,0.0441744272796863),(0.,0.02),.UNSPECIFIED.);
#6193=B_SPLINE_SURFACE_WITH_KNOTS('',3,1,((#9602,#9603),(#9604,#9605),(#9606,
#9607),(#9608,#9609),(#9610,#9611)),.UNSPECIFIED.,.F.,.F.,.F.,(4,1,4),(2,
2),(0.,0.0112482440692807,0.0221471795723379),(0.,0.02),.UNSPECIFIED.);
#6194=B_SPLINE_SURFACE_WITH_KNOTS('',3,1,((#9625,#9626),(#9627,#9628),(#9629,
#9630),(#9631,#9632),(#9633,#9634)),.UNSPECIFIED.,.F.,.F.,.F.,(4,1,4),(2,
2),(0.,0.0124574148511563,0.0241636106333374),(0.,0.02),.UNSPECIFIED.);
#6195=B_SPLINE_SURFACE_WITH_KNOTS('',3,1,((#9648,#9649),(#9650,#9651),(#9652,
#9653),(#9654,#9655),(#9656,#9657)),.UNSPECIFIED.,.F.,.F.,.F.,(4,1,4),(2,
2),(0.,0.0168628608347559,0.0340438343289843),(0.,0.02),.UNSPECIFIED.);
#6196=B_SPLINE_SURFACE_WITH_KNOTS('',3,1,((#9671,#9672),(#9673,#9674),(#9675,
#9676),(#9677,#9678),(#9679,#9680)),.UNSPECIFIED.,.F.,.F.,.F.,(4,1,4),(2,
2),(0.,0.0180322861682497,0.0351152920274529),(0.,0.02),.UNSPECIFIED.);
#6197=B_SPLINE_SURFACE_WITH_KNOTS('',3,1,((#9694,#9695),(#9696,#9697),(#9698,
#9699),(#9700,#9701),(#9702,#9703)),.UNSPECIFIED.,.F.,.F.,.F.,(4,1,4),(2,
2),(0.,0.0207643842225367,0.0402091346465001),(0.,0.02),.UNSPECIFIED.);
#6198=B_SPLINE_SURFACE_WITH_KNOTS('',3,1,((#9717,#9718),(#9719,#9720),(#9721,
#9722),(#9723,#9724),(#9725,#9726)),.UNSPECIFIED.,.F.,.F.,.F.,(4,1,4),(2,
2),(0.,0.019349469960041,0.0404026197881985),(0.,0.02),.UNSPECIFIED.);
#6199=B_SPLINE_SURFACE_WITH_KNOTS('',3,1,((#9740,#9741),(#9742,#9743),(#9744,
#9745),(#9746,#9747),(#9748,#9749)),.UNSPECIFIED.,.F.,.F.,.F.,(4,1,4),(2,
2),(0.,0.0172378750944461,0.0352493792603334),(0.,0.02),.UNSPECIFIED.);
#6200=B_SPLINE_SURFACE_WITH_KNOTS('',3,1,((#9763,#9764),(#9765,#9766),(#9767,
#9768),(#9769,#9770),(#9771,#9772)),.UNSPECIFIED.,.F.,.F.,.F.,(4,1,4),(2,
2),(0.,0.0167974875058019,0.0336262284332535),(0.,0.02),.UNSPECIFIED.);
#6201=B_SPLINE_SURFACE_WITH_KNOTS('',3,1,((#9786,#9787),(#9788,#9789),(#9790,
#9791),(#9792,#9793),(#9794,#9795)),.UNSPECIFIED.,.F.,.F.,.F.,(4,1,4),(2,
2),(0.,0.0234734677786448,0.0475826887989149),(0.,0.02),.UNSPECIFIED.);
#6202=B_SPLINE_SURFACE_WITH_KNOTS('',3,1,((#9819,#9820),(#9821,#9822),(#9823,
#9824),(#9825,#9826),(#9827,#9828)),.UNSPECIFIED.,.F.,.F.,.F.,(4,1,4),(2,
2),(0.,0.0134513437252461,0.0262030506438963),(0.,0.02),.UNSPECIFIED.);
#6203=B_SPLINE_SURFACE_WITH_KNOTS('',3,1,((#9845,#9846),(#9847,#9848),(#9849,
#9850),(#9851,#9852),(#9853,#9854)),.UNSPECIFIED.,.F.,.F.,.F.,(4,1,4),(2,
2),(0.,0.0162700653062295,0.0329052048167786),(0.,0.02),.UNSPECIFIED.);
#6204=B_SPLINE_SURFACE_WITH_KNOTS('',3,1,((#9868,#9869),(#9870,#9871),(#9872,
#9873),(#9874,#9875),(#9876,#9877)),.UNSPECIFIED.,.F.,.F.,.F.,(4,1,4),(2,
2),(0.,0.0253593486007627,0.0445179274512656),(0.,0.02),.UNSPECIFIED.);
#6205=B_SPLINE_SURFACE_WITH_KNOTS('',3,1,((#9891,#9892),(#9893,#9894),(#9895,
#9896),(#9897,#9898),(#9899,#9900)),.UNSPECIFIED.,.F.,.F.,.F.,(4,1,4),(2,
2),(0.,0.0192493446367225,0.044332184185882),(0.,0.02),.UNSPECIFIED.);
#6206=B_SPLINE_SURFACE_WITH_KNOTS('',3,1,((#9914,#9915),(#9916,#9917),(#9918,
#9919),(#9920,#9921),(#9922,#9923)),.UNSPECIFIED.,.F.,.F.,.F.,(4,1,4),(2,
2),(0.,0.0171401434160862,0.0337942957365041),(0.,0.02),.UNSPECIFIED.);
#6207=B_SPLINE_SURFACE_WITH_KNOTS('',3,1,((#9937,#9938),(#9939,#9940),(#9941,
#9942),(#9943,#9944),(#9945,#9946)),.UNSPECIFIED.,.F.,.F.,.F.,(4,1,4),(2,
2),(0.,0.0110477711129743,0.0225703834916219),(0.,0.02),.UNSPECIFIED.);
#6208=B_SPLINE_SURFACE_WITH_KNOTS('',3,1,((#9960,#9961),(#9962,#9963),(#9964,
#9965),(#9966,#9967),(#9968,#9969)),.UNSPECIFIED.,.F.,.F.,.F.,(4,1,4),(2,
2),(0.,0.0136343417569308,0.0253900085085589),(0.,0.02),.UNSPECIFIED.);
#6209=B_SPLINE_SURFACE_WITH_KNOTS('',3,1,((#9989,#9990),(#9991,#9992),(#9993,
#9994),(#9995,#9996),(#9997,#9998)),.UNSPECIFIED.,.F.,.F.,.F.,(4,1,4),(2,
2),(0.,0.0189796444026941,0.0396324420639645),(0.,0.02),.UNSPECIFIED.);
#6210=B_SPLINE_SURFACE_WITH_KNOTS('',3,1,((#10012,#10013),(#10014,#10015),
(#10016,#10017),(#10018,#10019),(#10020,#10021)),.UNSPECIFIED.,.F.,.F.,
 .F.,(4,1,4),(2,2),(0.,0.0216594791784054,0.0410106525162645),(0.,0.02),
 .UNSPECIFIED.);
#6211=B_SPLINE_SURFACE_WITH_KNOTS('',3,1,((#10035,#10036),(#10037,#10038),
(#10039,#10040),(#10041,#10042),(#10043,#10044)),.UNSPECIFIED.,.F.,.F.,
 .F.,(4,1,4),(2,2),(0.,0.0178570833624707,0.0359822070306926),(0.,0.02),
 .UNSPECIFIED.);
#6212=B_SPLINE_SURFACE_WITH_KNOTS('',3,1,((#10058,#10059),(#10060,#10061),
(#10062,#10063),(#10064,#10065),(#10066,#10067)),.UNSPECIFIED.,.F.,.F.,
 .F.,(4,1,4),(2,2),(0.,0.018255973645204,0.0359534778985771),(0.,0.02),
 .UNSPECIFIED.);
#6213=B_SPLINE_SURFACE_WITH_KNOTS('',3,1,((#10081,#10082),(#10083,#10084),
(#10085,#10086),(#10087,#10088),(#10089,#10090)),.UNSPECIFIED.,.F.,.F.,
 .F.,(4,1,4),(2,2),(0.,0.02208437731597,0.0420219456028088),(0.,0.02),
 .UNSPECIFIED.);
#6214=B_SPLINE_SURFACE_WITH_KNOTS('',3,1,((#10104,#10105),(#10106,#10107),
(#10108,#10109),(#10110,#10111),(#10112,#10113)),.UNSPECIFIED.,.F.,.F.,
 .F.,(4,1,4),(2,2),(0.,0.0272626951489481,0.059656536990952),(0.,0.02),
 .UNSPECIFIED.);
#6215=B_SPLINE_SURFACE_WITH_KNOTS('',3,1,((#10127,#10128),(#10129,#10130),
(#10131,#10132),(#10133,#10134),(#10135,#10136)),.UNSPECIFIED.,.F.,.F.,
 .F.,(4,1,4),(2,2),(0.,0.0272614452314505,0.0528206935542711),(0.,0.02),
 .UNSPECIFIED.);
#6216=B_SPLINE_SURFACE_WITH_KNOTS('',3,1,((#10150,#10151),(#10152,#10153),
(#10154,#10155),(#10156,#10157),(#10158,#10159)),.UNSPECIFIED.,.F.,.F.,
 .F.,(4,1,4),(2,2),(0.,0.0210236569103605,0.0431858524926022),(0.,0.02),
 .UNSPECIFIED.);
#6217=B_SPLINE_SURFACE_WITH_KNOTS('',3,1,((#10173,#10174),(#10175,#10176),
(#10177,#10178),(#10179,#10180),(#10181,#10182)),.UNSPECIFIED.,.F.,.F.,
 .F.,(4,1,4),(2,2),(0.,0.0233422731379818,0.0447424933125929),(0.,0.02),
 .UNSPECIFIED.);
#6218=B_SPLINE_SURFACE_WITH_KNOTS('',3,1,((#10202,#10203),(#10204,#10205),
(#10206,#10207),(#10208,#10209),(#10210,#10211)),.UNSPECIFIED.,.F.,.F.,
 .F.,(4,1,4),(2,2),(0.,0.0137581694234276,0.0303720765454238),(0.,0.02),
 .UNSPECIFIED.);
#6219=B_SPLINE_SURFACE_WITH_KNOTS('',3,1,((#10223,#10224),(#10225,#10226),
(#10227,#10228),(#10229,#10230),(#10231,#10232)),.UNSPECIFIED.,.F.,.F.,
 .F.,(4,1,4),(2,2),(0.,0.0152329899398597,0.0322447078502094),(0.,0.02),
 .UNSPECIFIED.);
#6220=B_SPLINE_SURFACE_WITH_KNOTS('',3,1,((#10249,#10250),(#10251,#10252),
(#10253,#10254),(#10255,#10256),(#10257,#10258)),.UNSPECIFIED.,.F.,.F.,
 .F.,(4,1,4),(2,2),(0.,0.0162186891426981,0.031333390865424),(0.,0.02),
 .UNSPECIFIED.);
#6221=B_SPLINE_SURFACE_WITH_KNOTS('',3,1,((#10272,#10273),(#10274,#10275),
(#10276,#10277),(#10278,#10279),(#10280,#10281)),.UNSPECIFIED.,.F.,.F.,
 .F.,(4,1,4),(2,2),(0.,0.0243824111222518,0.0436393151031923),(0.,0.02),
 .UNSPECIFIED.);
#6222=B_SPLINE_SURFACE_WITH_KNOTS('',3,1,((#10295,#10296),(#10297,#10298),
(#10299,#10300),(#10301,#10302),(#10303,#10304)),.UNSPECIFIED.,.F.,.F.,
 .F.,(4,1,4),(2,2),(0.,0.0196991756840523,0.0451227675507863),(0.,0.02),
 .UNSPECIFIED.);
#6223=B_SPLINE_SURFACE_WITH_KNOTS('',3,1,((#10318,#10319),(#10320,#10321),
(#10322,#10323),(#10324,#10325),(#10326,#10327)),.UNSPECIFIED.,.F.,.F.,
 .F.,(4,1,4),(2,2),(0.,0.0155837928540862,0.0320989031844813),(0.,0.02),
 .UNSPECIFIED.);
#6224=B_SPLINE_SURFACE_WITH_KNOTS('',3,1,((#10341,#10342),(#10343,#10344),
(#10345,#10346),(#10347,#10348),(#10349,#10350)),.UNSPECIFIED.,.F.,.F.,
 .F.,(4,1,4),(2,2),(0.,0.0160382475788509,0.0313129214989506),(0.,0.02),
 .UNSPECIFIED.);
#6225=B_SPLINE_SURFACE_WITH_KNOTS('',3,1,((#10364,#10365),(#10366,#10367),
(#10368,#10369),(#10370,#10371),(#10372,#10373)),.UNSPECIFIED.,.F.,.F.,
 .F.,(4,1,4),(2,2),(0.,0.0244820708311285,0.043502391103624),(0.,0.02),
 .UNSPECIFIED.);
#6226=B_SPLINE_SURFACE_WITH_KNOTS('',3,1,((#10387,#10388),(#10389,#10390),
(#10391,#10392),(#10393,#10394),(#10395,#10396)),.UNSPECIFIED.,.F.,.F.,
 .F.,(4,1,4),(2,2),(0.,0.0201414834544001,0.0449675566539232),(0.,0.02),
 .UNSPECIFIED.);
#6227=B_SPLINE_SURFACE_WITH_KNOTS('',3,1,((#10416,#10417),(#10418,#10419),
(#10420,#10421),(#10422,#10423),(#10424,#10425)),.UNSPECIFIED.,.F.,.F.,
 .F.,(4,1,4),(2,2),(0.,0.010646677373335,0.0208121282442137),(0.,0.02),
 .UNSPECIFIED.);
#6228=B_SPLINE_SURFACE_WITH_KNOTS('',3,1,((#10439,#10440),(#10441,#10442),
(#10443,#10444),(#10445,#10446),(#10447,#10448)),.UNSPECIFIED.,.F.,.F.,
 .F.,(4,1,4),(2,2),(0.,0.0117192295928147,0.0228085923741361),(0.,0.02),
 .UNSPECIFIED.);
#6229=B_SPLINE_SURFACE_WITH_KNOTS('',3,1,((#10462,#10463),(#10464,#10465),
(#10466,#10467),(#10468,#10469),(#10470,#10471)),.UNSPECIFIED.,.F.,.F.,
 .F.,(4,1,4),(2,2),(0.,0.0171476908493757,0.0337063446315099),(0.,0.02),
 .UNSPECIFIED.);
#6230=B_SPLINE_SURFACE_WITH_KNOTS('',3,1,((#10485,#10486),(#10487,#10488),
(#10489,#10490),(#10491,#10492),(#10493,#10494)),.UNSPECIFIED.,.F.,.F.,
 .F.,(4,1,4),(2,2),(0.,0.0185210811572424,0.0362225924843911),(0.,0.02),
 .UNSPECIFIED.);
#6231=B_SPLINE_SURFACE_WITH_KNOTS('',3,1,((#10508,#10509),(#10510,#10511),
(#10512,#10513),(#10514,#10515),(#10516,#10517)),.UNSPECIFIED.,.F.,.F.,
 .F.,(4,1,4),(2,2),(0.,0.0212228932869642,0.0410595445195317),(0.,0.02),
 .UNSPECIFIED.);
#6232=B_SPLINE_SURFACE_WITH_KNOTS('',3,1,((#10531,#10532),(#10533,#10534),
(#10535,#10536),(#10537,#10538),(#10539,#10540)),.UNSPECIFIED.,.F.,.F.,
 .F.,(4,1,4),(2,2),(0.,0.0190193577883811,0.0390023855020027),(0.,0.02),
 .UNSPECIFIED.);
#6233=B_SPLINE_SURFACE_WITH_KNOTS('',3,1,((#10554,#10555),(#10556,#10557),
(#10558,#10559),(#10560,#10561),(#10562,#10563)),.UNSPECIFIED.,.F.,.F.,
 .F.,(4,1,4),(2,2),(0.,0.0169550385376443,0.0348056352091445),(0.,0.02),
 .UNSPECIFIED.);
#6234=B_SPLINE_SURFACE_WITH_KNOTS('',3,1,((#10577,#10578),(#10579,#10580),
(#10581,#10582),(#10583,#10584),(#10585,#10586)),.UNSPECIFIED.,.F.,.F.,
 .F.,(4,1,4),(2,2),(0.,0.0176248797741456,0.0344999792073483),(0.,0.02),
 .UNSPECIFIED.);
#6235=B_SPLINE_SURFACE_WITH_KNOTS('',3,1,((#10600,#10601),(#10602,#10603),
(#10604,#10605),(#10606,#10607),(#10608,#10609)),.UNSPECIFIED.,.F.,.F.,
 .F.,(4,1,4),(2,2),(0.,0.0117699718836999,0.0249733911005555),(0.,0.02),
 .UNSPECIFIED.);
#6236=B_SPLINE_SURFACE_WITH_KNOTS('',3,1,((#10623,#10624),(#10625,#10626),
(#10627,#10628),(#10629,#10630),(#10631,#10632)),.UNSPECIFIED.,.F.,.F.,
 .F.,(4,1,4),(2,2),(0.,0.0128242773230527,0.0245270594307293),(0.,0.02),
 .UNSPECIFIED.);
#6237=B_SPLINE_SURFACE_WITH_KNOTS('',3,1,((#10668,#10669),(#10670,#10671),
(#10672,#10673),(#10674,#10675),(#10676,#10677)),.UNSPECIFIED.,.F.,.F.,
 .F.,(4,1,4),(2,2),(0.,0.0107189978317805,0.0250097439567937),(0.,0.02),
 .UNSPECIFIED.);
#6238=B_SPLINE_SURFACE_WITH_KNOTS('',3,1,((#10694,#10695),(#10696,#10697),
(#10698,#10699),(#10700,#10701),(#10702,#10703)),.UNSPECIFIED.,.F.,.F.,
 .F.,(4,1,4),(2,2),(0.,0.0120777526349243,0.0237853312006437),(0.,0.02),
 .UNSPECIFIED.);
#6239=B_SPLINE_SURFACE_WITH_KNOTS('',3,1,((#10717,#10718),(#10719,#10720),
(#10721,#10722),(#10723,#10724),(#10725,#10726)),.UNSPECIFIED.,.F.,.F.,
 .F.,(4,1,4),(2,2),(0.,0.0134933697227912,0.0262110273712981),(0.,0.02),
 .UNSPECIFIED.);
#6240=B_SPLINE_SURFACE_WITH_KNOTS('',3,1,((#10740,#10741),(#10742,#10743),
(#10744,#10745),(#10746,#10747),(#10748,#10749)),.UNSPECIFIED.,.F.,.F.,
 .F.,(4,1,4),(2,2),(0.,0.0103914630220517,0.0230996218411254),(0.,0.02),
 .UNSPECIFIED.);
#6241=B_SPLINE_SURFACE_WITH_KNOTS('',3,1,((#10763,#10764),(#10765,#10766),
(#10767,#10768),(#10769,#10770),(#10771,#10772)),.UNSPECIFIED.,.F.,.F.,
 .F.,(4,1,4),(2,2),(0.,0.00919397275692495,0.0184334868771783),(0.,0.02),
 .UNSPECIFIED.);
#6242=B_SPLINE_SURFACE_WITH_KNOTS('',3,1,((#10786,#10787),(#10788,#10789),
(#10790,#10791),(#10792,#10793),(#10794,#10795)),.UNSPECIFIED.,.F.,.F.,
 .F.,(4,1,4),(2,2),(0.,0.00610408646441042,0.0122852969357732),(0.,0.02),
 .UNSPECIFIED.);
#6243=B_SPLINE_SURFACE_WITH_KNOTS('',3,1,((#10809,#10810),(#10811,#10812),
(#10813,#10814),(#10815,#10816),(#10817,#10818)),.UNSPECIFIED.,.F.,.F.,
 .F.,(4,1,4),(2,2),(0.,0.00649556111843269,0.0126914565944577),(0.,0.02),
 .UNSPECIFIED.);
#6244=B_SPLINE_SURFACE_WITH_KNOTS('',3,1,((#10832,#10833),(#10834,#10835),
(#10836,#10837),(#10838,#10839),(#10840,#10841)),.UNSPECIFIED.,.F.,.F.,
 .F.,(4,1,4),(2,2),(0.,0.0131327466546302,0.0220119896984081),(0.,0.02),
 .UNSPECIFIED.);
#6245=B_SPLINE_SURFACE_WITH_KNOTS('',3,1,((#10855,#10856),(#10857,#10858),
(#10859,#10860),(#10861,#10862),(#10863,#10864)),.UNSPECIFIED.,.F.,.F.,
 .F.,(4,1,4),(2,2),(0.,0.0174578611612846,0.0412339874609831),(0.,0.02),
 .UNSPECIFIED.);
#6246=B_SPLINE_SURFACE_WITH_KNOTS('',3,1,((#10890,#10891),(#10892,#10893),
(#10894,#10895),(#10896,#10897),(#10898,#10899)),.UNSPECIFIED.,.F.,.F.,
 .F.,(4,1,4),(2,2),(0.,0.00918675779071031,0.0185354026306088),(0.,0.02),
 .UNSPECIFIED.);
#6247=B_SPLINE_SURFACE_WITH_KNOTS('',3,1,((#10913,#10914),(#10915,#10916),
(#10917,#10918),(#10919,#10920),(#10921,#10922)),.UNSPECIFIED.,.F.,.F.,
 .F.,(4,1,4),(2,2),(0.,0.0279529796334558,0.0433629131352011),(0.,0.02),
 .UNSPECIFIED.);
#6248=B_SPLINE_SURFACE_WITH_KNOTS('',3,1,((#10942,#10943),(#10944,#10945),
(#10946,#10947),(#10948,#10949),(#10950,#10951)),.UNSPECIFIED.,.F.,.F.,
 .F.,(4,1,4),(2,2),(0.,0.00884748976951997,0.0226981235878568),(0.,0.02),
 .UNSPECIFIED.);
#6249=B_SPLINE_SURFACE_WITH_KNOTS('',3,1,((#10965,#10966),(#10967,#10968),
(#10969,#10970),(#10971,#10972),(#10973,#10974)),.UNSPECIFIED.,.F.,.F.,
 .F.,(4,1,4),(2,2),(0.,0.0088068383764917,0.0185085637715482),(0.,0.02),
 .UNSPECIFIED.);
#6250=B_SPLINE_SURFACE_WITH_KNOTS('',3,1,((#10988,#10989),(#10990,#10991),
(#10992,#10993),(#10994,#10995),(#10996,#10997)),.UNSPECIFIED.,.F.,.F.,
 .F.,(4,1,4),(2,2),(0.,0.0112035336096045,0.0204520899002155),(0.,0.02),
 .UNSPECIFIED.);
#6251=B_SPLINE_SURFACE_WITH_KNOTS('',3,1,((#11011,#11012),(#11013,#11014),
(#11015,#11016),(#11017,#11018),(#11019,#11020)),.UNSPECIFIED.,.F.,.F.,
 .F.,(4,1,4),(2,2),(0.,0.0168497934918353,0.0305815096640849),(0.,0.02),
 .UNSPECIFIED.);
#6252=B_SPLINE_SURFACE_WITH_KNOTS('',3,1,((#11034,#11035),(#11036,#11037),
(#11038,#11039),(#11040,#11041),(#11042,#11043)),.UNSPECIFIED.,.F.,.F.,
 .F.,(4,1,4),(2,2),(0.,0.0157871232232466,0.0333984603686997),(0.,0.02),
 .UNSPECIFIED.);
#6253=B_SPLINE_SURFACE_WITH_KNOTS('',3,1,((#11057,#11058),(#11059,#11060),
(#11061,#11062),(#11063,#11064),(#11065,#11066)),.UNSPECIFIED.,.F.,.F.,
 .F.,(4,1,4),(2,2),(0.,0.0124325929807056,0.0264042543391998),(0.,0.02),
 .UNSPECIFIED.);
#6254=B_SPLINE_SURFACE_WITH_KNOTS('',3,1,((#11080,#11081),(#11082,#11083),
(#11084,#11085),(#11086,#11087),(#11088,#11089)),.UNSPECIFIED.,.F.,.F.,
 .F.,(4,1,4),(2,2),(0.,0.0145902343100938,0.0273098542015022),(0.,0.02),
 .UNSPECIFIED.);
#6255=B_SPLINE_SURFACE_WITH_KNOTS('',3,1,((#11109,#11110),(#11111,#11112),
(#11113,#11114),(#11115,#11116),(#11117,#11118)),.UNSPECIFIED.,.F.,.F.,
 .F.,(4,1,4),(2,2),(0.,0.0110555457698589,0.025069474666952),(0.,0.02),
 .UNSPECIFIED.);
#6256=B_SPLINE_SURFACE_WITH_KNOTS('',3,1,((#11132,#11133),(#11134,#11135),
(#11136,#11137),(#11138,#11139),(#11140,#11141)),.UNSPECIFIED.,.F.,.F.,
 .F.,(4,1,4),(2,2),(0.,0.015134276846014,0.026599027503913),(0.,0.02),
 .UNSPECIFIED.);
#6257=B_SPLINE_SURFACE_WITH_KNOTS('',3,1,((#11155,#11156),(#11157,#11158),
(#11159,#11160),(#11161,#11162),(#11163,#11164)),.UNSPECIFIED.,.F.,.F.,
 .F.,(4,1,4),(2,2),(0.,0.0132594215288219,0.0296606391026002),(0.,0.02),
 .UNSPECIFIED.);
#6258=B_SPLINE_SURFACE_WITH_KNOTS('',3,1,((#11178,#11179),(#11180,#11181),
(#11182,#11183),(#11184,#11185),(#11186,#11187)),.UNSPECIFIED.,.F.,.F.,
 .F.,(4,1,4),(2,2),(0.,0.0129076382061692,0.0227592436581562),(0.,0.02),
 .UNSPECIFIED.);
#6259=B_SPLINE_SURFACE_WITH_KNOTS('',3,1,((#11201,#11202),(#11203,#11204),
(#11205,#11206),(#11207,#11208),(#11209,#11210)),.UNSPECIFIED.,.F.,.F.,
 .F.,(4,1,4),(2,2),(0.,0.00412814388442292,0.00641352108052486),(0.,0.02),
 .UNSPECIFIED.);
#6260=B_SPLINE_SURFACE_WITH_KNOTS('',3,1,((#11224,#11225),(#11226,#11227),
(#11228,#11229),(#11230,#11231),(#11232,#11233)),.UNSPECIFIED.,.F.,.F.,
 .F.,(4,1,4),(2,2),(0.,0.026109710022225,0.0446557317536688),(0.,0.02),
 .UNSPECIFIED.);
#6261=B_SPLINE_SURFACE_WITH_KNOTS('',3,1,((#11247,#11248),(#11249,#11250),
(#11251,#11252),(#11253,#11254),(#11255,#11256)),.UNSPECIFIED.,.F.,.F.,
 .F.,(4,1,4),(2,2),(0.,0.00926420530142875,0.022147459788554),(0.,0.02),
 .UNSPECIFIED.);
#6262=B_SPLINE_SURFACE_WITH_KNOTS('',3,1,((#11270,#11271),(#11272,#11273),
(#11274,#11275),(#11276,#11277),(#11278,#11279)),.UNSPECIFIED.,.F.,.F.,
 .F.,(4,1,4),(2,2),(0.,0.0095588590579102,0.0194792924030196),(0.,0.02),
 .UNSPECIFIED.);
#6263=B_SPLINE_SURFACE_WITH_KNOTS('',3,1,((#11293,#11294),(#11295,#11296),
(#11297,#11298),(#11299,#11300),(#11301,#11302)),.UNSPECIFIED.,.F.,.F.,
 .F.,(4,1,4),(2,2),(0.,0.00970397601338719,0.019119213911739),(0.,0.02),
 .UNSPECIFIED.);
#6264=B_SPLINE_SURFACE_WITH_KNOTS('',3,1,((#11316,#11317),(#11318,#11319),
(#11320,#11321),(#11322,#11323),(#11324,#11325)),.UNSPECIFIED.,.F.,.F.,
 .F.,(4,1,4),(2,2),(0.,0.0102525198432965,0.0201993296096855),(0.,0.02),
 .UNSPECIFIED.);
#6265=B_SPLINE_SURFACE_WITH_KNOTS('',3,1,((#11339,#11340),(#11341,#11342),
(#11343,#11344),(#11345,#11346),(#11347,#11348)),.UNSPECIFIED.,.F.,.F.,
 .F.,(4,1,4),(2,2),(0.,0.0164007085924879,0.0332333854258032),(0.,0.02),
 .UNSPECIFIED.);
#6266=B_SPLINE_SURFACE_WITH_KNOTS('',3,1,((#11362,#11363),(#11364,#11365),
(#11366,#11367),(#11368,#11369),(#11370,#11371)),.UNSPECIFIED.,.F.,.F.,
 .F.,(4,1,4),(2,2),(0.,0.0213123481214766,0.0391862168696885),(0.,0.02),
 .UNSPECIFIED.);
#6267=B_SPLINE_SURFACE_WITH_KNOTS('',3,1,((#11385,#11386),(#11387,#11388),
(#11389,#11390),(#11391,#11392),(#11393,#11394)),.UNSPECIFIED.,.F.,.F.,
 .F.,(4,1,4),(2,2),(0.,0.0135611972237485,0.0276126521626665),(0.,0.02),
 .UNSPECIFIED.);
#6268=B_SPLINE_SURFACE_WITH_KNOTS('',3,1,((#11408,#11409),(#11410,#11411),
(#11412,#11413),(#11414,#11415),(#11416,#11417)),.UNSPECIFIED.,.F.,.F.,
 .F.,(4,1,4),(2,2),(0.,0.0166443216473745,0.0310583415441315),(0.,0.02),
 .UNSPECIFIED.);
#6269=B_SPLINE_SURFACE_WITH_KNOTS('',3,1,((#11431,#11432),(#11433,#11434),
(#11435,#11436),(#11437,#11438),(#11439,#11440)),.UNSPECIFIED.,.F.,.F.,
 .F.,(4,1,4),(2,2),(0.,0.00886196176758083,0.018608570747149),(0.,0.02),
 .UNSPECIFIED.);
#6270=B_SPLINE_SURFACE_WITH_KNOTS('',3,1,((#11525,#11526),(#11527,#11528),
(#11529,#11530),(#11531,#11532),(#11533,#11534)),.UNSPECIFIED.,.F.,.F.,
 .F.,(4,1,4),(2,2),(0.,0.010718989581759,0.0250097357067722),(0.,0.02),
 .UNSPECIFIED.);
#6271=B_SPLINE_SURFACE_WITH_KNOTS('',3,1,((#11551,#11552),(#11553,#11554),
(#11555,#11556),(#11557,#11558),(#11559,#11560)),.UNSPECIFIED.,.F.,.F.,
 .F.,(4,1,4),(2,2),(0.,0.0120777762835587,0.0237853548492781),(0.,0.02),
 .UNSPECIFIED.);
#6272=B_SPLINE_SURFACE_WITH_KNOTS('',3,1,((#11574,#11575),(#11576,#11577),
(#11578,#11579),(#11580,#11581),(#11582,#11583)),.UNSPECIFIED.,.F.,.F.,
 .F.,(4,1,4),(2,2),(0.,0.013493340118226,0.0262109977667329),(0.,0.02),
 .UNSPECIFIED.);
#6273=B_SPLINE_SURFACE_WITH_KNOTS('',3,1,((#11597,#11598),(#11599,#11600),
(#11601,#11602),(#11603,#11604),(#11605,#11606)),.UNSPECIFIED.,.F.,.F.,
 .F.,(4,1,4),(2,2),(0.,0.010391436758417,0.0230996546854894),(0.,0.02),
 .UNSPECIFIED.);
#6274=B_SPLINE_SURFACE_WITH_KNOTS('',3,1,((#11620,#11621),(#11622,#11623),
(#11624,#11625),(#11626,#11627),(#11628,#11629)),.UNSPECIFIED.,.F.,.F.,
 .F.,(4,1,4),(2,2),(0.,0.00919397878218904,0.0184334749155296),(0.,0.02),
 .UNSPECIFIED.);
#6275=B_SPLINE_SURFACE_WITH_KNOTS('',3,1,((#11643,#11644),(#11645,#11646),
(#11647,#11648),(#11649,#11650),(#11651,#11652)),.UNSPECIFIED.,.F.,.F.,
 .F.,(4,1,4),(2,2),(0.,0.00610410519765659,0.0122853095022885),(0.,0.02),
 .UNSPECIFIED.);
#6276=B_SPLINE_SURFACE_WITH_KNOTS('',3,1,((#11666,#11667),(#11668,#11669),
(#11670,#11671),(#11672,#11673),(#11674,#11675)),.UNSPECIFIED.,.F.,.F.,
 .F.,(4,1,4),(2,2),(0.,0.00649558662522389,0.0126914622508256),(0.,0.02),
 .UNSPECIFIED.);
#6277=B_SPLINE_SURFACE_WITH_KNOTS('',3,1,((#11689,#11690),(#11691,#11692),
(#11693,#11694),(#11695,#11696),(#11697,#11698)),.UNSPECIFIED.,.F.,.F.,
 .F.,(4,1,4),(2,2),(0.,0.0131327466546302,0.0220119896984081),(0.,0.02),
 .UNSPECIFIED.);
#6278=B_SPLINE_SURFACE_WITH_KNOTS('',3,1,((#11712,#11713),(#11714,#11715),
(#11716,#11717),(#11718,#11719),(#11720,#11721)),.UNSPECIFIED.,.F.,.F.,
 .F.,(4,1,4),(2,2),(0.,0.017457832631902,0.0412339882586664),(0.,0.02),
 .UNSPECIFIED.);
#6279=B_SPLINE_SURFACE_WITH_KNOTS('',3,1,((#11747,#11748),(#11749,#11750),
(#11751,#11752),(#11753,#11754),(#11755,#11756)),.UNSPECIFIED.,.F.,.F.,
 .F.,(4,1,4),(2,2),(0.,0.00918675779071031,0.0185354026306088),(0.,0.02),
 .UNSPECIFIED.);
#6280=B_SPLINE_SURFACE_WITH_KNOTS('',3,1,((#11770,#11771),(#11772,#11773),
(#11774,#11775),(#11776,#11777),(#11778,#11779)),.UNSPECIFIED.,.F.,.F.,
 .F.,(4,1,4),(2,2),(0.,0.0279529792152621,0.04336291499265),(0.,0.02),
 .UNSPECIFIED.);
#6281=B_SPLINE_SURFACE_WITH_KNOTS('',3,1,((#11799,#11800),(#11801,#11802),
(#11803,#11804),(#11805,#11806),(#11807,#11808)),.UNSPECIFIED.,.F.,.F.,
 .F.,(4,1,4),(2,2),(0.,0.00884748666759223,0.0226981204859291),(0.,0.02),
 .UNSPECIFIED.);
#6282=B_SPLINE_SURFACE_WITH_KNOTS('',3,1,((#11822,#11823),(#11824,#11825),
(#11826,#11827),(#11828,#11829),(#11830,#11831)),.UNSPECIFIED.,.F.,.F.,
 .F.,(4,1,4),(2,2),(0.,0.00880685407297712,0.0185085702482254),(0.,0.02),
 .UNSPECIFIED.);
#6283=B_SPLINE_SURFACE_WITH_KNOTS('',3,1,((#11845,#11846),(#11847,#11848),
(#11849,#11850),(#11851,#11852),(#11853,#11854)),.UNSPECIFIED.,.F.,.F.,
 .F.,(4,1,4),(2,2),(0.,0.0112036139015228,0.0204521251313967),(0.,0.02),
 .UNSPECIFIED.);
#6284=B_SPLINE_SURFACE_WITH_KNOTS('',3,1,((#11868,#11869),(#11870,#11871),
(#11872,#11873),(#11874,#11875),(#11876,#11877)),.UNSPECIFIED.,.F.,.F.,
 .F.,(4,1,4),(2,2),(0.,0.016849852971317,0.0305815112581367),(0.,0.02),
 .UNSPECIFIED.);
#6285=B_SPLINE_SURFACE_WITH_KNOTS('',3,1,((#11891,#11892),(#11893,#11894),
(#11895,#11896),(#11897,#11898),(#11899,#11900)),.UNSPECIFIED.,.F.,.F.,
 .F.,(4,1,4),(2,2),(0.,0.0157871521319446,0.0333984595537707),(0.,0.02),
 .UNSPECIFIED.);
#6286=B_SPLINE_SURFACE_WITH_KNOTS('',3,1,((#11914,#11915),(#11916,#11917),
(#11918,#11919),(#11920,#11921),(#11922,#11923)),.UNSPECIFIED.,.F.,.F.,
 .F.,(4,1,4),(2,2),(0.,0.0124325819843822,0.0264042566926402),(0.,0.02),
 .UNSPECIFIED.);
#6287=B_SPLINE_SURFACE_WITH_KNOTS('',3,1,((#11937,#11938),(#11939,#11940),
(#11941,#11942),(#11943,#11944),(#11945,#11946)),.UNSPECIFIED.,.F.,.F.,
 .F.,(4,1,4),(2,2),(0.,0.0145902298862641,0.0273098497776724),(0.,0.02),
 .UNSPECIFIED.);
#6288=B_SPLINE_SURFACE_WITH_KNOTS('',3,1,((#11966,#11967),(#11968,#11969),
(#11970,#11971),(#11972,#11973),(#11974,#11975)),.UNSPECIFIED.,.F.,.F.,
 .F.,(4,1,4),(2,2),(0.,0.0110555554465549,0.0250694629467509),(0.,0.02),
 .UNSPECIFIED.);
#6289=B_SPLINE_SURFACE_WITH_KNOTS('',3,1,((#11989,#11990),(#11991,#11992),
(#11993,#11994),(#11995,#11996),(#11997,#11998)),.UNSPECIFIED.,.F.,.F.,
 .F.,(4,1,4),(2,2),(0.,0.015134276846014,0.026599027503913),(0.,0.02),
 .UNSPECIFIED.);
#6290=B_SPLINE_SURFACE_WITH_KNOTS('',3,1,((#12012,#12013),(#12014,#12015),
(#12016,#12017),(#12018,#12019),(#12020,#12021)),.UNSPECIFIED.,.F.,.F.,
 .F.,(4,1,4),(2,2),(0.,0.0132593952347877,0.0296606423701487),(0.,0.02),
 .UNSPECIFIED.);
#6291=B_SPLINE_SURFACE_WITH_KNOTS('',3,1,((#12035,#12036),(#12037,#12038),
(#12039,#12040),(#12041,#12042),(#12043,#12044)),.UNSPECIFIED.,.F.,.F.,
 .F.,(4,1,4),(2,2),(0.,0.0129076462383926,0.0227592516903797),(0.,0.02),
 .UNSPECIFIED.);
#6292=B_SPLINE_SURFACE_WITH_KNOTS('',3,1,((#12058,#12059),(#12060,#12061),
(#12062,#12063),(#12064,#12065),(#12066,#12067)),.UNSPECIFIED.,.F.,.F.,
 .F.,(4,1,4),(2,2),(0.,0.0041281453616563,0.00641352255775824),(0.,0.02),
 .UNSPECIFIED.);
#6293=B_SPLINE_SURFACE_WITH_KNOTS('',3,1,((#12081,#12082),(#12083,#12084),
(#12085,#12086),(#12087,#12088),(#12089,#12090)),.UNSPECIFIED.,.F.,.F.,
 .F.,(4,1,4),(2,2),(0.,0.0261096805521994,0.0446557022836431),(0.,0.02),
 .UNSPECIFIED.);
#6294=B_SPLINE_SURFACE_WITH_KNOTS('',3,1,((#12104,#12105),(#12106,#12107),
(#12108,#12109),(#12110,#12111),(#12112,#12113)),.UNSPECIFIED.,.F.,.F.,
 .F.,(4,1,4),(2,2),(0.,0.00926420530142875,0.022147459788554),(0.,0.02),
 .UNSPECIFIED.);
#6295=B_SPLINE_SURFACE_WITH_KNOTS('',3,1,((#12127,#12128),(#12129,#12130),
(#12131,#12132),(#12133,#12134),(#12135,#12136)),.UNSPECIFIED.,.F.,.F.,
 .F.,(4,1,4),(2,2),(0.,0.00955888505696596,0.0194792903791268),(0.,0.02),
 .UNSPECIFIED.);
#6296=B_SPLINE_SURFACE_WITH_KNOTS('',3,1,((#12150,#12151),(#12152,#12153),
(#12154,#12155),(#12156,#12157),(#12158,#12159)),.UNSPECIFIED.,.F.,.F.,
 .F.,(4,1,4),(2,2),(0.,0.00970398460249677,0.0191192225008486),(0.,0.02),
 .UNSPECIFIED.);
#6297=B_SPLINE_SURFACE_WITH_KNOTS('',3,1,((#12173,#12174),(#12175,#12176),
(#12177,#12178),(#12179,#12180),(#12181,#12182)),.UNSPECIFIED.,.F.,.F.,
 .F.,(4,1,4),(2,2),(0.,0.0102525163237251,0.0201993369731584),(0.,0.02),
 .UNSPECIFIED.);
#6298=B_SPLINE_SURFACE_WITH_KNOTS('',3,1,((#12196,#12197),(#12198,#12199),
(#12200,#12201),(#12202,#12203),(#12204,#12205)),.UNSPECIFIED.,.F.,.F.,
 .F.,(4,1,4),(2,2),(0.,0.0164006911152093,0.0332333764628163),(0.,0.02),
 .UNSPECIFIED.);
#6299=B_SPLINE_SURFACE_WITH_KNOTS('',3,1,((#12219,#12220),(#12221,#12222),
(#12223,#12224),(#12225,#12226),(#12227,#12228)),.UNSPECIFIED.,.F.,.F.,
 .F.,(4,1,4),(2,2),(0.,0.0213122890774148,0.03918618381426),(0.,0.02),
 .UNSPECIFIED.);
#6300=B_SPLINE_SURFACE_WITH_KNOTS('',3,1,((#12242,#12243),(#12244,#12245),
(#12246,#12247),(#12248,#12249),(#12250,#12251)),.UNSPECIFIED.,.F.,.F.,
 .F.,(4,1,4),(2,2),(0.,0.0135611972237485,0.0276126818572437),(0.,0.02),
 .UNSPECIFIED.);
#6301=B_SPLINE_SURFACE_WITH_KNOTS('',3,1,((#12265,#12266),(#12267,#12268),
(#12269,#12270),(#12271,#12272),(#12273,#12274)),.UNSPECIFIED.,.F.,.F.,
 .F.,(4,1,4),(2,2),(0.,0.0166443456168519,0.031058338892947),(0.,0.02),
 .UNSPECIFIED.);
#6302=B_SPLINE_SURFACE_WITH_KNOTS('',3,1,((#12288,#12289),(#12290,#12291),
(#12292,#12293),(#12294,#12295),(#12296,#12297)),.UNSPECIFIED.,.F.,.F.,
 .F.,(4,1,4),(2,2),(0.,0.00886195121527385,0.018608560194842),(0.,0.02),
 .UNSPECIFIED.);
#6303=B_SPLINE_SURFACE_WITH_KNOTS('',3,1,((#12382,#12383),(#12384,#12385),
(#12386,#12387),(#12388,#12389),(#12390,#12391)),.UNSPECIFIED.,.F.,.F.,
 .F.,(4,1,4),(2,2),(0.,0.00380426916164201,0.00865063301288271),(0.,0.02),
 .UNSPECIFIED.);
#6304=B_SPLINE_SURFACE_WITH_KNOTS('',3,1,((#12408,#12409),(#12410,#12411),
(#12412,#12413),(#12414,#12415),(#12416,#12417)),.UNSPECIFIED.,.F.,.F.,
 .F.,(4,1,4),(2,2),(0.,0.00318871342431981,0.00645955382036183),(0.,0.02),
 .UNSPECIFIED.);
#6305=B_SPLINE_SURFACE_WITH_KNOTS('',3,1,((#12431,#12432),(#12433,#12434),
(#12435,#12436),(#12437,#12438),(#12439,#12440)),.UNSPECIFIED.,.F.,.F.,
 .F.,(4,1,4),(2,2),(0.,0.00863500078608489,0.0136081307233676),(0.,0.02),
 .UNSPECIFIED.);
#6306=B_SPLINE_SURFACE_WITH_KNOTS('',3,1,((#12520,#12521),(#12522,#12523),
(#12524,#12525),(#12526,#12527),(#12528,#12529)),.UNSPECIFIED.,.F.,.F.,
 .F.,(4,1,4),(2,2),(0.,0.0109267402086592,0.0292402073632511),(0.,0.02),
 .UNSPECIFIED.);
#6307=B_SPLINE_SURFACE_WITH_KNOTS('',3,1,((#12543,#12544),(#12545,#12546),
(#12547,#12548),(#12549,#12550),(#12551,#12552)),.UNSPECIFIED.,.F.,.F.,
 .F.,(4,1,4),(2,2),(0.,0.00795842964338913,0.0154078845702128),(0.,0.02),
 .UNSPECIFIED.);
#6308=B_SPLINE_SURFACE_WITH_KNOTS('',3,1,((#12566,#12567),(#12568,#12569),
(#12570,#12571),(#12572,#12573),(#12574,#12575)),.UNSPECIFIED.,.F.,.F.,
 .F.,(4,1,4),(2,2),(0.,0.0119160124986716,0.0213339129121696),(0.,0.02),
 .UNSPECIFIED.);
#6309=B_SPLINE_SURFACE_WITH_KNOTS('',3,1,((#12589,#12590),(#12591,#12592),
(#12593,#12594),(#12595,#12596),(#12597,#12598)),.UNSPECIFIED.,.F.,.F.,
 .F.,(4,1,4),(2,2),(0.,0.00995812707270104,0.0187064101257768),(0.,0.02),
 .UNSPECIFIED.);
#6310=B_SPLINE_SURFACE_WITH_KNOTS('',3,1,((#12618,#12619),(#12620,#12621),
(#12622,#12623),(#12624,#12625),(#12626,#12627)),.UNSPECIFIED.,.F.,.F.,
 .F.,(4,1,4),(2,2),(0.,0.00474681224881336,0.0108259709495462),(0.,0.02),
 .UNSPECIFIED.);
#6311=B_SPLINE_SURFACE_WITH_KNOTS('',3,1,((#12696,#12697),(#12698,#12699),
(#12700,#12701),(#12702,#12703),(#12704,#12705)),.UNSPECIFIED.,.F.,.F.,
 .F.,(4,1,4),(2,2),(0.,0.0141617232497088,0.0337804981226302),(0.,0.02),
 .UNSPECIFIED.);
#6312=B_SPLINE_SURFACE_WITH_KNOTS('',3,1,((#12719,#12720),(#12721,#12722),
(#12723,#12724),(#12725,#12726),(#12727,#12728)),.UNSPECIFIED.,.F.,.F.,
 .F.,(4,1,4),(2,2),(0.,0.0181952033111783,0.0311069583818874),(0.,0.02),
 .UNSPECIFIED.);
#6313=ADVANCED_FACE('',(#272),#6121,.F.);
#6314=ADVANCED_FACE('',(#273),#6122,.F.);
#6315=ADVANCED_FACE('',(#274),#6123,.F.);
#6316=ADVANCED_FACE('',(#275),#6124,.F.);
#6317=ADVANCED_FACE('',(#276),#6125,.F.);
#6318=ADVANCED_FACE('',(#277),#6126,.F.);
#6319=ADVANCED_FACE('',(#278),#6127,.F.);
#6320=ADVANCED_FACE('',(#279),#6128,.F.);
#6321=ADVANCED_FACE('',(#280),#6129,.F.);
#6322=ADVANCED_FACE('',(#281),#147,.F.);
#6323=ADVANCED_FACE('',(#282),#148,.F.);
#6324=ADVANCED_FACE('',(#283),#6130,.F.);
#6325=ADVANCED_FACE('',(#284),#6131,.F.);
#6326=ADVANCED_FACE('',(#285),#149,.F.);
#6327=ADVANCED_FACE('',(#286),#6132,.F.);
#6328=ADVANCED_FACE('',(#287),#6133,.F.);
#6329=ADVANCED_FACE('',(#288),#6134,.F.);
#6330=ADVANCED_FACE('',(#289),#6135,.F.);
#6331=ADVANCED_FACE('',(#290),#6136,.F.);
#6332=ADVANCED_FACE('',(#291),#6137,.F.);
#6333=ADVANCED_FACE('',(#292),#6138,.F.);
#6334=ADVANCED_FACE('',(#293),#150,.F.);
#6335=ADVANCED_FACE('',(#294),#6139,.F.);
#6336=ADVANCED_FACE('',(#295),#6140,.F.);
#6337=ADVANCED_FACE('',(#296),#6141,.F.);
#6338=ADVANCED_FACE('',(#297),#6142,.F.);
#6339=ADVANCED_FACE('',(#298),#6143,.F.);
#6340=ADVANCED_FACE('',(#299),#6144,.F.);
#6341=ADVANCED_FACE('',(#300),#6145,.F.);
#6342=ADVANCED_FACE('',(#301),#6146,.F.);
#6343=ADVANCED_FACE('',(#302),#6147,.F.);
#6344=ADVANCED_FACE('',(#303),#6148,.F.);
#6345=ADVANCED_FACE('',(#304),#6149,.F.);
#6346=ADVANCED_FACE('',(#305),#6150,.F.);
#6347=ADVANCED_FACE('',(#306),#6151,.F.);
#6348=ADVANCED_FACE('',(#307),#6152,.F.);
#6349=ADVANCED_FACE('',(#308),#6153,.F.);
#6350=ADVANCED_FACE('',(#309,#111),#151,.T.);
#6351=ADVANCED_FACE('',(#310),#6154,.F.);
#6352=ADVANCED_FACE('',(#311),#6155,.F.);
#6353=ADVANCED_FACE('',(#312),#6156,.F.);
#6354=ADVANCED_FACE('',(#313),#6157,.F.);
#6355=ADVANCED_FACE('',(#314),#6158,.F.);
#6356=ADVANCED_FACE('',(#315),#6159,.F.);
#6357=ADVANCED_FACE('',(#316),#6160,.F.);
#6358=ADVANCED_FACE('',(#317),#6161,.F.);
#6359=ADVANCED_FACE('',(#318),#6162,.F.);
#6360=ADVANCED_FACE('',(#319),#6163,.F.);
#6361=ADVANCED_FACE('',(#320),#6164,.F.);
#6362=ADVANCED_FACE('',(#321),#6165,.F.);
#6363=ADVANCED_FACE('',(#322),#6166,.F.);
#6364=ADVANCED_FACE('',(#323),#6167,.F.);
#6365=ADVANCED_FACE('',(#324),#152,.F.);
#6366=ADVANCED_FACE('',(#325),#6168,.F.);
#6367=ADVANCED_FACE('',(#326),#6169,.F.);
#6368=ADVANCED_FACE('',(#327),#6170,.F.);
#6369=ADVANCED_FACE('',(#328),#6171,.F.);
#6370=ADVANCED_FACE('',(#329),#6172,.F.);
#6371=ADVANCED_FACE('',(#330),#6173,.F.);
#6372=ADVANCED_FACE('',(#331),#6174,.F.);
#6373=ADVANCED_FACE('',(#332),#6175,.F.);
#6374=ADVANCED_FACE('',(#333),#6176,.F.);
#6375=ADVANCED_FACE('',(#334),#6177,.F.);
#6376=ADVANCED_FACE('',(#335),#6178,.F.);
#6377=ADVANCED_FACE('',(#336),#6179,.F.);
#6378=ADVANCED_FACE('',(#337),#6180,.F.);
#6379=ADVANCED_FACE('',(#338),#6181,.F.);
#6380=ADVANCED_FACE('',(#339),#6182,.F.);
#6381=ADVANCED_FACE('',(#340),#6183,.F.);
#6382=ADVANCED_FACE('',(#341),#153,.F.);
#6383=ADVANCED_FACE('',(#342),#6184,.F.);
#6384=ADVANCED_FACE('',(#343),#154,.T.);
#6385=ADVANCED_FACE('',(#344),#6185,.F.);
#6386=ADVANCED_FACE('',(#345),#6186,.F.);
#6387=ADVANCED_FACE('',(#346),#6187,.F.);
#6388=ADVANCED_FACE('',(#347),#6188,.F.);
#6389=ADVANCED_FACE('',(#348),#6189,.F.);
#6390=ADVANCED_FACE('',(#349),#6190,.F.);
#6391=ADVANCED_FACE('',(#350),#6191,.F.);
#6392=ADVANCED_FACE('',(#351),#6192,.F.);
#6393=ADVANCED_FACE('',(#352),#155,.F.);
#6394=ADVANCED_FACE('',(#353),#156,.F.);
#6395=ADVANCED_FACE('',(#354),#157,.F.);
#6396=ADVANCED_FACE('',(#355),#6193,.F.);
#6397=ADVANCED_FACE('',(#356),#6194,.F.);
#6398=ADVANCED_FACE('',(#357),#6195,.F.);
#6399=ADVANCED_FACE('',(#358),#6196,.F.);
#6400=ADVANCED_FACE('',(#359),#6197,.F.);
#6401=ADVANCED_FACE('',(#360),#6198,.F.);
#6402=ADVANCED_FACE('',(#361),#6199,.F.);
#6403=ADVANCED_FACE('',(#362),#6200,.F.);
#6404=ADVANCED_FACE('',(#363),#6201,.F.);
#6405=ADVANCED_FACE('',(#364),#158,.F.);
#6406=ADVANCED_FACE('',(#365),#159,.F.);
#6407=ADVANCED_FACE('',(#366,#112),#160,.T.);
#6408=ADVANCED_FACE('',(#367),#6202,.F.);
#6409=ADVANCED_FACE('',(#368),#6203,.F.);
#6410=ADVANCED_FACE('',(#369),#6204,.F.);
#6411=ADVANCED_FACE('',(#370),#6205,.F.);
#6412=ADVANCED_FACE('',(#371),#6206,.F.);
#6413=ADVANCED_FACE('',(#372),#6207,.F.);
#6414=ADVANCED_FACE('',(#373),#6208,.F.);
#6415=ADVANCED_FACE('',(#374),#161,.F.);
#6416=ADVANCED_FACE('',(#375),#6209,.F.);
#6417=ADVANCED_FACE('',(#376),#6210,.F.);
#6418=ADVANCED_FACE('',(#377),#6211,.F.);
#6419=ADVANCED_FACE('',(#378),#6212,.F.);
#6420=ADVANCED_FACE('',(#379),#6213,.F.);
#6421=ADVANCED_FACE('',(#380),#6214,.F.);
#6422=ADVANCED_FACE('',(#381),#6215,.F.);
#6423=ADVANCED_FACE('',(#382),#6216,.F.);
#6424=ADVANCED_FACE('',(#383),#6217,.F.);
#6425=ADVANCED_FACE('',(#384),#162,.F.);
#6426=ADVANCED_FACE('',(#385),#6218,.F.);
#6427=ADVANCED_FACE('',(#386),#163,.T.);
#6428=ADVANCED_FACE('',(#387),#6219,.F.);
#6429=ADVANCED_FACE('',(#388),#6220,.F.);
#6430=ADVANCED_FACE('',(#389),#6221,.F.);
#6431=ADVANCED_FACE('',(#390),#6222,.F.);
#6432=ADVANCED_FACE('',(#391),#6223,.F.);
#6433=ADVANCED_FACE('',(#392),#6224,.F.);
#6434=ADVANCED_FACE('',(#393),#6225,.F.);
#6435=ADVANCED_FACE('',(#394),#6226,.F.);
#6436=ADVANCED_FACE('',(#395),#164,.F.);
#6437=ADVANCED_FACE('',(#396),#6227,.F.);
#6438=ADVANCED_FACE('',(#397),#6228,.F.);
#6439=ADVANCED_FACE('',(#398),#6229,.F.);
#6440=ADVANCED_FACE('',(#399),#6230,.F.);
#6441=ADVANCED_FACE('',(#400),#6231,.F.);
#6442=ADVANCED_FACE('',(#401),#6232,.F.);
#6443=ADVANCED_FACE('',(#402),#6233,.F.);
#6444=ADVANCED_FACE('',(#403),#6234,.F.);
#6445=ADVANCED_FACE('',(#404),#6235,.F.);
#6446=ADVANCED_FACE('',(#405),#6236,.F.);
#6447=ADVANCED_FACE('',(#406),#165,.F.);
#6448=ADVANCED_FACE('',(#407),#166,.F.);
#6449=ADVANCED_FACE('',(#408),#167,.F.);
#6450=ADVANCED_FACE('',(#409),#168,.F.);
#6451=ADVANCED_FACE('',(#410,#113),#169,.T.);
#6452=ADVANCED_FACE('',(#411),#6237,.F.);
#6453=ADVANCED_FACE('',(#412),#6238,.F.);
#6454=ADVANCED_FACE('',(#413),#6239,.F.);
#6455=ADVANCED_FACE('',(#414),#6240,.F.);
#6456=ADVANCED_FACE('',(#415),#6241,.F.);
#6457=ADVANCED_FACE('',(#416),#6242,.F.);
#6458=ADVANCED_FACE('',(#417),#6243,.F.);
#6459=ADVANCED_FACE('',(#418),#6244,.F.);
#6460=ADVANCED_FACE('',(#419),#6245,.F.);
#6461=ADVANCED_FACE('',(#420),#170,.F.);
#6462=ADVANCED_FACE('',(#421),#171,.F.);
#6463=ADVANCED_FACE('',(#422),#6246,.F.);
#6464=ADVANCED_FACE('',(#423),#6247,.F.);
#6465=ADVANCED_FACE('',(#424),#172,.F.);
#6466=ADVANCED_FACE('',(#425),#6248,.F.);
#6467=ADVANCED_FACE('',(#426),#6249,.F.);
#6468=ADVANCED_FACE('',(#427),#6250,.F.);
#6469=ADVANCED_FACE('',(#428),#6251,.F.);
#6470=ADVANCED_FACE('',(#429),#6252,.F.);
#6471=ADVANCED_FACE('',(#430),#6253,.F.);
#6472=ADVANCED_FACE('',(#431),#6254,.F.);
#6473=ADVANCED_FACE('',(#432),#173,.F.);
#6474=ADVANCED_FACE('',(#433),#6255,.F.);
#6475=ADVANCED_FACE('',(#434),#6256,.F.);
#6476=ADVANCED_FACE('',(#435),#6257,.F.);
#6477=ADVANCED_FACE('',(#436),#6258,.F.);
#6478=ADVANCED_FACE('',(#437),#6259,.F.);
#6479=ADVANCED_FACE('',(#438),#6260,.F.);
#6480=ADVANCED_FACE('',(#439),#6261,.F.);
#6481=ADVANCED_FACE('',(#440),#6262,.F.);
#6482=ADVANCED_FACE('',(#441),#6263,.F.);
#6483=ADVANCED_FACE('',(#442),#6264,.F.);
#6484=ADVANCED_FACE('',(#443),#6265,.F.);
#6485=ADVANCED_FACE('',(#444),#6266,.F.);
#6486=ADVANCED_FACE('',(#445),#6267,.F.);
#6487=ADVANCED_FACE('',(#446),#6268,.F.);
#6488=ADVANCED_FACE('',(#447),#6269,.F.);
#6489=ADVANCED_FACE('',(#448,#114),#174,.T.);
#6490=ADVANCED_FACE('',(#449),#175,.F.);
#6491=ADVANCED_FACE('',(#450),#176,.F.);
#6492=ADVANCED_FACE('',(#451),#177,.F.);
#6493=ADVANCED_FACE('',(#452),#178,.F.);
#6494=ADVANCED_FACE('',(#453),#179,.F.);
#6495=ADVANCED_FACE('',(#454),#180,.F.);
#6496=ADVANCED_FACE('',(#455),#181,.F.);
#6497=ADVANCED_FACE('',(#456),#182,.F.);
#6498=ADVANCED_FACE('',(#457),#183,.F.);
#6499=ADVANCED_FACE('',(#458),#184,.F.);
#6500=ADVANCED_FACE('',(#459),#185,.F.);
#6501=ADVANCED_FACE('',(#460),#186,.F.);
#6502=ADVANCED_FACE('',(#461),#187,.F.);
#6503=ADVANCED_FACE('',(#462),#6270,.F.);
#6504=ADVANCED_FACE('',(#463),#6271,.F.);
#6505=ADVANCED_FACE('',(#464),#6272,.F.);
#6506=ADVANCED_FACE('',(#465),#6273,.F.);
#6507=ADVANCED_FACE('',(#466),#6274,.F.);
#6508=ADVANCED_FACE('',(#467),#6275,.F.);
#6509=ADVANCED_FACE('',(#468),#6276,.F.);
#6510=ADVANCED_FACE('',(#469),#6277,.F.);
#6511=ADVANCED_FACE('',(#470),#6278,.F.);
#6512=ADVANCED_FACE('',(#471),#188,.F.);
#6513=ADVANCED_FACE('',(#472),#189,.F.);
#6514=ADVANCED_FACE('',(#473),#6279,.F.);
#6515=ADVANCED_FACE('',(#474),#6280,.F.);
#6516=ADVANCED_FACE('',(#475),#190,.F.);
#6517=ADVANCED_FACE('',(#476),#6281,.F.);
#6518=ADVANCED_FACE('',(#477),#6282,.F.);
#6519=ADVANCED_FACE('',(#478),#6283,.F.);
#6520=ADVANCED_FACE('',(#479),#6284,.F.);
#6521=ADVANCED_FACE('',(#480),#6285,.F.);
#6522=ADVANCED_FACE('',(#481),#6286,.F.);
#6523=ADVANCED_FACE('',(#482),#6287,.F.);
#6524=ADVANCED_FACE('',(#483),#191,.F.);
#6525=ADVANCED_FACE('',(#484),#6288,.F.);
#6526=ADVANCED_FACE('',(#485),#6289,.F.);
#6527=ADVANCED_FACE('',(#486),#6290,.F.);
#6528=ADVANCED_FACE('',(#487),#6291,.F.);
#6529=ADVANCED_FACE('',(#488),#6292,.F.);
#6530=ADVANCED_FACE('',(#489),#6293,.F.);
#6531=ADVANCED_FACE('',(#490),#6294,.F.);
#6532=ADVANCED_FACE('',(#491),#6295,.F.);
#6533=ADVANCED_FACE('',(#492),#6296,.F.);
#6534=ADVANCED_FACE('',(#493),#6297,.F.);
#6535=ADVANCED_FACE('',(#494),#6298,.F.);
#6536=ADVANCED_FACE('',(#495),#6299,.F.);
#6537=ADVANCED_FACE('',(#496),#6300,.F.);
#6538=ADVANCED_FACE('',(#497),#6301,.F.);
#6539=ADVANCED_FACE('',(#498),#6302,.F.);
#6540=ADVANCED_FACE('',(#499,#115),#192,.T.);
#6541=ADVANCED_FACE('',(#500),#193,.F.);
#6542=ADVANCED_FACE('',(#501),#194,.F.);
#6543=ADVANCED_FACE('',(#502),#195,.F.);
#6544=ADVANCED_FACE('',(#503),#196,.F.);
#6545=ADVANCED_FACE('',(#504),#197,.F.);
#6546=ADVANCED_FACE('',(#505),#198,.F.);
#6547=ADVANCED_FACE('',(#506),#199,.F.);
#6548=ADVANCED_FACE('',(#507),#200,.F.);
#6549=ADVANCED_FACE('',(#508),#201,.F.);
#6550=ADVANCED_FACE('',(#509),#202,.F.);
#6551=ADVANCED_FACE('',(#510),#203,.F.);
#6552=ADVANCED_FACE('',(#511),#204,.F.);
#6553=ADVANCED_FACE('',(#512),#205,.F.);
#6554=ADVANCED_FACE('',(#513),#6303,.F.);
#6555=ADVANCED_FACE('',(#514),#6304,.F.);
#6556=ADVANCED_FACE('',(#515),#6305,.F.);
#6557=ADVANCED_FACE('',(#516),#206,.F.);
#6558=ADVANCED_FACE('',(#517),#207,.F.);
#6559=ADVANCED_FACE('',(#518),#208,.F.);
#6560=ADVANCED_FACE('',(#519),#209,.F.);
#6561=ADVANCED_FACE('',(#520),#210,.F.);
#6562=ADVANCED_FACE('',(#521),#211,.F.);
#6563=ADVANCED_FACE('',(#522),#212,.F.);
#6564=ADVANCED_FACE('',(#523),#213,.F.);
#6565=ADVANCED_FACE('',(#524),#214,.F.);
#6566=ADVANCED_FACE('',(#525),#215,.F.);
#6567=ADVANCED_FACE('',(#526),#216,.F.);
#6568=ADVANCED_FACE('',(#527),#6306,.F.);
#6569=ADVANCED_FACE('',(#528),#6307,.F.);
#6570=ADVANCED_FACE('',(#529),#6308,.F.);
#6571=ADVANCED_FACE('',(#530),#6309,.F.);
#6572=ADVANCED_FACE('',(#531),#217,.F.);
#6573=ADVANCED_FACE('',(#532),#6310,.F.);
#6574=ADVANCED_FACE('',(#533),#218,.T.);
#6575=ADVANCED_FACE('',(#534),#219,.F.);
#6576=ADVANCED_FACE('',(#535),#220,.F.);
#6577=ADVANCED_FACE('',(#536),#221,.F.);
#6578=ADVANCED_FACE('',(#537),#222,.F.);
#6579=ADVANCED_FACE('',(#538),#223,.F.);
#6580=ADVANCED_FACE('',(#539),#224,.F.);
#6581=ADVANCED_FACE('',(#540),#225,.F.);
#6582=ADVANCED_FACE('',(#541),#226,.F.);
#6583=ADVANCED_FACE('',(#542),#227,.F.);
#6584=ADVANCED_FACE('',(#543),#6311,.F.);
#6585=ADVANCED_FACE('',(#544),#6312,.F.);
#6586=ADVANCED_FACE('',(#545),#228,.F.);
#6587=ADVANCED_FACE('',(#546),#229,.F.);
#6588=ADVANCED_FACE('',(#547),#230,.F.);
#6589=ADVANCED_FACE('',(#548),#231,.F.);
#6590=ADVANCED_FACE('',(#549),#232,.T.);
#6591=ADVANCED_FACE('',(#550,#116,#117,#118,#119,#120,#121,#122,#123,#124,
#125,#126,#127,#128,#129,#130,#131,#132,#133,#134,#135,#136),#233,.F.);
#6592=ADVANCED_FACE('',(#551),#234,.F.);
#6593=ADVANCED_FACE('',(#552),#235,.F.);
#6594=ADVANCED_FACE('',(#553),#236,.F.);
#6595=ADVANCED_FACE('',(#554),#237,.F.);
#6596=ADVANCED_FACE('',(#555),#15,.T.);
#6597=ADVANCED_FACE('',(#556),#238,.F.);
#6598=ADVANCED_FACE('',(#557),#239,.T.);
#6599=ADVANCED_FACE('',(#558),#16,.T.);
#6600=ADVANCED_FACE('',(#559),#17,.T.);
#6601=ADVANCED_FACE('',(#560),#240,.T.);
#6602=ADVANCED_FACE('',(#561),#18,.T.);
#6603=ADVANCED_FACE('',(#562),#241,.T.);
#6604=ADVANCED_FACE('',(#563),#242,.T.);
#6605=ADVANCED_FACE('',(#564),#19,.F.);
#6606=ADVANCED_FACE('',(#565),#243,.T.);
#6607=ADVANCED_FACE('',(#566),#20,.F.);
#6608=ADVANCED_FACE('',(#567),#244,.T.);
#6609=ADVANCED_FACE('',(#568),#21,.F.);
#6610=ADVANCED_FACE('',(#569),#245,.T.);
#6611=ADVANCED_FACE('',(#570),#22,.F.);
#6612=ADVANCED_FACE('',(#571),#246,.T.);
#6613=ADVANCED_FACE('',(#572),#23,.F.);
#6614=ADVANCED_FACE('',(#573),#247,.T.);
#6615=ADVANCED_FACE('',(#574),#24,.F.);
#6616=ADVANCED_FACE('',(#575),#248,.T.);
#6617=ADVANCED_FACE('',(#576),#25,.F.);
#6618=ADVANCED_FACE('',(#577),#249,.T.);
#6619=ADVANCED_FACE('',(#578),#26,.F.);
#6620=ADVANCED_FACE('',(#579),#250,.T.);
#6621=ADVANCED_FACE('',(#580),#27,.F.);
#6622=ADVANCED_FACE('',(#581),#251,.T.);
#6623=ADVANCED_FACE('',(#582),#28,.F.);
#6624=ADVANCED_FACE('',(#583),#252,.T.);
#6625=ADVANCED_FACE('',(#584),#29,.F.);
#6626=ADVANCED_FACE('',(#585),#253,.T.);
#6627=ADVANCED_FACE('',(#586),#30,.F.);
#6628=ADVANCED_FACE('',(#587),#254,.T.);
#6629=ADVANCED_FACE('',(#588),#31,.F.);
#6630=ADVANCED_FACE('',(#589),#255,.T.);
#6631=ADVANCED_FACE('',(#590),#32,.F.);
#6632=ADVANCED_FACE('',(#591),#256,.T.);
#6633=ADVANCED_FACE('',(#592),#33,.F.);
#6634=ADVANCED_FACE('',(#593),#257,.T.);
#6635=ADVANCED_FACE('',(#594),#34,.F.);
#6636=ADVANCED_FACE('',(#595),#258,.T.);
#6637=ADVANCED_FACE('',(#596),#35,.F.);
#6638=ADVANCED_FACE('',(#597),#259,.T.);
#6639=ADVANCED_FACE('',(#598),#36,.F.);
#6640=ADVANCED_FACE('',(#599),#260,.T.);
#6641=ADVANCED_FACE('',(#600),#37,.F.);
#6642=ADVANCED_FACE('',(#601),#261,.T.);
#6643=ADVANCED_FACE('',(#602),#38,.F.);
#6644=ADVANCED_FACE('',(#603),#262,.T.);
#6645=ADVANCED_FACE('',(#604),#39,.F.);
#6646=ADVANCED_FACE('',(#605),#263,.T.);
#6647=ADVANCED_FACE('',(#606),#40,.F.);
#6648=ADVANCED_FACE('',(#607),#264,.T.);
#6649=ADVANCED_FACE('',(#608),#41,.F.);
#6650=ADVANCED_FACE('',(#609),#265,.T.);
#6651=ADVANCED_FACE('',(#610),#42,.F.);
#6652=ADVANCED_FACE('',(#611),#43,.F.);
#6653=ADVANCED_FACE('',(#612),#44,.F.);
#6654=ADVANCED_FACE('',(#613),#45,.F.);
#6655=ADVANCED_FACE('',(#614),#46,.F.);
#6656=ADVANCED_FACE('',(#615),#266,.T.);
#6657=ADVANCED_FACE('',(#616),#267,.T.);
#6658=ADVANCED_FACE('',(#617),#268,.T.);
#6659=ADVANCED_FACE('',(#618),#269,.T.);
#6660=ADVANCED_FACE('',(#619),#270,.T.);
#6661=ADVANCED_FACE('',(#620,#137,#138,#139,#140,#141,#142,#143,#144,#145,
#146),#271,.T.);
#6662=CLOSED_SHELL('',(#6313,#6314,#6315,#6316,#6317,#6318,#6319,#6320,
#6321,#6322,#6323,#6324,#6325,#6326,#6327,#6328,#6329,#6330,#6331,#6332,
#6333,#6334,#6335,#6336,#6337,#6338,#6339,#6340,#6341,#6342,#6343,#6344,
#6345,#6346,#6347,#6348,#6349,#6350,#6351,#6352,#6353,#6354,#6355,#6356,
#6357,#6358,#6359,#6360,#6361,#6362,#6363,#6364,#6365,#6366,#6367,#6368,
#6369,#6370,#6371,#6372,#6373,#6374,#6375,#6376,#6377,#6378,#6379,#6380,
#6381,#6382,#6383,#6384,#6385,#6386,#6387,#6388,#6389,#6390,#6391,#6392,
#6393,#6394,#6395,#6396,#6397,#6398,#6399,#6400,#6401,#6402,#6403,#6404,
#6405,#6406,#6407,#6408,#6409,#6410,#6411,#6412,#6413,#6414,#6415,#6416,
#6417,#6418,#6419,#6420,#6421,#6422,#6423,#6424,#6425,#6426,#6427,#6428,
#6429,#6430,#6431,#6432,#6433,#6434,#6435,#6436,#6437,#6438,#6439,#6440,
#6441,#6442,#6443,#6444,#6445,#6446,#6447,#6448,#6449,#6450,#6451,#6452,
#6453,#6454,#6455,#6456,#6457,#6458,#6459,#6460,#6461,#6462,#6463,#6464,
#6465,#6466,#6467,#6468,#6469,#6470,#6471,#6472,#6473,#6474,#6475,#6476,
#6477,#6478,#6479,#6480,#6481,#6482,#6483,#6484,#6485,#6486,#6487,#6488,
#6489,#6490,#6491,#6492,#6493,#6494,#6495,#6496,#6497,#6498,#6499,#6500,
#6501,#6502,#6503,#6504,#6505,#6506,#6507,#6508,#6509,#6510,#6511,#6512,
#6513,#6514,#6515,#6516,#6517,#6518,#6519,#6520,#6521,#6522,#6523,#6524,
#6525,#6526,#6527,#6528,#6529,#6530,#6531,#6532,#6533,#6534,#6535,#6536,
#6537,#6538,#6539,#6540,#6541,#6542,#6543,#6544,#6545,#6546,#6547,#6548,
#6549,#6550,#6551,#6552,#6553,#6554,#6555,#6556,#6557,#6558,#6559,#6560,
#6561,#6562,#6563,#6564,#6565,#6566,#6567,#6568,#6569,#6570,#6571,#6572,
#6573,#6574,#6575,#6576,#6577,#6578,#6579,#6580,#6581,#6582,#6583,#6584,
#6585,#6586,#6587,#6588,#6589,#6590,#6591,#6592,#6593,#6594,#6595,#6596,
#6597,#6598,#6599,#6600,#6601,#6602,#6603,#6604,#6605,#6606,#6607,#6608,
#6609,#6610,#6611,#6612,#6613,#6614,#6615,#6616,#6617,#6618,#6619,#6620,
#6621,#6622,#6623,#6624,#6625,#6626,#6627,#6628,#6629,#6630,#6631,#6632,
#6633,#6634,#6635,#6636,#6637,#6638,#6639,#6640,#6641,#6642,#6643,#6644,
#6645,#6646,#6647,#6648,#6649,#6650,#6651,#6652,#6653,#6654,#6655,#6656,
#6657,#6658,#6659,#6660,#6661));
#6663=DERIVED_UNIT_ELEMENT(#6665,1.);
#6664=DERIVED_UNIT_ELEMENT(#13160,-3.);
#6665=(
MASS_UNIT()
NAMED_UNIT(*)
SI_UNIT(.KILO.,.GRAM.)
);
#6666=DERIVED_UNIT((#6663,#6664));
#6667=MEASURE_REPRESENTATION_ITEM('density measure',
POSITIVE_RATIO_MEASURE(7850.),#6666);
#6668=PROPERTY_DEFINITION_REPRESENTATION(#6673,#6670);
#6669=PROPERTY_DEFINITION_REPRESENTATION(#6674,#6671);
#6670=REPRESENTATION('material name',(#6672),#13157);
#6671=REPRESENTATION('density',(#6667),#13157);
#6672=DESCRIPTIVE_REPRESENTATION_ITEM('Steel','Steel');
#6673=PROPERTY_DEFINITION('material property','material name',#13167);
#6674=PROPERTY_DEFINITION('material property','density of part',#13167);
#6675=AXIS2_PLACEMENT_3D('',#7886,#6897,#6898);
#6676=AXIS2_PLACEMENT_3D('',#8097,#6909,#6910);
#6677=AXIS2_PLACEMENT_3D('',#8100,#6913,#6914);
#6678=AXIS2_PLACEMENT_3D('',#8155,#6921,#6922);
#6679=AXIS2_PLACEMENT_3D('',#8322,#6933,#6934);
#6680=AXIS2_PLACEMENT_3D('',#8670,#6952,#6953);
#6681=AXIS2_PLACEMENT_3D('',#8996,#6969,#6970);
#6682=AXIS2_PLACEMENT_3D('',#9370,#6990,#6991);
#6683=AXIS2_PLACEMENT_3D('',#9396,#6995,#6996);
#6684=AXIS2_PLACEMENT_3D('',#9581,#7005,#7006);
#6685=AXIS2_PLACEMENT_3D('',#9590,#7011,#7012);
#6686=AXIS2_PLACEMENT_3D('',#9596,#7016,#7017);
#6687=AXIS2_PLACEMENT_3D('',#9809,#7030,#7031);
#6688=AXIS2_PLACEMENT_3D('',#9815,#7035,#7036);
#6689=AXIS2_PLACEMENT_3D('',#9818,#7039,#7040);
#6690=AXIS2_PLACEMENT_3D('',#9983,#7049,#7050);
#6691=AXIS2_PLACEMENT_3D('',#10196,#7063,#7064);
#6692=AXIS2_PLACEMENT_3D('',#10222,#7068,#7069);
#6693=AXIS2_PLACEMENT_3D('',#10407,#7078,#7079);
#6694=AXIS2_PLACEMENT_3D('',#10646,#7094,#7095);
#6695=AXIS2_PLACEMENT_3D('',#10652,#7099,#7100);
#6696=AXIS2_PLACEMENT_3D('',#10658,#7104,#7105);
#6697=AXIS2_PLACEMENT_3D('',#10664,#7109,#7110);
#6698=AXIS2_PLACEMENT_3D('',#10667,#7113,#7114);
#6699=AXIS2_PLACEMENT_3D('',#10878,#7125,#7126);
#6700=AXIS2_PLACEMENT_3D('',#10881,#7129,#7130);
#6701=AXIS2_PLACEMENT_3D('',#10936,#7137,#7138);
#6702=AXIS2_PLACEMENT_3D('',#11103,#7149,#7150);
#6703=AXIS2_PLACEMENT_3D('',#11451,#7168,#7169);
#6704=AXIS2_PLACEMENT_3D('',#11452,#7170,#7171);
#6705=AXIS2_PLACEMENT_3D('',#11461,#7176,#7177);
#6706=AXIS2_PLACEMENT_3D('',#11467,#7181,#7182);
#6707=AXIS2_PLACEMENT_3D('',#11473,#7186,#7187);
#6708=AXIS2_PLACEMENT_3D('',#11479,#7191,#7192);
#6709=AXIS2_PLACEMENT_3D('',#11485,#7196,#7197);
#6710=AXIS2_PLACEMENT_3D('',#11491,#7201,#7202);
#6711=AXIS2_PLACEMENT_3D('',#11497,#7206,#7207);
#6712=AXIS2_PLACEMENT_3D('',#11503,#7211,#7212);
#6713=AXIS2_PLACEMENT_3D('',#11509,#7216,#7217);
#6714=AXIS2_PLACEMENT_3D('',#11515,#7221,#7222);
#6715=AXIS2_PLACEMENT_3D('',#11521,#7226,#7227);
#6716=AXIS2_PLACEMENT_3D('',#11524,#7230,#7231);
#6717=AXIS2_PLACEMENT_3D('',#11735,#7242,#7243);
#6718=AXIS2_PLACEMENT_3D('',#11738,#7246,#7247);
#6719=AXIS2_PLACEMENT_3D('',#11793,#7254,#7255);
#6720=AXIS2_PLACEMENT_3D('',#11960,#7266,#7267);
#6721=AXIS2_PLACEMENT_3D('',#12308,#7285,#7286);
#6722=AXIS2_PLACEMENT_3D('',#12309,#7287,#7288);
#6723=AXIS2_PLACEMENT_3D('',#12318,#7293,#7294);
#6724=AXIS2_PLACEMENT_3D('',#12324,#7298,#7299);
#6725=AXIS2_PLACEMENT_3D('',#12330,#7303,#7304);
#6726=AXIS2_PLACEMENT_3D('',#12336,#7308,#7309);
#6727=AXIS2_PLACEMENT_3D('',#12342,#7313,#7314);
#6728=AXIS2_PLACEMENT_3D('',#12348,#7318,#7319);
#6729=AXIS2_PLACEMENT_3D('',#12354,#7323,#7324);
#6730=AXIS2_PLACEMENT_3D('',#12360,#7328,#7329);
#6731=AXIS2_PLACEMENT_3D('',#12366,#7333,#7334);
#6732=AXIS2_PLACEMENT_3D('',#12372,#7338,#7339);
#6733=AXIS2_PLACEMENT_3D('',#12378,#7343,#7344);
#6734=AXIS2_PLACEMENT_3D('',#12381,#7347,#7348);
#6735=AXIS2_PLACEMENT_3D('',#12454,#7353,#7354);
#6736=AXIS2_PLACEMENT_3D('',#12460,#7358,#7359);
#6737=AXIS2_PLACEMENT_3D('',#12466,#7363,#7364);
#6738=AXIS2_PLACEMENT_3D('',#12472,#7368,#7369);
#6739=AXIS2_PLACEMENT_3D('',#12478,#7373,#7374);
#6740=AXIS2_PLACEMENT_3D('',#12484,#7378,#7379);
#6741=AXIS2_PLACEMENT_3D('',#12490,#7383,#7384);
#6742=AXIS2_PLACEMENT_3D('',#12496,#7388,#7389);
#6743=AXIS2_PLACEMENT_3D('',#12502,#7393,#7394);
#6744=AXIS2_PLACEMENT_3D('',#12508,#7398,#7399);
#6745=AXIS2_PLACEMENT_3D('',#12514,#7403,#7404);
#6746=AXIS2_PLACEMENT_3D('',#12612,#7412,#7413);
#6747=AXIS2_PLACEMENT_3D('',#12638,#7417,#7418);
#6748=AXIS2_PLACEMENT_3D('',#12639,#7419,#7420);
#6749=AXIS2_PLACEMENT_3D('',#12648,#7425,#7426);
#6750=AXIS2_PLACEMENT_3D('',#12654,#7430,#7431);
#6751=AXIS2_PLACEMENT_3D('',#12660,#7435,#7436);
#6752=AXIS2_PLACEMENT_3D('',#12666,#7440,#7441);
#6753=AXIS2_PLACEMENT_3D('',#12672,#7445,#7446);
#6754=AXIS2_PLACEMENT_3D('',#12678,#7450,#7451);
#6755=AXIS2_PLACEMENT_3D('',#12684,#7455,#7456);
#6756=AXIS2_PLACEMENT_3D('',#12690,#7460,#7461);
#6757=AXIS2_PLACEMENT_3D('',#12742,#7467,#7468);
#6758=AXIS2_PLACEMENT_3D('',#12748,#7472,#7473);
#6759=AXIS2_PLACEMENT_3D('',#12754,#7477,#7478);
#6760=AXIS2_PLACEMENT_3D('',#12760,#7482,#7483);
#6761=AXIS2_PLACEMENT_3D('',#12763,#7486,#7487);
#6762=AXIS2_PLACEMENT_3D('',#12764,#7488,#7489);
#6763=AXIS2_PLACEMENT_3D('',#12767,#7490,#7491);
#6764=AXIS2_PLACEMENT_3D('',#12771,#7493,#7494);
#6765=AXIS2_PLACEMENT_3D('',#12783,#7500,#7501);
#6766=AXIS2_PLACEMENT_3D('',#12787,#7503,#7504);
#6767=AXIS2_PLACEMENT_3D('',#12791,#7506,#7507);
#6768=AXIS2_PLACEMENT_3D('',#12795,#7509,#7510);
#6769=AXIS2_PLACEMENT_3D('',#12799,#7512,#7513);
#6770=AXIS2_PLACEMENT_3D('',#12803,#7515,#7516);
#6771=AXIS2_PLACEMENT_3D('',#12807,#7518,#7519);
#6772=AXIS2_PLACEMENT_3D('',#12811,#7521,#7522);
#6773=AXIS2_PLACEMENT_3D('',#12815,#7524,#7525);
#6774=AXIS2_PLACEMENT_3D('',#12819,#7527,#7528);
#6775=AXIS2_PLACEMENT_3D('',#12823,#7530,#7531);
#6776=AXIS2_PLACEMENT_3D('',#12827,#7533,#7534);
#6777=AXIS2_PLACEMENT_3D('',#12831,#7536,#7537);
#6778=AXIS2_PLACEMENT_3D('',#12835,#7539,#7540);
#6779=AXIS2_PLACEMENT_3D('',#12839,#7542,#7543);
#6780=AXIS2_PLACEMENT_3D('',#12843,#7545,#7546);
#6781=AXIS2_PLACEMENT_3D('',#12847,#7548,#7549);
#6782=AXIS2_PLACEMENT_3D('',#12851,#7551,#7552);
#6783=AXIS2_PLACEMENT_3D('',#12855,#7554,#7555);
#6784=AXIS2_PLACEMENT_3D('',#12859,#7557,#7558);
#6785=AXIS2_PLACEMENT_3D('',#12863,#7560,#7561);
#6786=AXIS2_PLACEMENT_3D('',#12867,#7563,#7564);
#6787=AXIS2_PLACEMENT_3D('',#12871,#7566,#7567);
#6788=AXIS2_PLACEMENT_3D('',#12875,#7569,#7570);
#6789=AXIS2_PLACEMENT_3D('',#12879,#7572,#7573);
#6790=AXIS2_PLACEMENT_3D('',#12883,#7575,#7576);
#6791=AXIS2_PLACEMENT_3D('',#12886,#7578,#7579);
#6792=AXIS2_PLACEMENT_3D('',#12888,#7580,#7581);
#6793=AXIS2_PLACEMENT_3D('',#12890,#7582,#7583);
#6794=AXIS2_PLACEMENT_3D('',#12892,#7584,#7585);
#6795=AXIS2_PLACEMENT_3D('',#12893,#7586,#7587);
#6796=AXIS2_PLACEMENT_3D('',#12894,#7588,#7589);
#6797=AXIS2_PLACEMENT_3D('',#12895,#7590,#7591);
#6798=AXIS2_PLACEMENT_3D('',#12896,#7592,#7593);
#6799=AXIS2_PLACEMENT_3D('',#12897,#7594,#7595);
#6800=AXIS2_PLACEMENT_3D('',#12900,#7596,#7597);
#6801=AXIS2_PLACEMENT_3D('',#12903,#7600,#7601);
#6802=AXIS2_PLACEMENT_3D('',#12904,#7602,#7603);
#6803=AXIS2_PLACEMENT_3D('',#12908,#7606,#7607);
#6804=AXIS2_PLACEMENT_3D('',#12910,#7608,#7609);
#6805=AXIS2_PLACEMENT_3D('',#12912,#7611,#7612);
#6806=AXIS2_PLACEMENT_3D('',#12915,#7613,#7614);
#6807=AXIS2_PLACEMENT_3D('',#12918,#7617,#7618);
#6808=AXIS2_PLACEMENT_3D('',#12922,#7621,#7622);
#6809=AXIS2_PLACEMENT_3D('',#12925,#7623,#7624);
#6810=AXIS2_PLACEMENT_3D('',#12928,#7627,#7628);
#6811=AXIS2_PLACEMENT_3D('',#12930,#7630,#7631);
#6812=AXIS2_PLACEMENT_3D('',#12936,#7635,#7636);
#6813=AXIS2_PLACEMENT_3D('',#12938,#7637,#7638);
#6814=AXIS2_PLACEMENT_3D('',#12940,#7640,#7641);
#6815=AXIS2_PLACEMENT_3D('',#12944,#7644,#7645);
#6816=AXIS2_PLACEMENT_3D('',#12946,#7646,#7647);
#6817=AXIS2_PLACEMENT_3D('',#12948,#7649,#7650);
#6818=AXIS2_PLACEMENT_3D('',#12952,#7653,#7654);
#6819=AXIS2_PLACEMENT_3D('',#12954,#7655,#7656);
#6820=AXIS2_PLACEMENT_3D('',#12956,#7658,#7659);
#6821=AXIS2_PLACEMENT_3D('',#12960,#7662,#7663);
#6822=AXIS2_PLACEMENT_3D('',#12961,#7664,#7665);
#6823=AXIS2_PLACEMENT_3D('',#12962,#7666,#7667);
#6824=AXIS2_PLACEMENT_3D('',#12968,#7671,#7672);
#6825=AXIS2_PLACEMENT_3D('',#12970,#7673,#7674);
#6826=AXIS2_PLACEMENT_3D('',#12972,#7676,#7677);
#6827=AXIS2_PLACEMENT_3D('',#12976,#7680,#7681);
#6828=AXIS2_PLACEMENT_3D('',#12978,#7682,#7683);
#6829=AXIS2_PLACEMENT_3D('',#12980,#7685,#7686);
#6830=AXIS2_PLACEMENT_3D('',#12984,#7689,#7690);
#6831=AXIS2_PLACEMENT_3D('',#12986,#7691,#7692);
#6832=AXIS2_PLACEMENT_3D('',#12988,#7694,#7695);
#6833=AXIS2_PLACEMENT_3D('',#12992,#7698,#7699);
#6834=AXIS2_PLACEMENT_3D('',#12993,#7700,#7701);
#6835=AXIS2_PLACEMENT_3D('',#12994,#7702,#7703);
#6836=AXIS2_PLACEMENT_3D('',#13000,#7707,#7708);
#6837=AXIS2_PLACEMENT_3D('',#13002,#7709,#7710);
#6838=AXIS2_PLACEMENT_3D('',#13004,#7712,#7713);
#6839=AXIS2_PLACEMENT_3D('',#13008,#7716,#7717);
#6840=AXIS2_PLACEMENT_3D('',#13010,#7718,#7719);
#6841=AXIS2_PLACEMENT_3D('',#13012,#7721,#7722);
#6842=AXIS2_PLACEMENT_3D('',#13016,#7725,#7726);
#6843=AXIS2_PLACEMENT_3D('',#13018,#7727,#7728);
#6844=AXIS2_PLACEMENT_3D('',#13020,#7730,#7731);
#6845=AXIS2_PLACEMENT_3D('',#13024,#7734,#7735);
#6846=AXIS2_PLACEMENT_3D('',#13025,#7736,#7737);
#6847=AXIS2_PLACEMENT_3D('',#13026,#7738,#7739);
#6848=AXIS2_PLACEMENT_3D('',#13032,#7743,#7744);
#6849=AXIS2_PLACEMENT_3D('',#13034,#7745,#7746);
#6850=AXIS2_PLACEMENT_3D('',#13036,#7748,#7749);
#6851=AXIS2_PLACEMENT_3D('',#13040,#7752,#7753);
#6852=AXIS2_PLACEMENT_3D('',#13042,#7754,#7755);
#6853=AXIS2_PLACEMENT_3D('',#13044,#7757,#7758);
#6854=AXIS2_PLACEMENT_3D('',#13048,#7761,#7762);
#6855=AXIS2_PLACEMENT_3D('',#13050,#7763,#7764);
#6856=AXIS2_PLACEMENT_3D('',#13052,#7766,#7767);
#6857=AXIS2_PLACEMENT_3D('',#13056,#7770,#7771);
#6858=AXIS2_PLACEMENT_3D('',#13057,#7772,#7773);
#6859=AXIS2_PLACEMENT_3D('',#13058,#7774,#7775);
#6860=AXIS2_PLACEMENT_3D('',#13064,#7779,#7780);
#6861=AXIS2_PLACEMENT_3D('',#13066,#7781,#7782);
#6862=AXIS2_PLACEMENT_3D('',#13068,#7784,#7785);
#6863=AXIS2_PLACEMENT_3D('',#13072,#7788,#7789);
#6864=AXIS2_PLACEMENT_3D('',#13074,#7790,#7791);
#6865=AXIS2_PLACEMENT_3D('',#13076,#7793,#7794);
#6866=AXIS2_PLACEMENT_3D('',#13080,#7797,#7798);
#6867=AXIS2_PLACEMENT_3D('',#13082,#7799,#7800);
#6868=AXIS2_PLACEMENT_3D('',#13084,#7802,#7803);
#6869=AXIS2_PLACEMENT_3D('',#13088,#7806,#7807);
#6870=AXIS2_PLACEMENT_3D('',#13089,#7808,#7809);
#6871=AXIS2_PLACEMENT_3D('',#13090,#7810,#7811);
#6872=AXIS2_PLACEMENT_3D('',#13096,#7815,#7816);
#6873=AXIS2_PLACEMENT_3D('',#13098,#7817,#7818);
#6874=AXIS2_PLACEMENT_3D('',#13100,#7820,#7821);
#6875=AXIS2_PLACEMENT_3D('',#13104,#7824,#7825);
#6876=AXIS2_PLACEMENT_3D('',#13106,#7826,#7827);
#6877=AXIS2_PLACEMENT_3D('',#13108,#7829,#7830);
#6878=AXIS2_PLACEMENT_3D('',#13112,#7833,#7834);
#6879=AXIS2_PLACEMENT_3D('',#13114,#7835,#7836);
#6880=AXIS2_PLACEMENT_3D('',#13116,#7838,#7839);
#6881=AXIS2_PLACEMENT_3D('',#13120,#7842,#7843);
#6882=AXIS2_PLACEMENT_3D('',#13121,#7844,#7845);
#6883=AXIS2_PLACEMENT_3D('',#13122,#7846,#7847);
#6884=AXIS2_PLACEMENT_3D('',#13124,#7848,#7849);
#6885=AXIS2_PLACEMENT_3D('',#13126,#7851,#7852);
#6886=AXIS2_PLACEMENT_3D('',#13128,#7853,#7854);
#6887=AXIS2_PLACEMENT_3D('',#13130,#7856,#7857);
#6888=AXIS2_PLACEMENT_3D('',#13132,#7858,#7859);
#6889=AXIS2_PLACEMENT_3D('',#13134,#7861,#7862);
#6890=AXIS2_PLACEMENT_3D('',#13136,#7863,#7864);
#6891=AXIS2_PLACEMENT_3D('',#13138,#7866,#7867);
#6892=AXIS2_PLACEMENT_3D('',#13140,#7869,#7870);
#6893=AXIS2_PLACEMENT_3D('',#13144,#7873,#7874);
#6894=AXIS2_PLACEMENT_3D('',#13148,#7877,#7878);
#6895=AXIS2_PLACEMENT_3D('',#13152,#7881,#7882);
#6896=AXIS2_PLACEMENT_3D('',#13154,#7884,#7885);
#6897=DIRECTION('axis',(0.,0.,1.));
#6898=DIRECTION('refdir',(1.,0.,0.));
#6899=DIRECTION('',(0.,1.,0.));
#6900=DIRECTION('',(0.,1.,0.));
#6901=DIRECTION('',(0.,1.,0.));
#6902=DIRECTION('',(0.,1.,0.));
#6903=DIRECTION('',(0.,1.,0.));
#6904=DIRECTION('',(0.,1.,0.));
#6905=DIRECTION('',(0.,1.,0.));
#6906=DIRECTION('',(0.,1.,0.));
#6907=DIRECTION('',(0.,1.,0.));
#6908=DIRECTION('',(0.,1.,0.));
#6909=DIRECTION('center_axis',(-1.,0.,0.));
#6910=DIRECTION('ref_axis',(0.,0.,1.));
#6911=DIRECTION('',(0.,0.,1.));
#6912=DIRECTION('',(0.,0.,1.));
#6913=DIRECTION('center_axis',(0.,0.,-1.));
#6914=DIRECTION('ref_axis',(-1.,0.,0.));
#6915=DIRECTION('',(-1.,0.,0.));
#6916=DIRECTION('',(0.,1.,0.));
#6917=DIRECTION('',(-1.,0.,0.));
#6918=DIRECTION('',(0.,1.,0.));
#6919=DIRECTION('',(0.,1.,0.));
#6920=DIRECTION('',(0.,1.,0.));
#6921=DIRECTION('center_axis',(1.,0.,0.));
#6922=DIRECTION('ref_axis',(0.,0.,-1.));
#6923=DIRECTION('',(0.,0.,-1.));
#6924=DIRECTION('',(0.,1.,0.));
#6925=DIRECTION('',(0.,0.,-1.));
#6926=DIRECTION('',(0.,1.,0.));
#6927=DIRECTION('',(0.,1.,0.));
#6928=DIRECTION('',(0.,1.,0.));
#6929=DIRECTION('',(0.,1.,0.));
#6930=DIRECTION('',(0.,1.,0.));
#6931=DIRECTION('',(0.,1.,0.));
#6932=DIRECTION('',(0.,1.,0.));
#6933=DIRECTION('center_axis',(-0.135113204733314,0.,-0.990830168044299));
#6934=DIRECTION('ref_axis',(-0.990830168044299,0.,0.135113204733313));
#6935=DIRECTION('',(-0.990830168044299,0.,0.135113204733313));
#6936=DIRECTION('',(0.,1.,0.));
#6937=DIRECTION('',(-0.990830168044299,0.,0.135113204733313));
#6938=DIRECTION('',(0.,1.,0.));
#6939=DIRECTION('',(0.,1.,0.));
#6940=DIRECTION('',(0.,1.,0.));
#6941=DIRECTION('',(0.,1.,0.));
#6942=DIRECTION('',(0.,1.,0.));
#6943=DIRECTION('',(0.,1.,0.));
#6944=DIRECTION('',(0.,1.,0.));
#6945=DIRECTION('',(0.,1.,0.));
#6946=DIRECTION('',(0.,1.,0.));
#6947=DIRECTION('',(0.,1.,0.));
#6948=DIRECTION('',(0.,1.,0.));
#6949=DIRECTION('',(0.,1.,0.));
#6950=DIRECTION('',(0.,1.,0.));
#6951=DIRECTION('',(0.,1.,0.));
#6952=DIRECTION('center_axis',(0.,-1.,0.));
#6953=DIRECTION('ref_axis',(1.,0.,0.));
#6954=DIRECTION('',(0.,1.,0.));
#6955=DIRECTION('',(0.,1.,0.));
#6956=DIRECTION('',(0.,1.,0.));
#6957=DIRECTION('',(0.,1.,0.));
#6958=DIRECTION('',(0.,1.,0.));
#6959=DIRECTION('',(0.,1.,0.));
#6960=DIRECTION('',(0.,1.,0.));
#6961=DIRECTION('',(0.,1.,0.));
#6962=DIRECTION('',(0.,1.,0.));
#6963=DIRECTION('',(0.,1.,0.));
#6964=DIRECTION('',(0.,1.,0.));
#6965=DIRECTION('',(0.,1.,0.));
#6966=DIRECTION('',(0.,1.,0.));
#6967=DIRECTION('',(0.,1.,0.));
#6968=DIRECTION('',(0.,1.,0.));
#6969=DIRECTION('center_axis',(0.135113973057808,0.,-0.990830063272474));
#6970=DIRECTION('ref_axis',(-0.990830063272474,0.,-0.135113973057808));
#6971=DIRECTION('',(-0.990830063272474,0.,-0.135113973057808));
#6972=DIRECTION('',(0.,1.,0.));
#6973=DIRECTION('',(-0.990830063272474,0.,-0.135113973057808));
#6974=DIRECTION('',(0.,1.,0.));
#6975=DIRECTION('',(0.,1.,0.));
#6976=DIRECTION('',(0.,1.,0.));
#6977=DIRECTION('',(0.,1.,0.));
#6978=DIRECTION('',(0.,1.,0.));
#6979=DIRECTION('',(0.,1.,0.));
#6980=DIRECTION('',(0.,1.,0.));
#6981=DIRECTION('',(0.,1.,0.));
#6982=DIRECTION('',(0.,1.,0.));
#6983=DIRECTION('',(0.,1.,0.));
#6984=DIRECTION('',(0.,1.,0.));
#6985=DIRECTION('',(0.,1.,0.));
#6986=DIRECTION('',(0.,1.,0.));
#6987=DIRECTION('',(0.,1.,0.));
#6988=DIRECTION('',(0.,1.,0.));
#6989=DIRECTION('',(0.,1.,0.));
#6990=DIRECTION('center_axis',(-0.155392348763381,0.,0.98785283212926));
#6991=DIRECTION('ref_axis',(0.98785283212926,0.,0.155392348763381));
#6992=DIRECTION('',(0.98785283212926,0.,0.155392348763381));
#6993=DIRECTION('',(0.,1.,0.));
#6994=DIRECTION('',(0.98785283212926,0.,0.155392348763381));
#6995=DIRECTION('center_axis',(0.,-1.,0.));
#6996=DIRECTION('ref_axis',(1.,0.,0.));
#6997=DIRECTION('',(0.,1.,0.));
#6998=DIRECTION('',(0.,1.,0.));
#6999=DIRECTION('',(0.,1.,0.));
#7000=DIRECTION('',(0.,1.,0.));
#7001=DIRECTION('',(0.,1.,0.));
#7002=DIRECTION('',(0.,1.,0.));
#7003=DIRECTION('',(0.,1.,0.));
#7004=DIRECTION('',(0.,1.,0.));
#7005=DIRECTION('center_axis',(1.,0.,0.));
#7006=DIRECTION('ref_axis',(0.,0.,-1.));
#7007=DIRECTION('',(0.,0.,-1.));
#7008=DIRECTION('',(0.,1.,0.));
#7009=DIRECTION('',(0.,0.,-1.));
#7010=DIRECTION('',(0.,1.,0.));
#7011=DIRECTION('center_axis',(0.,0.,1.));
#7012=DIRECTION('ref_axis',(1.,0.,0.));
#7013=DIRECTION('',(1.,0.,0.));
#7014=DIRECTION('',(0.,1.,0.));
#7015=DIRECTION('',(1.,0.,0.));
#7016=DIRECTION('center_axis',(-1.,0.,0.));
#7017=DIRECTION('ref_axis',(0.,0.,1.));
#7018=DIRECTION('',(0.,0.,1.));
#7019=DIRECTION('',(0.,1.,0.));
#7020=DIRECTION('',(0.,0.,1.));
#7021=DIRECTION('',(0.,1.,0.));
#7022=DIRECTION('',(0.,1.,0.));
#7023=DIRECTION('',(0.,1.,0.));
#7024=DIRECTION('',(0.,1.,0.));
#7025=DIRECTION('',(0.,1.,0.));
#7026=DIRECTION('',(0.,1.,0.));
#7027=DIRECTION('',(0.,1.,0.));
#7028=DIRECTION('',(0.,1.,0.));
#7029=DIRECTION('',(0.,1.,0.));
#7030=DIRECTION('center_axis',(-1.,0.,0.));
#7031=DIRECTION('ref_axis',(0.,0.,1.));
#7032=DIRECTION('',(0.,0.,1.));
#7033=DIRECTION('',(0.,1.,0.));
#7034=DIRECTION('',(0.,0.,1.));
#7035=DIRECTION('center_axis',(0.,0.,-1.));
#7036=DIRECTION('ref_axis',(-1.,0.,0.));
#7037=DIRECTION('',(-1.,0.,0.));
#7038=DIRECTION('',(-1.,0.,0.));
#7039=DIRECTION('center_axis',(0.,-1.,0.));
#7040=DIRECTION('ref_axis',(1.,0.,0.));
#7041=DIRECTION('',(0.,1.,0.));
#7042=DIRECTION('',(0.,1.,0.));
#7043=DIRECTION('',(0.,1.,0.));
#7044=DIRECTION('',(0.,1.,0.));
#7045=DIRECTION('',(0.,1.,0.));
#7046=DIRECTION('',(0.,1.,0.));
#7047=DIRECTION('',(0.,1.,0.));
#7048=DIRECTION('',(0.,1.,0.));
#7049=DIRECTION('center_axis',(0.152482131486199,0.,-0.988306227632623));
#7050=DIRECTION('ref_axis',(-0.988306227632623,0.,-0.152482131486199));
#7051=DIRECTION('',(-0.988306227632623,0.,-0.152482131486199));
#7052=DIRECTION('',(0.,1.,0.));
#7053=DIRECTION('',(-0.988306227632623,0.,-0.152482131486199));
#7054=DIRECTION('',(0.,1.,0.));
#7055=DIRECTION('',(0.,1.,0.));
#7056=DIRECTION('',(0.,1.,0.));
#7057=DIRECTION('',(0.,1.,0.));
#7058=DIRECTION('',(0.,1.,0.));
#7059=DIRECTION('',(0.,1.,0.));
#7060=DIRECTION('',(0.,1.,0.));
#7061=DIRECTION('',(0.,1.,0.));
#7062=DIRECTION('',(0.,1.,0.));
#7063=DIRECTION('center_axis',(0.12886167178321,0.,0.991662578473765));
#7064=DIRECTION('ref_axis',(0.991662578473765,0.,-0.12886167178321));
#7065=DIRECTION('',(0.991662578473765,0.,-0.12886167178321));
#7066=DIRECTION('',(0.,1.,0.));
#7067=DIRECTION('',(0.991662578473765,0.,-0.12886167178321));
#7068=DIRECTION('center_axis',(0.,-1.,0.));
#7069=DIRECTION('ref_axis',(1.,0.,0.));
#7070=DIRECTION('',(0.,1.,0.));
#7071=DIRECTION('',(0.,1.,0.));
#7072=DIRECTION('',(0.,1.,0.));
#7073=DIRECTION('',(0.,1.,0.));
#7074=DIRECTION('',(0.,1.,0.));
#7075=DIRECTION('',(0.,1.,0.));
#7076=DIRECTION('',(0.,1.,0.));
#7077=DIRECTION('',(0.,1.,0.));
#7078=DIRECTION('center_axis',(1.,0.,0.));
#7079=DIRECTION('ref_axis',(0.,0.,-1.));
#7080=DIRECTION('',(0.,0.,-1.));
#7081=DIRECTION('',(0.,1.,0.));
#7082=DIRECTION('',(0.,0.,-1.));
#7083=DIRECTION('',(0.,1.,0.));
#7084=DIRECTION('',(0.,1.,0.));
#7085=DIRECTION('',(0.,1.,0.));
#7086=DIRECTION('',(0.,1.,0.));
#7087=DIRECTION('',(0.,1.,0.));
#7088=DIRECTION('',(0.,1.,0.));
#7089=DIRECTION('',(0.,1.,0.));
#7090=DIRECTION('',(0.,1.,0.));
#7091=DIRECTION('',(0.,1.,0.));
#7092=DIRECTION('',(0.,1.,0.));
#7093=DIRECTION('',(0.,1.,0.));
#7094=DIRECTION('center_axis',(1.,0.,0.));
#7095=DIRECTION('ref_axis',(0.,0.,-1.));
#7096=DIRECTION('',(0.,0.,-1.));
#7097=DIRECTION('',(0.,1.,0.));
#7098=DIRECTION('',(0.,0.,-1.));
#7099=DIRECTION('center_axis',(0.,0.,1.));
#7100=DIRECTION('ref_axis',(1.,0.,0.));
#7101=DIRECTION('',(1.,0.,0.));
#7102=DIRECTION('',(0.,1.,0.));
#7103=DIRECTION('',(1.,0.,0.));
#7104=DIRECTION('center_axis',(-1.,0.,0.));
#7105=DIRECTION('ref_axis',(0.,0.,1.));
#7106=DIRECTION('',(0.,0.,1.));
#7107=DIRECTION('',(0.,1.,0.));
#7108=DIRECTION('',(0.,0.,1.));
#7109=DIRECTION('center_axis',(0.,0.,-1.));
#7110=DIRECTION('ref_axis',(-1.,0.,0.));
#7111=DIRECTION('',(-1.,0.,0.));
#7112=DIRECTION('',(-1.,0.,0.));
#7113=DIRECTION('center_axis',(0.,-1.,0.));
#7114=DIRECTION('ref_axis',(1.,0.,0.));
#7115=DIRECTION('',(0.,1.,0.));
#7116=DIRECTION('',(0.,1.,0.));
#7117=DIRECTION('',(0.,1.,0.));
#7118=DIRECTION('',(0.,1.,0.));
#7119=DIRECTION('',(0.,1.,0.));
#7120=DIRECTION('',(0.,1.,0.));
#7121=DIRECTION('',(0.,1.,0.));
#7122=DIRECTION('',(0.,1.,0.));
#7123=DIRECTION('',(0.,1.,0.));
#7124=DIRECTION('',(0.,1.,0.));
#7125=DIRECTION('center_axis',(-1.,0.,0.));
#7126=DIRECTION('ref_axis',(0.,0.,1.));
#7127=DIRECTION('',(0.,0.,1.));
#7128=DIRECTION('',(0.,0.,1.));
#7129=DIRECTION('center_axis',(0.,0.,-1.));
#7130=DIRECTION('ref_axis',(-1.,0.,0.));
#7131=DIRECTION('',(-1.,0.,0.));
#7132=DIRECTION('',(0.,1.,0.));
#7133=DIRECTION('',(-1.,0.,0.));
#7134=DIRECTION('',(0.,1.,0.));
#7135=DIRECTION('',(0.,1.,0.));
#7136=DIRECTION('',(0.,1.,0.));
#7137=DIRECTION('center_axis',(1.,0.,0.));
#7138=DIRECTION('ref_axis',(0.,0.,-1.));
#7139=DIRECTION('',(0.,0.,-1.));
#7140=DIRECTION('',(0.,1.,0.));
#7141=DIRECTION('',(0.,0.,-1.));
#7142=DIRECTION('',(0.,1.,0.));
#7143=DIRECTION('',(0.,1.,0.));
#7144=DIRECTION('',(0.,1.,0.));
#7145=DIRECTION('',(0.,1.,0.));
#7146=DIRECTION('',(0.,1.,0.));
#7147=DIRECTION('',(0.,1.,0.));
#7148=DIRECTION('',(0.,1.,0.));
#7149=DIRECTION('center_axis',(-0.135113973057808,0.,-0.990830063272474));
#7150=DIRECTION('ref_axis',(-0.990830063272474,0.,0.135113973057808));
#7151=DIRECTION('',(-0.990830063272474,0.,0.135113973057808));
#7152=DIRECTION('',(0.,1.,0.));
#7153=DIRECTION('',(-0.990830063272474,0.,0.135113973057808));
#7154=DIRECTION('',(0.,1.,0.));
#7155=DIRECTION('',(0.,1.,0.));
#7156=DIRECTION('',(0.,1.,0.));
#7157=DIRECTION('',(0.,1.,0.));
#7158=DIRECTION('',(0.,1.,0.));
#7159=DIRECTION('',(0.,1.,0.));
#7160=DIRECTION('',(0.,1.,0.));
#7161=DIRECTION('',(0.,1.,0.));
#7162=DIRECTION('',(0.,1.,0.));
#7163=DIRECTION('',(0.,1.,0.));
#7164=DIRECTION('',(0.,1.,0.));
#7165=DIRECTION('',(0.,1.,0.));
#7166=DIRECTION('',(0.,1.,0.));
#7167=DIRECTION('',(0.,1.,0.));
#7168=DIRECTION('center_axis',(0.,-1.,0.));
#7169=DIRECTION('ref_axis',(1.,0.,0.));
#7170=DIRECTION('center_axis',(1.,0.,0.));
#7171=DIRECTION('ref_axis',(0.,0.,-1.));
#7172=DIRECTION('',(0.,0.,-1.));
#7173=DIRECTION('',(0.,1.,0.));
#7174=DIRECTION('',(0.,0.,-1.));
#7175=DIRECTION('',(0.,1.,0.));
#7176=DIRECTION('center_axis',(0.692767824337642,0.,-0.72116069052777));
#7177=DIRECTION('ref_axis',(-0.72116069052777,0.,-0.692767824337642));
#7178=DIRECTION('',(-0.72116069052777,0.,-0.692767824337642));
#7179=DIRECTION('',(0.,1.,0.));
#7180=DIRECTION('',(-0.72116069052777,0.,-0.692767824337642));
#7181=DIRECTION('center_axis',(-0.83981926389887,0.,-0.542866101340248));
#7182=DIRECTION('ref_axis',(-0.542866101340248,0.,0.83981926389887));
#7183=DIRECTION('',(-0.542866101340248,0.,0.83981926389887));
#7184=DIRECTION('',(0.,1.,0.));
#7185=DIRECTION('',(-0.542866101340248,0.,0.83981926389887));
#7186=DIRECTION('center_axis',(0.,0.,-1.));
#7187=DIRECTION('ref_axis',(-1.,0.,0.));
#7188=DIRECTION('',(-1.,0.,0.));
#7189=DIRECTION('',(0.,1.,0.));
#7190=DIRECTION('',(-1.,0.,0.));
#7191=DIRECTION('center_axis',(0.831092203103565,0.,0.556134650907909));
#7192=DIRECTION('ref_axis',(0.556134650907909,0.,-0.831092203103565));
#7193=DIRECTION('',(0.556134650907909,0.,-0.831092203103565));
#7194=DIRECTION('',(0.,1.,0.));
#7195=DIRECTION('',(0.556134650907909,0.,-0.831092203103565));
#7196=DIRECTION('center_axis',(0.69642187952009,0.,-0.717632611944096));
#7197=DIRECTION('ref_axis',(-0.717632611944096,0.,-0.69642187952009));
#7198=DIRECTION('',(-0.717632611944096,0.,-0.69642187952009));
#7199=DIRECTION('',(0.,1.,0.));
#7200=DIRECTION('',(-0.717632611944096,0.,-0.69642187952009));
#7201=DIRECTION('center_axis',(0.,0.,1.));
#7202=DIRECTION('ref_axis',(1.,0.,0.));
#7203=DIRECTION('',(1.,0.,0.));
#7204=DIRECTION('',(0.,1.,0.));
#7205=DIRECTION('',(1.,0.,0.));
#7206=DIRECTION('center_axis',(-0.712034154063968,0.,0.702144830819404));
#7207=DIRECTION('ref_axis',(0.702144830819404,0.,0.712034154063968));
#7208=DIRECTION('',(0.702144830819404,0.,0.712034154063968));
#7209=DIRECTION('',(0.,1.,0.));
#7210=DIRECTION('',(0.702144830819404,0.,0.712034154063968));
#7211=DIRECTION('center_axis',(1.,0.,0.));
#7212=DIRECTION('ref_axis',(0.,0.,-1.));
#7213=DIRECTION('',(0.,0.,-1.));
#7214=DIRECTION('',(0.,1.,0.));
#7215=DIRECTION('',(0.,0.,-1.));
#7216=DIRECTION('center_axis',(0.,0.,1.));
#7217=DIRECTION('ref_axis',(1.,0.,0.));
#7218=DIRECTION('',(1.,0.,0.));
#7219=DIRECTION('',(0.,1.,0.));
#7220=DIRECTION('',(1.,0.,0.));
#7221=DIRECTION('center_axis',(-1.,0.,0.));
#7222=DIRECTION('ref_axis',(0.,0.,1.));
#7223=DIRECTION('',(0.,0.,1.));
#7224=DIRECTION('',(0.,1.,0.));
#7225=DIRECTION('',(0.,0.,1.));
#7226=DIRECTION('center_axis',(0.,0.,-1.));
#7227=DIRECTION('ref_axis',(-1.,0.,0.));
#7228=DIRECTION('',(-1.,0.,0.));
#7229=DIRECTION('',(-1.,0.,0.));
#7230=DIRECTION('center_axis',(0.,1.,0.));
#7231=DIRECTION('ref_axis',(0.,0.,1.));
#7232=DIRECTION('',(0.,1.,0.));
#7233=DIRECTION('',(0.,1.,0.));
#7234=DIRECTION('',(0.,1.,0.));
#7235=DIRECTION('',(0.,1.,0.));
#7236=DIRECTION('',(0.,1.,0.));
#7237=DIRECTION('',(0.,1.,0.));
#7238=DIRECTION('',(0.,1.,0.));
#7239=DIRECTION('',(0.,1.,0.));
#7240=DIRECTION('',(0.,1.,0.));
#7241=DIRECTION('',(0.,1.,0.));
#7242=DIRECTION('center_axis',(-1.,0.,0.));
#7243=DIRECTION('ref_axis',(0.,0.,1.));
#7244=DIRECTION('',(0.,0.,1.));
#7245=DIRECTION('',(0.,0.,1.));
#7246=DIRECTION('center_axis',(0.,0.,-1.));
#7247=DIRECTION('ref_axis',(-1.,0.,0.));
#7248=DIRECTION('',(-1.,0.,0.));
#7249=DIRECTION('',(0.,1.,0.));
#7250=DIRECTION('',(-1.,0.,0.));
#7251=DIRECTION('',(0.,1.,0.));
#7252=DIRECTION('',(0.,1.,0.));
#7253=DIRECTION('',(0.,1.,0.));
#7254=DIRECTION('center_axis',(1.,0.,0.));
#7255=DIRECTION('ref_axis',(0.,0.,-1.));
#7256=DIRECTION('',(0.,0.,-1.));
#7257=DIRECTION('',(0.,1.,0.));
#7258=DIRECTION('',(0.,0.,-1.));
#7259=DIRECTION('',(0.,1.,0.));
#7260=DIRECTION('',(0.,1.,0.));
#7261=DIRECTION('',(0.,1.,0.));
#7262=DIRECTION('',(0.,1.,0.));
#7263=DIRECTION('',(0.,1.,0.));
#7264=DIRECTION('',(0.,1.,0.));
#7265=DIRECTION('',(0.,1.,0.));
#7266=DIRECTION('center_axis',(-0.135113808416116,0.,-0.990830085723729));
#7267=DIRECTION('ref_axis',(-0.99083008572373,0.,0.135113808416116));
#7268=DIRECTION('',(-0.99083008572373,0.,0.135113808416116));
#7269=DIRECTION('',(0.,1.,0.));
#7270=DIRECTION('',(-0.99083008572373,0.,0.135113808416116));
#7271=DIRECTION('',(0.,1.,0.));
#7272=DIRECTION('',(0.,1.,0.));
#7273=DIRECTION('',(0.,1.,0.));
#7274=DIRECTION('',(0.,1.,0.));
#7275=DIRECTION('',(0.,1.,0.));
#7276=DIRECTION('',(0.,1.,0.));
#7277=DIRECTION('',(0.,1.,0.));
#7278=DIRECTION('',(0.,1.,0.));
#7279=DIRECTION('',(0.,1.,0.));
#7280=DIRECTION('',(0.,1.,0.));
#7281=DIRECTION('',(0.,1.,0.));
#7282=DIRECTION('',(0.,1.,0.));
#7283=DIRECTION('',(0.,1.,0.));
#7284=DIRECTION('',(0.,1.,0.));
#7285=DIRECTION('center_axis',(0.,-1.,0.));
#7286=DIRECTION('ref_axis',(1.,0.,0.));
#7287=DIRECTION('center_axis',(1.,0.,0.));
#7288=DIRECTION('ref_axis',(0.,0.,-1.));
#7289=DIRECTION('',(0.,0.,-1.));
#7290=DIRECTION('',(0.,1.,0.));
#7291=DIRECTION('',(0.,0.,-1.));
#7292=DIRECTION('',(0.,1.,0.));
#7293=DIRECTION('center_axis',(0.,0.,-1.));
#7294=DIRECTION('ref_axis',(-1.,0.,0.));
#7295=DIRECTION('',(-1.,0.,0.));
#7296=DIRECTION('',(0.,1.,0.));
#7297=DIRECTION('',(-1.,0.,0.));
#7298=DIRECTION('center_axis',(-1.,0.,0.));
#7299=DIRECTION('ref_axis',(0.,0.,1.));
#7300=DIRECTION('',(0.,0.,1.));
#7301=DIRECTION('',(0.,1.,0.));
#7302=DIRECTION('',(0.,0.,1.));
#7303=DIRECTION('center_axis',(0.,0.,-1.));
#7304=DIRECTION('ref_axis',(-1.,0.,0.));
#7305=DIRECTION('',(-1.,0.,0.));
#7306=DIRECTION('',(0.,1.,0.));
#7307=DIRECTION('',(-1.,0.,0.));
#7308=DIRECTION('center_axis',(1.,0.,0.));
#7309=DIRECTION('ref_axis',(0.,0.,-1.));
#7310=DIRECTION('',(0.,0.,-1.));
#7311=DIRECTION('',(0.,1.,0.));
#7312=DIRECTION('',(0.,0.,-1.));
#7313=DIRECTION('center_axis',(0.,0.,1.));
#7314=DIRECTION('ref_axis',(1.,0.,0.));
#7315=DIRECTION('',(1.,0.,0.));
#7316=DIRECTION('',(0.,1.,0.));
#7317=DIRECTION('',(1.,0.,0.));
#7318=DIRECTION('center_axis',(-1.,0.,0.));
#7319=DIRECTION('ref_axis',(0.,0.,1.));
#7320=DIRECTION('',(0.,0.,1.));
#7321=DIRECTION('',(0.,1.,0.));
#7322=DIRECTION('',(0.,0.,1.));
#7323=DIRECTION('center_axis',(0.,0.,1.));
#7324=DIRECTION('ref_axis',(1.,0.,0.));
#7325=DIRECTION('',(1.,0.,0.));
#7326=DIRECTION('',(0.,1.,0.));
#7327=DIRECTION('',(1.,0.,0.));
#7328=DIRECTION('center_axis',(1.,0.,0.));
#7329=DIRECTION('ref_axis',(0.,0.,-1.));
#7330=DIRECTION('',(0.,0.,-1.));
#7331=DIRECTION('',(0.,1.,0.));
#7332=DIRECTION('',(0.,0.,-1.));
#7333=DIRECTION('center_axis',(0.,0.,1.));
#7334=DIRECTION('ref_axis',(1.,0.,0.));
#7335=DIRECTION('',(1.,0.,0.));
#7336=DIRECTION('',(0.,1.,0.));
#7337=DIRECTION('',(1.,0.,0.));
#7338=DIRECTION('center_axis',(-1.,0.,0.));
#7339=DIRECTION('ref_axis',(0.,0.,1.));
#7340=DIRECTION('',(0.,0.,1.));
#7341=DIRECTION('',(0.,1.,0.));
#7342=DIRECTION('',(0.,0.,1.));
#7343=DIRECTION('center_axis',(0.,0.,-1.));
#7344=DIRECTION('ref_axis',(-1.,0.,0.));
#7345=DIRECTION('',(-1.,0.,0.));
#7346=DIRECTION('',(-1.,0.,0.));
#7347=DIRECTION('center_axis',(0.,1.,0.));
#7348=DIRECTION('ref_axis',(0.,0.,1.));
#7349=DIRECTION('',(0.,1.,0.));
#7350=DIRECTION('',(0.,1.,0.));
#7351=DIRECTION('',(0.,1.,0.));
#7352=DIRECTION('',(0.,1.,0.));
#7353=DIRECTION('center_axis',(1.,0.,0.));
#7354=DIRECTION('ref_axis',(0.,0.,-1.));
#7355=DIRECTION('',(0.,0.,-1.));
#7356=DIRECTION('',(0.,1.,0.));
#7357=DIRECTION('',(0.,0.,-1.));
#7358=DIRECTION('center_axis',(0.,0.,-1.));
#7359=DIRECTION('ref_axis',(-1.,0.,0.));
#7360=DIRECTION('',(-1.,0.,0.));
#7361=DIRECTION('',(0.,1.,0.));
#7362=DIRECTION('',(-1.,0.,0.));
#7363=DIRECTION('center_axis',(1.,0.,0.));
#7364=DIRECTION('ref_axis',(0.,0.,-1.));
#7365=DIRECTION('',(0.,0.,-1.));
#7366=DIRECTION('',(0.,1.,0.));
#7367=DIRECTION('',(0.,0.,-1.));
#7368=DIRECTION('center_axis',(0.,0.,1.));
#7369=DIRECTION('ref_axis',(1.,0.,0.));
#7370=DIRECTION('',(1.,0.,0.));
#7371=DIRECTION('',(0.,1.,0.));
#7372=DIRECTION('',(1.,0.,0.));
#7373=DIRECTION('center_axis',(1.,0.,0.));
#7374=DIRECTION('ref_axis',(0.,0.,-1.));
#7375=DIRECTION('',(0.,0.,-1.));
#7376=DIRECTION('',(0.,1.,0.));
#7377=DIRECTION('',(0.,0.,-1.));
#7378=DIRECTION('center_axis',(-0.516604347277836,0.,0.856224239538709));
#7379=DIRECTION('ref_axis',(0.856224239538709,0.,0.516604347277836));
#7380=DIRECTION('',(0.856224239538709,0.,0.516604347277836));
#7381=DIRECTION('',(0.,1.,0.));
#7382=DIRECTION('',(0.856224239538709,0.,0.516604347277836));
#7383=DIRECTION('center_axis',(-1.,0.,0.));
#7384=DIRECTION('ref_axis',(0.,0.,1.));
#7385=DIRECTION('',(0.,0.,1.));
#7386=DIRECTION('',(0.,1.,0.));
#7387=DIRECTION('',(0.,0.,1.));
#7388=DIRECTION('center_axis',(0.,0.,1.));
#7389=DIRECTION('ref_axis',(1.,0.,0.));
#7390=DIRECTION('',(1.,0.,0.));
#7391=DIRECTION('',(0.,1.,0.));
#7392=DIRECTION('',(1.,0.,0.));
#7393=DIRECTION('center_axis',(-1.,0.,0.));
#7394=DIRECTION('ref_axis',(0.,0.,1.));
#7395=DIRECTION('',(0.,0.,1.));
#7396=DIRECTION('',(0.,1.,0.));
#7397=DIRECTION('',(0.,0.,1.));
#7398=DIRECTION('center_axis',(0.,0.,-1.));
#7399=DIRECTION('ref_axis',(-1.,0.,0.));
#7400=DIRECTION('',(-1.,0.,0.));
#7401=DIRECTION('',(0.,1.,0.));
#7402=DIRECTION('',(-1.,0.,0.));
#7403=DIRECTION('center_axis',(-1.,0.,0.));
#7404=DIRECTION('ref_axis',(0.,0.,1.));
#7405=DIRECTION('',(0.,0.,1.));
#7406=DIRECTION('',(0.,1.,0.));
#7407=DIRECTION('',(0.,0.,1.));
#7408=DIRECTION('',(0.,1.,0.));
#7409=DIRECTION('',(0.,1.,0.));
#7410=DIRECTION('',(0.,1.,0.));
#7411=DIRECTION('',(0.,1.,0.));
#7412=DIRECTION('center_axis',(0.986892541544706,0.,0.161378782506965));
#7413=DIRECTION('ref_axis',(0.161378782506965,0.,-0.986892541544706));
#7414=DIRECTION('',(0.161378782506965,0.,-0.986892541544706));
#7415=DIRECTION('',(0.,1.,0.));
#7416=DIRECTION('',(0.161378782506965,0.,-0.986892541544706));
#7417=DIRECTION('center_axis',(0.,-1.,0.));
#7418=DIRECTION('ref_axis',(1.,0.,0.));
#7419=DIRECTION('center_axis',(1.,0.,0.));
#7420=DIRECTION('ref_axis',(0.,0.,-1.));
#7421=DIRECTION('',(0.,0.,-1.));
#7422=DIRECTION('',(0.,1.,0.));
#7423=DIRECTION('',(0.,0.,-1.));
#7424=DIRECTION('',(0.,1.,0.));
#7425=DIRECTION('center_axis',(-0.946846723579393,0.,-0.321685066558845));
#7426=DIRECTION('ref_axis',(-0.321685066558845,0.,0.946846723579393));
#7427=DIRECTION('',(-0.321685066558845,0.,0.946846723579393));
#7428=DIRECTION('',(0.,1.,0.));
#7429=DIRECTION('',(-0.321685066558845,0.,0.946846723579393));
#7430=DIRECTION('center_axis',(0.,0.,-1.));
#7431=DIRECTION('ref_axis',(-1.,0.,0.));
#7432=DIRECTION('',(-1.,0.,0.));
#7433=DIRECTION('',(0.,1.,0.));
#7434=DIRECTION('',(-1.,0.,0.));
#7435=DIRECTION('center_axis',(0.944683594340865,0.,-0.32798308886774));
#7436=DIRECTION('ref_axis',(-0.32798308886774,0.,-0.944683594340865));
#7437=DIRECTION('',(-0.32798308886774,0.,-0.944683594340865));
#7438=DIRECTION('',(0.,1.,0.));
#7439=DIRECTION('',(-0.32798308886774,0.,-0.944683594340865));
#7440=DIRECTION('center_axis',(-1.,0.,0.));
#7441=DIRECTION('ref_axis',(0.,0.,1.));
#7442=DIRECTION('',(0.,0.,1.));
#7443=DIRECTION('',(0.,1.,0.));
#7444=DIRECTION('',(0.,0.,1.));
#7445=DIRECTION('center_axis',(0.,0.,-1.));
#7446=DIRECTION('ref_axis',(-1.,0.,0.));
#7447=DIRECTION('',(-1.,0.,0.));
#7448=DIRECTION('',(0.,1.,0.));
#7449=DIRECTION('',(-1.,0.,0.));
#7450=DIRECTION('center_axis',(1.,0.,0.));
#7451=DIRECTION('ref_axis',(0.,0.,-1.));
#7452=DIRECTION('',(0.,0.,-1.));
#7453=DIRECTION('',(0.,1.,0.));
#7454=DIRECTION('',(0.,0.,-1.));
#7455=DIRECTION('center_axis',(0.,0.,1.));
#7456=DIRECTION('ref_axis',(1.,0.,0.));
#7457=DIRECTION('',(1.,0.,0.));
#7458=DIRECTION('',(0.,1.,0.));
#7459=DIRECTION('',(1.,0.,0.));
#7460=DIRECTION('center_axis',(-0.945579709129771,0.,0.325390555612877));
#7461=DIRECTION('ref_axis',(0.325390555612877,0.,0.945579709129771));
#7462=DIRECTION('',(0.325390555612877,0.,0.945579709129771));
#7463=DIRECTION('',(0.,1.,0.));
#7464=DIRECTION('',(0.325390555612877,0.,0.945579709129771));
#7465=DIRECTION('',(0.,1.,0.));
#7466=DIRECTION('',(0.,1.,0.));
#7467=DIRECTION('center_axis',(0.948408833683609,0.,0.31704997112584));
#7468=DIRECTION('ref_axis',(0.31704997112584,0.,-0.948408833683609));
#7469=DIRECTION('',(0.31704997112584,0.,-0.948408833683609));
#7470=DIRECTION('',(0.,1.,0.));
#7471=DIRECTION('',(0.31704997112584,0.,-0.948408833683609));
#7472=DIRECTION('center_axis',(0.,0.,1.));
#7473=DIRECTION('ref_axis',(1.,0.,0.));
#7474=DIRECTION('',(1.,0.,0.));
#7475=DIRECTION('',(0.,1.,0.));
#7476=DIRECTION('',(1.,0.,0.));
#7477=DIRECTION('center_axis',(-1.,0.,0.));
#7478=DIRECTION('ref_axis',(0.,0.,1.));
#7479=DIRECTION('',(0.,0.,1.));
#7480=DIRECTION('',(0.,1.,0.));
#7481=DIRECTION('',(0.,0.,1.));
#7482=DIRECTION('center_axis',(0.,0.,-1.));
#7483=DIRECTION('ref_axis',(-1.,0.,0.));
#7484=DIRECTION('',(-1.,0.,0.));
#7485=DIRECTION('',(-1.,0.,0.));
#7486=DIRECTION('center_axis',(0.,-1.,0.));
#7487=DIRECTION('ref_axis',(1.,0.,0.));
#7488=DIRECTION('center_axis',(0.,1.,0.));
#7489=DIRECTION('ref_axis',(1.,0.,0.));
#7490=DIRECTION('center_axis',(0.,1.,0.));
#7491=DIRECTION('ref_axis',(-0.707106781186547,0.,0.707106781186547));
#7492=DIRECTION('',(0.,0.,-1.));
#7493=DIRECTION('center_axis',(0.,1.,0.));
#7494=DIRECTION('ref_axis',(-0.707106781186547,0.,-0.707106781186547));
#7495=DIRECTION('',(1.,0.,0.));
#7496=DIRECTION('',(0.,0.,-1.));
#7497=DIRECTION('',(-1.,0.,0.));
#7498=DIRECTION('',(0.,0.,1.));
#7499=DIRECTION('',(1.,0.,0.));
#7500=DIRECTION('center_axis',(0.,1.,0.));
#7501=DIRECTION('ref_axis',(0.707106781186547,0.,-0.707106781186547));
#7502=DIRECTION('',(0.,0.,1.));
#7503=DIRECTION('center_axis',(0.,1.,0.));
#7504=DIRECTION('ref_axis',(0.707106781186547,0.,0.707106781186547));
#7505=DIRECTION('',(-1.,0.,0.));
#7506=DIRECTION('center_axis',(0.,-1.,0.));
#7507=DIRECTION('ref_axis',(0.,0.,-1.));
#7508=DIRECTION('',(0.,0.,-1.));
#7509=DIRECTION('center_axis',(0.,-1.,0.));
#7510=DIRECTION('ref_axis',(-1.,0.,0.));
#7511=DIRECTION('',(-1.,0.,0.));
#7512=DIRECTION('center_axis',(0.,-1.,0.));
#7513=DIRECTION('ref_axis',(0.,0.,1.));
#7514=DIRECTION('',(0.,0.,1.));
#7515=DIRECTION('center_axis',(0.,-1.,0.));
#7516=DIRECTION('ref_axis',(1.,0.,0.));
#7517=DIRECTION('',(1.,0.,0.));
#7518=DIRECTION('center_axis',(0.,-1.,0.));
#7519=DIRECTION('ref_axis',(0.,0.,-1.));
#7520=DIRECTION('',(0.,0.,-1.));
#7521=DIRECTION('center_axis',(0.,-1.,0.));
#7522=DIRECTION('ref_axis',(-1.,0.,0.));
#7523=DIRECTION('',(-1.,0.,0.));
#7524=DIRECTION('center_axis',(0.,-1.,0.));
#7525=DIRECTION('ref_axis',(0.,0.,1.));
#7526=DIRECTION('',(0.,0.,1.));
#7527=DIRECTION('center_axis',(0.,-1.,0.));
#7528=DIRECTION('ref_axis',(1.,0.,0.));
#7529=DIRECTION('',(1.,0.,0.));
#7530=DIRECTION('center_axis',(0.,-1.,0.));
#7531=DIRECTION('ref_axis',(0.,0.,-1.));
#7532=DIRECTION('',(0.,0.,-1.));
#7533=DIRECTION('center_axis',(0.,-1.,0.));
#7534=DIRECTION('ref_axis',(-1.,0.,0.));
#7535=DIRECTION('',(-1.,0.,0.));
#7536=DIRECTION('center_axis',(0.,-1.,0.));
#7537=DIRECTION('ref_axis',(0.,0.,1.));
#7538=DIRECTION('',(0.,0.,1.));
#7539=DIRECTION('center_axis',(0.,-1.,0.));
#7540=DIRECTION('ref_axis',(1.,0.,0.));
#7541=DIRECTION('',(1.,0.,0.));
#7542=DIRECTION('center_axis',(0.,-1.,0.));
#7543=DIRECTION('ref_axis',(0.,0.,-1.));
#7544=DIRECTION('',(0.,0.,-1.));
#7545=DIRECTION('center_axis',(0.,-1.,0.));
#7546=DIRECTION('ref_axis',(-1.,0.,0.));
#7547=DIRECTION('',(-1.,0.,0.));
#7548=DIRECTION('center_axis',(0.,-1.,0.));
#7549=DIRECTION('ref_axis',(0.,0.,1.));
#7550=DIRECTION('',(0.,0.,1.));
#7551=DIRECTION('center_axis',(0.,-1.,0.));
#7552=DIRECTION('ref_axis',(1.,0.,0.));
#7553=DIRECTION('',(1.,0.,0.));
#7554=DIRECTION('center_axis',(0.,-1.,0.));
#7555=DIRECTION('ref_axis',(0.,0.,-1.));
#7556=DIRECTION('',(0.,0.,-1.));
#7557=DIRECTION('center_axis',(0.,-1.,0.));
#7558=DIRECTION('ref_axis',(-1.,0.,0.));
#7559=DIRECTION('',(-1.,0.,0.));
#7560=DIRECTION('center_axis',(0.,-1.,0.));
#7561=DIRECTION('ref_axis',(0.,0.,1.));
#7562=DIRECTION('',(0.,0.,1.));
#7563=DIRECTION('center_axis',(0.,-1.,0.));
#7564=DIRECTION('ref_axis',(1.,0.,0.));
#7565=DIRECTION('',(1.,0.,0.));
#7566=DIRECTION('center_axis',(0.,-1.,0.));
#7567=DIRECTION('ref_axis',(0.,0.,-1.));
#7568=DIRECTION('',(0.,0.,-1.));
#7569=DIRECTION('center_axis',(0.,-1.,0.));
#7570=DIRECTION('ref_axis',(-1.,0.,0.));
#7571=DIRECTION('',(-1.,0.,0.));
#7572=DIRECTION('center_axis',(0.,-1.,0.));
#7573=DIRECTION('ref_axis',(0.,0.,1.));
#7574=DIRECTION('',(0.,0.,1.));
#7575=DIRECTION('center_axis',(0.,-1.,0.));
#7576=DIRECTION('ref_axis',(1.,0.,0.));
#7577=DIRECTION('',(1.,0.,0.));
#7578=DIRECTION('center_axis',(0.,-1.,0.));
#7579=DIRECTION('ref_axis',(1.,0.,0.));
#7580=DIRECTION('center_axis',(0.,-1.,0.));
#7581=DIRECTION('ref_axis',(1.,0.,0.));
#7582=DIRECTION('center_axis',(0.,-1.,0.));
#7583=DIRECTION('ref_axis',(1.,0.,0.));
#7584=DIRECTION('center_axis',(0.,-1.,0.));
#7585=DIRECTION('ref_axis',(1.,0.,0.));
#7586=DIRECTION('center_axis',(0.,1.,0.));
#7587=DIRECTION('ref_axis',(1.,0.,0.));
#7588=DIRECTION('center_axis',(0.,1.,0.));
#7589=DIRECTION('ref_axis',(1.,0.,0.));
#7590=DIRECTION('center_axis',(0.,1.,0.));
#7591=DIRECTION('ref_axis',(1.,0.,0.));
#7592=DIRECTION('center_axis',(0.,1.,0.));
#7593=DIRECTION('ref_axis',(1.,0.,0.));
#7594=DIRECTION('center_axis',(0.,1.,0.));
#7595=DIRECTION('ref_axis',(-0.707106781186547,0.,0.707106781186547));
#7596=DIRECTION('center_axis',(0.,-1.,0.));
#7597=DIRECTION('ref_axis',(-0.707106781186547,0.,0.707106781186547));
#7598=DIRECTION('',(0.,-1.,0.));
#7599=DIRECTION('',(0.,1.,0.));
#7600=DIRECTION('center_axis',(0.,1.,0.));
#7601=DIRECTION('ref_axis',(1.,0.,0.));
#7602=DIRECTION('center_axis',(-1.,0.,0.));
#7603=DIRECTION('ref_axis',(0.,0.,1.));
#7604=DIRECTION('',(0.,0.,1.));
#7605=DIRECTION('',(0.,1.,0.));
#7606=DIRECTION('center_axis',(0.,1.,0.));
#7607=DIRECTION('ref_axis',(-0.707106781186547,0.,-0.707106781186547));
#7608=DIRECTION('center_axis',(0.,-1.,0.));
#7609=DIRECTION('ref_axis',(-0.707106781186547,0.,-0.707106781186547));
#7610=DIRECTION('',(0.,-1.,0.));
#7611=DIRECTION('center_axis',(0.,1.,0.));
#7612=DIRECTION('ref_axis',(0.707106781186547,0.,-0.707106781186547));
#7613=DIRECTION('center_axis',(0.,-1.,0.));
#7614=DIRECTION('ref_axis',(0.707106781186547,0.,-0.707106781186547));
#7615=DIRECTION('',(0.,-1.,0.));
#7616=DIRECTION('',(0.,1.,0.));
#7617=DIRECTION('center_axis',(0.,0.,-1.));
#7618=DIRECTION('ref_axis',(-1.,0.,0.));
#7619=DIRECTION('',(0.,1.,0.));
#7620=DIRECTION('',(-1.,0.,0.));
#7621=DIRECTION('center_axis',(0.,1.,0.));
#7622=DIRECTION('ref_axis',(0.707106781186547,0.,0.707106781186547));
#7623=DIRECTION('center_axis',(0.,-1.,0.));
#7624=DIRECTION('ref_axis',(0.707106781186547,0.,0.707106781186547));
#7625=DIRECTION('',(0.,-1.,0.));
#7626=DIRECTION('',(0.,1.,0.));
#7627=DIRECTION('center_axis',(0.,0.,1.));
#7628=DIRECTION('ref_axis',(1.,0.,0.));
#7629=DIRECTION('',(1.,0.,0.));
#7630=DIRECTION('center_axis',(1.,0.,0.));
#7631=DIRECTION('ref_axis',(0.,0.,-1.));
#7632=DIRECTION('',(0.,1.,0.));
#7633=DIRECTION('',(0.,0.,-1.));
#7634=DIRECTION('',(0.,1.,0.));
#7635=DIRECTION('center_axis',(0.,1.,0.));
#7636=DIRECTION('ref_axis',(-1.,0.,0.));
#7637=DIRECTION('center_axis',(0.,-1.,0.));
#7638=DIRECTION('ref_axis',(-1.,0.,0.));
#7639=DIRECTION('',(0.,1.,0.));
#7640=DIRECTION('center_axis',(0.,0.,-1.));
#7641=DIRECTION('ref_axis',(-1.,0.,0.));
#7642=DIRECTION('',(-1.,0.,0.));
#7643=DIRECTION('',(0.,1.,0.));
#7644=DIRECTION('center_axis',(0.,1.,0.));
#7645=DIRECTION('ref_axis',(0.,0.,1.));
#7646=DIRECTION('center_axis',(0.,-1.,0.));
#7647=DIRECTION('ref_axis',(0.,0.,1.));
#7648=DIRECTION('',(0.,1.,0.));
#7649=DIRECTION('center_axis',(-1.,0.,0.));
#7650=DIRECTION('ref_axis',(0.,0.,1.));
#7651=DIRECTION('',(0.,0.,1.));
#7652=DIRECTION('',(0.,1.,0.));
#7653=DIRECTION('center_axis',(0.,1.,0.));
#7654=DIRECTION('ref_axis',(1.,0.,0.));
#7655=DIRECTION('center_axis',(0.,-1.,0.));
#7656=DIRECTION('ref_axis',(1.,0.,0.));
#7657=DIRECTION('',(0.,1.,0.));
#7658=DIRECTION('center_axis',(0.,0.,1.));
#7659=DIRECTION('ref_axis',(1.,0.,0.));
#7660=DIRECTION('',(1.,0.,0.));
#7661=DIRECTION('',(0.,1.,0.));
#7662=DIRECTION('center_axis',(0.,1.,0.));
#7663=DIRECTION('ref_axis',(0.,0.,-1.));
#7664=DIRECTION('center_axis',(0.,-1.,0.));
#7665=DIRECTION('ref_axis',(0.,0.,-1.));
#7666=DIRECTION('center_axis',(1.,0.,0.));
#7667=DIRECTION('ref_axis',(0.,0.,-1.));
#7668=DIRECTION('',(0.,1.,0.));
#7669=DIRECTION('',(0.,0.,-1.));
#7670=DIRECTION('',(0.,1.,0.));
#7671=DIRECTION('center_axis',(0.,1.,0.));
#7672=DIRECTION('ref_axis',(-1.,0.,0.));
#7673=DIRECTION('center_axis',(0.,-1.,0.));
#7674=DIRECTION('ref_axis',(-1.,0.,0.));
#7675=DIRECTION('',(0.,1.,0.));
#7676=DIRECTION('center_axis',(0.,0.,-1.));
#7677=DIRECTION('ref_axis',(-1.,0.,0.));
#7678=DIRECTION('',(-1.,0.,0.));
#7679=DIRECTION('',(0.,1.,0.));
#7680=DIRECTION('center_axis',(0.,1.,0.));
#7681=DIRECTION('ref_axis',(0.,0.,1.));
#7682=DIRECTION('center_axis',(0.,-1.,0.));
#7683=DIRECTION('ref_axis',(0.,0.,1.));
#7684=DIRECTION('',(0.,1.,0.));
#7685=DIRECTION('center_axis',(-1.,0.,0.));
#7686=DIRECTION('ref_axis',(0.,0.,1.));
#7687=DIRECTION('',(0.,0.,1.));
#7688=DIRECTION('',(0.,1.,0.));
#7689=DIRECTION('center_axis',(0.,1.,0.));
#7690=DIRECTION('ref_axis',(1.,0.,0.));
#7691=DIRECTION('center_axis',(0.,-1.,0.));
#7692=DIRECTION('ref_axis',(1.,0.,0.));
#7693=DIRECTION('',(0.,1.,0.));
#7694=DIRECTION('center_axis',(0.,0.,1.));
#7695=DIRECTION('ref_axis',(1.,0.,0.));
#7696=DIRECTION('',(1.,0.,0.));
#7697=DIRECTION('',(0.,1.,0.));
#7698=DIRECTION('center_axis',(0.,1.,0.));
#7699=DIRECTION('ref_axis',(0.,0.,-1.));
#7700=DIRECTION('center_axis',(0.,-1.,0.));
#7701=DIRECTION('ref_axis',(0.,0.,-1.));
#7702=DIRECTION('center_axis',(1.,0.,0.));
#7703=DIRECTION('ref_axis',(0.,0.,-1.));
#7704=DIRECTION('',(0.,1.,0.));
#7705=DIRECTION('',(0.,0.,-1.));
#7706=DIRECTION('',(0.,1.,0.));
#7707=DIRECTION('center_axis',(0.,1.,0.));
#7708=DIRECTION('ref_axis',(-1.,0.,0.));
#7709=DIRECTION('center_axis',(0.,-1.,0.));
#7710=DIRECTION('ref_axis',(-1.,0.,0.));
#7711=DIRECTION('',(0.,1.,0.));
#7712=DIRECTION('center_axis',(0.,0.,-1.));
#7713=DIRECTION('ref_axis',(-1.,0.,0.));
#7714=DIRECTION('',(-1.,0.,0.));
#7715=DIRECTION('',(0.,1.,0.));
#7716=DIRECTION('center_axis',(0.,1.,0.));
#7717=DIRECTION('ref_axis',(0.,0.,1.));
#7718=DIRECTION('center_axis',(0.,-1.,0.));
#7719=DIRECTION('ref_axis',(0.,0.,1.));
#7720=DIRECTION('',(0.,1.,0.));
#7721=DIRECTION('center_axis',(-1.,0.,0.));
#7722=DIRECTION('ref_axis',(0.,0.,1.));
#7723=DIRECTION('',(0.,0.,1.));
#7724=DIRECTION('',(0.,1.,0.));
#7725=DIRECTION('center_axis',(0.,1.,0.));
#7726=DIRECTION('ref_axis',(1.,0.,0.));
#7727=DIRECTION('center_axis',(0.,-1.,0.));
#7728=DIRECTION('ref_axis',(1.,0.,0.));
#7729=DIRECTION('',(0.,1.,0.));
#7730=DIRECTION('center_axis',(0.,0.,1.));
#7731=DIRECTION('ref_axis',(1.,0.,0.));
#7732=DIRECTION('',(1.,0.,0.));
#7733=DIRECTION('',(0.,1.,0.));
#7734=DIRECTION('center_axis',(0.,1.,0.));
#7735=DIRECTION('ref_axis',(0.,0.,-1.));
#7736=DIRECTION('center_axis',(0.,-1.,0.));
#7737=DIRECTION('ref_axis',(0.,0.,-1.));
#7738=DIRECTION('center_axis',(1.,0.,0.));
#7739=DIRECTION('ref_axis',(0.,0.,-1.));
#7740=DIRECTION('',(0.,1.,0.));
#7741=DIRECTION('',(0.,0.,-1.));
#7742=DIRECTION('',(0.,1.,0.));
#7743=DIRECTION('center_axis',(0.,1.,0.));
#7744=DIRECTION('ref_axis',(-1.,0.,0.));
#7745=DIRECTION('center_axis',(0.,-1.,0.));
#7746=DIRECTION('ref_axis',(-1.,0.,0.));
#7747=DIRECTION('',(0.,1.,0.));
#7748=DIRECTION('center_axis',(0.,0.,-1.));
#7749=DIRECTION('ref_axis',(-1.,0.,0.));
#7750=DIRECTION('',(-1.,0.,0.));
#7751=DIRECTION('',(0.,1.,0.));
#7752=DIRECTION('center_axis',(0.,1.,0.));
#7753=DIRECTION('ref_axis',(0.,0.,1.));
#7754=DIRECTION('center_axis',(0.,-1.,0.));
#7755=DIRECTION('ref_axis',(0.,0.,1.));
#7756=DIRECTION('',(0.,1.,0.));
#7757=DIRECTION('center_axis',(-1.,0.,0.));
#7758=DIRECTION('ref_axis',(0.,0.,1.));
#7759=DIRECTION('',(0.,0.,1.));
#7760=DIRECTION('',(0.,1.,0.));
#7761=DIRECTION('center_axis',(0.,1.,0.));
#7762=DIRECTION('ref_axis',(1.,0.,0.));
#7763=DIRECTION('center_axis',(0.,-1.,0.));
#7764=DIRECTION('ref_axis',(1.,0.,0.));
#7765=DIRECTION('',(0.,1.,0.));
#7766=DIRECTION('center_axis',(0.,0.,1.));
#7767=DIRECTION('ref_axis',(1.,0.,0.));
#7768=DIRECTION('',(1.,0.,0.));
#7769=DIRECTION('',(0.,1.,0.));
#7770=DIRECTION('center_axis',(0.,1.,0.));
#7771=DIRECTION('ref_axis',(0.,0.,-1.));
#7772=DIRECTION('center_axis',(0.,-1.,0.));
#7773=DIRECTION('ref_axis',(0.,0.,-1.));
#7774=DIRECTION('center_axis',(1.,0.,0.));
#7775=DIRECTION('ref_axis',(0.,0.,-1.));
#7776=DIRECTION('',(0.,1.,0.));
#7777=DIRECTION('',(0.,0.,-1.));
#7778=DIRECTION('',(0.,1.,0.));
#7779=DIRECTION('center_axis',(0.,1.,0.));
#7780=DIRECTION('ref_axis',(-1.,0.,0.));
#7781=DIRECTION('center_axis',(0.,-1.,0.));
#7782=DIRECTION('ref_axis',(-1.,0.,0.));
#7783=DIRECTION('',(0.,1.,0.));
#7784=DIRECTION('center_axis',(0.,0.,-1.));
#7785=DIRECTION('ref_axis',(-1.,0.,0.));
#7786=DIRECTION('',(-1.,0.,0.));
#7787=DIRECTION('',(0.,1.,0.));
#7788=DIRECTION('center_axis',(0.,1.,0.));
#7789=DIRECTION('ref_axis',(0.,0.,1.));
#7790=DIRECTION('center_axis',(0.,-1.,0.));
#7791=DIRECTION('ref_axis',(0.,0.,1.));
#7792=DIRECTION('',(0.,1.,0.));
#7793=DIRECTION('center_axis',(-1.,0.,0.));
#7794=DIRECTION('ref_axis',(0.,0.,1.));
#7795=DIRECTION('',(0.,0.,1.));
#7796=DIRECTION('',(0.,1.,0.));
#7797=DIRECTION('center_axis',(0.,1.,0.));
#7798=DIRECTION('ref_axis',(1.,0.,0.));
#7799=DIRECTION('center_axis',(0.,-1.,0.));
#7800=DIRECTION('ref_axis',(1.,0.,0.));
#7801=DIRECTION('',(0.,1.,0.));
#7802=DIRECTION('center_axis',(0.,0.,1.));
#7803=DIRECTION('ref_axis',(1.,0.,0.));
#7804=DIRECTION('',(1.,0.,0.));
#7805=DIRECTION('',(0.,1.,0.));
#7806=DIRECTION('center_axis',(0.,1.,0.));
#7807=DIRECTION('ref_axis',(0.,0.,-1.));
#7808=DIRECTION('center_axis',(0.,-1.,0.));
#7809=DIRECTION('ref_axis',(0.,0.,-1.));
#7810=DIRECTION('center_axis',(1.,0.,0.));
#7811=DIRECTION('ref_axis',(0.,0.,-1.));
#7812=DIRECTION('',(0.,1.,0.));
#7813=DIRECTION('',(0.,0.,-1.));
#7814=DIRECTION('',(0.,1.,0.));
#7815=DIRECTION('center_axis',(0.,1.,0.));
#7816=DIRECTION('ref_axis',(-1.,0.,0.));
#7817=DIRECTION('center_axis',(0.,-1.,0.));
#7818=DIRECTION('ref_axis',(-1.,0.,0.));
#7819=DIRECTION('',(0.,1.,0.));
#7820=DIRECTION('center_axis',(0.,0.,-1.));
#7821=DIRECTION('ref_axis',(-1.,0.,0.));
#7822=DIRECTION('',(-1.,0.,0.));
#7823=DIRECTION('',(0.,1.,0.));
#7824=DIRECTION('center_axis',(0.,1.,0.));
#7825=DIRECTION('ref_axis',(0.,0.,1.));
#7826=DIRECTION('center_axis',(0.,-1.,0.));
#7827=DIRECTION('ref_axis',(0.,0.,1.));
#7828=DIRECTION('',(0.,1.,0.));
#7829=DIRECTION('center_axis',(-1.,0.,0.));
#7830=DIRECTION('ref_axis',(0.,0.,1.));
#7831=DIRECTION('',(0.,0.,1.));
#7832=DIRECTION('',(0.,1.,0.));
#7833=DIRECTION('center_axis',(0.,1.,0.));
#7834=DIRECTION('ref_axis',(1.,0.,0.));
#7835=DIRECTION('center_axis',(0.,-1.,0.));
#7836=DIRECTION('ref_axis',(1.,0.,0.));
#7837=DIRECTION('',(0.,1.,0.));
#7838=DIRECTION('center_axis',(0.,0.,1.));
#7839=DIRECTION('ref_axis',(1.,0.,0.));
#7840=DIRECTION('',(1.,0.,0.));
#7841=DIRECTION('',(0.,1.,0.));
#7842=DIRECTION('center_axis',(0.,1.,0.));
#7843=DIRECTION('ref_axis',(0.,0.,-1.));
#7844=DIRECTION('center_axis',(0.,-1.,0.));
#7845=DIRECTION('ref_axis',(0.,0.,-1.));
#7846=DIRECTION('center_axis',(0.,1.,0.));
#7847=DIRECTION('ref_axis',(1.,0.,0.));
#7848=DIRECTION('center_axis',(0.,-1.,0.));
#7849=DIRECTION('ref_axis',(1.,0.,0.));
#7850=DIRECTION('',(0.,-1.,0.));
#7851=DIRECTION('center_axis',(0.,1.,0.));
#7852=DIRECTION('ref_axis',(1.,0.,0.));
#7853=DIRECTION('center_axis',(0.,-1.,0.));
#7854=DIRECTION('ref_axis',(1.,0.,0.));
#7855=DIRECTION('',(0.,-1.,0.));
#7856=DIRECTION('center_axis',(0.,1.,0.));
#7857=DIRECTION('ref_axis',(1.,0.,0.));
#7858=DIRECTION('center_axis',(0.,-1.,0.));
#7859=DIRECTION('ref_axis',(1.,0.,0.));
#7860=DIRECTION('',(0.,-1.,0.));
#7861=DIRECTION('center_axis',(0.,1.,0.));
#7862=DIRECTION('ref_axis',(1.,0.,0.));
#7863=DIRECTION('center_axis',(0.,-1.,0.));
#7864=DIRECTION('ref_axis',(1.,0.,0.));
#7865=DIRECTION('',(0.,-1.,0.));
#7866=DIRECTION('center_axis',(1.,0.,0.));
#7867=DIRECTION('ref_axis',(0.,0.,-1.));
#7868=DIRECTION('',(0.,0.,-1.));
#7869=DIRECTION('center_axis',(0.,0.,-1.));
#7870=DIRECTION('ref_axis',(-1.,0.,0.));
#7871=DIRECTION('',(-1.,0.,0.));
#7872=DIRECTION('',(0.,1.,0.));
#7873=DIRECTION('center_axis',(1.,0.,0.));
#7874=DIRECTION('ref_axis',(0.,0.,-1.));
#7875=DIRECTION('',(0.,0.,-1.));
#7876=DIRECTION('',(0.,1.,0.));
#7877=DIRECTION('center_axis',(0.,0.,-1.));
#7878=DIRECTION('ref_axis',(-1.,0.,0.));
#7879=DIRECTION('',(-1.,0.,0.));
#7880=DIRECTION('',(0.,1.,0.));
#7881=DIRECTION('center_axis',(-1.,0.,0.));
#7882=DIRECTION('ref_axis',(0.,0.,1.));
#7883=DIRECTION('',(0.,0.,1.));
#7884=DIRECTION('center_axis',(0.,1.,0.));
#7885=DIRECTION('ref_axis',(1.,0.,0.));
#7886=CARTESIAN_POINT('',(0.,0.,0.));
#7887=CARTESIAN_POINT('Ctrl Pts',(-5.81036847084761,0.,65.3915425390005));
#7888=CARTESIAN_POINT('Ctrl Pts',(-5.81036847084761,0.2,65.3915425390005));
#7889=CARTESIAN_POINT('Ctrl Pts',(-5.79888805002001,0.,65.4255954998448));
#7890=CARTESIAN_POINT('Ctrl Pts',(-5.79888805002001,0.2,65.4255954998448));
#7891=CARTESIAN_POINT('Ctrl Pts',(-5.77210177904768,0.,65.5050483222006));
#7892=CARTESIAN_POINT('Ctrl Pts',(-5.77210177904768,0.2,65.5050483222006));
#7893=CARTESIAN_POINT('Ctrl Pts',(-5.77127673015579,0.,65.5890879601811));
#7894=CARTESIAN_POINT('Ctrl Pts',(-5.77127673015579,0.2,65.5890879601811));
#7895=CARTESIAN_POINT('Ctrl Pts',(-5.77080529183149,0.,65.6371087580919));
#7896=CARTESIAN_POINT('Ctrl Pts',(-5.77080529183149,0.2,65.6371087580919));
#7897=CARTESIAN_POINT('',(-5.81036847084761,0.,65.3915425390005));
#7898=CARTESIAN_POINT('',(-5.77080529183149,0.,65.6371087580919));
#7899=CARTESIAN_POINT('Ctrl Pts',(-5.81036847084761,0.,65.3915425390005));
#7900=CARTESIAN_POINT('Ctrl Pts',(-5.79888805002001,0.,65.4255954998448));
#7901=CARTESIAN_POINT('Ctrl Pts',(-5.77210177904768,0.,65.5050483222006));
#7902=CARTESIAN_POINT('Ctrl Pts',(-5.77127673015579,0.,65.5890879601811));
#7903=CARTESIAN_POINT('Ctrl Pts',(-5.77080529183149,0.,65.6371087580919));
#7904=CARTESIAN_POINT('',(-5.81036847084761,0.2,65.3915425390005));
#7905=CARTESIAN_POINT('',(-5.81036847084761,0.,65.3915425390005));
#7906=CARTESIAN_POINT('',(-5.77080529183149,0.2,65.6371087580919));
#7907=CARTESIAN_POINT('Ctrl Pts',(-5.81036847084761,0.2,65.3915425390005));
#7908=CARTESIAN_POINT('Ctrl Pts',(-5.79888805002001,0.2,65.4255954998448));
#7909=CARTESIAN_POINT('Ctrl Pts',(-5.77210177904768,0.2,65.5050483222006));
#7910=CARTESIAN_POINT('Ctrl Pts',(-5.77127673015579,0.2,65.5890879601811));
#7911=CARTESIAN_POINT('Ctrl Pts',(-5.77080529183149,0.2,65.6371087580919));
#7912=CARTESIAN_POINT('',(-5.77080529183149,0.,65.6371087580919));
#7913=CARTESIAN_POINT('Ctrl Pts',(-5.97271513193846,0.,65.2216926962137));
#7914=CARTESIAN_POINT('Ctrl Pts',(-5.97271513193846,0.2,65.2216926962137));
#7915=CARTESIAN_POINT('Ctrl Pts',(-5.93846450869404,0.,65.2440007458263));
#7916=CARTESIAN_POINT('Ctrl Pts',(-5.93846450869404,0.2,65.2440007458263));
#7917=CARTESIAN_POINT('Ctrl Pts',(-5.87101312432092,0.,65.2879330508912));
#7918=CARTESIAN_POINT('Ctrl Pts',(-5.87101312432092,0.2,65.2879330508912));
#7919=CARTESIAN_POINT('Ctrl Pts',(-5.8303725019953,0.,65.3573662792871));
#7920=CARTESIAN_POINT('Ctrl Pts',(-5.8303725019953,0.2,65.3573662792871));
#7921=CARTESIAN_POINT('Ctrl Pts',(-5.81036847084761,0.,65.3915425390005));
#7922=CARTESIAN_POINT('Ctrl Pts',(-5.81036847084761,0.2,65.3915425390005));
#7923=CARTESIAN_POINT('',(-5.97271513193846,0.,65.2216926962137));
#7924=CARTESIAN_POINT('Ctrl Pts',(-5.97271513193846,0.,65.2216926962137));
#7925=CARTESIAN_POINT('Ctrl Pts',(-5.93846450869404,0.,65.2440007458263));
#7926=CARTESIAN_POINT('Ctrl Pts',(-5.87101312432092,0.,65.2879330508912));
#7927=CARTESIAN_POINT('Ctrl Pts',(-5.8303725019953,0.,65.3573662792871));
#7928=CARTESIAN_POINT('Ctrl Pts',(-5.81036847084761,0.,65.3915425390005));
#7929=CARTESIAN_POINT('',(-5.97271513193846,0.2,65.2216926962137));
#7930=CARTESIAN_POINT('',(-5.97271513193846,0.,65.2216926962137));
#7931=CARTESIAN_POINT('Ctrl Pts',(-5.97271513193846,0.2,65.2216926962137));
#7932=CARTESIAN_POINT('Ctrl Pts',(-5.93846450869404,0.2,65.2440007458263));
#7933=CARTESIAN_POINT('Ctrl Pts',(-5.87101312432092,0.2,65.2879330508912));
#7934=CARTESIAN_POINT('Ctrl Pts',(-5.8303725019953,0.2,65.3573662792871));
#7935=CARTESIAN_POINT('Ctrl Pts',(-5.81036847084761,0.2,65.3915425390005));
#7936=CARTESIAN_POINT('Ctrl Pts',(-6.22510265558958,0.,65.1596189290285));
#7937=CARTESIAN_POINT('Ctrl Pts',(-6.22510265558958,0.2,65.1596189290285));
#7938=CARTESIAN_POINT('Ctrl Pts',(-6.1796964377661,0.,65.1618851979795));
#7939=CARTESIAN_POINT('Ctrl Pts',(-6.1796964377661,0.2,65.1618851979795));
#7940=CARTESIAN_POINT('Ctrl Pts',(-6.09149427188484,0.,65.1662874547524));
#7941=CARTESIAN_POINT('Ctrl Pts',(-6.09149427188484,0.2,65.1662874547524));
#7942=CARTESIAN_POINT('Ctrl Pts',(-6.01151924713251,0.,65.203592284197));
#7943=CARTESIAN_POINT('Ctrl Pts',(-6.01151924713251,0.2,65.203592284197));
#7944=CARTESIAN_POINT('Ctrl Pts',(-5.97271513193846,0.,65.2216926962137));
#7945=CARTESIAN_POINT('Ctrl Pts',(-5.97271513193846,0.2,65.2216926962137));
#7946=CARTESIAN_POINT('',(-6.22510265558958,0.,65.1596189290285));
#7947=CARTESIAN_POINT('Ctrl Pts',(-6.22510265558958,0.,65.1596189290285));
#7948=CARTESIAN_POINT('Ctrl Pts',(-6.1796964377661,0.,65.1618851979795));
#7949=CARTESIAN_POINT('Ctrl Pts',(-6.09149427188484,0.,65.1662874547524));
#7950=CARTESIAN_POINT('Ctrl Pts',(-6.01151924713251,0.,65.203592284197));
#7951=CARTESIAN_POINT('Ctrl Pts',(-5.97271513193846,0.,65.2216926962137));
#7952=CARTESIAN_POINT('',(-6.22510265558958,0.2,65.1596189290285));
#7953=CARTESIAN_POINT('',(-6.22510265558958,0.,65.1596189290285));
#7954=CARTESIAN_POINT('Ctrl Pts',(-6.22510265558958,0.2,65.1596189290285));
#7955=CARTESIAN_POINT('Ctrl Pts',(-6.1796964377661,0.2,65.1618851979795));
#7956=CARTESIAN_POINT('Ctrl Pts',(-6.09149427188484,0.2,65.1662874547524));
#7957=CARTESIAN_POINT('Ctrl Pts',(-6.01151924713251,0.2,65.203592284197));
#7958=CARTESIAN_POINT('Ctrl Pts',(-5.97271513193846,0.2,65.2216926962137));
#7959=CARTESIAN_POINT('Ctrl Pts',(-6.44270163029432,0.,65.2251032739878));
#7960=CARTESIAN_POINT('Ctrl Pts',(-6.44270163029432,0.2,65.2251032739878));
#7961=CARTESIAN_POINT('Ctrl Pts',(-6.4130365949133,0.,65.2060535269018));
#7962=CARTESIAN_POINT('Ctrl Pts',(-6.4130365949133,0.2,65.2060535269018));
#7963=CARTESIAN_POINT('Ctrl Pts',(-6.34709272416091,0.,65.1637069042342));
#7964=CARTESIAN_POINT('Ctrl Pts',(-6.34709272416091,0.2,65.1637069042342));
#7965=CARTESIAN_POINT('Ctrl Pts',(-6.26839692730729,0.,65.1610697513077));
#7966=CARTESIAN_POINT('Ctrl Pts',(-6.26839692730729,0.2,65.1610697513077));
#7967=CARTESIAN_POINT('Ctrl Pts',(-6.22510265558958,0.,65.1596189290285));
#7968=CARTESIAN_POINT('Ctrl Pts',(-6.22510265558958,0.2,65.1596189290285));
#7969=CARTESIAN_POINT('',(-6.44270163029432,0.,65.2251032739878));
#7970=CARTESIAN_POINT('Ctrl Pts',(-6.44270163029432,0.,65.2251032739878));
#7971=CARTESIAN_POINT('Ctrl Pts',(-6.4130365949133,0.,65.2060535269018));
#7972=CARTESIAN_POINT('Ctrl Pts',(-6.34709272416091,0.,65.1637069042342));
#7973=CARTESIAN_POINT('Ctrl Pts',(-6.26839692730729,0.,65.1610697513077));
#7974=CARTESIAN_POINT('Ctrl Pts',(-6.22510265558958,0.,65.1596189290285));
#7975=CARTESIAN_POINT('',(-6.44270163029432,0.2,65.2251032739878));
#7976=CARTESIAN_POINT('',(-6.44270163029432,0.,65.2251032739878));
#7977=CARTESIAN_POINT('Ctrl Pts',(-6.44270163029432,0.2,65.2251032739878));
#7978=CARTESIAN_POINT('Ctrl Pts',(-6.4130365949133,0.2,65.2060535269018));
#7979=CARTESIAN_POINT('Ctrl Pts',(-6.34709272416091,0.2,65.1637069042342));
#7980=CARTESIAN_POINT('Ctrl Pts',(-6.26839692730729,0.2,65.1610697513077));
#7981=CARTESIAN_POINT('Ctrl Pts',(-6.22510265558958,0.2,65.1596189290285));
#7982=CARTESIAN_POINT('Ctrl Pts',(-6.51705365628004,0.,65.3888139873743));
#7983=CARTESIAN_POINT('Ctrl Pts',(-6.51705365628004,0.2,65.3888139873743));
#7984=CARTESIAN_POINT('Ctrl Pts',(-6.51392513362551,0.,65.3574092840648));
#7985=CARTESIAN_POINT('Ctrl Pts',(-6.51392513362551,0.2,65.3574092840648));
#7986=CARTESIAN_POINT('Ctrl Pts',(-6.50765258162744,0.,65.2944442183626));
#7987=CARTESIAN_POINT('Ctrl Pts',(-6.50765258162744,0.2,65.2944442183626));
#7988=CARTESIAN_POINT('Ctrl Pts',(-6.46438759991262,0.,65.24825498435));
#7989=CARTESIAN_POINT('Ctrl Pts',(-6.46438759991262,0.2,65.24825498435));
#7990=CARTESIAN_POINT('Ctrl Pts',(-6.44270163029432,0.,65.2251032739878));
#7991=CARTESIAN_POINT('Ctrl Pts',(-6.44270163029432,0.2,65.2251032739878));
#7992=CARTESIAN_POINT('',(-6.51705365628004,0.,65.3888139873743));
#7993=CARTESIAN_POINT('Ctrl Pts',(-6.51705365628004,0.,65.3888139873743));
#7994=CARTESIAN_POINT('Ctrl Pts',(-6.51392513362551,0.,65.3574092840648));
#7995=CARTESIAN_POINT('Ctrl Pts',(-6.50765258162744,0.,65.2944442183626));
#7996=CARTESIAN_POINT('Ctrl Pts',(-6.46438759991262,0.,65.24825498435));
#7997=CARTESIAN_POINT('Ctrl Pts',(-6.44270163029432,0.,65.2251032739878));
#7998=CARTESIAN_POINT('',(-6.51705365628004,0.2,65.3888139873743));
#7999=CARTESIAN_POINT('',(-6.51705365628004,0.,65.3888139873743));
#8000=CARTESIAN_POINT('Ctrl Pts',(-6.51705365628004,0.2,65.3888139873743));
#8001=CARTESIAN_POINT('Ctrl Pts',(-6.51392513362551,0.2,65.3574092840648));
#8002=CARTESIAN_POINT('Ctrl Pts',(-6.50765258162744,0.2,65.2944442183626));
#8003=CARTESIAN_POINT('Ctrl Pts',(-6.46438759991262,0.2,65.24825498435));
#8004=CARTESIAN_POINT('Ctrl Pts',(-6.44270163029432,0.2,65.2251032739878));
#8005=CARTESIAN_POINT('Ctrl Pts',(-6.48294698446989,0.,65.505457893014));
#8006=CARTESIAN_POINT('Ctrl Pts',(-6.48294698446989,0.2,65.505457893014));
#8007=CARTESIAN_POINT('Ctrl Pts',(-6.49289476386043,0.,65.4874005767036));
#8008=CARTESIAN_POINT('Ctrl Pts',(-6.49289476386043,0.2,65.4874005767036));
#8009=CARTESIAN_POINT('Ctrl Pts',(-6.51291593576984,0.,65.4510579297793));
#8010=CARTESIAN_POINT('Ctrl Pts',(-6.51291593576984,0.2,65.4510579297793));
#8011=CARTESIAN_POINT('Ctrl Pts',(-6.51566865923408,0.,65.4096485691561));
#8012=CARTESIAN_POINT('Ctrl Pts',(-6.51566865923408,0.2,65.4096485691561));
#8013=CARTESIAN_POINT('Ctrl Pts',(-6.51705365628004,0.,65.3888139873743));
#8014=CARTESIAN_POINT('Ctrl Pts',(-6.51705365628004,0.2,65.3888139873743));
#8015=CARTESIAN_POINT('',(-6.48294698446989,0.,65.505457893014));
#8016=CARTESIAN_POINT('Ctrl Pts',(-6.48294698446989,0.,65.505457893014));
#8017=CARTESIAN_POINT('Ctrl Pts',(-6.49289476386043,0.,65.4874005767036));
#8018=CARTESIAN_POINT('Ctrl Pts',(-6.51291593576984,0.,65.4510579297793));
#8019=CARTESIAN_POINT('Ctrl Pts',(-6.51566865923408,0.,65.4096485691561));
#8020=CARTESIAN_POINT('Ctrl Pts',(-6.51705365628004,0.,65.3888139873743));
#8021=CARTESIAN_POINT('',(-6.48294698446989,0.2,65.505457893014));
#8022=CARTESIAN_POINT('',(-6.48294698446989,0.,65.505457893014));
#8023=CARTESIAN_POINT('Ctrl Pts',(-6.48294698446989,0.2,65.505457893014));
#8024=CARTESIAN_POINT('Ctrl Pts',(-6.49289476386043,0.2,65.4874005767036));
#8025=CARTESIAN_POINT('Ctrl Pts',(-6.51291593576984,0.2,65.4510579297793));
#8026=CARTESIAN_POINT('Ctrl Pts',(-6.51566865923408,0.2,65.4096485691561));
#8027=CARTESIAN_POINT('Ctrl Pts',(-6.51705365628004,0.2,65.3888139873743));
#8028=CARTESIAN_POINT('Ctrl Pts',(-6.38608496636152,0.,65.5852670222521));
#8029=CARTESIAN_POINT('Ctrl Pts',(-6.38608496636152,0.2,65.5852670222521));
#8030=CARTESIAN_POINT('Ctrl Pts',(-6.40566766306793,0.,65.5753358233041));
#8031=CARTESIAN_POINT('Ctrl Pts',(-6.40566766306793,0.2,65.5753358233041));
#8032=CARTESIAN_POINT('Ctrl Pts',(-6.44392950322106,0.,65.5559316547989));
#8033=CARTESIAN_POINT('Ctrl Pts',(-6.44392950322106,0.2,65.5559316547989));
#8034=CARTESIAN_POINT('Ctrl Pts',(-6.47014753698759,0.,65.5220155036675));
#8035=CARTESIAN_POINT('Ctrl Pts',(-6.47014753698759,0.2,65.5220155036675));
#8036=CARTESIAN_POINT('Ctrl Pts',(-6.48294698446989,0.,65.505457893014));
#8037=CARTESIAN_POINT('Ctrl Pts',(-6.48294698446989,0.2,65.505457893014));
#8038=CARTESIAN_POINT('',(-6.38608496636152,0.,65.5852670222521));
#8039=CARTESIAN_POINT('Ctrl Pts',(-6.38608496636152,0.,65.5852670222521));
#8040=CARTESIAN_POINT('Ctrl Pts',(-6.40566766306793,0.,65.5753358233041));
#8041=CARTESIAN_POINT('Ctrl Pts',(-6.44392950322106,0.,65.5559316547989));
#8042=CARTESIAN_POINT('Ctrl Pts',(-6.47014753698759,0.,65.5220155036675));
#8043=CARTESIAN_POINT('Ctrl Pts',(-6.48294698446989,0.,65.505457893014));
#8044=CARTESIAN_POINT('',(-6.38608496636152,0.2,65.5852670222521));
#8045=CARTESIAN_POINT('',(-6.38608496636152,0.,65.5852670222521));
#8046=CARTESIAN_POINT('Ctrl Pts',(-6.38608496636152,0.2,65.5852670222521));
#8047=CARTESIAN_POINT('Ctrl Pts',(-6.40566766306793,0.2,65.5753358233041));
#8048=CARTESIAN_POINT('Ctrl Pts',(-6.44392950322106,0.2,65.5559316547989));
#8049=CARTESIAN_POINT('Ctrl Pts',(-6.47014753698759,0.2,65.5220155036675));
#8050=CARTESIAN_POINT('Ctrl Pts',(-6.48294698446989,0.2,65.505457893014));
#8051=CARTESIAN_POINT('Ctrl Pts',(-6.17189656943083,0.,65.6343802064657));
#8052=CARTESIAN_POINT('Ctrl Pts',(-6.17189656943083,0.2,65.6343802064657));
#8053=CARTESIAN_POINT('Ctrl Pts',(-6.21534794817158,0.,65.6281554494618));
#8054=CARTESIAN_POINT('Ctrl Pts',(-6.21534794817158,0.2,65.6281554494618));
#8055=CARTESIAN_POINT('Ctrl Pts',(-6.28817753116834,0.,65.6177220300862));
#8056=CARTESIAN_POINT('Ctrl Pts',(-6.28817753116834,0.2,65.6177220300862));
#8057=CARTESIAN_POINT('Ctrl Pts',(-6.35794283838283,0.,65.5945957620175));
#8058=CARTESIAN_POINT('Ctrl Pts',(-6.35794283838283,0.2,65.5945957620175));
#8059=CARTESIAN_POINT('Ctrl Pts',(-6.38608496636152,0.,65.5852670222521));
#8060=CARTESIAN_POINT('Ctrl Pts',(-6.38608496636152,0.2,65.5852670222521));
#8061=CARTESIAN_POINT('',(-6.17189656943083,0.,65.6343802064657));
#8062=CARTESIAN_POINT('Ctrl Pts',(-6.17189656943083,0.,65.6343802064657));
#8063=CARTESIAN_POINT('Ctrl Pts',(-6.21534794817158,0.,65.6281554494618));
#8064=CARTESIAN_POINT('Ctrl Pts',(-6.28817753116834,0.,65.6177220300862));
#8065=CARTESIAN_POINT('Ctrl Pts',(-6.35794283838283,0.,65.5945957620175));
#8066=CARTESIAN_POINT('Ctrl Pts',(-6.38608496636152,0.,65.5852670222521));
#8067=CARTESIAN_POINT('',(-6.17189656943083,0.2,65.6343802064657));
#8068=CARTESIAN_POINT('',(-6.17189656943083,0.,65.6343802064657));
#8069=CARTESIAN_POINT('Ctrl Pts',(-6.17189656943083,0.2,65.6343802064657));
#8070=CARTESIAN_POINT('Ctrl Pts',(-6.21534794817158,0.2,65.6281554494618));
#8071=CARTESIAN_POINT('Ctrl Pts',(-6.28817753116834,0.2,65.6177220300862));
#8072=CARTESIAN_POINT('Ctrl Pts',(-6.35794283838283,0.2,65.5945957620175));
#8073=CARTESIAN_POINT('Ctrl Pts',(-6.38608496636152,0.2,65.5852670222521));
#8074=CARTESIAN_POINT('Ctrl Pts',(-5.77080529183149,0.,65.7271496206522));
#8075=CARTESIAN_POINT('Ctrl Pts',(-5.77080529183149,0.2,65.7271496206522));
#8076=CARTESIAN_POINT('Ctrl Pts',(-5.82618276174872,0.,65.7089531813961));
#8077=CARTESIAN_POINT('Ctrl Pts',(-5.82618276174872,0.2,65.7089531813961));
#8078=CARTESIAN_POINT('Ctrl Pts',(-5.95697978078482,0.,65.6659746918528));
#8079=CARTESIAN_POINT('Ctrl Pts',(-5.95697978078482,0.2,65.6659746918528));
#8080=CARTESIAN_POINT('Ctrl Pts',(-6.09329509020547,0.,65.6459352520368));
#8081=CARTESIAN_POINT('Ctrl Pts',(-6.09329509020547,0.2,65.6459352520368));
#8082=CARTESIAN_POINT('Ctrl Pts',(-6.17189656943083,0.,65.6343802064657));
#8083=CARTESIAN_POINT('Ctrl Pts',(-6.17189656943083,0.2,65.6343802064657));
#8084=CARTESIAN_POINT('',(-5.77080529183149,0.,65.7271496206522));
#8085=CARTESIAN_POINT('Ctrl Pts',(-5.77080529183149,0.,65.7271496206522));
#8086=CARTESIAN_POINT('Ctrl Pts',(-5.82618276174872,0.,65.7089531813961));
#8087=CARTESIAN_POINT('Ctrl Pts',(-5.95697978078482,0.,65.6659746918528));
#8088=CARTESIAN_POINT('Ctrl Pts',(-6.09329509020547,0.,65.6459352520368));
#8089=CARTESIAN_POINT('Ctrl Pts',(-6.17189656943083,0.,65.6343802064657));
#8090=CARTESIAN_POINT('',(-5.77080529183149,0.2,65.7271496206522));
#8091=CARTESIAN_POINT('',(-5.77080529183149,0.,65.7271496206522));
#8092=CARTESIAN_POINT('Ctrl Pts',(-5.77080529183149,0.2,65.7271496206522));
#8093=CARTESIAN_POINT('Ctrl Pts',(-5.82618276174872,0.2,65.7089531813961));
#8094=CARTESIAN_POINT('Ctrl Pts',(-5.95697978078482,0.2,65.6659746918528));
#8095=CARTESIAN_POINT('Ctrl Pts',(-6.09329509020547,0.2,65.6459352520368));
#8096=CARTESIAN_POINT('Ctrl Pts',(-6.17189656943083,0.2,65.6343802064657));
#8097=CARTESIAN_POINT('Origin',(-5.77080529183149,0.,65.6371087580919));
#8098=CARTESIAN_POINT('',(-5.77080529183149,0.,55.256054379046));
#8099=CARTESIAN_POINT('',(-5.77080529183149,0.2,65.6371087580919));
#8100=CARTESIAN_POINT('Origin',(-5.44474791735411,0.,65.0000009685755));
#8101=CARTESIAN_POINT('',(-5.44474791735411,0.,65.0000009685755));
#8102=CARTESIAN_POINT('',(-5.70122819393873,0.,65.0000009685755));
#8103=CARTESIAN_POINT('',(12.0101260413229,0.,65.0000009685755));
#8104=CARTESIAN_POINT('',(-5.44474791735411,0.2,65.0000009685755));
#8105=CARTESIAN_POINT('',(-5.44474791735411,0.,65.0000009685755));
#8106=CARTESIAN_POINT('',(-5.70122819393873,0.2,65.0000009685755));
#8107=CARTESIAN_POINT('',(-5.44474791735411,0.2,65.0000009685755));
#8108=CARTESIAN_POINT('',(-5.70122819393873,0.,65.0000009685755));
#8109=CARTESIAN_POINT('Ctrl Pts',(-5.50682168453932,0.,65.1739437133074));
#8110=CARTESIAN_POINT('Ctrl Pts',(-5.50682168453932,0.2,65.1739437133074));
#8111=CARTESIAN_POINT('Ctrl Pts',(-5.50024633877035,0.,65.1438963086539));
#8112=CARTESIAN_POINT('Ctrl Pts',(-5.50024633877035,0.2,65.1438963086539));
#8113=CARTESIAN_POINT('Ctrl Pts',(-5.48697977837525,0.,65.0832720126005));
#8114=CARTESIAN_POINT('Ctrl Pts',(-5.48697977837525,0.2,65.0832720126005));
#8115=CARTESIAN_POINT('Ctrl Pts',(-5.45890693286826,0.,65.0279191321544));
#8116=CARTESIAN_POINT('Ctrl Pts',(-5.45890693286826,0.2,65.0279191321544));
#8117=CARTESIAN_POINT('Ctrl Pts',(-5.44474791735411,0.,65.0000009685755));
#8118=CARTESIAN_POINT('Ctrl Pts',(-5.44474791735411,0.2,65.0000009685755));
#8119=CARTESIAN_POINT('',(-5.50682168453932,0.,65.1739437133074));
#8120=CARTESIAN_POINT('Ctrl Pts',(-5.50682168453932,0.,65.1739437133074));
#8121=CARTESIAN_POINT('Ctrl Pts',(-5.50024633877035,0.,65.1438963086539));
#8122=CARTESIAN_POINT('Ctrl Pts',(-5.48697977837525,0.,65.0832720126005));
#8123=CARTESIAN_POINT('Ctrl Pts',(-5.45890693286826,0.,65.0279191321544));
#8124=CARTESIAN_POINT('Ctrl Pts',(-5.44474791735411,0.,65.0000009685755));
#8125=CARTESIAN_POINT('',(-5.50682168453932,0.2,65.1739437133074));
#8126=CARTESIAN_POINT('',(-5.50682168453932,0.,65.1739437133074));
#8127=CARTESIAN_POINT('Ctrl Pts',(-5.50682168453932,0.2,65.1739437133074));
#8128=CARTESIAN_POINT('Ctrl Pts',(-5.50024633877035,0.2,65.1438963086539));
#8129=CARTESIAN_POINT('Ctrl Pts',(-5.48697977837525,0.2,65.0832720126005));
#8130=CARTESIAN_POINT('Ctrl Pts',(-5.45890693286826,0.2,65.0279191321544));
#8131=CARTESIAN_POINT('Ctrl Pts',(-5.44474791735411,0.2,65.0000009685755));
#8132=CARTESIAN_POINT('Ctrl Pts',(-5.52251052111387,0.,65.6070951372385));
#8133=CARTESIAN_POINT('Ctrl Pts',(-5.52251052111387,0.2,65.6070951372385));
#8134=CARTESIAN_POINT('Ctrl Pts',(-5.52307485065296,0.,65.5138430917066));
#8135=CARTESIAN_POINT('Ctrl Pts',(-5.52307485065296,0.2,65.5138430917066));
#8136=CARTESIAN_POINT('Ctrl Pts',(-5.52395028441726,0.,65.3691829532695));
#8137=CARTESIAN_POINT('Ctrl Pts',(-5.52395028441726,0.2,65.3691829532695));
#8138=CARTESIAN_POINT('Ctrl Pts',(-5.51131271629818,0.,65.2251344488896));
#8139=CARTESIAN_POINT('Ctrl Pts',(-5.51131271629818,0.2,65.2251344488896));
#8140=CARTESIAN_POINT('Ctrl Pts',(-5.50682168453932,0.,65.1739437133074));
#8141=CARTESIAN_POINT('Ctrl Pts',(-5.50682168453932,0.2,65.1739437133074));
#8142=CARTESIAN_POINT('',(-5.52251052111387,0.,65.6070951372385));
#8143=CARTESIAN_POINT('Ctrl Pts',(-5.52251052111387,0.,65.6070951372385));
#8144=CARTESIAN_POINT('Ctrl Pts',(-5.52307485065296,0.,65.5138430917066));
#8145=CARTESIAN_POINT('Ctrl Pts',(-5.52395028441726,0.,65.3691829532695));
#8146=CARTESIAN_POINT('Ctrl Pts',(-5.51131271629818,0.,65.2251344488896));
#8147=CARTESIAN_POINT('Ctrl Pts',(-5.50682168453932,0.,65.1739437133074));
#8148=CARTESIAN_POINT('',(-5.52251052111387,0.2,65.6070951372385));
#8149=CARTESIAN_POINT('',(-5.52251052111387,0.,65.6070951372385));
#8150=CARTESIAN_POINT('Ctrl Pts',(-5.52251052111387,0.2,65.6070951372385));
#8151=CARTESIAN_POINT('Ctrl Pts',(-5.52307485065296,0.2,65.5138430917066));
#8152=CARTESIAN_POINT('Ctrl Pts',(-5.52395028441726,0.2,65.3691829532695));
#8153=CARTESIAN_POINT('Ctrl Pts',(-5.51131271629818,0.2,65.2251344488896));
#8154=CARTESIAN_POINT('Ctrl Pts',(-5.50682168453932,0.2,65.1739437133074));
#8155=CARTESIAN_POINT('Origin',(-5.52251052111387,0.,65.9345165640116));
#8156=CARTESIAN_POINT('',(-5.52251052111387,0.,65.9345165640116));
#8157=CARTESIAN_POINT('',(-5.52251052111387,0.,55.4047582820058));
#8158=CARTESIAN_POINT('',(-5.52251052111387,0.2,65.9345165640116));
#8159=CARTESIAN_POINT('',(-5.52251052111387,0.,65.9345165640116));
#8160=CARTESIAN_POINT('',(-5.52251052111387,0.2,65.9345165640116));
#8161=CARTESIAN_POINT('Ctrl Pts',(-5.53478877991438,0.,66.1609832197428));
#8162=CARTESIAN_POINT('Ctrl Pts',(-5.53478877991438,0.2,66.1609832197428));
#8163=CARTESIAN_POINT('Ctrl Pts',(-5.53124825542872,0.,66.1316814827957));
#8164=CARTESIAN_POINT('Ctrl Pts',(-5.53124825542872,0.2,66.1316814827957));
#8165=CARTESIAN_POINT('Ctrl Pts',(-5.52216511520241,0.,66.0565085001931));
#8166=CARTESIAN_POINT('Ctrl Pts',(-5.52216511520241,0.2,66.0565085001931));
#8167=CARTESIAN_POINT('Ctrl Pts',(-5.5223796251625,0.,65.9807469556057));
#8168=CARTESIAN_POINT('Ctrl Pts',(-5.5223796251625,0.2,65.9807469556057));
#8169=CARTESIAN_POINT('Ctrl Pts',(-5.52251052111387,0.,65.9345165640116));
#8170=CARTESIAN_POINT('Ctrl Pts',(-5.52251052111387,0.2,65.9345165640116));
#8171=CARTESIAN_POINT('',(-5.53478877991438,0.,66.1609832197428));
#8172=CARTESIAN_POINT('Ctrl Pts',(-5.53478877991438,0.,66.1609832197428));
#8173=CARTESIAN_POINT('Ctrl Pts',(-5.53124825542872,0.,66.1316814827957));
#8174=CARTESIAN_POINT('Ctrl Pts',(-5.52216511520241,0.,66.0565085001931));
#8175=CARTESIAN_POINT('Ctrl Pts',(-5.5223796251625,0.,65.9807469556057));
#8176=CARTESIAN_POINT('Ctrl Pts',(-5.52251052111387,0.,65.9345165640116));
#8177=CARTESIAN_POINT('',(-5.53478877991438,0.2,66.1609832197428));
#8178=CARTESIAN_POINT('',(-5.53478877991438,0.,66.1609832197428));
#8179=CARTESIAN_POINT('Ctrl Pts',(-5.53478877991438,0.2,66.1609832197428));
#8180=CARTESIAN_POINT('Ctrl Pts',(-5.53124825542872,0.2,66.1316814827957));
#8181=CARTESIAN_POINT('Ctrl Pts',(-5.52216511520241,0.2,66.0565085001931));
#8182=CARTESIAN_POINT('Ctrl Pts',(-5.5223796251625,0.2,65.9807469556057));
#8183=CARTESIAN_POINT('Ctrl Pts',(-5.52251052111387,0.2,65.9345165640116));
#8184=CARTESIAN_POINT('Ctrl Pts',(-5.61118703335524,0.,66.328104659915));
#8185=CARTESIAN_POINT('Ctrl Pts',(-5.61118703335524,0.2,66.328104659915));
#8186=CARTESIAN_POINT('Ctrl Pts',(-5.59420765513971,0.,66.3038547324302));
#8187=CARTESIAN_POINT('Ctrl Pts',(-5.59420765513971,0.2,66.3038547324302));
#8188=CARTESIAN_POINT('Ctrl Pts',(-5.55852365550258,0.,66.2528908871949));
#8189=CARTESIAN_POINT('Ctrl Pts',(-5.55852365550258,0.2,66.2528908871949));
#8190=CARTESIAN_POINT('Ctrl Pts',(-5.54295136711965,0.,66.1925908996576));
#8191=CARTESIAN_POINT('Ctrl Pts',(-5.54295136711965,0.2,66.1925908996576));
#8192=CARTESIAN_POINT('Ctrl Pts',(-5.53478877991438,0.,66.1609832197428));
#8193=CARTESIAN_POINT('Ctrl Pts',(-5.53478877991438,0.2,66.1609832197428));
#8194=CARTESIAN_POINT('',(-5.61118703335524,0.,66.328104659915));
#8195=CARTESIAN_POINT('Ctrl Pts',(-5.61118703335524,0.,66.328104659915));
#8196=CARTESIAN_POINT('Ctrl Pts',(-5.59420765513971,0.,66.3038547324302));
#8197=CARTESIAN_POINT('Ctrl Pts',(-5.55852365550258,0.,66.2528908871949));
#8198=CARTESIAN_POINT('Ctrl Pts',(-5.54295136711965,0.,66.1925908996576));
#8199=CARTESIAN_POINT('Ctrl Pts',(-5.53478877991438,0.,66.1609832197428));
#8200=CARTESIAN_POINT('',(-5.61118703335524,0.2,66.328104659915));
#8201=CARTESIAN_POINT('',(-5.61118703335524,0.,66.328104659915));
#8202=CARTESIAN_POINT('Ctrl Pts',(-5.61118703335524,0.2,66.328104659915));
#8203=CARTESIAN_POINT('Ctrl Pts',(-5.59420765513971,0.2,66.3038547324302));
#8204=CARTESIAN_POINT('Ctrl Pts',(-5.55852365550258,0.2,66.2528908871949));
#8205=CARTESIAN_POINT('Ctrl Pts',(-5.54295136711965,0.2,66.1925908996576));
#8206=CARTESIAN_POINT('Ctrl Pts',(-5.53478877991438,0.2,66.1609832197428));
#8207=CARTESIAN_POINT('Ctrl Pts',(-5.78171920031309,0.,66.4379272609949));
#8208=CARTESIAN_POINT('Ctrl Pts',(-5.78171920031309,0.2,66.4379272609949));
#8209=CARTESIAN_POINT('Ctrl Pts',(-5.7467280716386,0.,66.4236953332359));
#8210=CARTESIAN_POINT('Ctrl Pts',(-5.7467280716386,0.2,66.4236953332359));
#8211=CARTESIAN_POINT('Ctrl Pts',(-5.68285202172057,0.,66.3977150530219));
#8212=CARTESIAN_POINT('Ctrl Pts',(-5.68285202172057,0.2,66.3977150530219));
#8213=CARTESIAN_POINT('Ctrl Pts',(-5.63350285776857,0.,66.349780702085));
#8214=CARTESIAN_POINT('Ctrl Pts',(-5.63350285776857,0.2,66.349780702085));
#8215=CARTESIAN_POINT('Ctrl Pts',(-5.61118703335524,0.,66.328104659915));
#8216=CARTESIAN_POINT('Ctrl Pts',(-5.61118703335524,0.2,66.328104659915));
#8217=CARTESIAN_POINT('',(-5.78171920031309,0.,66.4379272609949));
#8218=CARTESIAN_POINT('Ctrl Pts',(-5.78171920031309,0.,66.4379272609949));
#8219=CARTESIAN_POINT('Ctrl Pts',(-5.7467280716386,0.,66.4236953332359));
#8220=CARTESIAN_POINT('Ctrl Pts',(-5.68285202172057,0.,66.3977150530219));
#8221=CARTESIAN_POINT('Ctrl Pts',(-5.63350285776857,0.,66.349780702085));
#8222=CARTESIAN_POINT('Ctrl Pts',(-5.61118703335524,0.,66.328104659915));
#8223=CARTESIAN_POINT('',(-5.78171920031309,0.2,66.4379272609949));
#8224=CARTESIAN_POINT('',(-5.78171920031309,0.,66.4379272609949));
#8225=CARTESIAN_POINT('Ctrl Pts',(-5.78171920031309,0.2,66.4379272609949));
#8226=CARTESIAN_POINT('Ctrl Pts',(-5.7467280716386,0.2,66.4236953332359));
#8227=CARTESIAN_POINT('Ctrl Pts',(-5.68285202172057,0.2,66.3977150530219));
#8228=CARTESIAN_POINT('Ctrl Pts',(-5.63350285776857,0.2,66.349780702085));
#8229=CARTESIAN_POINT('Ctrl Pts',(-5.61118703335524,0.2,66.328104659915));
#8230=CARTESIAN_POINT('Ctrl Pts',(-6.08322005718946,0.,66.4815834909678));
#8231=CARTESIAN_POINT('Ctrl Pts',(-6.08322005718946,0.2,66.4815834909678));
#8232=CARTESIAN_POINT('Ctrl Pts',(-6.02675801463265,0.,66.4806327137822));
#8233=CARTESIAN_POINT('Ctrl Pts',(-6.02675801463265,0.2,66.4806327137822));
#8234=CARTESIAN_POINT('Ctrl Pts',(-5.92428258163111,0.,66.4789071066422));
#8235=CARTESIAN_POINT('Ctrl Pts',(-5.92428258163111,0.2,66.4789071066422));
#8236=CARTESIAN_POINT('Ctrl Pts',(-5.82589642776672,0.,66.4506260055494));
#8237=CARTESIAN_POINT('Ctrl Pts',(-5.82589642776672,0.2,66.4506260055494));
#8238=CARTESIAN_POINT('Ctrl Pts',(-5.78171920031309,0.,66.4379272609949));
#8239=CARTESIAN_POINT('Ctrl Pts',(-5.78171920031309,0.2,66.4379272609949));
#8240=CARTESIAN_POINT('',(-6.08322005718946,0.,66.4815834909678));
#8241=CARTESIAN_POINT('Ctrl Pts',(-6.08322005718946,0.,66.4815834909678));
#8242=CARTESIAN_POINT('Ctrl Pts',(-6.02675801463265,0.,66.4806327137822));
#8243=CARTESIAN_POINT('Ctrl Pts',(-5.92428258163111,0.,66.4789071066422));
#8244=CARTESIAN_POINT('Ctrl Pts',(-5.82589642776672,0.,66.4506260055494));
#8245=CARTESIAN_POINT('Ctrl Pts',(-5.78171920031309,0.,66.4379272609949));
#8246=CARTESIAN_POINT('',(-6.08322005718946,0.2,66.4815834909678));
#8247=CARTESIAN_POINT('',(-6.08322005718946,0.,66.4815834909678));
#8248=CARTESIAN_POINT('Ctrl Pts',(-6.08322005718946,0.2,66.4815834909678));
#8249=CARTESIAN_POINT('Ctrl Pts',(-6.02675801463265,0.2,66.4806327137822));
#8250=CARTESIAN_POINT('Ctrl Pts',(-5.92428258163111,0.2,66.4789071066422));
#8251=CARTESIAN_POINT('Ctrl Pts',(-5.82589642776672,0.2,66.4506260055494));
#8252=CARTESIAN_POINT('Ctrl Pts',(-5.78171920031309,0.2,66.4379272609949));
#8253=CARTESIAN_POINT('Ctrl Pts',(-6.41200583428144,0.,66.4304237812757));
#8254=CARTESIAN_POINT('Ctrl Pts',(-6.41200583428144,0.2,66.4304237812757));
#8255=CARTESIAN_POINT('Ctrl Pts',(-6.36129991106878,0.,66.4453332866827));
#8256=CARTESIAN_POINT('Ctrl Pts',(-6.36129991106878,0.2,66.4453332866827));
#8257=CARTESIAN_POINT('Ctrl Pts',(-6.25402934232507,0.,66.4768749887828));
#8258=CARTESIAN_POINT('Ctrl Pts',(-6.25402934232507,0.2,66.4768749887828));
#8259=CARTESIAN_POINT('Ctrl Pts',(-6.14219252357819,0.,66.4799578651323));
#8260=CARTESIAN_POINT('Ctrl Pts',(-6.14219252357819,0.2,66.4799578651323));
#8261=CARTESIAN_POINT('Ctrl Pts',(-6.08322005718946,0.,66.4815834909678));
#8262=CARTESIAN_POINT('Ctrl Pts',(-6.08322005718946,0.2,66.4815834909678));
#8263=CARTESIAN_POINT('',(-6.41200583428144,0.,66.4304237812757));
#8264=CARTESIAN_POINT('Ctrl Pts',(-6.41200583428144,0.,66.4304237812757));
#8265=CARTESIAN_POINT('Ctrl Pts',(-6.36129991106878,0.,66.4453332866827));
#8266=CARTESIAN_POINT('Ctrl Pts',(-6.25402934232507,0.,66.4768749887828));
#8267=CARTESIAN_POINT('Ctrl Pts',(-6.14219252357819,0.,66.4799578651323));
#8268=CARTESIAN_POINT('Ctrl Pts',(-6.08322005718946,0.,66.4815834909678));
#8269=CARTESIAN_POINT('',(-6.41200583428144,0.2,66.4304237812757));
#8270=CARTESIAN_POINT('',(-6.41200583428144,0.,66.4304237812757));
#8271=CARTESIAN_POINT('Ctrl Pts',(-6.41200583428144,0.2,66.4304237812757));
#8272=CARTESIAN_POINT('Ctrl Pts',(-6.36129991106878,0.2,66.4453332866827));
#8273=CARTESIAN_POINT('Ctrl Pts',(-6.25402934232507,0.2,66.4768749887828));
#8274=CARTESIAN_POINT('Ctrl Pts',(-6.14219252357819,0.2,66.4799578651323));
#8275=CARTESIAN_POINT('Ctrl Pts',(-6.08322005718946,0.2,66.4815834909678));
#8276=CARTESIAN_POINT('Ctrl Pts',(-6.62892263382673,0.,66.2844484299421));
#8277=CARTESIAN_POINT('Ctrl Pts',(-6.62892263382673,0.2,66.2844484299421));
#8278=CARTESIAN_POINT('Ctrl Pts',(-6.59988139255994,0.,66.3146652638063));
#8279=CARTESIAN_POINT('Ctrl Pts',(-6.59988139255994,0.2,66.3146652638063));
#8280=CARTESIAN_POINT('Ctrl Pts',(-6.53820376486139,0.,66.3788396085658));
#8281=CARTESIAN_POINT('Ctrl Pts',(-6.53820376486139,0.2,66.3788396085658));
#8282=CARTESIAN_POINT('Ctrl Pts',(-6.45567531932324,0.,66.4125736133039));
#8283=CARTESIAN_POINT('Ctrl Pts',(-6.45567531932324,0.2,66.4125736133039));
#8284=CARTESIAN_POINT('Ctrl Pts',(-6.41200583428144,0.,66.4304237812757));
#8285=CARTESIAN_POINT('Ctrl Pts',(-6.41200583428144,0.2,66.4304237812757));
#8286=CARTESIAN_POINT('',(-6.62892263382673,0.,66.2844484299421));
#8287=CARTESIAN_POINT('Ctrl Pts',(-6.62892263382673,0.,66.2844484299421));
#8288=CARTESIAN_POINT('Ctrl Pts',(-6.59988139255994,0.,66.3146652638063));
#8289=CARTESIAN_POINT('Ctrl Pts',(-6.53820376486139,0.,66.3788396085658));
#8290=CARTESIAN_POINT('Ctrl Pts',(-6.45567531932324,0.,66.4125736133039));
#8291=CARTESIAN_POINT('Ctrl Pts',(-6.41200583428144,0.,66.4304237812757));
#8292=CARTESIAN_POINT('',(-6.62892263382673,0.2,66.2844484299421));
#8293=CARTESIAN_POINT('',(-6.62892263382673,0.,66.2844484299421));
#8294=CARTESIAN_POINT('Ctrl Pts',(-6.62892263382673,0.2,66.2844484299421));
#8295=CARTESIAN_POINT('Ctrl Pts',(-6.59988139255994,0.2,66.3146652638063));
#8296=CARTESIAN_POINT('Ctrl Pts',(-6.53820376486139,0.2,66.3788396085658));
#8297=CARTESIAN_POINT('Ctrl Pts',(-6.45567531932324,0.2,66.4125736133039));
#8298=CARTESIAN_POINT('Ctrl Pts',(-6.41200583428144,0.2,66.4304237812757));
#8299=CARTESIAN_POINT('Ctrl Pts',(-6.73669885843992,0.,66.0354716330767));
#8300=CARTESIAN_POINT('Ctrl Pts',(-6.73669885843992,0.2,66.0354716330767));
#8301=CARTESIAN_POINT('Ctrl Pts',(-6.72498740528398,0.,66.0831193434259));
#8302=CARTESIAN_POINT('Ctrl Pts',(-6.72498740528398,0.2,66.0831193434259));
#8303=CARTESIAN_POINT('Ctrl Pts',(-6.70306606711405,0.,66.1723056773231));
#8304=CARTESIAN_POINT('Ctrl Pts',(-6.70306606711405,0.2,66.1723056773231));
#8305=CARTESIAN_POINT('Ctrl Pts',(-6.65248214552266,0.,66.2488144111923));
#8306=CARTESIAN_POINT('Ctrl Pts',(-6.65248214552266,0.2,66.2488144111923));
#8307=CARTESIAN_POINT('Ctrl Pts',(-6.62892263382673,0.,66.2844484299421));
#8308=CARTESIAN_POINT('Ctrl Pts',(-6.62892263382673,0.2,66.2844484299421));
#8309=CARTESIAN_POINT('',(-6.73669885843992,0.,66.0354716330767));
#8310=CARTESIAN_POINT('Ctrl Pts',(-6.73669885843992,0.,66.0354716330767));
#8311=CARTESIAN_POINT('Ctrl Pts',(-6.72498740528398,0.,66.0831193434259));
#8312=CARTESIAN_POINT('Ctrl Pts',(-6.70306606711405,0.,66.1723056773231));
#8313=CARTESIAN_POINT('Ctrl Pts',(-6.65248214552266,0.,66.2488144111923));
#8314=CARTESIAN_POINT('Ctrl Pts',(-6.62892263382673,0.,66.2844484299421));
#8315=CARTESIAN_POINT('',(-6.73669885843992,0.2,66.0354716330767));
#8316=CARTESIAN_POINT('',(-6.73669885843992,0.,66.0354716330767));
#8317=CARTESIAN_POINT('Ctrl Pts',(-6.73669885843992,0.2,66.0354716330767));
#8318=CARTESIAN_POINT('Ctrl Pts',(-6.72498740528398,0.2,66.0831193434259));
#8319=CARTESIAN_POINT('Ctrl Pts',(-6.70306606711405,0.2,66.1723056773231));
#8320=CARTESIAN_POINT('Ctrl Pts',(-6.65248214552266,0.2,66.2488144111923));
#8321=CARTESIAN_POINT('Ctrl Pts',(-6.62892263382673,0.2,66.2844484299421));
#8322=CARTESIAN_POINT('Origin',(-6.49658959358931,0.,66.002729460597));
#8323=CARTESIAN_POINT('',(-6.49658959358931,0.,66.002729460597));
#8324=CARTESIAN_POINT('',(12.5701847549874,0.,63.4027147767002));
#8325=CARTESIAN_POINT('',(-6.49658959358931,0.2,66.002729460597));
#8326=CARTESIAN_POINT('',(-6.49658959358931,0.,66.002729460597));
#8327=CARTESIAN_POINT('',(-6.49658959358931,0.2,66.002729460597));
#8328=CARTESIAN_POINT('Ctrl Pts',(-6.37448858469725,0.,66.2175998836756));
#8329=CARTESIAN_POINT('Ctrl Pts',(-6.37448858469725,0.2,66.2175998836756));
#8330=CARTESIAN_POINT('Ctrl Pts',(-6.40077979564545,0.,66.1909806583531));
#8331=CARTESIAN_POINT('Ctrl Pts',(-6.40077979564545,0.2,66.1909806583531));
#8332=CARTESIAN_POINT('Ctrl Pts',(-6.46039741085539,0.,66.1306192419242));
#8333=CARTESIAN_POINT('Ctrl Pts',(-6.46039741085539,0.2,66.1306192419242));
#8334=CARTESIAN_POINT('Ctrl Pts',(-6.48361237009756,0.,66.0485861663612));
#8335=CARTESIAN_POINT('Ctrl Pts',(-6.48361237009756,0.2,66.0485861663612));
#8336=CARTESIAN_POINT('Ctrl Pts',(-6.49658959358931,0.,66.002729460597));
#8337=CARTESIAN_POINT('Ctrl Pts',(-6.49658959358931,0.2,66.002729460597));
#8338=CARTESIAN_POINT('',(-6.37448858469725,0.,66.2175998836756));
#8339=CARTESIAN_POINT('Ctrl Pts',(-6.37448858469725,0.,66.2175998836756));
#8340=CARTESIAN_POINT('Ctrl Pts',(-6.40077979564545,0.,66.1909806583531));
#8341=CARTESIAN_POINT('Ctrl Pts',(-6.46039741085539,0.,66.1306192419242));
#8342=CARTESIAN_POINT('Ctrl Pts',(-6.48361237009756,0.,66.0485861663612));
#8343=CARTESIAN_POINT('Ctrl Pts',(-6.49658959358931,0.,66.002729460597));
#8344=CARTESIAN_POINT('',(-6.37448858469725,0.2,66.2175998836756));
#8345=CARTESIAN_POINT('',(-6.37448858469725,0.,66.2175998836756));
#8346=CARTESIAN_POINT('Ctrl Pts',(-6.37448858469725,0.2,66.2175998836756));
#8347=CARTESIAN_POINT('Ctrl Pts',(-6.40077979564545,0.2,66.1909806583531));
#8348=CARTESIAN_POINT('Ctrl Pts',(-6.46039741085539,0.2,66.1306192419242));
#8349=CARTESIAN_POINT('Ctrl Pts',(-6.48361237009756,0.2,66.0485861663612));
#8350=CARTESIAN_POINT('Ctrl Pts',(-6.49658959358931,0.2,66.002729460597));
#8351=CARTESIAN_POINT('Ctrl Pts',(-6.1186907812953,0.,66.2783093005419));
#8352=CARTESIAN_POINT('Ctrl Pts',(-6.1186907812953,0.2,66.2783093005419));
#8353=CARTESIAN_POINT('Ctrl Pts',(-6.16999196504753,0.,66.277510654134));
#8354=CARTESIAN_POINT('Ctrl Pts',(-6.16999196504753,0.2,66.277510654134));
#8355=CARTESIAN_POINT('Ctrl Pts',(-6.26015568835244,0.,66.2761070036046));
#8356=CARTESIAN_POINT('Ctrl Pts',(-6.26015568835244,0.2,66.2761070036046));
#8357=CARTESIAN_POINT('Ctrl Pts',(-6.34005166768542,0.,66.2352221507396));
#8358=CARTESIAN_POINT('Ctrl Pts',(-6.34005166768542,0.2,66.2352221507396));
#8359=CARTESIAN_POINT('Ctrl Pts',(-6.37448858469725,0.,66.2175998836756));
#8360=CARTESIAN_POINT('Ctrl Pts',(-6.37448858469725,0.2,66.2175998836756));
#8361=CARTESIAN_POINT('',(-6.1186907812953,0.,66.2783093005419));
#8362=CARTESIAN_POINT('Ctrl Pts',(-6.1186907812953,0.,66.2783093005419));
#8363=CARTESIAN_POINT('Ctrl Pts',(-6.16999196504753,0.,66.277510654134));
#8364=CARTESIAN_POINT('Ctrl Pts',(-6.26015568835244,0.,66.2761070036046));
#8365=CARTESIAN_POINT('Ctrl Pts',(-6.34005166768542,0.,66.2352221507396));
#8366=CARTESIAN_POINT('Ctrl Pts',(-6.37448858469725,0.,66.2175998836756));
#8367=CARTESIAN_POINT('',(-6.1186907812953,0.2,66.2783093005419));
#8368=CARTESIAN_POINT('',(-6.1186907812953,0.,66.2783093005419));
#8369=CARTESIAN_POINT('Ctrl Pts',(-6.1186907812953,0.2,66.2783093005419));
#8370=CARTESIAN_POINT('Ctrl Pts',(-6.16999196504753,0.2,66.277510654134));
#8371=CARTESIAN_POINT('Ctrl Pts',(-6.26015568835244,0.2,66.2761070036046));
#8372=CARTESIAN_POINT('Ctrl Pts',(-6.34005166768542,0.2,66.2352221507396));
#8373=CARTESIAN_POINT('Ctrl Pts',(-6.37448858469725,0.2,66.2175998836756));
#8374=CARTESIAN_POINT('Ctrl Pts',(-5.83901803940535,0.,66.1950895935297));
#8375=CARTESIAN_POINT('Ctrl Pts',(-5.83901803940535,0.2,66.1950895935297));
#8376=CARTESIAN_POINT('Ctrl Pts',(-5.87692985007092,0.,66.219291609525));
#8377=CARTESIAN_POINT('Ctrl Pts',(-5.87692985007092,0.2,66.219291609525));
#8378=CARTESIAN_POINT('Ctrl Pts',(-5.96173702210592,0.,66.2734305308287));
#8379=CARTESIAN_POINT('Ctrl Pts',(-5.96173702210592,0.2,66.2734305308287));
#8380=CARTESIAN_POINT('Ctrl Pts',(-6.06280420823392,0.,66.2765721155172));
#8381=CARTESIAN_POINT('Ctrl Pts',(-6.06280420823392,0.2,66.2765721155172));
#8382=CARTESIAN_POINT('Ctrl Pts',(-6.1186907812953,0.,66.2783093005419));
#8383=CARTESIAN_POINT('Ctrl Pts',(-6.1186907812953,0.2,66.2783093005419));
#8384=CARTESIAN_POINT('',(-5.83901803940535,0.,66.1950895935297));
#8385=CARTESIAN_POINT('Ctrl Pts',(-5.83901803940535,0.,66.1950895935297));
#8386=CARTESIAN_POINT('Ctrl Pts',(-5.87692985007092,0.,66.219291609525));
#8387=CARTESIAN_POINT('Ctrl Pts',(-5.96173702210592,0.,66.2734305308287));
#8388=CARTESIAN_POINT('Ctrl Pts',(-6.06280420823392,0.,66.2765721155172));
#8389=CARTESIAN_POINT('Ctrl Pts',(-6.1186907812953,0.,66.2783093005419));
#8390=CARTESIAN_POINT('',(-5.83901803940535,0.2,66.1950895935297));
#8391=CARTESIAN_POINT('',(-5.83901803940535,0.,66.1950895935297));
#8392=CARTESIAN_POINT('Ctrl Pts',(-5.83901803940535,0.2,66.1950895935297));
#8393=CARTESIAN_POINT('Ctrl Pts',(-5.87692985007092,0.2,66.219291609525));
#8394=CARTESIAN_POINT('Ctrl Pts',(-5.96173702210592,0.2,66.2734305308287));
#8395=CARTESIAN_POINT('Ctrl Pts',(-6.06280420823392,0.2,66.2765721155172));
#8396=CARTESIAN_POINT('Ctrl Pts',(-6.1186907812953,0.2,66.2783093005419));
#8397=CARTESIAN_POINT('Ctrl Pts',(-5.76944094151258,0.,65.9836298972368));
#8398=CARTESIAN_POINT('Ctrl Pts',(-5.76944094151258,0.2,65.9836298972368));
#8399=CARTESIAN_POINT('Ctrl Pts',(-5.7704207027527,0.,66.0280037715979));
#8400=CARTESIAN_POINT('Ctrl Pts',(-5.7704207027527,0.2,66.0280037715979));
#8401=CARTESIAN_POINT('Ctrl Pts',(-5.77214825495303,0.,66.1062454708518));
#8402=CARTESIAN_POINT('Ctrl Pts',(-5.77214825495303,0.2,66.1062454708518));
#8403=CARTESIAN_POINT('Ctrl Pts',(-5.81881695330057,0.,66.1682501504715));
#8404=CARTESIAN_POINT('Ctrl Pts',(-5.81881695330057,0.2,66.1682501504715));
#8405=CARTESIAN_POINT('Ctrl Pts',(-5.83901803940535,0.,66.1950895935297));
#8406=CARTESIAN_POINT('Ctrl Pts',(-5.83901803940535,0.2,66.1950895935297));
#8407=CARTESIAN_POINT('',(-5.76944094151258,0.,65.9836298972368));
#8408=CARTESIAN_POINT('Ctrl Pts',(-5.76944094151258,0.,65.9836298972368));
#8409=CARTESIAN_POINT('Ctrl Pts',(-5.7704207027527,0.,66.0280037715979));
#8410=CARTESIAN_POINT('Ctrl Pts',(-5.77214825495303,0.,66.1062454708518));
#8411=CARTESIAN_POINT('Ctrl Pts',(-5.81881695330057,0.,66.1682501504715));
#8412=CARTESIAN_POINT('Ctrl Pts',(-5.83901803940535,0.,66.1950895935297));
#8413=CARTESIAN_POINT('',(-5.76944094151258,0.2,65.9836298972368));
#8414=CARTESIAN_POINT('',(-5.76944094151258,0.,65.9836298972368));
#8415=CARTESIAN_POINT('Ctrl Pts',(-5.76944094151258,0.2,65.9836298972368));
#8416=CARTESIAN_POINT('Ctrl Pts',(-5.7704207027527,0.2,66.0280037715979));
#8417=CARTESIAN_POINT('Ctrl Pts',(-5.77214825495303,0.2,66.1062454708518));
#8418=CARTESIAN_POINT('Ctrl Pts',(-5.81881695330057,0.2,66.1682501504715));
#8419=CARTESIAN_POINT('Ctrl Pts',(-5.83901803940535,0.2,66.1950895935297));
#8420=CARTESIAN_POINT('Ctrl Pts',(-5.77080529183149,0.,65.9195099025965));
#8421=CARTESIAN_POINT('Ctrl Pts',(-5.77080529183149,0.2,65.9195099025965));
#8422=CARTESIAN_POINT('Ctrl Pts',(-5.7704204322687,0.,65.9332652896314));
#8423=CARTESIAN_POINT('Ctrl Pts',(-5.7704204322687,0.2,65.9332652896314));
#8424=CARTESIAN_POINT('Ctrl Pts',(-5.76982251110282,0.,65.9546357786308));
#8425=CARTESIAN_POINT('Ctrl Pts',(-5.76982251110282,0.2,65.9546357786308));
#8426=CARTESIAN_POINT('Ctrl Pts',(-5.76954118757415,0.,65.976012554888));
#8427=CARTESIAN_POINT('Ctrl Pts',(-5.76954118757415,0.2,65.976012554888));
#8428=CARTESIAN_POINT('Ctrl Pts',(-5.76944094151258,0.,65.9836298972368));
#8429=CARTESIAN_POINT('Ctrl Pts',(-5.76944094151258,0.2,65.9836298972368));
#8430=CARTESIAN_POINT('',(-5.77080529183149,0.,65.9195099025965));
#8431=CARTESIAN_POINT('Ctrl Pts',(-5.77080529183149,0.,65.9195099025965));
#8432=CARTESIAN_POINT('Ctrl Pts',(-5.7704204322687,0.,65.9332652896314));
#8433=CARTESIAN_POINT('Ctrl Pts',(-5.76982251110282,0.,65.9546357786308));
#8434=CARTESIAN_POINT('Ctrl Pts',(-5.76954118757415,0.,65.976012554888));
#8435=CARTESIAN_POINT('Ctrl Pts',(-5.76944094151258,0.,65.9836298972368));
#8436=CARTESIAN_POINT('',(-5.77080529183149,0.2,65.9195099025965));
#8437=CARTESIAN_POINT('',(-5.77080529183149,0.,65.9195099025965));
#8438=CARTESIAN_POINT('Ctrl Pts',(-5.77080529183149,0.2,65.9195099025965));
#8439=CARTESIAN_POINT('Ctrl Pts',(-5.7704204322687,0.2,65.9332652896314));
#8440=CARTESIAN_POINT('Ctrl Pts',(-5.76982251110282,0.2,65.9546357786308));
#8441=CARTESIAN_POINT('Ctrl Pts',(-5.76954118757415,0.2,65.976012554888));
#8442=CARTESIAN_POINT('Ctrl Pts',(-5.76944094151258,0.2,65.9836298972368));
#8443=CARTESIAN_POINT('Ctrl Pts',(-6.20873164385557,0.,65.8349258452654));
#8444=CARTESIAN_POINT('Ctrl Pts',(-6.20873164385557,0.2,65.8349258452654));
#8445=CARTESIAN_POINT('Ctrl Pts',(-6.12216883169776,0.,65.8454052024094));
#8446=CARTESIAN_POINT('Ctrl Pts',(-6.12216883169776,0.2,65.8454052024094));
#8447=CARTESIAN_POINT('Ctrl Pts',(-5.97411940762204,0.,65.8633281736157));
#8448=CARTESIAN_POINT('Ctrl Pts',(-5.97411940762204,0.2,65.8633281736157));
#8449=CARTESIAN_POINT('Ctrl Pts',(-5.83046613286901,0.,65.9030238401856));
#8450=CARTESIAN_POINT('Ctrl Pts',(-5.83046613286901,0.2,65.9030238401856));
#8451=CARTESIAN_POINT('Ctrl Pts',(-5.77080529183149,0.,65.9195099025965));
#8452=CARTESIAN_POINT('Ctrl Pts',(-5.77080529183149,0.2,65.9195099025965));
#8453=CARTESIAN_POINT('',(-6.20873164385557,0.,65.8349258452654));
#8454=CARTESIAN_POINT('Ctrl Pts',(-6.20873164385557,0.,65.8349258452654));
#8455=CARTESIAN_POINT('Ctrl Pts',(-6.12216883169776,0.,65.8454052024094));
#8456=CARTESIAN_POINT('Ctrl Pts',(-5.97411940762204,0.,65.8633281736157));
#8457=CARTESIAN_POINT('Ctrl Pts',(-5.83046613286901,0.,65.9030238401856));
#8458=CARTESIAN_POINT('Ctrl Pts',(-5.77080529183149,0.,65.9195099025965));
#8459=CARTESIAN_POINT('',(-6.20873164385557,0.2,65.8349258452654));
#8460=CARTESIAN_POINT('',(-6.20873164385557,0.,65.8349258452654));
#8461=CARTESIAN_POINT('Ctrl Pts',(-6.20873164385557,0.2,65.8349258452654));
#8462=CARTESIAN_POINT('Ctrl Pts',(-6.12216883169776,0.2,65.8454052024094));
#8463=CARTESIAN_POINT('Ctrl Pts',(-5.97411940762204,0.2,65.8633281736157));
#8464=CARTESIAN_POINT('Ctrl Pts',(-5.83046613286901,0.2,65.9030238401856));
#8465=CARTESIAN_POINT('Ctrl Pts',(-5.77080529183149,0.2,65.9195099025965));
#8466=CARTESIAN_POINT('Ctrl Pts',(-6.42701249569654,0.,65.7980910688639));
#8467=CARTESIAN_POINT('Ctrl Pts',(-6.42701249569654,0.2,65.7980910688639));
#8468=CARTESIAN_POINT('Ctrl Pts',(-6.39684137921533,0.,65.804745457843));
#8469=CARTESIAN_POINT('Ctrl Pts',(-6.39684137921533,0.2,65.804745457843));
#8470=CARTESIAN_POINT('Ctrl Pts',(-6.32471293678263,0.,65.8206537425997));
#8471=CARTESIAN_POINT('Ctrl Pts',(-6.32471293678263,0.2,65.8206537425997));
#8472=CARTESIAN_POINT('Ctrl Pts',(-6.25138608691659,0.,65.8296769937036));
#8473=CARTESIAN_POINT('Ctrl Pts',(-6.25138608691659,0.2,65.8296769937036));
#8474=CARTESIAN_POINT('Ctrl Pts',(-6.20873164385557,0.,65.8349258452654));
#8475=CARTESIAN_POINT('Ctrl Pts',(-6.20873164385557,0.2,65.8349258452654));
#8476=CARTESIAN_POINT('',(-6.42701249569654,0.,65.7980910688639));
#8477=CARTESIAN_POINT('Ctrl Pts',(-6.42701249569654,0.,65.7980910688639));
#8478=CARTESIAN_POINT('Ctrl Pts',(-6.39684137921533,0.,65.804745457843));
#8479=CARTESIAN_POINT('Ctrl Pts',(-6.32471293678263,0.,65.8206537425997));
#8480=CARTESIAN_POINT('Ctrl Pts',(-6.25138608691659,0.,65.8296769937036));
#8481=CARTESIAN_POINT('Ctrl Pts',(-6.20873164385557,0.,65.8349258452654));
#8482=CARTESIAN_POINT('',(-6.42701249569654,0.2,65.7980910688639));
#8483=CARTESIAN_POINT('',(-6.42701249569654,0.,65.7980910688639));
#8484=CARTESIAN_POINT('Ctrl Pts',(-6.42701249569654,0.2,65.7980910688639));
#8485=CARTESIAN_POINT('Ctrl Pts',(-6.39684137921533,0.2,65.804745457843));
#8486=CARTESIAN_POINT('Ctrl Pts',(-6.32471293678263,0.2,65.8206537425997));
#8487=CARTESIAN_POINT('Ctrl Pts',(-6.25138608691659,0.2,65.8296769937036));
#8488=CARTESIAN_POINT('Ctrl Pts',(-6.20873164385557,0.2,65.8349258452654));
#8489=CARTESIAN_POINT('Ctrl Pts',(-6.60368364304304,0.,65.7175997644663));
#8490=CARTESIAN_POINT('Ctrl Pts',(-6.60368364304304,0.2,65.7175997644663));
#8491=CARTESIAN_POINT('Ctrl Pts',(-6.57641793634853,0.,65.7343356943886));
#8492=CARTESIAN_POINT('Ctrl Pts',(-6.57641793634853,0.2,65.7343356943886));
#8493=CARTESIAN_POINT('Ctrl Pts',(-6.5208551678152,0.,65.768440609067));
#8494=CARTESIAN_POINT('Ctrl Pts',(-6.5208551678152,0.2,65.768440609067));
#8495=CARTESIAN_POINT('Ctrl Pts',(-6.45867809630982,0.,65.7880860296133));
#8496=CARTESIAN_POINT('Ctrl Pts',(-6.45867809630982,0.2,65.7880860296133));
#8497=CARTESIAN_POINT('Ctrl Pts',(-6.42701249569654,0.,65.7980910688639));
#8498=CARTESIAN_POINT('Ctrl Pts',(-6.42701249569654,0.2,65.7980910688639));
#8499=CARTESIAN_POINT('',(-6.60368364304304,0.,65.7175997644663));
#8500=CARTESIAN_POINT('Ctrl Pts',(-6.60368364304304,0.,65.7175997644663));
#8501=CARTESIAN_POINT('Ctrl Pts',(-6.57641793634853,0.,65.7343356943886));
#8502=CARTESIAN_POINT('Ctrl Pts',(-6.5208551678152,0.,65.768440609067));
#8503=CARTESIAN_POINT('Ctrl Pts',(-6.45867809630982,0.,65.7880860296133));
#8504=CARTESIAN_POINT('Ctrl Pts',(-6.42701249569654,0.,65.7980910688639));
#8505=CARTESIAN_POINT('',(-6.60368364304304,0.2,65.7175997644663));
#8506=CARTESIAN_POINT('',(-6.60368364304304,0.,65.7175997644663));
#8507=CARTESIAN_POINT('Ctrl Pts',(-6.60368364304304,0.2,65.7175997644663));
#8508=CARTESIAN_POINT('Ctrl Pts',(-6.57641793634853,0.2,65.7343356943886));
#8509=CARTESIAN_POINT('Ctrl Pts',(-6.5208551678152,0.2,65.768440609067));
#8510=CARTESIAN_POINT('Ctrl Pts',(-6.45867809630982,0.2,65.7880860296133));
#8511=CARTESIAN_POINT('Ctrl Pts',(-6.42701249569654,0.2,65.7980910688639));
#8512=CARTESIAN_POINT('Ctrl Pts',(-6.73055958002806,0.,65.5763993412256));
#8513=CARTESIAN_POINT('Ctrl Pts',(-6.73055958002806,0.2,65.5763993412256));
#8514=CARTESIAN_POINT('Ctrl Pts',(-6.71336824837887,0.,65.6041425811137));
#8515=CARTESIAN_POINT('Ctrl Pts',(-6.71336824837887,0.2,65.6041425811137));
#8516=CARTESIAN_POINT('Ctrl Pts',(-6.67949709785496,0.,65.6588035854759));
#8517=CARTESIAN_POINT('Ctrl Pts',(-6.67949709785496,0.2,65.6588035854759));
#8518=CARTESIAN_POINT('Ctrl Pts',(-6.6286990821053,0.,65.6981993528075));
#8519=CARTESIAN_POINT('Ctrl Pts',(-6.6286990821053,0.2,65.6981993528075));
#8520=CARTESIAN_POINT('Ctrl Pts',(-6.60368364304304,0.,65.7175997644663));
#8521=CARTESIAN_POINT('Ctrl Pts',(-6.60368364304304,0.2,65.7175997644663));
#8522=CARTESIAN_POINT('',(-6.73055958002806,0.,65.5763993412256));
#8523=CARTESIAN_POINT('Ctrl Pts',(-6.73055958002806,0.,65.5763993412256));
#8524=CARTESIAN_POINT('Ctrl Pts',(-6.71336824837887,0.,65.6041425811137));
#8525=CARTESIAN_POINT('Ctrl Pts',(-6.67949709785496,0.,65.6588035854759));
#8526=CARTESIAN_POINT('Ctrl Pts',(-6.6286990821053,0.,65.6981993528075));
#8527=CARTESIAN_POINT('Ctrl Pts',(-6.60368364304304,0.,65.7175997644663));
#8528=CARTESIAN_POINT('',(-6.73055958002806,0.2,65.5763993412256));
#8529=CARTESIAN_POINT('',(-6.73055958002806,0.,65.5763993412256));
#8530=CARTESIAN_POINT('Ctrl Pts',(-6.73055958002806,0.2,65.5763993412256));
#8531=CARTESIAN_POINT('Ctrl Pts',(-6.71336824837887,0.2,65.6041425811137));
#8532=CARTESIAN_POINT('Ctrl Pts',(-6.67949709785496,0.2,65.6588035854759));
#8533=CARTESIAN_POINT('Ctrl Pts',(-6.6286990821053,0.2,65.6981993528075));
#8534=CARTESIAN_POINT('Ctrl Pts',(-6.60368364304304,0.2,65.7175997644663));
#8535=CARTESIAN_POINT('Ctrl Pts',(-6.77899073809385,0.,65.3819928318262));
#8536=CARTESIAN_POINT('Ctrl Pts',(-6.77899073809385,0.2,65.3819928318262));
#8537=CARTESIAN_POINT('Ctrl Pts',(-6.7770977360167,0.,65.4164669646361));
#8538=CARTESIAN_POINT('Ctrl Pts',(-6.7770977360167,0.2,65.4164669646361));
#8539=CARTESIAN_POINT('Ctrl Pts',(-6.77336816962779,0.,65.4843874220756));
#8540=CARTESIAN_POINT('Ctrl Pts',(-6.77336816962779,0.2,65.4843874220756));
#8541=CARTESIAN_POINT('Ctrl Pts',(-6.7446844240397,0.,65.5460396863676));
#8542=CARTESIAN_POINT('Ctrl Pts',(-6.7446844240397,0.2,65.5460396863676));
#8543=CARTESIAN_POINT('Ctrl Pts',(-6.73055958002806,0.,65.5763993412256));
#8544=CARTESIAN_POINT('Ctrl Pts',(-6.73055958002806,0.2,65.5763993412256));
#8545=CARTESIAN_POINT('',(-6.77899073809385,0.,65.3819928318262));
#8546=CARTESIAN_POINT('Ctrl Pts',(-6.77899073809385,0.,65.3819928318262));
#8547=CARTESIAN_POINT('Ctrl Pts',(-6.7770977360167,0.,65.4164669646361));
#8548=CARTESIAN_POINT('Ctrl Pts',(-6.77336816962779,0.,65.4843874220756));
#8549=CARTESIAN_POINT('Ctrl Pts',(-6.7446844240397,0.,65.5460396863676));
#8550=CARTESIAN_POINT('Ctrl Pts',(-6.73055958002806,0.,65.5763993412256));
#8551=CARTESIAN_POINT('',(-6.77899073809385,0.2,65.3819928318262));
#8552=CARTESIAN_POINT('',(-6.77899073809385,0.,65.3819928318262));
#8553=CARTESIAN_POINT('Ctrl Pts',(-6.77899073809385,0.2,65.3819928318262));
#8554=CARTESIAN_POINT('Ctrl Pts',(-6.7770977360167,0.2,65.4164669646361));
#8555=CARTESIAN_POINT('Ctrl Pts',(-6.77336816962779,0.2,65.4843874220756));
#8556=CARTESIAN_POINT('Ctrl Pts',(-6.7446844240397,0.2,65.5460396863676));
#8557=CARTESIAN_POINT('Ctrl Pts',(-6.73055958002806,0.2,65.5763993412256));
#8558=CARTESIAN_POINT('Ctrl Pts',(-6.65075074881315,0.,65.0839027017355));
#8559=CARTESIAN_POINT('Ctrl Pts',(-6.65075074881315,0.2,65.0839027017355));
#8560=CARTESIAN_POINT('Ctrl Pts',(-6.68815222232111,0.,65.1258680217821));
#8561=CARTESIAN_POINT('Ctrl Pts',(-6.68815222232111,0.2,65.1258680217821));
#8562=CARTESIAN_POINT('Ctrl Pts',(-6.76394040495254,0.,65.2109041190685));
#8563=CARTESIAN_POINT('Ctrl Pts',(-6.76394040495254,0.2,65.2109041190685));
#8564=CARTESIAN_POINT('Ctrl Pts',(-6.77393066970555,0.,65.3244711425126));
#8565=CARTESIAN_POINT('Ctrl Pts',(-6.77393066970555,0.2,65.3244711425126));
#8566=CARTESIAN_POINT('Ctrl Pts',(-6.77899073809385,0.,65.3819928318262));
#8567=CARTESIAN_POINT('Ctrl Pts',(-6.77899073809385,0.2,65.3819928318262));
#8568=CARTESIAN_POINT('',(-6.65075074881315,0.,65.0839027017355));
#8569=CARTESIAN_POINT('Ctrl Pts',(-6.65075074881315,0.,65.0839027017355));
#8570=CARTESIAN_POINT('Ctrl Pts',(-6.68815222232111,0.,65.1258680217821));
#8571=CARTESIAN_POINT('Ctrl Pts',(-6.76394040495254,0.,65.2109041190685));
#8572=CARTESIAN_POINT('Ctrl Pts',(-6.77393066970555,0.,65.3244711425126));
#8573=CARTESIAN_POINT('Ctrl Pts',(-6.77899073809385,0.,65.3819928318262));
#8574=CARTESIAN_POINT('',(-6.65075074881315,0.2,65.0839027017355));
#8575=CARTESIAN_POINT('',(-6.65075074881315,0.,65.0839027017355));
#8576=CARTESIAN_POINT('Ctrl Pts',(-6.65075074881315,0.2,65.0839027017355));
#8577=CARTESIAN_POINT('Ctrl Pts',(-6.68815222232111,0.2,65.1258680217821));
#8578=CARTESIAN_POINT('Ctrl Pts',(-6.76394040495254,0.2,65.2109041190685));
#8579=CARTESIAN_POINT('Ctrl Pts',(-6.77393066970555,0.2,65.3244711425126));
#8580=CARTESIAN_POINT('Ctrl Pts',(-6.77899073809385,0.2,65.3819928318262));
#8581=CARTESIAN_POINT('Ctrl Pts',(-6.28376554697752,0.,64.9672589451075));
#8582=CARTESIAN_POINT('Ctrl Pts',(-6.28376554697752,0.2,64.9672589451075));
#8583=CARTESIAN_POINT('Ctrl Pts',(-6.35642889768286,0.,64.9701671690567));
#8584=CARTESIAN_POINT('Ctrl Pts',(-6.35642889768286,0.2,64.9701671690567));
#8585=CARTESIAN_POINT('Ctrl Pts',(-6.49003242933183,0.,64.9755144175207));
#8586=CARTESIAN_POINT('Ctrl Pts',(-6.49003242933183,0.2,64.9755144175207));
#8587=CARTESIAN_POINT('Ctrl Pts',(-6.60040626150167,0.,65.0499504266185));
#8588=CARTESIAN_POINT('Ctrl Pts',(-6.60040626150167,0.2,65.0499504266185));
#8589=CARTESIAN_POINT('Ctrl Pts',(-6.65075074881315,0.,65.0839027017355));
#8590=CARTESIAN_POINT('Ctrl Pts',(-6.65075074881315,0.2,65.0839027017355));
#8591=CARTESIAN_POINT('',(-6.28376554697752,0.,64.9672589451075));
#8592=CARTESIAN_POINT('Ctrl Pts',(-6.28376554697752,0.,64.9672589451075));
#8593=CARTESIAN_POINT('Ctrl Pts',(-6.35642889768286,0.,64.9701671690567));
#8594=CARTESIAN_POINT('Ctrl Pts',(-6.49003242933183,0.,64.9755144175207));
#8595=CARTESIAN_POINT('Ctrl Pts',(-6.60040626150167,0.,65.0499504266185));
#8596=CARTESIAN_POINT('Ctrl Pts',(-6.65075074881315,0.,65.0839027017355));
#8597=CARTESIAN_POINT('',(-6.28376554697752,0.2,64.9672589451075));
#8598=CARTESIAN_POINT('',(-6.28376554697752,0.,64.9672589451075));
#8599=CARTESIAN_POINT('Ctrl Pts',(-6.28376554697752,0.2,64.9672589451075));
#8600=CARTESIAN_POINT('Ctrl Pts',(-6.35642889768286,0.2,64.9701671690567));
#8601=CARTESIAN_POINT('Ctrl Pts',(-6.49003242933183,0.2,64.9755144175207));
#8602=CARTESIAN_POINT('Ctrl Pts',(-6.60040626150167,0.2,65.0499504266185));
#8603=CARTESIAN_POINT('Ctrl Pts',(-6.65075074881315,0.2,65.0839027017355));
#8604=CARTESIAN_POINT('Ctrl Pts',(-6.01296078413725,0.,65.0150079280138));
#8605=CARTESIAN_POINT('Ctrl Pts',(-6.01296078413725,0.2,65.0150079280138));
#8606=CARTESIAN_POINT('Ctrl Pts',(-6.05620618403922,0.,65.00108241081));
#8607=CARTESIAN_POINT('Ctrl Pts',(-6.05620618403922,0.2,65.00108241081));
#8608=CARTESIAN_POINT('Ctrl Pts',(-6.14426049980542,0.,64.9727279062417));
#8609=CARTESIAN_POINT('Ctrl Pts',(-6.14426049980542,0.2,64.9727279062417));
#8610=CARTESIAN_POINT('Ctrl Pts',(-6.23671663928003,0.,64.9691033848093));
#8611=CARTESIAN_POINT('Ctrl Pts',(-6.23671663928003,0.2,64.9691033848093));
#8612=CARTESIAN_POINT('Ctrl Pts',(-6.28376554697752,0.,64.9672589451075));
#8613=CARTESIAN_POINT('Ctrl Pts',(-6.28376554697752,0.2,64.9672589451075));
#8614=CARTESIAN_POINT('',(-6.01296078413725,0.,65.0150079280138));
#8615=CARTESIAN_POINT('Ctrl Pts',(-6.01296078413725,0.,65.0150079280138));
#8616=CARTESIAN_POINT('Ctrl Pts',(-6.05620618403922,0.,65.00108241081));
#8617=CARTESIAN_POINT('Ctrl Pts',(-6.14426049980542,0.,64.9727279062417));
#8618=CARTESIAN_POINT('Ctrl Pts',(-6.23671663928003,0.,64.9691033848093));
#8619=CARTESIAN_POINT('Ctrl Pts',(-6.28376554697752,0.,64.9672589451075));
#8620=CARTESIAN_POINT('',(-6.01296078413725,0.2,65.0150079280138));
#8621=CARTESIAN_POINT('',(-6.01296078413725,0.,65.0150079280138));
#8622=CARTESIAN_POINT('Ctrl Pts',(-6.01296078413725,0.2,65.0150079280138));
#8623=CARTESIAN_POINT('Ctrl Pts',(-6.05620618403922,0.2,65.00108241081));
#8624=CARTESIAN_POINT('Ctrl Pts',(-6.14426049980542,0.2,64.9727279062417));
#8625=CARTESIAN_POINT('Ctrl Pts',(-6.23671663928003,0.2,64.9691033848093));
#8626=CARTESIAN_POINT('Ctrl Pts',(-6.28376554697752,0.2,64.9672589451075));
#8627=CARTESIAN_POINT('Ctrl Pts',(-5.75034122914076,0.,65.1787186414003));
#8628=CARTESIAN_POINT('Ctrl Pts',(-5.75034122914076,0.2,65.1787186414003));
#8629=CARTESIAN_POINT('Ctrl Pts',(-5.79364136916087,0.,65.1435984380315));
#8630=CARTESIAN_POINT('Ctrl Pts',(-5.79364136916087,0.2,65.1435984380315));
#8631=CARTESIAN_POINT('Ctrl Pts',(-5.87443935034978,0.,65.0780642035041));
#8632=CARTESIAN_POINT('Ctrl Pts',(-5.87443935034978,0.2,65.0780642035041));
#8633=CARTESIAN_POINT('Ctrl Pts',(-5.96905175489925,0.,65.0349957361706));
#8634=CARTESIAN_POINT('Ctrl Pts',(-5.96905175489925,0.2,65.0349957361706));
#8635=CARTESIAN_POINT('Ctrl Pts',(-6.01296078413725,0.,65.0150079280138));
#8636=CARTESIAN_POINT('Ctrl Pts',(-6.01296078413725,0.2,65.0150079280138));
#8637=CARTESIAN_POINT('',(-5.75034122914076,0.,65.1787186414003));
#8638=CARTESIAN_POINT('Ctrl Pts',(-5.75034122914076,0.,65.1787186414003));
#8639=CARTESIAN_POINT('Ctrl Pts',(-5.79364136916087,0.,65.1435984380315));
#8640=CARTESIAN_POINT('Ctrl Pts',(-5.87443935034978,0.,65.0780642035041));
#8641=CARTESIAN_POINT('Ctrl Pts',(-5.96905175489925,0.,65.0349957361706));
#8642=CARTESIAN_POINT('Ctrl Pts',(-6.01296078413725,0.,65.0150079280138));
#8643=CARTESIAN_POINT('',(-5.75034122914076,0.2,65.1787186414003));
#8644=CARTESIAN_POINT('',(-5.75034122914076,0.,65.1787186414003));
#8645=CARTESIAN_POINT('Ctrl Pts',(-5.75034122914076,0.2,65.1787186414003));
#8646=CARTESIAN_POINT('Ctrl Pts',(-5.79364136916087,0.2,65.1435984380315));
#8647=CARTESIAN_POINT('Ctrl Pts',(-5.87443935034978,0.2,65.0780642035041));
#8648=CARTESIAN_POINT('Ctrl Pts',(-5.96905175489925,0.2,65.0349957361706));
#8649=CARTESIAN_POINT('Ctrl Pts',(-6.01296078413725,0.2,65.0150079280138));
#8650=CARTESIAN_POINT('Ctrl Pts',(-5.70122819393873,0.,65.0000009685755));
#8651=CARTESIAN_POINT('Ctrl Pts',(-5.70122819393873,0.2,65.0000009685755));
#8652=CARTESIAN_POINT('Ctrl Pts',(-5.71289800306962,0.,65.0272888875379));
#8653=CARTESIAN_POINT('Ctrl Pts',(-5.71289800306962,0.2,65.0272888875379));
#8654=CARTESIAN_POINT('Ctrl Pts',(-5.73740263165718,0.,65.0845889094664));
#8655=CARTESIAN_POINT('Ctrl Pts',(-5.73740263165718,0.2,65.0845889094664));
#8656=CARTESIAN_POINT('Ctrl Pts',(-5.74589379964133,0.,65.1463630984516));
#8657=CARTESIAN_POINT('Ctrl Pts',(-5.74589379964133,0.2,65.1463630984516));
#8658=CARTESIAN_POINT('Ctrl Pts',(-5.75034122914076,0.,65.1787186414003));
#8659=CARTESIAN_POINT('Ctrl Pts',(-5.75034122914076,0.2,65.1787186414003));
#8660=CARTESIAN_POINT('Ctrl Pts',(-5.70122819393873,0.,65.0000009685755));
#8661=CARTESIAN_POINT('Ctrl Pts',(-5.71289800306962,0.,65.0272888875379));
#8662=CARTESIAN_POINT('Ctrl Pts',(-5.73740263165718,0.,65.0845889094664));
#8663=CARTESIAN_POINT('Ctrl Pts',(-5.74589379964133,0.,65.1463630984516));
#8664=CARTESIAN_POINT('Ctrl Pts',(-5.75034122914076,0.,65.1787186414003));
#8665=CARTESIAN_POINT('Ctrl Pts',(-5.70122819393873,0.2,65.0000009685755));
#8666=CARTESIAN_POINT('Ctrl Pts',(-5.71289800306962,0.2,65.0272888875379));
#8667=CARTESIAN_POINT('Ctrl Pts',(-5.73740263165718,0.2,65.0845889094664));
#8668=CARTESIAN_POINT('Ctrl Pts',(-5.74589379964133,0.2,65.1463630984516));
#8669=CARTESIAN_POINT('Ctrl Pts',(-5.75034122914076,0.2,65.1787186414003));
#8670=CARTESIAN_POINT('Origin',(-3.69099596515298,0.2,64.1616652905941));
#8671=CARTESIAN_POINT('Ctrl Pts',(-3.84447496384382,0.,64.9672589451075));
#8672=CARTESIAN_POINT('Ctrl Pts',(-3.84447496384382,0.2,64.9672589451075));
#8673=CARTESIAN_POINT('Ctrl Pts',(-3.92956552489478,0.,64.9696601206671));
#8674=CARTESIAN_POINT('Ctrl Pts',(-3.92956552489478,0.2,64.9696601206671));
#8675=CARTESIAN_POINT('Ctrl Pts',(-4.08319970580294,0.,64.9739955326772));
#8676=CARTESIAN_POINT('Ctrl Pts',(-4.08319970580294,0.2,64.9739955326772));
#8677=CARTESIAN_POINT('Ctrl Pts',(-4.2157575402451,0.,65.0504671840192));
#8678=CARTESIAN_POINT('Ctrl Pts',(-4.2157575402451,0.2,65.0504671840192));
#8679=CARTESIAN_POINT('Ctrl Pts',(-4.27489798516035,0.,65.084584876895));
#8680=CARTESIAN_POINT('Ctrl Pts',(-4.27489798516035,0.2,65.084584876895));
#8681=CARTESIAN_POINT('',(-3.84447496384382,0.,64.9672589451075));
#8682=CARTESIAN_POINT('',(-4.27489798516035,0.,65.084584876895));
#8683=CARTESIAN_POINT('Ctrl Pts',(-3.84447496384382,0.,64.9672589451075));
#8684=CARTESIAN_POINT('Ctrl Pts',(-3.92956552489478,0.,64.9696601206671));
#8685=CARTESIAN_POINT('Ctrl Pts',(-4.08319970580294,0.,64.9739955326772));
#8686=CARTESIAN_POINT('Ctrl Pts',(-4.2157575402451,0.,65.0504671840192));
#8687=CARTESIAN_POINT('Ctrl Pts',(-4.27489798516035,0.,65.084584876895));
#8688=CARTESIAN_POINT('',(-3.84447496384382,0.2,64.9672589451075));
#8689=CARTESIAN_POINT('',(-3.84447496384382,0.,64.9672589451075));
#8690=CARTESIAN_POINT('',(-4.27489798516035,0.2,65.084584876895));
#8691=CARTESIAN_POINT('Ctrl Pts',(-3.84447496384382,0.2,64.9672589451075));
#8692=CARTESIAN_POINT('Ctrl Pts',(-3.92956552489478,0.2,64.9696601206671));
#8693=CARTESIAN_POINT('Ctrl Pts',(-4.08319970580294,0.2,64.9739955326772));
#8694=CARTESIAN_POINT('Ctrl Pts',(-4.2157575402451,0.2,65.0504671840192));
#8695=CARTESIAN_POINT('Ctrl Pts',(-4.27489798516035,0.2,65.084584876895));
#8696=CARTESIAN_POINT('',(-4.27489798516035,0.,65.084584876895));
#8697=CARTESIAN_POINT('Ctrl Pts',(-3.53888135403395,0.,65.0266040116549));
#8698=CARTESIAN_POINT('Ctrl Pts',(-3.53888135403395,0.2,65.0266040116549));
#8699=CARTESIAN_POINT('Ctrl Pts',(-3.58636882437361,0.,65.0093016473949));
#8700=CARTESIAN_POINT('Ctrl Pts',(-3.58636882437361,0.2,65.0093016473949));
#8701=CARTESIAN_POINT('Ctrl Pts',(-3.68502849660962,0.,64.9733543633096));
#8702=CARTESIAN_POINT('Ctrl Pts',(-3.68502849660962,0.2,64.9733543633096));
#8703=CARTESIAN_POINT('Ctrl Pts',(-3.79001908214164,0.,64.9693407182461));
#8704=CARTESIAN_POINT('Ctrl Pts',(-3.79001908214164,0.2,64.9693407182461));
#8705=CARTESIAN_POINT('Ctrl Pts',(-3.84447496384382,0.,64.9672589451075));
#8706=CARTESIAN_POINT('Ctrl Pts',(-3.84447496384382,0.2,64.9672589451075));
#8707=CARTESIAN_POINT('',(-3.53888135403395,0.,65.0266040116549));
#8708=CARTESIAN_POINT('Ctrl Pts',(-3.53888135403395,0.,65.0266040116549));
#8709=CARTESIAN_POINT('Ctrl Pts',(-3.58636882437361,0.,65.0093016473949));
#8710=CARTESIAN_POINT('Ctrl Pts',(-3.68502849660962,0.,64.9733543633096));
#8711=CARTESIAN_POINT('Ctrl Pts',(-3.79001908214164,0.,64.9693407182461));
#8712=CARTESIAN_POINT('Ctrl Pts',(-3.84447496384382,0.,64.9672589451075));
#8713=CARTESIAN_POINT('',(-3.53888135403395,0.2,65.0266040116549));
#8714=CARTESIAN_POINT('',(-3.53888135403395,0.,65.0266040116549));
#8715=CARTESIAN_POINT('Ctrl Pts',(-3.53888135403395,0.2,65.0266040116549));
#8716=CARTESIAN_POINT('Ctrl Pts',(-3.58636882437361,0.2,65.0093016473949));
#8717=CARTESIAN_POINT('Ctrl Pts',(-3.68502849660962,0.2,64.9733543633096));
#8718=CARTESIAN_POINT('Ctrl Pts',(-3.79001908214164,0.2,64.9693407182461));
#8719=CARTESIAN_POINT('Ctrl Pts',(-3.84447496384382,0.2,64.9672589451075));
#8720=CARTESIAN_POINT('Ctrl Pts',(-3.33219688385725,0.,65.1944074779749));
#8721=CARTESIAN_POINT('Ctrl Pts',(-3.33219688385725,0.2,65.1944074779749));
#8722=CARTESIAN_POINT('Ctrl Pts',(-3.35942820742463,0.,65.1599945139939));
#8723=CARTESIAN_POINT('Ctrl Pts',(-3.35942820742463,0.2,65.1599945139939));
#8724=CARTESIAN_POINT('Ctrl Pts',(-3.41578624514452,0.,65.0887733294159));
#8725=CARTESIAN_POINT('Ctrl Pts',(-3.41578624514452,0.2,65.0887733294159));
#8726=CARTESIAN_POINT('Ctrl Pts',(-3.49693988527299,0.,65.0477865957745));
#8727=CARTESIAN_POINT('Ctrl Pts',(-3.49693988527299,0.2,65.0477865957745));
#8728=CARTESIAN_POINT('Ctrl Pts',(-3.53888135403395,0.,65.0266040116549));
#8729=CARTESIAN_POINT('Ctrl Pts',(-3.53888135403395,0.2,65.0266040116549));
#8730=CARTESIAN_POINT('',(-3.33219688385725,0.,65.1944074779749));
#8731=CARTESIAN_POINT('Ctrl Pts',(-3.33219688385725,0.,65.1944074779749));
#8732=CARTESIAN_POINT('Ctrl Pts',(-3.35942820742463,0.,65.1599945139939));
#8733=CARTESIAN_POINT('Ctrl Pts',(-3.41578624514452,0.,65.0887733294159));
#8734=CARTESIAN_POINT('Ctrl Pts',(-3.49693988527299,0.,65.0477865957745));
#8735=CARTESIAN_POINT('Ctrl Pts',(-3.53888135403395,0.,65.0266040116549));
#8736=CARTESIAN_POINT('',(-3.33219688385725,0.2,65.1944074779749));
#8737=CARTESIAN_POINT('',(-3.33219688385725,0.,65.1944074779749));
#8738=CARTESIAN_POINT('Ctrl Pts',(-3.33219688385725,0.2,65.1944074779749));
#8739=CARTESIAN_POINT('Ctrl Pts',(-3.35942820742463,0.2,65.1599945139939));
#8740=CARTESIAN_POINT('Ctrl Pts',(-3.41578624514452,0.2,65.0887733294159));
#8741=CARTESIAN_POINT('Ctrl Pts',(-3.49693988527299,0.2,65.0477865957745));
#8742=CARTESIAN_POINT('Ctrl Pts',(-3.53888135403395,0.2,65.0266040116549));
#8743=CARTESIAN_POINT('Ctrl Pts',(-3.2605729624629,0.,65.425649061799));
#8744=CARTESIAN_POINT('Ctrl Pts',(-3.2605729624629,0.2,65.425649061799));
#8745=CARTESIAN_POINT('Ctrl Pts',(-3.26373420011971,0.,65.3850525193095));
#8746=CARTESIAN_POINT('Ctrl Pts',(-3.26373420011971,0.2,65.3850525193095));
#8747=CARTESIAN_POINT('Ctrl Pts',(-3.27015403696019,0.,65.3026091198044));
#8748=CARTESIAN_POINT('Ctrl Pts',(-3.27015403696019,0.2,65.3026091198044));
#8749=CARTESIAN_POINT('Ctrl Pts',(-3.31130789210828,0.,65.2308375149001));
#8750=CARTESIAN_POINT('Ctrl Pts',(-3.31130789210828,0.2,65.2308375149001));
#8751=CARTESIAN_POINT('Ctrl Pts',(-3.33219688385725,0.,65.1944074779749));
#8752=CARTESIAN_POINT('Ctrl Pts',(-3.33219688385725,0.2,65.1944074779749));
#8753=CARTESIAN_POINT('',(-3.2605729624629,0.,65.425649061799));
#8754=CARTESIAN_POINT('Ctrl Pts',(-3.2605729624629,0.,65.425649061799));
#8755=CARTESIAN_POINT('Ctrl Pts',(-3.26373420011971,0.,65.3850525193095));
#8756=CARTESIAN_POINT('Ctrl Pts',(-3.27015403696019,0.,65.3026091198044));
#8757=CARTESIAN_POINT('Ctrl Pts',(-3.31130789210828,0.,65.2308375149001));
#8758=CARTESIAN_POINT('Ctrl Pts',(-3.33219688385725,0.,65.1944074779749));
#8759=CARTESIAN_POINT('',(-3.2605729624629,0.2,65.425649061799));
#8760=CARTESIAN_POINT('',(-3.2605729624629,0.,65.425649061799));
#8761=CARTESIAN_POINT('Ctrl Pts',(-3.2605729624629,0.2,65.425649061799));
#8762=CARTESIAN_POINT('Ctrl Pts',(-3.26373420011971,0.2,65.3850525193095));
#8763=CARTESIAN_POINT('Ctrl Pts',(-3.27015403696019,0.2,65.3026091198044));
#8764=CARTESIAN_POINT('Ctrl Pts',(-3.31130789210828,0.2,65.2308375149001));
#8765=CARTESIAN_POINT('Ctrl Pts',(-3.33219688385725,0.2,65.1944074779749));
#8766=CARTESIAN_POINT('Ctrl Pts',(-3.31923644989729,0.,65.635744407773));
#8767=CARTESIAN_POINT('Ctrl Pts',(-3.31923644989729,0.2,65.635744407773));
#8768=CARTESIAN_POINT('Ctrl Pts',(-3.30213919867529,0.,65.6048396531984));
#8769=CARTESIAN_POINT('Ctrl Pts',(-3.30213919867529,0.2,65.6048396531984));
#8770=CARTESIAN_POINT('Ctrl Pts',(-3.26603385043575,0.,65.5395761256473));
#8771=CARTESIAN_POINT('Ctrl Pts',(-3.26603385043575,0.2,65.5395761256473));
#8772=CARTESIAN_POINT('Ctrl Pts',(-3.26245637018502,0.,65.4649414100173));
#8773=CARTESIAN_POINT('Ctrl Pts',(-3.26245637018502,0.2,65.4649414100173));
#8774=CARTESIAN_POINT('Ctrl Pts',(-3.2605729624629,0.,65.425649061799));
#8775=CARTESIAN_POINT('Ctrl Pts',(-3.2605729624629,0.2,65.425649061799));
#8776=CARTESIAN_POINT('',(-3.31923644989729,0.,65.635744407773));
#8777=CARTESIAN_POINT('Ctrl Pts',(-3.31923644989729,0.,65.635744407773));
#8778=CARTESIAN_POINT('Ctrl Pts',(-3.30213919867529,0.,65.6048396531984));
#8779=CARTESIAN_POINT('Ctrl Pts',(-3.26603385043575,0.,65.5395761256473));
#8780=CARTESIAN_POINT('Ctrl Pts',(-3.26245637018502,0.,65.4649414100173));
#8781=CARTESIAN_POINT('Ctrl Pts',(-3.2605729624629,0.,65.425649061799));
#8782=CARTESIAN_POINT('',(-3.31923644989729,0.2,65.635744407773));
#8783=CARTESIAN_POINT('',(-3.31923644989729,0.,65.635744407773));
#8784=CARTESIAN_POINT('Ctrl Pts',(-3.31923644989729,0.2,65.635744407773));
#8785=CARTESIAN_POINT('Ctrl Pts',(-3.30213919867529,0.2,65.6048396531984));
#8786=CARTESIAN_POINT('Ctrl Pts',(-3.26603385043575,0.2,65.5395761256473));
#8787=CARTESIAN_POINT('Ctrl Pts',(-3.26245637018502,0.2,65.4649414100173));
#8788=CARTESIAN_POINT('Ctrl Pts',(-3.2605729624629,0.2,65.425649061799));
#8789=CARTESIAN_POINT('Ctrl Pts',(-3.48090093582869,0.,65.7646667212248));
#8790=CARTESIAN_POINT('Ctrl Pts',(-3.48090093582869,0.2,65.7646667212248));
#8791=CARTESIAN_POINT('Ctrl Pts',(-3.44864854877002,0.,65.7485432090089));
#8792=CARTESIAN_POINT('Ctrl Pts',(-3.44864854877002,0.2,65.7485432090089));
#8793=CARTESIAN_POINT('Ctrl Pts',(-3.3855745800861,0.,65.7170114683433));
#8794=CARTESIAN_POINT('Ctrl Pts',(-3.3855745800861,0.2,65.7170114683433));
#8795=CARTESIAN_POINT('Ctrl Pts',(-3.3410122005878,0.,65.66242063825));
#8796=CARTESIAN_POINT('Ctrl Pts',(-3.3410122005878,0.2,65.66242063825));
#8797=CARTESIAN_POINT('Ctrl Pts',(-3.31923644989729,0.,65.635744407773));
#8798=CARTESIAN_POINT('Ctrl Pts',(-3.31923644989729,0.2,65.635744407773));
#8799=CARTESIAN_POINT('',(-3.48090093582869,0.,65.7646667212248));
#8800=CARTESIAN_POINT('Ctrl Pts',(-3.48090093582869,0.,65.7646667212248));
#8801=CARTESIAN_POINT('Ctrl Pts',(-3.44864854877002,0.,65.7485432090089));
#8802=CARTESIAN_POINT('Ctrl Pts',(-3.3855745800861,0.,65.7170114683433));
#8803=CARTESIAN_POINT('Ctrl Pts',(-3.3410122005878,0.,65.66242063825));
#8804=CARTESIAN_POINT('Ctrl Pts',(-3.31923644989729,0.,65.635744407773));
#8805=CARTESIAN_POINT('',(-3.48090093582869,0.2,65.7646667212248));
#8806=CARTESIAN_POINT('',(-3.48090093582869,0.,65.7646667212248));
#8807=CARTESIAN_POINT('Ctrl Pts',(-3.48090093582869,0.2,65.7646667212248));
#8808=CARTESIAN_POINT('Ctrl Pts',(-3.44864854877002,0.2,65.7485432090089));
#8809=CARTESIAN_POINT('Ctrl Pts',(-3.3855745800861,0.2,65.7170114683433));
#8810=CARTESIAN_POINT('Ctrl Pts',(-3.3410122005878,0.2,65.66242063825));
#8811=CARTESIAN_POINT('Ctrl Pts',(-3.31923644989729,0.2,65.635744407773));
#8812=CARTESIAN_POINT('Ctrl Pts',(-3.84447496384382,0.,65.8785820752382));
#8813=CARTESIAN_POINT('Ctrl Pts',(-3.84447496384382,0.2,65.8785820752382));
#8814=CARTESIAN_POINT('Ctrl Pts',(-3.77030260617639,0.,65.8588837953276));
#8815=CARTESIAN_POINT('Ctrl Pts',(-3.77030260617639,0.2,65.8588837953276));
#8816=CARTESIAN_POINT('Ctrl Pts',(-3.6474021029363,0.,65.8262445670474));
#8817=CARTESIAN_POINT('Ctrl Pts',(-3.6474021029363,0.2,65.8262445670474));
#8818=CARTESIAN_POINT('Ctrl Pts',(-3.52817330652531,0.,65.7821496662695));
#8819=CARTESIAN_POINT('Ctrl Pts',(-3.52817330652531,0.2,65.7821496662695));
#8820=CARTESIAN_POINT('Ctrl Pts',(-3.48090093582869,0.,65.7646667212248));
#8821=CARTESIAN_POINT('Ctrl Pts',(-3.48090093582869,0.2,65.7646667212248));
#8822=CARTESIAN_POINT('',(-3.84447496384382,0.,65.8785820752382));
#8823=CARTESIAN_POINT('Ctrl Pts',(-3.84447496384382,0.,65.8785820752382));
#8824=CARTESIAN_POINT('Ctrl Pts',(-3.77030260617639,0.,65.8588837953276));
#8825=CARTESIAN_POINT('Ctrl Pts',(-3.6474021029363,0.,65.8262445670474));
#8826=CARTESIAN_POINT('Ctrl Pts',(-3.52817330652531,0.,65.7821496662695));
#8827=CARTESIAN_POINT('Ctrl Pts',(-3.48090093582869,0.,65.7646667212248));
#8828=CARTESIAN_POINT('',(-3.84447496384382,0.2,65.8785820752382));
#8829=CARTESIAN_POINT('',(-3.84447496384382,0.,65.8785820752382));
#8830=CARTESIAN_POINT('Ctrl Pts',(-3.84447496384382,0.2,65.8785820752382));
#8831=CARTESIAN_POINT('Ctrl Pts',(-3.77030260617639,0.2,65.8588837953276));
#8832=CARTESIAN_POINT('Ctrl Pts',(-3.6474021029363,0.2,65.8262445670474));
#8833=CARTESIAN_POINT('Ctrl Pts',(-3.52817330652531,0.2,65.7821496662695));
#8834=CARTESIAN_POINT('Ctrl Pts',(-3.48090093582869,0.2,65.7646667212248));
#8835=CARTESIAN_POINT('Ctrl Pts',(-4.06139176338911,0.,65.9413380175829));
#8836=CARTESIAN_POINT('Ctrl Pts',(-4.06139176338911,0.2,65.9413380175829));
#8837=CARTESIAN_POINT('Ctrl Pts',(-4.03721045586872,0.,65.9337181545593));
#8838=CARTESIAN_POINT('Ctrl Pts',(-4.03721045586872,0.2,65.9337181545593));
#8839=CARTESIAN_POINT('Ctrl Pts',(-3.96540744228305,0.,65.9110920361105));
#8840=CARTESIAN_POINT('Ctrl Pts',(-3.96540744228305,0.2,65.9110920361105));
#8841=CARTESIAN_POINT('Ctrl Pts',(-3.89269790260232,0.,65.8915457213358));
#8842=CARTESIAN_POINT('Ctrl Pts',(-3.89269790260232,0.2,65.8915457213358));
#8843=CARTESIAN_POINT('Ctrl Pts',(-3.84447496384382,0.,65.8785820752382));
#8844=CARTESIAN_POINT('Ctrl Pts',(-3.84447496384382,0.2,65.8785820752382));
#8845=CARTESIAN_POINT('',(-4.06139176338911,0.,65.9413380175829));
#8846=CARTESIAN_POINT('Ctrl Pts',(-4.06139176338911,0.,65.9413380175829));
#8847=CARTESIAN_POINT('Ctrl Pts',(-4.03721045586872,0.,65.9337181545593));
#8848=CARTESIAN_POINT('Ctrl Pts',(-3.96540744228305,0.,65.9110920361105));
#8849=CARTESIAN_POINT('Ctrl Pts',(-3.89269790260232,0.,65.8915457213358));
#8850=CARTESIAN_POINT('Ctrl Pts',(-3.84447496384382,0.,65.8785820752382));
#8851=CARTESIAN_POINT('',(-4.06139176338911,0.2,65.9413380175829));
#8852=CARTESIAN_POINT('',(-4.06139176338911,0.,65.9413380175829));
#8853=CARTESIAN_POINT('Ctrl Pts',(-4.06139176338911,0.2,65.9413380175829));
#8854=CARTESIAN_POINT('Ctrl Pts',(-4.03721045586872,0.2,65.9337181545593));
#8855=CARTESIAN_POINT('Ctrl Pts',(-3.96540744228305,0.2,65.9110920361105));
#8856=CARTESIAN_POINT('Ctrl Pts',(-3.89269790260232,0.2,65.8915457213358));
#8857=CARTESIAN_POINT('Ctrl Pts',(-3.84447496384382,0.2,65.8785820752382));
#8858=CARTESIAN_POINT('Ctrl Pts',(-4.15552537888289,0.,66.0068222135305));
#8859=CARTESIAN_POINT('Ctrl Pts',(-4.15552537888289,0.2,66.0068222135305));
#8860=CARTESIAN_POINT('Ctrl Pts',(-4.14330251246386,0.,65.9938963590129));
#8861=CARTESIAN_POINT('Ctrl Pts',(-4.14330251246386,0.2,65.9938963590129));
#8862=CARTESIAN_POINT('Ctrl Pts',(-4.11654059251273,0.,65.9655952492698));
#8863=CARTESIAN_POINT('Ctrl Pts',(-4.11654059251273,0.2,65.9655952492698));
#8864=CARTESIAN_POINT('Ctrl Pts',(-4.08080563457029,0.,65.9498772155798));
#8865=CARTESIAN_POINT('Ctrl Pts',(-4.08080563457029,0.2,65.9498772155798));
#8866=CARTESIAN_POINT('Ctrl Pts',(-4.06139176338911,0.,65.9413380175829));
#8867=CARTESIAN_POINT('Ctrl Pts',(-4.06139176338911,0.2,65.9413380175829));
#8868=CARTESIAN_POINT('',(-4.15552537888289,0.,66.0068222135305));
#8869=CARTESIAN_POINT('Ctrl Pts',(-4.15552537888289,0.,66.0068222135305));
#8870=CARTESIAN_POINT('Ctrl Pts',(-4.14330251246386,0.,65.9938963590129));
#8871=CARTESIAN_POINT('Ctrl Pts',(-4.11654059251273,0.,65.9655952492698));
#8872=CARTESIAN_POINT('Ctrl Pts',(-4.08080563457029,0.,65.9498772155798));
#8873=CARTESIAN_POINT('Ctrl Pts',(-4.06139176338911,0.,65.9413380175829));
#8874=CARTESIAN_POINT('',(-4.15552537888289,0.2,66.0068222135305));
#8875=CARTESIAN_POINT('',(-4.15552537888289,0.,66.0068222135305));
#8876=CARTESIAN_POINT('Ctrl Pts',(-4.15552537888289,0.2,66.0068222135305));
#8877=CARTESIAN_POINT('Ctrl Pts',(-4.14330251246386,0.2,65.9938963590129));
#8878=CARTESIAN_POINT('Ctrl Pts',(-4.11654059251273,0.2,65.9655952492698));
#8879=CARTESIAN_POINT('Ctrl Pts',(-4.08080563457029,0.2,65.9498772155798));
#8880=CARTESIAN_POINT('Ctrl Pts',(-4.06139176338911,0.2,65.9413380175829));
#8881=CARTESIAN_POINT('Ctrl Pts',(-4.18553929775953,0.,66.0927704721689));
#8882=CARTESIAN_POINT('Ctrl Pts',(-4.18553929775953,0.2,66.0927704721689));
#8883=CARTESIAN_POINT('Ctrl Pts',(-4.18426535149023,0.,66.0772225104315));
#8884=CARTESIAN_POINT('Ctrl Pts',(-4.18426535149023,0.2,66.0772225104315));
#8885=CARTESIAN_POINT('Ctrl Pts',(-4.1817054554061,0.,66.0459800888891));
#8886=CARTESIAN_POINT('Ctrl Pts',(-4.1817054554061,0.2,66.0459800888891));
#8887=CARTESIAN_POINT('Ctrl Pts',(-4.16427930856227,0.,66.0199155781347));
#8888=CARTESIAN_POINT('Ctrl Pts',(-4.16427930856227,0.2,66.0199155781347));
#8889=CARTESIAN_POINT('Ctrl Pts',(-4.15552537888289,0.,66.0068222135305));
#8890=CARTESIAN_POINT('Ctrl Pts',(-4.15552537888289,0.2,66.0068222135305));
#8891=CARTESIAN_POINT('',(-4.18553929775953,0.,66.0927704721689));
#8892=CARTESIAN_POINT('Ctrl Pts',(-4.18553929775953,0.,66.0927704721689));
#8893=CARTESIAN_POINT('Ctrl Pts',(-4.18426535149023,0.,66.0772225104315));
#8894=CARTESIAN_POINT('Ctrl Pts',(-4.1817054554061,0.,66.0459800888891));
#8895=CARTESIAN_POINT('Ctrl Pts',(-4.16427930856227,0.,66.0199155781347));
#8896=CARTESIAN_POINT('Ctrl Pts',(-4.15552537888289,0.,66.0068222135305));
#8897=CARTESIAN_POINT('',(-4.18553929775953,0.2,66.0927704721689));
#8898=CARTESIAN_POINT('',(-4.18553929775953,0.,66.0927704721689));
#8899=CARTESIAN_POINT('Ctrl Pts',(-4.18553929775953,0.2,66.0927704721689));
#8900=CARTESIAN_POINT('Ctrl Pts',(-4.18426535149023,0.2,66.0772225104315));
#8901=CARTESIAN_POINT('Ctrl Pts',(-4.1817054554061,0.2,66.0459800888891));
#8902=CARTESIAN_POINT('Ctrl Pts',(-4.16427930856227,0.2,66.0199155781347));
#8903=CARTESIAN_POINT('Ctrl Pts',(-4.15552537888289,0.2,66.0068222135305));
#8904=CARTESIAN_POINT('Ctrl Pts',(-4.11323349922896,0.,66.2237390130758));
#8905=CARTESIAN_POINT('Ctrl Pts',(-4.11323349922896,0.2,66.2237390130758));
#8906=CARTESIAN_POINT('Ctrl Pts',(-4.13430161220027,0.,66.2050999612403));
#8907=CARTESIAN_POINT('Ctrl Pts',(-4.13430161220027,0.2,66.2050999612403));
#8908=CARTESIAN_POINT('Ctrl Pts',(-4.17414581511058,0.,66.1698496203864));
#8909=CARTESIAN_POINT('Ctrl Pts',(-4.17414581511058,0.2,66.1698496203864));
#8910=CARTESIAN_POINT('Ctrl Pts',(-4.18188996329638,0.,66.1174589366751));
#8911=CARTESIAN_POINT('Ctrl Pts',(-4.18188996329638,0.2,66.1174589366751));
#8912=CARTESIAN_POINT('Ctrl Pts',(-4.18553929775953,0.,66.0927704721689));
#8913=CARTESIAN_POINT('Ctrl Pts',(-4.18553929775953,0.2,66.0927704721689));
#8914=CARTESIAN_POINT('',(-4.11323349922896,0.,66.2237390130758));
#8915=CARTESIAN_POINT('Ctrl Pts',(-4.11323349922896,0.,66.2237390130758));
#8916=CARTESIAN_POINT('Ctrl Pts',(-4.13430161220027,0.,66.2050999612403));
#8917=CARTESIAN_POINT('Ctrl Pts',(-4.17414581511058,0.,66.1698496203864));
#8918=CARTESIAN_POINT('Ctrl Pts',(-4.18188996329638,0.,66.1174589366751));
#8919=CARTESIAN_POINT('Ctrl Pts',(-4.18553929775953,0.,66.0927704721689));
#8920=CARTESIAN_POINT('',(-4.11323349922896,0.2,66.2237390130758));
#8921=CARTESIAN_POINT('',(-4.11323349922896,0.,66.2237390130758));
#8922=CARTESIAN_POINT('Ctrl Pts',(-4.11323349922896,0.2,66.2237390130758));
#8923=CARTESIAN_POINT('Ctrl Pts',(-4.13430161220027,0.2,66.2050999612403));
#8924=CARTESIAN_POINT('Ctrl Pts',(-4.17414581511058,0.2,66.1698496203864));
#8925=CARTESIAN_POINT('Ctrl Pts',(-4.18188996329638,0.2,66.1174589366751));
#8926=CARTESIAN_POINT('Ctrl Pts',(-4.18553929775953,0.2,66.0927704721689));
#8927=CARTESIAN_POINT('Ctrl Pts',(-3.87176018208265,0.,66.2796735018492));
#8928=CARTESIAN_POINT('Ctrl Pts',(-3.87176018208265,0.2,66.2796735018492));
#8929=CARTESIAN_POINT('Ctrl Pts',(-3.92118004452902,0.,66.2792753422635));
#8930=CARTESIAN_POINT('Ctrl Pts',(-3.92118004452902,0.2,66.2792753422635));
#8931=CARTESIAN_POINT('Ctrl Pts',(-4.00631588049335,0.,66.2785894308203));
#8932=CARTESIAN_POINT('Ctrl Pts',(-4.00631588049335,0.2,66.2785894308203));
#8933=CARTESIAN_POINT('Ctrl Pts',(-4.08163557069381,0.,66.2399492467165));
#8934=CARTESIAN_POINT('Ctrl Pts',(-4.08163557069381,0.2,66.2399492467165));
#8935=CARTESIAN_POINT('Ctrl Pts',(-4.11323349922896,0.,66.2237390130758));
#8936=CARTESIAN_POINT('Ctrl Pts',(-4.11323349922896,0.2,66.2237390130758));
#8937=CARTESIAN_POINT('',(-3.87176018208265,0.,66.2796735018492));
#8938=CARTESIAN_POINT('Ctrl Pts',(-3.87176018208265,0.,66.2796735018492));
#8939=CARTESIAN_POINT('Ctrl Pts',(-3.92118004452902,0.,66.2792753422635));
#8940=CARTESIAN_POINT('Ctrl Pts',(-4.00631588049335,0.,66.2785894308203));
#8941=CARTESIAN_POINT('Ctrl Pts',(-4.08163557069381,0.,66.2399492467165));
#8942=CARTESIAN_POINT('Ctrl Pts',(-4.11323349922896,0.,66.2237390130758));
#8943=CARTESIAN_POINT('',(-3.87176018208265,0.2,66.2796735018492));
#8944=CARTESIAN_POINT('',(-3.87176018208265,0.,66.2796735018492));
#8945=CARTESIAN_POINT('Ctrl Pts',(-3.87176018208265,0.2,66.2796735018492));
#8946=CARTESIAN_POINT('Ctrl Pts',(-3.92118004452902,0.2,66.2792753422635));
#8947=CARTESIAN_POINT('Ctrl Pts',(-4.00631588049335,0.2,66.2785894308203));
#8948=CARTESIAN_POINT('Ctrl Pts',(-4.08163557069381,0.2,66.2399492467165));
#8949=CARTESIAN_POINT('Ctrl Pts',(-4.11323349922896,0.2,66.2237390130758));
#8950=CARTESIAN_POINT('Ctrl Pts',(-3.65006845444441,0.,66.2169177085161));
#8951=CARTESIAN_POINT('Ctrl Pts',(-3.65006845444441,0.2,66.2169177085161));
#8952=CARTESIAN_POINT('Ctrl Pts',(-3.68084338380074,0.,66.2351779641521));
#8953=CARTESIAN_POINT('Ctrl Pts',(-3.68084338380074,0.2,66.2351779641521));
#8954=CARTESIAN_POINT('Ctrl Pts',(-3.74888859692115,0.,66.2755524836839));
#8955=CARTESIAN_POINT('Ctrl Pts',(-3.74888859692115,0.2,66.2755524836839));
#8956=CARTESIAN_POINT('Ctrl Pts',(-3.82827694380354,0.,66.2782151075866));
#8957=CARTESIAN_POINT('Ctrl Pts',(-3.82827694380354,0.2,66.2782151075866));
#8958=CARTESIAN_POINT('Ctrl Pts',(-3.87176018208265,0.,66.2796735018492));
#8959=CARTESIAN_POINT('Ctrl Pts',(-3.87176018208265,0.2,66.2796735018492));
#8960=CARTESIAN_POINT('',(-3.65006845444441,0.,66.2169177085161));
#8961=CARTESIAN_POINT('Ctrl Pts',(-3.65006845444441,0.,66.2169177085161));
#8962=CARTESIAN_POINT('Ctrl Pts',(-3.68084338380074,0.,66.2351779641521));
#8963=CARTESIAN_POINT('Ctrl Pts',(-3.74888859692115,0.,66.2755524836839));
#8964=CARTESIAN_POINT('Ctrl Pts',(-3.82827694380354,0.,66.2782151075866));
#8965=CARTESIAN_POINT('Ctrl Pts',(-3.87176018208265,0.,66.2796735018492));
#8966=CARTESIAN_POINT('',(-3.65006845444441,0.2,66.2169177085161));
#8967=CARTESIAN_POINT('',(-3.65006845444441,0.,66.2169177085161));
#8968=CARTESIAN_POINT('Ctrl Pts',(-3.65006845444441,0.2,66.2169177085161));
#8969=CARTESIAN_POINT('Ctrl Pts',(-3.68084338380074,0.2,66.2351779641521));
#8970=CARTESIAN_POINT('Ctrl Pts',(-3.74888859692115,0.2,66.2755524836839));
#8971=CARTESIAN_POINT('Ctrl Pts',(-3.82827694380354,0.2,66.2782151075866));
#8972=CARTESIAN_POINT('Ctrl Pts',(-3.87176018208265,0.2,66.2796735018492));
#8973=CARTESIAN_POINT('Ctrl Pts',(-3.55525236576796,0.,66.0422927886248));
#8974=CARTESIAN_POINT('Ctrl Pts',(-3.55525236576796,0.2,66.0422927886248));
#8975=CARTESIAN_POINT('Ctrl Pts',(-3.56284355977187,0.,66.0771650665772));
#8976=CARTESIAN_POINT('Ctrl Pts',(-3.56284355977187,0.2,66.0771650665772));
#8977=CARTESIAN_POINT('Ctrl Pts',(-3.57754364251578,0.,66.1446940180312));
#8978=CARTESIAN_POINT('Ctrl Pts',(-3.57754364251578,0.2,66.1446940180312));
#8979=CARTESIAN_POINT('Ctrl Pts',(-3.62642814571779,0.,66.1933755538378));
#8980=CARTESIAN_POINT('Ctrl Pts',(-3.62642814571779,0.2,66.1933755538378));
#8981=CARTESIAN_POINT('Ctrl Pts',(-3.65006845444441,0.,66.2169177085161));
#8982=CARTESIAN_POINT('Ctrl Pts',(-3.65006845444441,0.2,66.2169177085161));
#8983=CARTESIAN_POINT('',(-3.55525236576796,0.,66.0422927886248));
#8984=CARTESIAN_POINT('Ctrl Pts',(-3.55525236576796,0.,66.0422927886248));
#8985=CARTESIAN_POINT('Ctrl Pts',(-3.56284355977187,0.,66.0771650665772));
#8986=CARTESIAN_POINT('Ctrl Pts',(-3.57754364251578,0.,66.1446940180312));
#8987=CARTESIAN_POINT('Ctrl Pts',(-3.62642814571779,0.,66.1933755538378));
#8988=CARTESIAN_POINT('Ctrl Pts',(-3.65006845444441,0.,66.2169177085161));
#8989=CARTESIAN_POINT('',(-3.55525236576796,0.2,66.0422927886248));
#8990=CARTESIAN_POINT('',(-3.55525236576796,0.,66.0422927886248));
#8991=CARTESIAN_POINT('Ctrl Pts',(-3.55525236576796,0.2,66.0422927886248));
#8992=CARTESIAN_POINT('Ctrl Pts',(-3.56284355977187,0.2,66.0771650665772));
#8993=CARTESIAN_POINT('Ctrl Pts',(-3.57754364251578,0.2,66.1446940180312));
#8994=CARTESIAN_POINT('Ctrl Pts',(-3.62642814571779,0.2,66.1933755538378));
#8995=CARTESIAN_POINT('Ctrl Pts',(-3.65006845444441,0.2,66.2169177085161));
#8996=CARTESIAN_POINT('Origin',(-3.31514339894056,0.,66.075035110116));
#8997=CARTESIAN_POINT('',(-3.31514339894056,0.,66.075035110116));
#8998=CARTESIAN_POINT('',(11.356637456917,0.,68.0757440881229));
#8999=CARTESIAN_POINT('',(-3.31514339894056,0.2,66.075035110116));
#9000=CARTESIAN_POINT('',(-3.31514339894056,0.,66.075035110116));
#9001=CARTESIAN_POINT('',(-3.31514339894056,0.2,66.075035110116));
#9002=CARTESIAN_POINT('Ctrl Pts',(-3.39972715824843,0.,66.2994552403688));
#9003=CARTESIAN_POINT('Ctrl Pts',(-3.39972715824843,0.2,66.2994552403688));
#9004=CARTESIAN_POINT('Ctrl Pts',(-3.38060748980997,0.,66.2674831209166));
#9005=CARTESIAN_POINT('Ctrl Pts',(-3.38060748980997,0.2,66.2674831209166));
#9006=CARTESIAN_POINT('Ctrl Pts',(-3.33898600881534,0.,66.1978832234902));
#9007=CARTESIAN_POINT('Ctrl Pts',(-3.33898600881534,0.2,66.1978832234902));
#9008=CARTESIAN_POINT('Ctrl Pts',(-3.32351012355098,0.,66.1181443309148));
#9009=CARTESIAN_POINT('Ctrl Pts',(-3.32351012355098,0.2,66.1181443309148));
#9010=CARTESIAN_POINT('Ctrl Pts',(-3.31514339894056,0.,66.075035110116));
#9011=CARTESIAN_POINT('Ctrl Pts',(-3.31514339894056,0.2,66.075035110116));
#9012=CARTESIAN_POINT('',(-3.39972715824843,0.,66.2994552403688));
#9013=CARTESIAN_POINT('Ctrl Pts',(-3.39972715824843,0.,66.2994552403688));
#9014=CARTESIAN_POINT('Ctrl Pts',(-3.38060748980997,0.,66.2674831209166));
#9015=CARTESIAN_POINT('Ctrl Pts',(-3.33898600881534,0.,66.1978832234902));
#9016=CARTESIAN_POINT('Ctrl Pts',(-3.32351012355098,0.,66.1181443309148));
#9017=CARTESIAN_POINT('Ctrl Pts',(-3.31514339894056,0.,66.075035110116));
#9018=CARTESIAN_POINT('',(-3.39972715824843,0.2,66.2994552403688));
#9019=CARTESIAN_POINT('',(-3.39972715824843,0.,66.2994552403688));
#9020=CARTESIAN_POINT('Ctrl Pts',(-3.39972715824843,0.2,66.2994552403688));
#9021=CARTESIAN_POINT('Ctrl Pts',(-3.38060748980997,0.2,66.2674831209166));
#9022=CARTESIAN_POINT('Ctrl Pts',(-3.33898600881534,0.2,66.1978832234902));
#9023=CARTESIAN_POINT('Ctrl Pts',(-3.32351012355098,0.2,66.1181443309148));
#9024=CARTESIAN_POINT('Ctrl Pts',(-3.31514339894056,0.2,66.075035110116));
#9025=CARTESIAN_POINT('Ctrl Pts',(-3.59004121273756,0.,66.4324703067541));
#9026=CARTESIAN_POINT('Ctrl Pts',(-3.59004121273756,0.2,66.4324703067541));
#9027=CARTESIAN_POINT('Ctrl Pts',(-3.55080246305986,0.,66.4158455406192));
#9028=CARTESIAN_POINT('Ctrl Pts',(-3.55080246305986,0.2,66.4158455406192));
#9029=CARTESIAN_POINT('Ctrl Pts',(-3.47778024122599,0.,66.3849073132137));
#9030=CARTESIAN_POINT('Ctrl Pts',(-3.47778024122599,0.2,66.3849073132137));
#9031=CARTESIAN_POINT('Ctrl Pts',(-3.42441595579251,0.,66.3264843959859));
#9032=CARTESIAN_POINT('Ctrl Pts',(-3.42441595579251,0.2,66.3264843959859));
#9033=CARTESIAN_POINT('Ctrl Pts',(-3.39972715824843,0.,66.2994552403688));
#9034=CARTESIAN_POINT('Ctrl Pts',(-3.39972715824843,0.2,66.2994552403688));
#9035=CARTESIAN_POINT('',(-3.59004121273756,0.,66.4324703067541));
#9036=CARTESIAN_POINT('Ctrl Pts',(-3.59004121273756,0.,66.4324703067541));
#9037=CARTESIAN_POINT('Ctrl Pts',(-3.55080246305986,0.,66.4158455406192));
#9038=CARTESIAN_POINT('Ctrl Pts',(-3.47778024122599,0.,66.3849073132137));
#9039=CARTESIAN_POINT('Ctrl Pts',(-3.42441595579251,0.,66.3264843959859));
#9040=CARTESIAN_POINT('Ctrl Pts',(-3.39972715824843,0.,66.2994552403688));
#9041=CARTESIAN_POINT('',(-3.59004121273756,0.2,66.4324703067541));
#9042=CARTESIAN_POINT('',(-3.59004121273756,0.,66.4324703067541));
#9043=CARTESIAN_POINT('Ctrl Pts',(-3.59004121273756,0.2,66.4324703067541));
#9044=CARTESIAN_POINT('Ctrl Pts',(-3.55080246305986,0.2,66.4158455406192));
#9045=CARTESIAN_POINT('Ctrl Pts',(-3.47778024122599,0.2,66.3849073132137));
#9046=CARTESIAN_POINT('Ctrl Pts',(-3.42441595579251,0.2,66.3264843959859));
#9047=CARTESIAN_POINT('Ctrl Pts',(-3.39972715824843,0.2,66.2994552403688));
#9048=CARTESIAN_POINT('Ctrl Pts',(-3.88949554413557,0.,66.4815834909678));
#9049=CARTESIAN_POINT('Ctrl Pts',(-3.88949554413557,0.2,66.4815834909678));
#9050=CARTESIAN_POINT('Ctrl Pts',(-3.83569166503982,0.,66.4800180559384));
#9051=CARTESIAN_POINT('Ctrl Pts',(-3.83569166503982,0.2,66.4800180559384));
#9052=CARTESIAN_POINT('Ctrl Pts',(-3.73360770401304,0.,66.4770479019047));
#9053=CARTESIAN_POINT('Ctrl Pts',(-3.73360770401304,0.2,66.4770479019047));
#9054=CARTESIAN_POINT('Ctrl Pts',(-3.63613868275089,0.,66.4467836352855));
#9055=CARTESIAN_POINT('Ctrl Pts',(-3.63613868275089,0.2,66.4467836352855));
#9056=CARTESIAN_POINT('Ctrl Pts',(-3.59004121273756,0.,66.4324703067541));
#9057=CARTESIAN_POINT('Ctrl Pts',(-3.59004121273756,0.2,66.4324703067541));
#9058=CARTESIAN_POINT('',(-3.88949554413557,0.,66.4815834909678));
#9059=CARTESIAN_POINT('Ctrl Pts',(-3.88949554413557,0.,66.4815834909678));
#9060=CARTESIAN_POINT('Ctrl Pts',(-3.83569166503982,0.,66.4800180559384));
#9061=CARTESIAN_POINT('Ctrl Pts',(-3.73360770401304,0.,66.4770479019047));
#9062=CARTESIAN_POINT('Ctrl Pts',(-3.63613868275089,0.,66.4467836352855));
#9063=CARTESIAN_POINT('Ctrl Pts',(-3.59004121273756,0.,66.4324703067541));
#9064=CARTESIAN_POINT('',(-3.88949554413557,0.2,66.4815834909678));
#9065=CARTESIAN_POINT('',(-3.88949554413557,0.,66.4815834909678));
#9066=CARTESIAN_POINT('Ctrl Pts',(-3.88949554413557,0.2,66.4815834909678));
#9067=CARTESIAN_POINT('Ctrl Pts',(-3.83569166503982,0.2,66.4800180559384));
#9068=CARTESIAN_POINT('Ctrl Pts',(-3.73360770401304,0.2,66.4770479019047));
#9069=CARTESIAN_POINT('Ctrl Pts',(-3.63613868275089,0.2,66.4467836352855));
#9070=CARTESIAN_POINT('Ctrl Pts',(-3.59004121273756,0.2,66.4324703067541));
#9071=CARTESIAN_POINT('Ctrl Pts',(-4.1016374155879,0.,66.4522518962622));
#9072=CARTESIAN_POINT('Ctrl Pts',(-4.1016374155879,0.2,66.4522518962622));
#9073=CARTESIAN_POINT('Ctrl Pts',(-4.067645145044,0.,66.4608056300436));
#9074=CARTESIAN_POINT('Ctrl Pts',(-4.067645145044,0.2,66.4608056300436));
#9075=CARTESIAN_POINT('Ctrl Pts',(-3.99801545383232,0.,66.4783270792548));
#9076=CARTESIAN_POINT('Ctrl Pts',(-3.99801545383232,0.2,66.4783270792548));
#9077=CARTESIAN_POINT('Ctrl Pts',(-3.92623417601825,0.,66.4804810562946));
#9078=CARTESIAN_POINT('Ctrl Pts',(-3.92623417601825,0.2,66.4804810562946));
#9079=CARTESIAN_POINT('Ctrl Pts',(-3.88949554413557,0.,66.4815834909678));
#9080=CARTESIAN_POINT('Ctrl Pts',(-3.88949554413557,0.2,66.4815834909678));
#9081=CARTESIAN_POINT('',(-4.1016374155879,0.,66.4522518962622));
#9082=CARTESIAN_POINT('Ctrl Pts',(-4.1016374155879,0.,66.4522518962622));
#9083=CARTESIAN_POINT('Ctrl Pts',(-4.067645145044,0.,66.4608056300436));
#9084=CARTESIAN_POINT('Ctrl Pts',(-3.99801545383232,0.,66.4783270792548));
#9085=CARTESIAN_POINT('Ctrl Pts',(-3.92623417601825,0.,66.4804810562946));
#9086=CARTESIAN_POINT('Ctrl Pts',(-3.88949554413557,0.,66.4815834909678));
#9087=CARTESIAN_POINT('',(-4.1016374155879,0.2,66.4522518962622));
#9088=CARTESIAN_POINT('',(-4.1016374155879,0.,66.4522518962622));
#9089=CARTESIAN_POINT('Ctrl Pts',(-4.1016374155879,0.2,66.4522518962622));
#9090=CARTESIAN_POINT('Ctrl Pts',(-4.067645145044,0.2,66.4608056300436));
#9091=CARTESIAN_POINT('Ctrl Pts',(-3.99801545383232,0.2,66.4783270792548));
#9092=CARTESIAN_POINT('Ctrl Pts',(-3.92623417601825,0.2,66.4804810562946));
#9093=CARTESIAN_POINT('Ctrl Pts',(-3.88949554413557,0.2,66.4815834909678));
#9094=CARTESIAN_POINT('Ctrl Pts',(-4.25784479826689,0.,66.3806284219027));
#9095=CARTESIAN_POINT('Ctrl Pts',(-4.25784479826689,0.2,66.3806284219027));
#9096=CARTESIAN_POINT('Ctrl Pts',(-4.2357042585487,0.,66.3945565279176));
#9097=CARTESIAN_POINT('Ctrl Pts',(-4.2357042585487,0.2,66.3945565279176));
#9098=CARTESIAN_POINT('Ctrl Pts',(-4.18684738489536,0.,66.4252912671995));
#9099=CARTESIAN_POINT('Ctrl Pts',(-4.18684738489536,0.2,66.4252912671995));
#9100=CARTESIAN_POINT('Ctrl Pts',(-4.1317604984537,0.,66.4427208839878));
#9101=CARTESIAN_POINT('Ctrl Pts',(-4.1317604984537,0.2,66.4427208839878));
#9102=CARTESIAN_POINT('Ctrl Pts',(-4.1016374155879,0.,66.4522518962622));
#9103=CARTESIAN_POINT('Ctrl Pts',(-4.1016374155879,0.2,66.4522518962622));
#9104=CARTESIAN_POINT('',(-4.25784479826689,0.,66.3806284219027));
#9105=CARTESIAN_POINT('Ctrl Pts',(-4.25784479826689,0.,66.3806284219027));
#9106=CARTESIAN_POINT('Ctrl Pts',(-4.2357042585487,0.,66.3945565279176));
#9107=CARTESIAN_POINT('Ctrl Pts',(-4.18684738489536,0.,66.4252912671995));
#9108=CARTESIAN_POINT('Ctrl Pts',(-4.1317604984537,0.,66.4427208839878));
#9109=CARTESIAN_POINT('Ctrl Pts',(-4.1016374155879,0.,66.4522518962622));
#9110=CARTESIAN_POINT('',(-4.25784479826689,0.2,66.3806284219027));
#9111=CARTESIAN_POINT('',(-4.25784479826689,0.,66.3806284219027));
#9112=CARTESIAN_POINT('Ctrl Pts',(-4.25784479826689,0.2,66.3806284219027));
#9113=CARTESIAN_POINT('Ctrl Pts',(-4.2357042585487,0.2,66.3945565279176));
#9114=CARTESIAN_POINT('Ctrl Pts',(-4.18684738489536,0.2,66.4252912671995));
#9115=CARTESIAN_POINT('Ctrl Pts',(-4.1317604984537,0.2,66.4427208839878));
#9116=CARTESIAN_POINT('Ctrl Pts',(-4.1016374155879,0.2,66.4522518962622));
#9117=CARTESIAN_POINT('Ctrl Pts',(-4.37858145684004,0.,66.2435207515955));
#9118=CARTESIAN_POINT('Ctrl Pts',(-4.37858145684004,0.2,66.2435207515955));
#9119=CARTESIAN_POINT('Ctrl Pts',(-4.36245943625391,0.,66.2698728364376));
#9120=CARTESIAN_POINT('Ctrl Pts',(-4.36245943625391,0.2,66.2698728364376));
#9121=CARTESIAN_POINT('Ctrl Pts',(-4.33019805589393,0.,66.3226053477147));
#9122=CARTESIAN_POINT('Ctrl Pts',(-4.33019805589393,0.2,66.3226053477147));
#9123=CARTESIAN_POINT('Ctrl Pts',(-4.28197119080601,0.,66.361280468402));
#9124=CARTESIAN_POINT('Ctrl Pts',(-4.28197119080601,0.2,66.361280468402));
#9125=CARTESIAN_POINT('Ctrl Pts',(-4.25784479826689,0.,66.3806284219027));
#9126=CARTESIAN_POINT('Ctrl Pts',(-4.25784479826689,0.2,66.3806284219027));
#9127=CARTESIAN_POINT('',(-4.37858145684004,0.,66.2435207515955));
#9128=CARTESIAN_POINT('Ctrl Pts',(-4.37858145684004,0.,66.2435207515955));
#9129=CARTESIAN_POINT('Ctrl Pts',(-4.36245943625391,0.,66.2698728364376));
#9130=CARTESIAN_POINT('Ctrl Pts',(-4.33019805589393,0.,66.3226053477147));
#9131=CARTESIAN_POINT('Ctrl Pts',(-4.28197119080601,0.,66.361280468402));
#9132=CARTESIAN_POINT('Ctrl Pts',(-4.25784479826689,0.,66.3806284219027));
#9133=CARTESIAN_POINT('',(-4.37858145684004,0.2,66.2435207515955));
#9134=CARTESIAN_POINT('',(-4.37858145684004,0.,66.2435207515955));
#9135=CARTESIAN_POINT('Ctrl Pts',(-4.37858145684004,0.2,66.2435207515955));
#9136=CARTESIAN_POINT('Ctrl Pts',(-4.36245943625391,0.2,66.2698728364376));
#9137=CARTESIAN_POINT('Ctrl Pts',(-4.33019805589393,0.2,66.3226053477147));
#9138=CARTESIAN_POINT('Ctrl Pts',(-4.28197119080601,0.2,66.361280468402));
#9139=CARTESIAN_POINT('Ctrl Pts',(-4.25784479826689,0.2,66.3806284219027));
#9140=CARTESIAN_POINT('Ctrl Pts',(-4.42291956394911,0.,66.0641209036112));
#9141=CARTESIAN_POINT('Ctrl Pts',(-4.42291956394911,0.2,66.0641209036112));
#9142=CARTESIAN_POINT('Ctrl Pts',(-4.42113739354062,0.,66.0956895313874));
#9143=CARTESIAN_POINT('Ctrl Pts',(-4.42113739354062,0.2,66.0956895313874));
#9144=CARTESIAN_POINT('Ctrl Pts',(-4.41760381312206,0.,66.1582819099949));
#9145=CARTESIAN_POINT('Ctrl Pts',(-4.41760381312206,0.2,66.1582819099949));
#9146=CARTESIAN_POINT('Ctrl Pts',(-4.39151320124564,0.,66.2152731771784));
#9147=CARTESIAN_POINT('Ctrl Pts',(-4.39151320124564,0.2,66.2152731771784));
#9148=CARTESIAN_POINT('Ctrl Pts',(-4.37858145684004,0.,66.2435207515955));
#9149=CARTESIAN_POINT('Ctrl Pts',(-4.37858145684004,0.2,66.2435207515955));
#9150=CARTESIAN_POINT('',(-4.42291956394911,0.,66.0641209036112));
#9151=CARTESIAN_POINT('Ctrl Pts',(-4.42291956394911,0.,66.0641209036112));
#9152=CARTESIAN_POINT('Ctrl Pts',(-4.42113739354062,0.,66.0956895313874));
#9153=CARTESIAN_POINT('Ctrl Pts',(-4.41760381312206,0.,66.1582819099949));
#9154=CARTESIAN_POINT('Ctrl Pts',(-4.39151320124564,0.,66.2152731771784));
#9155=CARTESIAN_POINT('Ctrl Pts',(-4.37858145684004,0.,66.2435207515955));
#9156=CARTESIAN_POINT('',(-4.42291956394911,0.2,66.0641209036112));
#9157=CARTESIAN_POINT('',(-4.42291956394911,0.,66.0641209036112));
#9158=CARTESIAN_POINT('Ctrl Pts',(-4.42291956394911,0.2,66.0641209036112));
#9159=CARTESIAN_POINT('Ctrl Pts',(-4.42113739354062,0.2,66.0956895313874));
#9160=CARTESIAN_POINT('Ctrl Pts',(-4.41760381312206,0.2,66.1582819099949));
#9161=CARTESIAN_POINT('Ctrl Pts',(-4.39151320124564,0.2,66.2152731771784));
#9162=CARTESIAN_POINT('Ctrl Pts',(-4.37858145684004,0.2,66.2435207515955));
#9163=CARTESIAN_POINT('Ctrl Pts',(-4.36903160065413,0.,65.8697143942118));
#9164=CARTESIAN_POINT('Ctrl Pts',(-4.36903160065413,0.2,65.8697143942118));
#9165=CARTESIAN_POINT('Ctrl Pts',(-4.38474870156751,0.,65.8999556189692));
#9166=CARTESIAN_POINT('Ctrl Pts',(-4.38474870156751,0.2,65.8999556189692));
#9167=CARTESIAN_POINT('Ctrl Pts',(-4.41644117463334,0.,65.9609350073681));
#9168=CARTESIAN_POINT('Ctrl Pts',(-4.41644117463334,0.2,65.9609350073681));
#9169=CARTESIAN_POINT('Ctrl Pts',(-4.42074840056226,0.,66.0295392461895));
#9170=CARTESIAN_POINT('Ctrl Pts',(-4.42074840056226,0.2,66.0295392461895));
#9171=CARTESIAN_POINT('Ctrl Pts',(-4.42291956394911,0.,66.0641209036112));
#9172=CARTESIAN_POINT('Ctrl Pts',(-4.42291956394911,0.2,66.0641209036112));
#9173=CARTESIAN_POINT('',(-4.36903160065413,0.,65.8697143942118));
#9174=CARTESIAN_POINT('Ctrl Pts',(-4.36903160065413,0.,65.8697143942118));
#9175=CARTESIAN_POINT('Ctrl Pts',(-4.38474870156751,0.,65.8999556189692));
#9176=CARTESIAN_POINT('Ctrl Pts',(-4.41644117463334,0.,65.9609350073681));
#9177=CARTESIAN_POINT('Ctrl Pts',(-4.42074840056226,0.,66.0295392461895));
#9178=CARTESIAN_POINT('Ctrl Pts',(-4.42291956394911,0.,66.0641209036112));
#9179=CARTESIAN_POINT('',(-4.36903160065413,0.2,65.8697143942118));
#9180=CARTESIAN_POINT('',(-4.36903160065413,0.,65.8697143942118));
#9181=CARTESIAN_POINT('Ctrl Pts',(-4.36903160065413,0.2,65.8697143942118));
#9182=CARTESIAN_POINT('Ctrl Pts',(-4.38474870156751,0.2,65.8999556189692));
#9183=CARTESIAN_POINT('Ctrl Pts',(-4.41644117463334,0.2,65.9609350073681));
#9184=CARTESIAN_POINT('Ctrl Pts',(-4.42074840056226,0.2,66.0295392461895));
#9185=CARTESIAN_POINT('Ctrl Pts',(-4.42291956394911,0.2,66.0641209036112));
#9186=CARTESIAN_POINT('Ctrl Pts',(-4.21077769249678,0.,65.7319245487452));
#9187=CARTESIAN_POINT('Ctrl Pts',(-4.21077769249678,0.2,65.7319245487452));
#9188=CARTESIAN_POINT('Ctrl Pts',(-4.2431701435521,0.,65.7496458172149));
#9189=CARTESIAN_POINT('Ctrl Pts',(-4.2431701435521,0.2,65.7496458172149));
#9190=CARTESIAN_POINT('Ctrl Pts',(-4.30605082320404,0.,65.7840465917585));
#9191=CARTESIAN_POINT('Ctrl Pts',(-4.30605082320404,0.2,65.7840465917585));
#9192=CARTESIAN_POINT('Ctrl Pts',(-4.34846616429945,0.,65.8417408471975));
#9193=CARTESIAN_POINT('Ctrl Pts',(-4.34846616429945,0.2,65.8417408471975));
#9194=CARTESIAN_POINT('Ctrl Pts',(-4.36903160065413,0.,65.8697143942118));
#9195=CARTESIAN_POINT('Ctrl Pts',(-4.36903160065413,0.2,65.8697143942118));
#9196=CARTESIAN_POINT('',(-4.21077769249678,0.,65.7319245487452));
#9197=CARTESIAN_POINT('Ctrl Pts',(-4.21077769249678,0.,65.7319245487452));
#9198=CARTESIAN_POINT('Ctrl Pts',(-4.2431701435521,0.,65.7496458172149));
#9199=CARTESIAN_POINT('Ctrl Pts',(-4.30605082320404,0.,65.7840465917585));
#9200=CARTESIAN_POINT('Ctrl Pts',(-4.34846616429945,0.,65.8417408471975));
#9201=CARTESIAN_POINT('Ctrl Pts',(-4.36903160065413,0.,65.8697143942118));
#9202=CARTESIAN_POINT('',(-4.21077769249678,0.2,65.7319245487452));
#9203=CARTESIAN_POINT('',(-4.21077769249678,0.,65.7319245487452));
#9204=CARTESIAN_POINT('Ctrl Pts',(-4.21077769249678,0.2,65.7319245487452));
#9205=CARTESIAN_POINT('Ctrl Pts',(-4.2431701435521,0.2,65.7496458172149));
#9206=CARTESIAN_POINT('Ctrl Pts',(-4.30605082320404,0.2,65.7840465917585));
#9207=CARTESIAN_POINT('Ctrl Pts',(-4.34846616429945,0.2,65.8417408471975));
#9208=CARTESIAN_POINT('Ctrl Pts',(-4.36903160065413,0.2,65.8697143942118));
#9209=CARTESIAN_POINT('Ctrl Pts',(-3.83628945797682,0.,65.6139162927866));
#9210=CARTESIAN_POINT('Ctrl Pts',(-3.83628945797682,0.2,65.6139162927866));
#9211=CARTESIAN_POINT('Ctrl Pts',(-3.91315073193199,0.,65.6331697332616));
#9212=CARTESIAN_POINT('Ctrl Pts',(-3.91315073193199,0.2,65.6331697332616));
#9213=CARTESIAN_POINT('Ctrl Pts',(-4.04040423484547,0.,65.6650462247313));
#9214=CARTESIAN_POINT('Ctrl Pts',(-4.04040423484547,0.2,65.6650462247313));
#9215=CARTESIAN_POINT('Ctrl Pts',(-4.1624483676325,0.,65.7129533762856));
#9216=CARTESIAN_POINT('Ctrl Pts',(-4.1624483676325,0.2,65.7129533762856));
#9217=CARTESIAN_POINT('Ctrl Pts',(-4.21077769249678,0.,65.7319245487452));
#9218=CARTESIAN_POINT('Ctrl Pts',(-4.21077769249678,0.2,65.7319245487452));
#9219=CARTESIAN_POINT('',(-3.83628945797682,0.,65.6139162927866));
#9220=CARTESIAN_POINT('Ctrl Pts',(-3.83628945797682,0.,65.6139162927866));
#9221=CARTESIAN_POINT('Ctrl Pts',(-3.91315073193199,0.,65.6331697332616));
#9222=CARTESIAN_POINT('Ctrl Pts',(-4.04040423484547,0.,65.6650462247313));
#9223=CARTESIAN_POINT('Ctrl Pts',(-4.1624483676325,0.,65.7129533762856));
#9224=CARTESIAN_POINT('Ctrl Pts',(-4.21077769249678,0.,65.7319245487452));
#9225=CARTESIAN_POINT('',(-3.83628945797682,0.2,65.6139162927866));
#9226=CARTESIAN_POINT('',(-3.83628945797682,0.,65.6139162927866));
#9227=CARTESIAN_POINT('Ctrl Pts',(-3.83628945797682,0.2,65.6139162927866));
#9228=CARTESIAN_POINT('Ctrl Pts',(-3.91315073193199,0.2,65.6331697332616));
#9229=CARTESIAN_POINT('Ctrl Pts',(-4.04040423484547,0.2,65.6650462247313));
#9230=CARTESIAN_POINT('Ctrl Pts',(-4.1624483676325,0.2,65.7129533762856));
#9231=CARTESIAN_POINT('Ctrl Pts',(-4.21077769249678,0.2,65.7319245487452));
#9232=CARTESIAN_POINT('Ctrl Pts',(-3.5852662846446,0.,65.530696734786));
#9233=CARTESIAN_POINT('Ctrl Pts',(-3.5852662846446,0.2,65.530696734786));
#9234=CARTESIAN_POINT('Ctrl Pts',(-3.61436126892317,0.,65.5437625674354));
#9235=CARTESIAN_POINT('Ctrl Pts',(-3.61436126892317,0.2,65.5437625674354));
#9236=CARTESIAN_POINT('Ctrl Pts',(-3.69505381657915,0.,65.5799995804416));
#9237=CARTESIAN_POINT('Ctrl Pts',(-3.69505381657915,0.2,65.5799995804416));
#9238=CARTESIAN_POINT('Ctrl Pts',(-3.78120283886947,0.,65.6006876417476));
#9239=CARTESIAN_POINT('Ctrl Pts',(-3.78120283886947,0.2,65.6006876417476));
#9240=CARTESIAN_POINT('Ctrl Pts',(-3.83628945797682,0.,65.6139162927866));
#9241=CARTESIAN_POINT('Ctrl Pts',(-3.83628945797682,0.2,65.6139162927866));
#9242=CARTESIAN_POINT('',(-3.5852662846446,0.,65.530696734786));
#9243=CARTESIAN_POINT('Ctrl Pts',(-3.5852662846446,0.,65.530696734786));
#9244=CARTESIAN_POINT('Ctrl Pts',(-3.61436126892317,0.,65.5437625674354));
#9245=CARTESIAN_POINT('Ctrl Pts',(-3.69505381657915,0.,65.5799995804416));
#9246=CARTESIAN_POINT('Ctrl Pts',(-3.78120283886947,0.,65.6006876417476));
#9247=CARTESIAN_POINT('Ctrl Pts',(-3.83628945797682,0.,65.6139162927866));
#9248=CARTESIAN_POINT('',(-3.5852662846446,0.2,65.530696734786));
#9249=CARTESIAN_POINT('',(-3.5852662846446,0.,65.530696734786));
#9250=CARTESIAN_POINT('Ctrl Pts',(-3.5852662846446,0.2,65.530696734786));
#9251=CARTESIAN_POINT('Ctrl Pts',(-3.61436126892317,0.2,65.5437625674354));
#9252=CARTESIAN_POINT('Ctrl Pts',(-3.69505381657915,0.2,65.5799995804416));
#9253=CARTESIAN_POINT('Ctrl Pts',(-3.78120283886947,0.2,65.6006876417476));
#9254=CARTESIAN_POINT('Ctrl Pts',(-3.83628945797682,0.2,65.6139162927866));
#9255=CARTESIAN_POINT('Ctrl Pts',(-3.51296048611403,0.,65.3997281938791));
#9256=CARTESIAN_POINT('Ctrl Pts',(-3.51296048611403,0.2,65.3997281938791));
#9257=CARTESIAN_POINT('Ctrl Pts',(-3.5161167935217,0.,65.426084008076));
#9258=CARTESIAN_POINT('Ctrl Pts',(-3.5161167935217,0.2,65.426084008076));
#9259=CARTESIAN_POINT('Ctrl Pts',(-3.5225069703042,0.,65.4794432948031));
#9260=CARTESIAN_POINT('Ctrl Pts',(-3.5225069703042,0.2,65.4794432948031));
#9261=CARTESIAN_POINT('Ctrl Pts',(-3.56417791689235,0.,65.5134745678091));
#9262=CARTESIAN_POINT('Ctrl Pts',(-3.56417791689235,0.2,65.5134745678091));
#9263=CARTESIAN_POINT('Ctrl Pts',(-3.5852662846446,0.,65.530696734786));
#9264=CARTESIAN_POINT('Ctrl Pts',(-3.5852662846446,0.2,65.530696734786));
#9265=CARTESIAN_POINT('',(-3.51296048611403,0.,65.3997281938791));
#9266=CARTESIAN_POINT('Ctrl Pts',(-3.51296048611403,0.,65.3997281938791));
#9267=CARTESIAN_POINT('Ctrl Pts',(-3.5161167935217,0.,65.426084008076));
#9268=CARTESIAN_POINT('Ctrl Pts',(-3.5225069703042,0.,65.4794432948031));
#9269=CARTESIAN_POINT('Ctrl Pts',(-3.56417791689235,0.,65.5134745678091));
#9270=CARTESIAN_POINT('Ctrl Pts',(-3.5852662846446,0.,65.530696734786));
#9271=CARTESIAN_POINT('',(-3.51296048611403,0.2,65.3997281938791));
#9272=CARTESIAN_POINT('',(-3.51296048611403,0.,65.3997281938791));
#9273=CARTESIAN_POINT('Ctrl Pts',(-3.51296048611403,0.2,65.3997281938791));
#9274=CARTESIAN_POINT('Ctrl Pts',(-3.5161167935217,0.2,65.426084008076));
#9275=CARTESIAN_POINT('Ctrl Pts',(-3.5225069703042,0.2,65.4794432948031));
#9276=CARTESIAN_POINT('Ctrl Pts',(-3.56417791689235,0.2,65.5134745678091));
#9277=CARTESIAN_POINT('Ctrl Pts',(-3.5852662846446,0.2,65.530696734786));
#9278=CARTESIAN_POINT('Ctrl Pts',(-3.59481614083052,0.,65.2380637079477));
#9279=CARTESIAN_POINT('Ctrl Pts',(-3.59481614083052,0.2,65.2380637079477));
#9280=CARTESIAN_POINT('Ctrl Pts',(-3.57095364132613,0.,65.2613378214987));
#9281=CARTESIAN_POINT('Ctrl Pts',(-3.57095364132613,0.2,65.2613378214987));
#9282=CARTESIAN_POINT('Ctrl Pts',(-3.52511073735623,0.,65.3060503610339));
#9283=CARTESIAN_POINT('Ctrl Pts',(-3.52511073735623,0.2,65.3060503610339));
#9284=CARTESIAN_POINT('Ctrl Pts',(-3.51689818014315,0.,65.3693687687362));
#9285=CARTESIAN_POINT('Ctrl Pts',(-3.51689818014315,0.2,65.3693687687362));
#9286=CARTESIAN_POINT('Ctrl Pts',(-3.51296048611403,0.,65.3997281938791));
#9287=CARTESIAN_POINT('Ctrl Pts',(-3.51296048611403,0.2,65.3997281938791));
#9288=CARTESIAN_POINT('',(-3.59481614083052,0.,65.2380637079477));
#9289=CARTESIAN_POINT('Ctrl Pts',(-3.59481614083052,0.,65.2380637079477));
#9290=CARTESIAN_POINT('Ctrl Pts',(-3.57095364132613,0.,65.2613378214987));
#9291=CARTESIAN_POINT('Ctrl Pts',(-3.52511073735623,0.,65.3060503610339));
#9292=CARTESIAN_POINT('Ctrl Pts',(-3.51689818014315,0.,65.3693687687362));
#9293=CARTESIAN_POINT('Ctrl Pts',(-3.51296048611403,0.,65.3997281938791));
#9294=CARTESIAN_POINT('',(-3.59481614083052,0.2,65.2380637079477));
#9295=CARTESIAN_POINT('',(-3.59481614083052,0.,65.2380637079477));
#9296=CARTESIAN_POINT('Ctrl Pts',(-3.59481614083052,0.2,65.2380637079477));
#9297=CARTESIAN_POINT('Ctrl Pts',(-3.57095364132613,0.2,65.2613378214987));
#9298=CARTESIAN_POINT('Ctrl Pts',(-3.52511073735623,0.2,65.3060503610339));
#9299=CARTESIAN_POINT('Ctrl Pts',(-3.51689818014315,0.2,65.3693687687362));
#9300=CARTESIAN_POINT('Ctrl Pts',(-3.51296048611403,0.2,65.3997281938791));
#9301=CARTESIAN_POINT('Ctrl Pts',(-3.84583931416273,0.,65.1691687852144));
#9302=CARTESIAN_POINT('Ctrl Pts',(-3.84583931416273,0.2,65.1691687852144));
#9303=CARTESIAN_POINT('Ctrl Pts',(-3.79536252206707,0.,65.1703298275329));
#9304=CARTESIAN_POINT('Ctrl Pts',(-3.79536252206707,0.2,65.1703298275329));
#9305=CARTESIAN_POINT('Ctrl Pts',(-3.70546690907952,0.,65.1723975621608));
#9306=CARTESIAN_POINT('Ctrl Pts',(-3.70546690907952,0.2,65.1723975621608));
#9307=CARTESIAN_POINT('Ctrl Pts',(-3.6285457306706,0.,65.2180467464858));
#9308=CARTESIAN_POINT('Ctrl Pts',(-3.6285457306706,0.2,65.2180467464858));
#9309=CARTESIAN_POINT('Ctrl Pts',(-3.59481614083052,0.,65.2380637079477));
#9310=CARTESIAN_POINT('Ctrl Pts',(-3.59481614083052,0.2,65.2380637079477));
#9311=CARTESIAN_POINT('',(-3.84583931416273,0.,65.1691687852144));
#9312=CARTESIAN_POINT('Ctrl Pts',(-3.84583931416273,0.,65.1691687852144));
#9313=CARTESIAN_POINT('Ctrl Pts',(-3.79536252206707,0.,65.1703298275329));
#9314=CARTESIAN_POINT('Ctrl Pts',(-3.70546690907952,0.,65.1723975621608));
#9315=CARTESIAN_POINT('Ctrl Pts',(-3.6285457306706,0.,65.2180467464858));
#9316=CARTESIAN_POINT('Ctrl Pts',(-3.59481614083052,0.,65.2380637079477));
#9317=CARTESIAN_POINT('',(-3.84583931416273,0.2,65.1691687852144));
#9318=CARTESIAN_POINT('',(-3.84583931416273,0.,65.1691687852144));
#9319=CARTESIAN_POINT('Ctrl Pts',(-3.84583931416273,0.2,65.1691687852144));
#9320=CARTESIAN_POINT('Ctrl Pts',(-3.79536252206707,0.2,65.1703298275329));
#9321=CARTESIAN_POINT('Ctrl Pts',(-3.70546690907952,0.2,65.1723975621608));
#9322=CARTESIAN_POINT('Ctrl Pts',(-3.6285457306706,0.2,65.2180467464858));
#9323=CARTESIAN_POINT('Ctrl Pts',(-3.59481614083052,0.2,65.2380637079477));
#9324=CARTESIAN_POINT('Ctrl Pts',(-4.10709422081709,0.,65.2469313889742));
#9325=CARTESIAN_POINT('Ctrl Pts',(-4.10709422081709,0.2,65.2469313889742));
#9326=CARTESIAN_POINT('Ctrl Pts',(-4.070752631116,0.,65.2242960618137));
#9327=CARTESIAN_POINT('Ctrl Pts',(-4.070752631116,0.2,65.2242960618137));
#9328=CARTESIAN_POINT('Ctrl Pts',(-3.99111641091571,0.,65.1746947121511));
#9329=CARTESIAN_POINT('Ctrl Pts',(-3.99111641091571,0.2,65.1746947121511));
#9330=CARTESIAN_POINT('Ctrl Pts',(-3.89700399892761,0.,65.1711149440796));
#9331=CARTESIAN_POINT('Ctrl Pts',(-3.89700399892761,0.2,65.1711149440796));
#9332=CARTESIAN_POINT('Ctrl Pts',(-3.84583931416273,0.,65.1691687852144));
#9333=CARTESIAN_POINT('Ctrl Pts',(-3.84583931416273,0.2,65.1691687852144));
#9334=CARTESIAN_POINT('',(-4.10709422081709,0.,65.2469313889742));
#9335=CARTESIAN_POINT('Ctrl Pts',(-4.10709422081709,0.,65.2469313889742));
#9336=CARTESIAN_POINT('Ctrl Pts',(-4.070752631116,0.,65.2242960618137));
#9337=CARTESIAN_POINT('Ctrl Pts',(-3.99111641091571,0.,65.1746947121511));
#9338=CARTESIAN_POINT('Ctrl Pts',(-3.89700399892761,0.,65.1711149440796));
#9339=CARTESIAN_POINT('Ctrl Pts',(-3.84583931416273,0.,65.1691687852144));
#9340=CARTESIAN_POINT('',(-4.10709422081709,0.2,65.2469313889742));
#9341=CARTESIAN_POINT('',(-4.10709422081709,0.,65.2469313889742));
#9342=CARTESIAN_POINT('Ctrl Pts',(-4.10709422081709,0.2,65.2469313889742));
#9343=CARTESIAN_POINT('Ctrl Pts',(-4.070752631116,0.2,65.2242960618137));
#9344=CARTESIAN_POINT('Ctrl Pts',(-3.99111641091571,0.2,65.1746947121511));
#9345=CARTESIAN_POINT('Ctrl Pts',(-3.89700399892761,0.2,65.1711149440796));
#9346=CARTESIAN_POINT('Ctrl Pts',(-3.84583931416273,0.2,65.1691687852144));
#9347=CARTESIAN_POINT('Ctrl Pts',(-4.22100972384214,0.,65.4706693440676));
#9348=CARTESIAN_POINT('Ctrl Pts',(-4.22100972384214,0.2,65.4706693440676));
#9349=CARTESIAN_POINT('Ctrl Pts',(-4.21204990233154,0.,65.4256363896137));
#9350=CARTESIAN_POINT('Ctrl Pts',(-4.21204990233154,0.2,65.4256363896137));
#9351=CARTESIAN_POINT('Ctrl Pts',(-4.19503477416962,0.,65.3401166623919));
#9352=CARTESIAN_POINT('Ctrl Pts',(-4.19503477416962,0.2,65.3401166623919));
#9353=CARTESIAN_POINT('Ctrl Pts',(-4.13535013778138,0.,65.2768724713032));
#9354=CARTESIAN_POINT('Ctrl Pts',(-4.13535013778138,0.2,65.2768724713032));
#9355=CARTESIAN_POINT('Ctrl Pts',(-4.10709422081709,0.,65.2469313889742));
#9356=CARTESIAN_POINT('Ctrl Pts',(-4.10709422081709,0.2,65.2469313889742));
#9357=CARTESIAN_POINT('',(-4.22100972384214,0.,65.4706693440676));
#9358=CARTESIAN_POINT('Ctrl Pts',(-4.22100972384214,0.,65.4706693440676));
#9359=CARTESIAN_POINT('Ctrl Pts',(-4.21204990233154,0.,65.4256363896137));
#9360=CARTESIAN_POINT('Ctrl Pts',(-4.19503477416962,0.,65.3401166623919));
#9361=CARTESIAN_POINT('Ctrl Pts',(-4.13535013778138,0.,65.2768724713032));
#9362=CARTESIAN_POINT('Ctrl Pts',(-4.10709422081709,0.,65.2469313889742));
#9363=CARTESIAN_POINT('',(-4.22100972384214,0.2,65.4706693440676));
#9364=CARTESIAN_POINT('',(-4.22100972384214,0.,65.4706693440676));
#9365=CARTESIAN_POINT('Ctrl Pts',(-4.22100972384214,0.2,65.4706693440676));
#9366=CARTESIAN_POINT('Ctrl Pts',(-4.21204990233154,0.2,65.4256363896137));
#9367=CARTESIAN_POINT('Ctrl Pts',(-4.19503477416962,0.2,65.3401166623919));
#9368=CARTESIAN_POINT('Ctrl Pts',(-4.13535013778138,0.2,65.2768724713032));
#9369=CARTESIAN_POINT('Ctrl Pts',(-4.10709422081709,0.2,65.2469313889742));
#9370=CARTESIAN_POINT('Origin',(-4.46384739130735,0.,65.4324702173471));
#9371=CARTESIAN_POINT('',(-4.46384739130735,0.,65.4324702173471));
#9372=CARTESIAN_POINT('',(10.5131051752667,0.,67.7883918292955));
#9373=CARTESIAN_POINT('',(-4.46384739130735,0.2,65.4324702173471));
#9374=CARTESIAN_POINT('',(-4.46384739130735,0.,65.4324702173471));
#9375=CARTESIAN_POINT('',(-4.46384739130735,0.2,65.4324702173471));
#9376=CARTESIAN_POINT('Ctrl Pts',(-4.27489798516035,0.,65.084584876895));
#9377=CARTESIAN_POINT('Ctrl Pts',(-4.27489798516035,0.2,65.084584876895));
#9378=CARTESIAN_POINT('Ctrl Pts',(-4.32010469339334,0.,65.1304584795383));
#9379=CARTESIAN_POINT('Ctrl Pts',(-4.32010469339334,0.2,65.1304584795383));
#9380=CARTESIAN_POINT('Ctrl Pts',(-4.41619116304046,0.,65.2279624275206));
#9381=CARTESIAN_POINT('Ctrl Pts',(-4.41619116304046,0.2,65.2279624275206));
#9382=CARTESIAN_POINT('Ctrl Pts',(-4.44734878814792,0.,65.3616695478425));
#9383=CARTESIAN_POINT('Ctrl Pts',(-4.44734878814792,0.2,65.3616695478425));
#9384=CARTESIAN_POINT('Ctrl Pts',(-4.46384739130735,0.,65.4324702173471));
#9385=CARTESIAN_POINT('Ctrl Pts',(-4.46384739130735,0.2,65.4324702173471));
#9386=CARTESIAN_POINT('Ctrl Pts',(-4.27489798516035,0.,65.084584876895));
#9387=CARTESIAN_POINT('Ctrl Pts',(-4.32010469339334,0.,65.1304584795383));
#9388=CARTESIAN_POINT('Ctrl Pts',(-4.41619116304046,0.,65.2279624275206));
#9389=CARTESIAN_POINT('Ctrl Pts',(-4.44734878814792,0.,65.3616695478425));
#9390=CARTESIAN_POINT('Ctrl Pts',(-4.46384739130735,0.,65.4324702173471));
#9391=CARTESIAN_POINT('Ctrl Pts',(-4.27489798516035,0.2,65.084584876895));
#9392=CARTESIAN_POINT('Ctrl Pts',(-4.32010469339334,0.2,65.1304584795383));
#9393=CARTESIAN_POINT('Ctrl Pts',(-4.41619116304046,0.2,65.2279624275206));
#9394=CARTESIAN_POINT('Ctrl Pts',(-4.44734878814792,0.2,65.3616695478425));
#9395=CARTESIAN_POINT('Ctrl Pts',(-4.46384739130735,0.2,65.4324702173471));
#9396=CARTESIAN_POINT('Origin',(-3.69099596515298,0.2,64.1616652905941));
#9397=CARTESIAN_POINT('Ctrl Pts',(0.997271127998827,0.,63.1568903476));
#9398=CARTESIAN_POINT('Ctrl Pts',(0.997271127998827,0.2,63.1568903476));
#9399=CARTESIAN_POINT('Ctrl Pts',(0.944663602443705,0.,63.1509712089183));
#9400=CARTESIAN_POINT('Ctrl Pts',(0.944663602443705,0.2,63.1509712089183));
#9401=CARTESIAN_POINT('Ctrl Pts',(0.837735897357432,0.,63.1389402321969));
#9402=CARTESIAN_POINT('Ctrl Pts',(0.837735897357432,0.2,63.1389402321969));
#9403=CARTESIAN_POINT('Ctrl Pts',(0.762141071935939,0.,63.0621853732755));
#9404=CARTESIAN_POINT('Ctrl Pts',(0.762141071935939,0.2,63.0621853732755));
#9405=CARTESIAN_POINT('Ctrl Pts',(0.723738260567187,0.,63.0231932550669));
#9406=CARTESIAN_POINT('Ctrl Pts',(0.723738260567187,0.2,63.0231932550669));
#9407=CARTESIAN_POINT('',(0.997271127998827,0.,63.1568903476));
#9408=CARTESIAN_POINT('',(0.723738260567187,0.,63.0231932550669));
#9409=CARTESIAN_POINT('Ctrl Pts',(0.997271127998827,0.,63.1568903476));
#9410=CARTESIAN_POINT('Ctrl Pts',(0.944663602443705,0.,63.1509712089183));
#9411=CARTESIAN_POINT('Ctrl Pts',(0.837735897357432,0.,63.1389402321969));
#9412=CARTESIAN_POINT('Ctrl Pts',(0.762141071935939,0.,63.0621853732755));
#9413=CARTESIAN_POINT('Ctrl Pts',(0.723738260567187,0.,63.0231932550669));
#9414=CARTESIAN_POINT('',(0.997271127998827,0.2,63.1568903476));
#9415=CARTESIAN_POINT('',(0.997271127998827,0.,63.1568903476));
#9416=CARTESIAN_POINT('',(0.723738260567187,0.2,63.0231932550669));
#9417=CARTESIAN_POINT('Ctrl Pts',(0.997271127998827,0.2,63.1568903476));
#9418=CARTESIAN_POINT('Ctrl Pts',(0.944663602443705,0.2,63.1509712089183));
#9419=CARTESIAN_POINT('Ctrl Pts',(0.837735897357432,0.2,63.1389402321969));
#9420=CARTESIAN_POINT('Ctrl Pts',(0.762141071935939,0.2,63.0621853732755));
#9421=CARTESIAN_POINT('Ctrl Pts',(0.723738260567187,0.2,63.0231932550669));
#9422=CARTESIAN_POINT('',(0.723738260567187,0.,63.0231932550669));
#9423=CARTESIAN_POINT('Ctrl Pts',(1.27967197448015,0.,63.0177361518145));
#9424=CARTESIAN_POINT('Ctrl Pts',(1.27967197448015,0.2,63.0177361518145));
#9425=CARTESIAN_POINT('Ctrl Pts',(1.2398585848515,0.,63.0583177023548));
#9426=CARTESIAN_POINT('Ctrl Pts',(1.2398585848515,0.2,63.0583177023548));
#9427=CARTESIAN_POINT('Ctrl Pts',(1.16184912192125,0.,63.1378322825516));
#9428=CARTESIAN_POINT('Ctrl Pts',(1.16184912192125,0.2,63.1378322825516));
#9429=CARTESIAN_POINT('Ctrl Pts',(1.05136694239401,0.,63.1506260741998));
#9430=CARTESIAN_POINT('Ctrl Pts',(1.05136694239401,0.2,63.1506260741998));
#9431=CARTESIAN_POINT('Ctrl Pts',(0.997271127998827,0.,63.1568903476));
#9432=CARTESIAN_POINT('Ctrl Pts',(0.997271127998827,0.2,63.1568903476));
#9433=CARTESIAN_POINT('',(1.27967197448015,0.,63.0177361518145));
#9434=CARTESIAN_POINT('Ctrl Pts',(1.27967197448015,0.,63.0177361518145));
#9435=CARTESIAN_POINT('Ctrl Pts',(1.2398585848515,0.,63.0583177023548));
#9436=CARTESIAN_POINT('Ctrl Pts',(1.16184912192125,0.,63.1378322825516));
#9437=CARTESIAN_POINT('Ctrl Pts',(1.05136694239401,0.,63.1506260741998));
#9438=CARTESIAN_POINT('Ctrl Pts',(0.997271127998827,0.,63.1568903476));
#9439=CARTESIAN_POINT('',(1.27967197448015,0.2,63.0177361518145));
#9440=CARTESIAN_POINT('',(1.27967197448015,0.,63.0177361518145));
#9441=CARTESIAN_POINT('Ctrl Pts',(1.27967197448015,0.2,63.0177361518145));
#9442=CARTESIAN_POINT('Ctrl Pts',(1.2398585848515,0.2,63.0583177023548));
#9443=CARTESIAN_POINT('Ctrl Pts',(1.16184912192125,0.2,63.1378322825516));
#9444=CARTESIAN_POINT('Ctrl Pts',(1.05136694239401,0.2,63.1506260741998));
#9445=CARTESIAN_POINT('Ctrl Pts',(0.997271127998827,0.2,63.1568903476));
#9446=CARTESIAN_POINT('Ctrl Pts',(1.39427024871111,0.,62.5811741501093));
#9447=CARTESIAN_POINT('Ctrl Pts',(1.39427024871111,0.2,62.5811741501093));
#9448=CARTESIAN_POINT('Ctrl Pts',(1.3926351666171,0.,62.6693936815284));
#9449=CARTESIAN_POINT('Ctrl Pts',(1.3926351666171,0.2,62.6693936815284));
#9450=CARTESIAN_POINT('Ctrl Pts',(1.3897502201738,0.,62.8250486326341));
#9451=CARTESIAN_POINT('Ctrl Pts',(1.3897502201738,0.2,62.8250486326341));
#9452=CARTESIAN_POINT('Ctrl Pts',(1.31294626001004,0.,62.9594908601053));
#9453=CARTESIAN_POINT('Ctrl Pts',(1.31294626001004,0.2,62.9594908601053));
#9454=CARTESIAN_POINT('Ctrl Pts',(1.27967197448015,0.,63.0177361518145));
#9455=CARTESIAN_POINT('Ctrl Pts',(1.27967197448015,0.2,63.0177361518145));
#9456=CARTESIAN_POINT('',(1.39427024871111,0.,62.5811741501093));
#9457=CARTESIAN_POINT('Ctrl Pts',(1.39427024871111,0.,62.5811741501093));
#9458=CARTESIAN_POINT('Ctrl Pts',(1.3926351666171,0.,62.6693936815284));
#9459=CARTESIAN_POINT('Ctrl Pts',(1.3897502201738,0.,62.8250486326341));
#9460=CARTESIAN_POINT('Ctrl Pts',(1.31294626001004,0.,62.9594908601053));
#9461=CARTESIAN_POINT('Ctrl Pts',(1.27967197448015,0.,63.0177361518145));
#9462=CARTESIAN_POINT('',(1.39427024871111,0.2,62.5811741501093));
#9463=CARTESIAN_POINT('',(1.39427024871111,0.,62.5811741501093));
#9464=CARTESIAN_POINT('Ctrl Pts',(1.39427024871111,0.2,62.5811741501093));
#9465=CARTESIAN_POINT('Ctrl Pts',(1.3926351666171,0.2,62.6693936815284));
#9466=CARTESIAN_POINT('Ctrl Pts',(1.3897502201738,0.2,62.8250486326341));
#9467=CARTESIAN_POINT('Ctrl Pts',(1.31294626001004,0.2,62.9594908601053));
#9468=CARTESIAN_POINT('Ctrl Pts',(1.27967197448015,0.2,63.0177361518145));
#9469=CARTESIAN_POINT('Ctrl Pts',(1.28171879798174,0.,62.1794006973505));
#9470=CARTESIAN_POINT('Ctrl Pts',(1.28171879798174,0.2,62.1794006973505));
#9471=CARTESIAN_POINT('Ctrl Pts',(1.31442614489026,0.,62.2334381834124));
#9472=CARTESIAN_POINT('Ctrl Pts',(1.31442614489026,0.2,62.2334381834124));
#9473=CARTESIAN_POINT('Ctrl Pts',(1.38873570808453,0.,62.3562088256357));
#9474=CARTESIAN_POINT('Ctrl Pts',(1.38873570808453,0.2,62.3562088256357));
#9475=CARTESIAN_POINT('Ctrl Pts',(1.39228383147877,0.,62.5004312253822));
#9476=CARTESIAN_POINT('Ctrl Pts',(1.39228383147877,0.2,62.5004312253822));
#9477=CARTESIAN_POINT('Ctrl Pts',(1.39427024871111,0.,62.5811741501093));
#9478=CARTESIAN_POINT('Ctrl Pts',(1.39427024871111,0.2,62.5811741501093));
#9479=CARTESIAN_POINT('',(1.28171879798174,0.,62.1794006973505));
#9480=CARTESIAN_POINT('Ctrl Pts',(1.28171879798174,0.,62.1794006973505));
#9481=CARTESIAN_POINT('Ctrl Pts',(1.31442614489026,0.,62.2334381834124));
#9482=CARTESIAN_POINT('Ctrl Pts',(1.38873570808453,0.,62.3562088256357));
#9483=CARTESIAN_POINT('Ctrl Pts',(1.39228383147877,0.,62.5004312253822));
#9484=CARTESIAN_POINT('Ctrl Pts',(1.39427024871111,0.,62.5811741501093));
#9485=CARTESIAN_POINT('',(1.28171879798174,0.2,62.1794006973505));
#9486=CARTESIAN_POINT('',(1.28171879798174,0.,62.1794006973505));
#9487=CARTESIAN_POINT('Ctrl Pts',(1.28171879798174,0.2,62.1794006973505));
#9488=CARTESIAN_POINT('Ctrl Pts',(1.31442614489026,0.2,62.2334381834124));
#9489=CARTESIAN_POINT('Ctrl Pts',(1.38873570808453,0.2,62.3562088256357));
#9490=CARTESIAN_POINT('Ctrl Pts',(1.39228383147877,0.2,62.5004312253822));
#9491=CARTESIAN_POINT('Ctrl Pts',(1.39427024871111,0.2,62.5811741501093));
#9492=CARTESIAN_POINT('Ctrl Pts',(1.0081859305501,0.,62.0477495342493));
#9493=CARTESIAN_POINT('Ctrl Pts',(1.0081859305501,0.2,62.0477495342493));
#9494=CARTESIAN_POINT('Ctrl Pts',(1.06020556707816,0.,62.0536823854398));
#9495=CARTESIAN_POINT('Ctrl Pts',(1.06020556707816,0.2,62.0536823854398));
#9496=CARTESIAN_POINT('Ctrl Pts',(1.16648164164732,0.,62.065803195534));
#9497=CARTESIAN_POINT('Ctrl Pts',(1.16648164164732,0.2,62.065803195534));
#9498=CARTESIAN_POINT('Ctrl Pts',(1.24277118836031,0.,62.1410072546845));
#9499=CARTESIAN_POINT('Ctrl Pts',(1.24277118836031,0.2,62.1410072546845));
#9500=CARTESIAN_POINT('Ctrl Pts',(1.28171879798174,0.,62.1794006973505));
#9501=CARTESIAN_POINT('Ctrl Pts',(1.28171879798174,0.2,62.1794006973505));
#9502=CARTESIAN_POINT('',(1.0081859305501,0.,62.0477495342493));
#9503=CARTESIAN_POINT('Ctrl Pts',(1.0081859305501,0.,62.0477495342493));
#9504=CARTESIAN_POINT('Ctrl Pts',(1.06020556707816,0.,62.0536823854398));
#9505=CARTESIAN_POINT('Ctrl Pts',(1.16648164164732,0.,62.065803195534));
#9506=CARTESIAN_POINT('Ctrl Pts',(1.24277118836031,0.,62.1410072546845));
#9507=CARTESIAN_POINT('Ctrl Pts',(1.28171879798174,0.,62.1794006973505));
#9508=CARTESIAN_POINT('',(1.0081859305501,0.2,62.0477495342493));
#9509=CARTESIAN_POINT('',(1.0081859305501,0.,62.0477495342493));
#9510=CARTESIAN_POINT('Ctrl Pts',(1.0081859305501,0.2,62.0477495342493));
#9511=CARTESIAN_POINT('Ctrl Pts',(1.06020556707816,0.2,62.0536823854398));
#9512=CARTESIAN_POINT('Ctrl Pts',(1.16648164164732,0.2,62.065803195534));
#9513=CARTESIAN_POINT('Ctrl Pts',(1.24277118836031,0.2,62.1410072546845));
#9514=CARTESIAN_POINT('Ctrl Pts',(1.28171879798174,0.2,62.1794006973505));
#9515=CARTESIAN_POINT('Ctrl Pts',(0.731241293251513,0.,62.1855399757624));
#9516=CARTESIAN_POINT('Ctrl Pts',(0.731241293251513,0.2,62.1855399757624));
#9517=CARTESIAN_POINT('Ctrl Pts',(0.771084869068023,0.,62.1453667740557));
#9518=CARTESIAN_POINT('Ctrl Pts',(0.771084869068023,0.2,62.1453667740557));
#9519=CARTESIAN_POINT('Ctrl Pts',(0.847995567212505,0.,62.0678197937297));
#9520=CARTESIAN_POINT('Ctrl Pts',(0.847995567212505,0.2,62.0678197937297));
#9521=CARTESIAN_POINT('Ctrl Pts',(0.956089866868726,0.,62.0542766529486));
#9522=CARTESIAN_POINT('Ctrl Pts',(0.956089866868726,0.2,62.0542766529486));
#9523=CARTESIAN_POINT('Ctrl Pts',(1.0081859305501,0.,62.0477495342493));
#9524=CARTESIAN_POINT('Ctrl Pts',(1.0081859305501,0.2,62.0477495342493));
#9525=CARTESIAN_POINT('',(0.731241293251513,0.,62.1855399757624));
#9526=CARTESIAN_POINT('Ctrl Pts',(0.731241293251513,0.,62.1855399757624));
#9527=CARTESIAN_POINT('Ctrl Pts',(0.771084869068023,0.,62.1453667740557));
#9528=CARTESIAN_POINT('Ctrl Pts',(0.847995567212505,0.,62.0678197937297));
#9529=CARTESIAN_POINT('Ctrl Pts',(0.956089866868726,0.,62.0542766529486));
#9530=CARTESIAN_POINT('Ctrl Pts',(1.0081859305501,0.,62.0477495342493));
#9531=CARTESIAN_POINT('',(0.731241293251513,0.2,62.1855399757624));
#9532=CARTESIAN_POINT('',(0.731241293251513,0.,62.1855399757624));
#9533=CARTESIAN_POINT('Ctrl Pts',(0.731241293251513,0.2,62.1855399757624));
#9534=CARTESIAN_POINT('Ctrl Pts',(0.771084869068023,0.2,62.1453667740557));
#9535=CARTESIAN_POINT('Ctrl Pts',(0.847995567212505,0.2,62.0678197937297));
#9536=CARTESIAN_POINT('Ctrl Pts',(0.956089866868726,0.2,62.0542766529486));
#9537=CARTESIAN_POINT('Ctrl Pts',(1.0081859305501,0.2,62.0477495342493));
#9538=CARTESIAN_POINT('Ctrl Pts',(0.613915510475634,0.,62.6016379147768));
#9539=CARTESIAN_POINT('Ctrl Pts',(0.613915510475634,0.2,62.6016379147768));
#9540=CARTESIAN_POINT('Ctrl Pts',(0.616089232674434,0.,62.5182646992666));
#9541=CARTESIAN_POINT('Ctrl Pts',(0.616089232674434,0.2,62.5182646992666));
#9542=CARTESIAN_POINT('Ctrl Pts',(0.619984782288765,0.,62.3688507135671));
#9543=CARTESIAN_POINT('Ctrl Pts',(0.619984782288765,0.2,62.3688507135671));
#9544=CARTESIAN_POINT('Ctrl Pts',(0.697139165209626,0.,62.2417280244255));
#9545=CARTESIAN_POINT('Ctrl Pts',(0.697139165209626,0.2,62.2417280244255));
#9546=CARTESIAN_POINT('Ctrl Pts',(0.731241293251513,0.,62.1855399757624));
#9547=CARTESIAN_POINT('Ctrl Pts',(0.731241293251513,0.2,62.1855399757624));
#9548=CARTESIAN_POINT('',(0.613915510475634,0.,62.6016379147768));
#9549=CARTESIAN_POINT('Ctrl Pts',(0.613915510475634,0.,62.6016379147768));
#9550=CARTESIAN_POINT('Ctrl Pts',(0.616089232674434,0.,62.5182646992666));
#9551=CARTESIAN_POINT('Ctrl Pts',(0.619984782288765,0.,62.3688507135671));
#9552=CARTESIAN_POINT('Ctrl Pts',(0.697139165209626,0.,62.2417280244255));
#9553=CARTESIAN_POINT('Ctrl Pts',(0.731241293251513,0.,62.1855399757624));
#9554=CARTESIAN_POINT('',(0.613915510475634,0.2,62.6016379147768));
#9555=CARTESIAN_POINT('',(0.613915510475634,0.,62.6016379147768));
#9556=CARTESIAN_POINT('Ctrl Pts',(0.613915510475634,0.2,62.6016379147768));
#9557=CARTESIAN_POINT('Ctrl Pts',(0.616089232674434,0.2,62.5182646992666));
#9558=CARTESIAN_POINT('Ctrl Pts',(0.619984782288765,0.2,62.3688507135671));
#9559=CARTESIAN_POINT('Ctrl Pts',(0.697139165209626,0.2,62.2417280244255));
#9560=CARTESIAN_POINT('Ctrl Pts',(0.731241293251513,0.2,62.1855399757624));
#9561=CARTESIAN_POINT('Ctrl Pts',(0.723738260567187,0.,63.0231932550669));
#9562=CARTESIAN_POINT('Ctrl Pts',(0.723738260567187,0.2,63.0231932550669));
#9563=CARTESIAN_POINT('Ctrl Pts',(0.691854557725803,0.,62.9670437318781));
#9564=CARTESIAN_POINT('Ctrl Pts',(0.691854557725803,0.2,62.9670437318781));
#9565=CARTESIAN_POINT('Ctrl Pts',(0.618082945364842,0.,62.83712654881));
#9566=CARTESIAN_POINT('Ctrl Pts',(0.618082945364842,0.2,62.83712654881));
#9567=CARTESIAN_POINT('Ctrl Pts',(0.615424812370799,0.,62.6869238163168));
#9568=CARTESIAN_POINT('Ctrl Pts',(0.615424812370799,0.2,62.6869238163168));
#9569=CARTESIAN_POINT('Ctrl Pts',(0.613915510475634,0.,62.6016379147768));
#9570=CARTESIAN_POINT('Ctrl Pts',(0.613915510475634,0.2,62.6016379147768));
#9571=CARTESIAN_POINT('Ctrl Pts',(0.723738260567187,0.,63.0231932550669));
#9572=CARTESIAN_POINT('Ctrl Pts',(0.691854557725803,0.,62.9670437318781));
#9573=CARTESIAN_POINT('Ctrl Pts',(0.618082945364842,0.,62.83712654881));
#9574=CARTESIAN_POINT('Ctrl Pts',(0.615424812370799,0.,62.6869238163168));
#9575=CARTESIAN_POINT('Ctrl Pts',(0.613915510475634,0.,62.6016379147768));
#9576=CARTESIAN_POINT('Ctrl Pts',(0.723738260567187,0.2,63.0231932550669));
#9577=CARTESIAN_POINT('Ctrl Pts',(0.691854557725803,0.2,62.9670437318781));
#9578=CARTESIAN_POINT('Ctrl Pts',(0.618082945364842,0.2,62.83712654881));
#9579=CARTESIAN_POINT('Ctrl Pts',(0.615424812370799,0.2,62.6869238163168));
#9580=CARTESIAN_POINT('Ctrl Pts',(0.613915510475634,0.2,62.6016379147768));
#9581=CARTESIAN_POINT('Origin',(1.61800820380449,0.,63.8785818964243));
#9582=CARTESIAN_POINT('',(1.61800820380449,0.,63.8785818964243));
#9583=CARTESIAN_POINT('',(1.61800820380449,0.,61.8785820156336));
#9584=CARTESIAN_POINT('',(1.61800820380449,0.,54.3767909482121));
#9585=CARTESIAN_POINT('',(1.61800820380449,0.2,63.8785818964243));
#9586=CARTESIAN_POINT('',(1.61800820380449,0.,63.8785818964243));
#9587=CARTESIAN_POINT('',(1.61800820380449,0.2,61.8785820156336));
#9588=CARTESIAN_POINT('',(1.61800820380449,0.2,63.8785818964243));
#9589=CARTESIAN_POINT('',(1.61800820380449,0.,61.8785820156336));
#9590=CARTESIAN_POINT('Origin',(1.37380678206682,0.,63.8785818964243));
#9591=CARTESIAN_POINT('',(1.37380678206682,0.,63.8785818964243));
#9592=CARTESIAN_POINT('',(15.4194033910334,0.,63.8785818964243));
#9593=CARTESIAN_POINT('',(1.37380678206682,0.2,63.8785818964243));
#9594=CARTESIAN_POINT('',(1.37380678206682,0.,63.8785818964243));
#9595=CARTESIAN_POINT('',(1.37380678206682,0.2,63.8785818964243));
#9596=CARTESIAN_POINT('Origin',(1.37380678206682,0.,63.1609831005335));
#9597=CARTESIAN_POINT('',(1.37380678206682,0.,63.1609831005335));
#9598=CARTESIAN_POINT('',(1.37380678206682,0.,54.0179915502667));
#9599=CARTESIAN_POINT('',(1.37380678206682,0.2,63.1609831005335));
#9600=CARTESIAN_POINT('',(1.37380678206682,0.,63.1609831005335));
#9601=CARTESIAN_POINT('',(1.37380678206682,0.2,63.1609831005335));
#9602=CARTESIAN_POINT('Ctrl Pts',(1.20736677199602,0.,63.304912224412));
#9603=CARTESIAN_POINT('Ctrl Pts',(1.20736677199602,0.2,63.304912224412));
#9604=CARTESIAN_POINT('Ctrl Pts',(1.23970694268747,0.,63.2853418947593));
#9605=CARTESIAN_POINT('Ctrl Pts',(1.23970694268747,0.2,63.2853418947593));
#9606=CARTESIAN_POINT('Ctrl Pts',(1.30338297632365,0.,63.2468089822055));
#9607=CARTESIAN_POINT('Ctrl Pts',(1.30338297632365,0.2,63.2468089822055));
#9608=CARTESIAN_POINT('Ctrl Pts',(1.35058031460087,0.,63.1892893249324));
#9609=CARTESIAN_POINT('Ctrl Pts',(1.35058031460087,0.2,63.1892893249324));
#9610=CARTESIAN_POINT('Ctrl Pts',(1.37380678206682,0.,63.1609831005335));
#9611=CARTESIAN_POINT('Ctrl Pts',(1.37380678206682,0.2,63.1609831005335));
#9612=CARTESIAN_POINT('',(1.20736677199602,0.,63.304912224412));
#9613=CARTESIAN_POINT('Ctrl Pts',(1.20736677199602,0.,63.304912224412));
#9614=CARTESIAN_POINT('Ctrl Pts',(1.23970694268747,0.,63.2853418947593));
#9615=CARTESIAN_POINT('Ctrl Pts',(1.30338297632365,0.,63.2468089822055));
#9616=CARTESIAN_POINT('Ctrl Pts',(1.35058031460087,0.,63.1892893249324));
#9617=CARTESIAN_POINT('Ctrl Pts',(1.37380678206682,0.,63.1609831005335));
#9618=CARTESIAN_POINT('',(1.20736677199602,0.2,63.304912224412));
#9619=CARTESIAN_POINT('',(1.20736677199602,0.,63.304912224412));
#9620=CARTESIAN_POINT('Ctrl Pts',(1.20736677199602,0.2,63.304912224412));
#9621=CARTESIAN_POINT('Ctrl Pts',(1.23970694268747,0.2,63.2853418947593));
#9622=CARTESIAN_POINT('Ctrl Pts',(1.30338297632365,0.2,63.2468089822055));
#9623=CARTESIAN_POINT('Ctrl Pts',(1.35058031460087,0.2,63.1892893249324));
#9624=CARTESIAN_POINT('Ctrl Pts',(1.37380678206682,0.2,63.1609831005335));
#9625=CARTESIAN_POINT('Ctrl Pts',(0.974078960716722,0.,63.3601645380259));
#9626=CARTESIAN_POINT('Ctrl Pts',(0.974078960716722,0.2,63.3601645380259));
#9627=CARTESIAN_POINT('Ctrl Pts',(1.01597473868759,0.,63.3581625779984));
#9628=CARTESIAN_POINT('Ctrl Pts',(1.01597473868759,0.2,63.3581625779984));
#9629=CARTESIAN_POINT('Ctrl Pts',(1.0972398549388,0.,63.3542793820717));
#9630=CARTESIAN_POINT('Ctrl Pts',(1.0972398549388,0.2,63.3542793820717));
#9631=CARTESIAN_POINT('Ctrl Pts',(1.1714265933113,0.,63.3210233125533));
#9632=CARTESIAN_POINT('Ctrl Pts',(1.1714265933113,0.2,63.3210233125533));
#9633=CARTESIAN_POINT('Ctrl Pts',(1.20736677199602,0.,63.304912224412));
#9634=CARTESIAN_POINT('Ctrl Pts',(1.20736677199602,0.2,63.304912224412));
#9635=CARTESIAN_POINT('',(0.974078960716722,0.,63.3601645380259));
#9636=CARTESIAN_POINT('Ctrl Pts',(0.974078960716722,0.,63.3601645380259));
#9637=CARTESIAN_POINT('Ctrl Pts',(1.01597473868759,0.,63.3581625779984));
#9638=CARTESIAN_POINT('Ctrl Pts',(1.0972398549388,0.,63.3542793820717));
#9639=CARTESIAN_POINT('Ctrl Pts',(1.1714265933113,0.,63.3210233125533));
#9640=CARTESIAN_POINT('Ctrl Pts',(1.20736677199602,0.,63.304912224412));
#9641=CARTESIAN_POINT('',(0.974078960716722,0.2,63.3601645380259));
#9642=CARTESIAN_POINT('',(0.974078960716722,0.,63.3601645380259));
#9643=CARTESIAN_POINT('Ctrl Pts',(0.974078960716722,0.2,63.3601645380259));
#9644=CARTESIAN_POINT('Ctrl Pts',(1.01597473868759,0.2,63.3581625779984));
#9645=CARTESIAN_POINT('Ctrl Pts',(1.0972398549388,0.2,63.3542793820717));
#9646=CARTESIAN_POINT('Ctrl Pts',(1.1714265933113,0.2,63.3210233125533));
#9647=CARTESIAN_POINT('Ctrl Pts',(1.20736677199602,0.2,63.304912224412));
#9648=CARTESIAN_POINT('Ctrl Pts',(0.650750584900378,0.,63.2660309225321));
#9649=CARTESIAN_POINT('Ctrl Pts',(0.650750584900378,0.2,63.2660309225321));
#9650=CARTESIAN_POINT('Ctrl Pts',(0.700648994161523,0.,63.2934857336998));
#9651=CARTESIAN_POINT('Ctrl Pts',(0.700648994161523,0.2,63.2934857336998));
#9652=CARTESIAN_POINT('Ctrl Pts',(0.801387130757247,0.,63.3489132825652));
#9653=CARTESIAN_POINT('Ctrl Pts',(0.801387130757247,0.2,63.3489132825652));
#9654=CARTESIAN_POINT('Ctrl Pts',(0.916157537888875,0.,63.3563908289567));
#9655=CARTESIAN_POINT('Ctrl Pts',(0.916157537888875,0.2,63.3563908289567));
#9656=CARTESIAN_POINT('Ctrl Pts',(0.974078960716722,0.,63.3601645380259));
#9657=CARTESIAN_POINT('Ctrl Pts',(0.974078960716722,0.2,63.3601645380259));
#9658=CARTESIAN_POINT('',(0.650750584900378,0.,63.2660309225321));
#9659=CARTESIAN_POINT('Ctrl Pts',(0.650750584900378,0.,63.2660309225321));
#9660=CARTESIAN_POINT('Ctrl Pts',(0.700648994161523,0.,63.2934857336998));
#9661=CARTESIAN_POINT('Ctrl Pts',(0.801387130757247,0.,63.3489132825652));
#9662=CARTESIAN_POINT('Ctrl Pts',(0.916157537888875,0.,63.3563908289567));
#9663=CARTESIAN_POINT('Ctrl Pts',(0.974078960716722,0.,63.3601645380259));
#9664=CARTESIAN_POINT('',(0.650750584900378,0.2,63.2660309225321));
#9665=CARTESIAN_POINT('',(0.650750584900378,0.,63.2660309225321));
#9666=CARTESIAN_POINT('Ctrl Pts',(0.650750584900378,0.2,63.2660309225321));
#9667=CARTESIAN_POINT('Ctrl Pts',(0.700648994161523,0.2,63.2934857336998));
#9668=CARTESIAN_POINT('Ctrl Pts',(0.801387130757247,0.2,63.3489132825652));
#9669=CARTESIAN_POINT('Ctrl Pts',(0.916157537888875,0.2,63.3563908289567));
#9670=CARTESIAN_POINT('Ctrl Pts',(0.974078960716722,0.2,63.3601645380259));
#9671=CARTESIAN_POINT('Ctrl Pts',(0.43383378535509,0.,62.9952258616686));
#9672=CARTESIAN_POINT('Ctrl Pts',(0.43383378535509,0.2,62.9952258616686));
#9673=CARTESIAN_POINT('Ctrl Pts',(0.46026490052816,0.,63.0502243722746));
#9674=CARTESIAN_POINT('Ctrl Pts',(0.46026490052816,0.2,63.0502243722746));
#9675=CARTESIAN_POINT('Ctrl Pts',(0.51173570790409,0.,63.1573260865544));
#9676=CARTESIAN_POINT('Ctrl Pts',(0.51173570790409,0.2,63.1573260865544));
#9677=CARTESIAN_POINT('Ctrl Pts',(0.605255002584637,0.,63.2304549473545));
#9678=CARTESIAN_POINT('Ctrl Pts',(0.605255002584637,0.2,63.2304549473545));
#9679=CARTESIAN_POINT('Ctrl Pts',(0.650750584900378,0.,63.2660309225321));
#9680=CARTESIAN_POINT('Ctrl Pts',(0.650750584900378,0.2,63.2660309225321));
#9681=CARTESIAN_POINT('',(0.43383378535509,0.,62.9952258616686));
#9682=CARTESIAN_POINT('Ctrl Pts',(0.43383378535509,0.,62.9952258616686));
#9683=CARTESIAN_POINT('Ctrl Pts',(0.46026490052816,0.,63.0502243722746));
#9684=CARTESIAN_POINT('Ctrl Pts',(0.51173570790409,0.,63.1573260865544));
#9685=CARTESIAN_POINT('Ctrl Pts',(0.605255002584637,0.,63.2304549473545));
#9686=CARTESIAN_POINT('Ctrl Pts',(0.650750584900378,0.,63.2660309225321));
#9687=CARTESIAN_POINT('',(0.43383378535509,0.2,62.9952258616686));
#9688=CARTESIAN_POINT('',(0.43383378535509,0.,62.9952258616686));
#9689=CARTESIAN_POINT('Ctrl Pts',(0.43383378535509,0.2,62.9952258616686));
#9690=CARTESIAN_POINT('Ctrl Pts',(0.46026490052816,0.2,63.0502243722746));
#9691=CARTESIAN_POINT('Ctrl Pts',(0.51173570790409,0.2,63.1573260865544));
#9692=CARTESIAN_POINT('Ctrl Pts',(0.605255002584637,0.2,63.2304549473545));
#9693=CARTESIAN_POINT('Ctrl Pts',(0.650750584900378,0.2,63.2660309225321));
#9694=CARTESIAN_POINT('Ctrl Pts',(0.361527986824511,0.,62.6016379147768));
#9695=CARTESIAN_POINT('Ctrl Pts',(0.361527986824511,0.2,62.6016379147768));
#9696=CARTESIAN_POINT('Ctrl Pts',(0.364125017625591,0.,62.6712310010298));
#9697=CARTESIAN_POINT('Ctrl Pts',(0.364125017625591,0.2,62.6712310010298));
#9698=CARTESIAN_POINT('Ctrl Pts',(0.369154030768605,0.,62.8059943412581));
#9699=CARTESIAN_POINT('Ctrl Pts',(0.369154030768605,0.2,62.8059943412581));
#9700=CARTESIAN_POINT('Ctrl Pts',(0.412750805027289,0.,62.9335440502931));
#9701=CARTESIAN_POINT('Ctrl Pts',(0.412750805027289,0.2,62.9335440502931));
#9702=CARTESIAN_POINT('Ctrl Pts',(0.43383378535509,0.,62.9952258616686));
#9703=CARTESIAN_POINT('Ctrl Pts',(0.43383378535509,0.2,62.9952258616686));
#9704=CARTESIAN_POINT('',(0.361527986824511,0.,62.6016379147768));
#9705=CARTESIAN_POINT('Ctrl Pts',(0.361527986824511,0.,62.6016379147768));
#9706=CARTESIAN_POINT('Ctrl Pts',(0.364125017625591,0.,62.6712310010298));
#9707=CARTESIAN_POINT('Ctrl Pts',(0.369154030768605,0.,62.8059943412581));
#9708=CARTESIAN_POINT('Ctrl Pts',(0.412750805027289,0.,62.9335440502931));
#9709=CARTESIAN_POINT('Ctrl Pts',(0.43383378535509,0.,62.9952258616686));
#9710=CARTESIAN_POINT('',(0.361527986824511,0.2,62.6016379147768));
#9711=CARTESIAN_POINT('',(0.361527986824511,0.,62.6016379147768));
#9712=CARTESIAN_POINT('Ctrl Pts',(0.361527986824511,0.2,62.6016379147768));
#9713=CARTESIAN_POINT('Ctrl Pts',(0.364125017625591,0.2,62.6712310010298));
#9714=CARTESIAN_POINT('Ctrl Pts',(0.369154030768605,0.2,62.8059943412581));
#9715=CARTESIAN_POINT('Ctrl Pts',(0.412750805027289,0.2,62.9335440502931));
#9716=CARTESIAN_POINT('Ctrl Pts',(0.43383378535509,0.2,62.9952258616686));
#9717=CARTESIAN_POINT('Ctrl Pts',(0.441336818039416,0.,62.2080502659082));
#9718=CARTESIAN_POINT('Ctrl Pts',(0.441336818039416,0.2,62.2080502659082));
#9719=CARTESIAN_POINT('Ctrl Pts',(0.418070516982124,0.,62.2686967845735));
#9720=CARTESIAN_POINT('Ctrl Pts',(0.418070516982124,0.2,62.2686967845735));
#9721=CARTESIAN_POINT('Ctrl Pts',(0.369489366313048,0.,62.3953296194867));
#9722=CARTESIAN_POINT('Ctrl Pts',(0.369489366313048,0.2,62.3953296194867));
#9723=CARTESIAN_POINT('Ctrl Pts',(0.36425534857195,0.,62.5309620534435));
#9724=CARTESIAN_POINT('Ctrl Pts',(0.36425534857195,0.2,62.5309620534435));
#9725=CARTESIAN_POINT('Ctrl Pts',(0.361527986824511,0.,62.6016379147768));
#9726=CARTESIAN_POINT('Ctrl Pts',(0.361527986824511,0.2,62.6016379147768));
#9727=CARTESIAN_POINT('',(0.441336818039416,0.,62.2080502659082));
#9728=CARTESIAN_POINT('Ctrl Pts',(0.441336818039416,0.,62.2080502659082));
#9729=CARTESIAN_POINT('Ctrl Pts',(0.418070516982124,0.,62.2686967845735));
#9730=CARTESIAN_POINT('Ctrl Pts',(0.369489366313048,0.,62.3953296194867));
#9731=CARTESIAN_POINT('Ctrl Pts',(0.36425534857195,0.,62.5309620534435));
#9732=CARTESIAN_POINT('Ctrl Pts',(0.361527986824511,0.,62.6016379147768));
#9733=CARTESIAN_POINT('',(0.441336818039416,0.2,62.2080502659082));
#9734=CARTESIAN_POINT('',(0.441336818039416,0.,62.2080502659082));
#9735=CARTESIAN_POINT('Ctrl Pts',(0.441336818039416,0.2,62.2080502659082));
#9736=CARTESIAN_POINT('Ctrl Pts',(0.418070516982124,0.2,62.2686967845735));
#9737=CARTESIAN_POINT('Ctrl Pts',(0.369489366313048,0.2,62.3953296194867));
#9738=CARTESIAN_POINT('Ctrl Pts',(0.36425534857195,0.2,62.5309620534435));
#9739=CARTESIAN_POINT('Ctrl Pts',(0.361527986824511,0.2,62.6016379147768));
#9740=CARTESIAN_POINT('Ctrl Pts',(0.666439123451709,0.,61.9413379579782));
#9741=CARTESIAN_POINT('Ctrl Pts',(0.666439123451709,0.2,61.9413379579782));
#9742=CARTESIAN_POINT('Ctrl Pts',(0.620459892113557,0.,61.9769278920563));
#9743=CARTESIAN_POINT('Ctrl Pts',(0.620459892113557,0.2,61.9769278920563));
#9744=CARTESIAN_POINT('Ctrl Pts',(0.526437899573463,0.,62.049705022491));
#9745=CARTESIAN_POINT('Ctrl Pts',(0.526437899573463,0.2,62.049705022491));
#9746=CARTESIAN_POINT('Ctrl Pts',(0.470115884137621,0.,62.1545018486085));
#9747=CARTESIAN_POINT('Ctrl Pts',(0.470115884137621,0.2,62.1545018486085));
#9748=CARTESIAN_POINT('Ctrl Pts',(0.441336818039416,0.,62.2080502659082));
#9749=CARTESIAN_POINT('Ctrl Pts',(0.441336818039416,0.2,62.2080502659082));
#9750=CARTESIAN_POINT('',(0.666439123451709,0.,61.9413379579782));
#9751=CARTESIAN_POINT('Ctrl Pts',(0.666439123451709,0.,61.9413379579782));
#9752=CARTESIAN_POINT('Ctrl Pts',(0.620459892113557,0.,61.9769278920563));
#9753=CARTESIAN_POINT('Ctrl Pts',(0.526437899573463,0.,62.049705022491));
#9754=CARTESIAN_POINT('Ctrl Pts',(0.470115884137621,0.,62.1545018486085));
#9755=CARTESIAN_POINT('Ctrl Pts',(0.441336818039416,0.,62.2080502659082));
#9756=CARTESIAN_POINT('',(0.666439123451709,0.2,61.9413379579782));
#9757=CARTESIAN_POINT('',(0.666439123451709,0.,61.9413379579782));
#9758=CARTESIAN_POINT('Ctrl Pts',(0.666439123451709,0.2,61.9413379579782));
#9759=CARTESIAN_POINT('Ctrl Pts',(0.620459892113557,0.2,61.9769278920563));
#9760=CARTESIAN_POINT('Ctrl Pts',(0.526437899573463,0.2,62.049705022491));
#9761=CARTESIAN_POINT('Ctrl Pts',(0.470115884137621,0.2,62.1545018486085));
#9762=CARTESIAN_POINT('Ctrl Pts',(0.441336818039416,0.2,62.2080502659082));
#9763=CARTESIAN_POINT('Ctrl Pts',(0.984993763267992,0.,61.8458399921656));
#9764=CARTESIAN_POINT('Ctrl Pts',(0.984993763267992,0.2,61.8458399921656));
#9765=CARTESIAN_POINT('Ctrl Pts',(0.928382749934584,0.,61.8498339211345));
#9766=CARTESIAN_POINT('Ctrl Pts',(0.928382749934584,0.2,61.8498339211345));
#9767=CARTESIAN_POINT('Ctrl Pts',(0.815055392761108,0.,61.8578292101805));
#9768=CARTESIAN_POINT('Ctrl Pts',(0.815055392761108,0.2,61.8578292101805));
#9769=CARTESIAN_POINT('Ctrl Pts',(0.716008565778238,0.,61.9134844660493));
#9770=CARTESIAN_POINT('Ctrl Pts',(0.716008565778238,0.2,61.9134844660493));
#9771=CARTESIAN_POINT('Ctrl Pts',(0.666439123451709,0.,61.9413379579782));
#9772=CARTESIAN_POINT('Ctrl Pts',(0.666439123451709,0.2,61.9413379579782));
#9773=CARTESIAN_POINT('',(0.984993763267992,0.,61.8458399921656));
#9774=CARTESIAN_POINT('Ctrl Pts',(0.984993763267992,0.,61.8458399921656));
#9775=CARTESIAN_POINT('Ctrl Pts',(0.928382749934584,0.,61.8498339211345));
#9776=CARTESIAN_POINT('Ctrl Pts',(0.815055392761108,0.,61.8578292101805));
#9777=CARTESIAN_POINT('Ctrl Pts',(0.716008565778238,0.,61.9134844660493));
#9778=CARTESIAN_POINT('Ctrl Pts',(0.666439123451709,0.,61.9413379579782));
#9779=CARTESIAN_POINT('',(0.984993763267992,0.2,61.8458399921656));
#9780=CARTESIAN_POINT('',(0.984993763267992,0.,61.8458399921656));
#9781=CARTESIAN_POINT('Ctrl Pts',(0.984993763267992,0.2,61.8458399921656));
#9782=CARTESIAN_POINT('Ctrl Pts',(0.928382749934584,0.2,61.8498339211345));
#9783=CARTESIAN_POINT('Ctrl Pts',(0.815055392761108,0.2,61.8578292101805));
#9784=CARTESIAN_POINT('Ctrl Pts',(0.716008565778238,0.2,61.9134844660493));
#9785=CARTESIAN_POINT('Ctrl Pts',(0.666439123451709,0.2,61.9413379579782));
#9786=CARTESIAN_POINT('Ctrl Pts',(1.39017779380083,0.,62.0613924413919));
#9787=CARTESIAN_POINT('Ctrl Pts',(1.39017779380083,0.2,62.0613924413919));
#9788=CARTESIAN_POINT('Ctrl Pts',(1.33826572496989,0.,61.9985263629531));
#9789=CARTESIAN_POINT('Ctrl Pts',(1.33826572496989,0.2,61.9985263629531));
#9790=CARTESIAN_POINT('Ctrl Pts',(1.23303560561201,0.,61.871091546991));
#9791=CARTESIAN_POINT('Ctrl Pts',(1.23303560561201,0.2,61.871091546991));
#9792=CARTESIAN_POINT('Ctrl Pts',(1.068407576827,0.,61.8543318194572));
#9793=CARTESIAN_POINT('Ctrl Pts',(1.068407576827,0.2,61.8543318194572));
#9794=CARTESIAN_POINT('Ctrl Pts',(0.984993763267992,0.,61.8458399921656));
#9795=CARTESIAN_POINT('Ctrl Pts',(0.984993763267992,0.2,61.8458399921656));
#9796=CARTESIAN_POINT('',(1.39017779380083,0.,62.0613924413919));
#9797=CARTESIAN_POINT('Ctrl Pts',(1.39017779380083,0.,62.0613924413919));
#9798=CARTESIAN_POINT('Ctrl Pts',(1.33826572496989,0.,61.9985263629531));
#9799=CARTESIAN_POINT('Ctrl Pts',(1.23303560561201,0.,61.871091546991));
#9800=CARTESIAN_POINT('Ctrl Pts',(1.068407576827,0.,61.8543318194572));
#9801=CARTESIAN_POINT('Ctrl Pts',(0.984993763267992,0.,61.8458399921656));
#9802=CARTESIAN_POINT('',(1.39017779380083,0.2,62.0613924413919));
#9803=CARTESIAN_POINT('',(1.39017779380083,0.,62.0613924413919));
#9804=CARTESIAN_POINT('Ctrl Pts',(1.39017779380083,0.2,62.0613924413919));
#9805=CARTESIAN_POINT('Ctrl Pts',(1.33826572496989,0.2,61.9985263629531));
#9806=CARTESIAN_POINT('Ctrl Pts',(1.23303560561201,0.2,61.871091546991));
#9807=CARTESIAN_POINT('Ctrl Pts',(1.068407576827,0.2,61.8543318194572));
#9808=CARTESIAN_POINT('Ctrl Pts',(0.984993763267992,0.2,61.8458399921656));
#9809=CARTESIAN_POINT('Origin',(1.39017779380083,0.,61.8785820156336));
#9810=CARTESIAN_POINT('',(1.39017779380083,0.,61.8785820156336));
#9811=CARTESIAN_POINT('',(1.39017779380083,0.,53.3767910078168));
#9812=CARTESIAN_POINT('',(1.39017779380083,0.2,61.8785820156336));
#9813=CARTESIAN_POINT('',(1.39017779380083,0.,61.8785820156336));
#9814=CARTESIAN_POINT('',(1.39017779380083,0.2,61.8785820156336));
#9815=CARTESIAN_POINT('Origin',(1.61800820380449,0.,61.8785820156336));
#9816=CARTESIAN_POINT('',(15.5415041019022,0.,61.8785820156336));
#9817=CARTESIAN_POINT('',(1.61800820380449,0.2,61.8785820156336));
#9818=CARTESIAN_POINT('Origin',(-3.69099596515298,0.2,64.1616652905941));
#9819=CARTESIAN_POINT('Ctrl Pts',(-4.87039607018232,0.,62.0477495342493));
#9820=CARTESIAN_POINT('Ctrl Pts',(-4.87039607018232,0.2,62.0477495342493));
#9821=CARTESIAN_POINT('Ctrl Pts',(-4.82463949395304,0.,62.0510336182727));
#9822=CARTESIAN_POINT('Ctrl Pts',(-4.82463949395304,0.2,62.0510336182727));
#9823=CARTESIAN_POINT('Ctrl Pts',(-4.73550625130331,0.,62.0574309731943));
#9824=CARTESIAN_POINT('Ctrl Pts',(-4.73550625130331,0.2,62.0574309731943));
#9825=CARTESIAN_POINT('Ctrl Pts',(-4.66381229691187,0.,62.1105674793578));
#9826=CARTESIAN_POINT('Ctrl Pts',(-4.66381229691187,0.2,62.1105674793578));
#9827=CARTESIAN_POINT('Ctrl Pts',(-4.6289224550128,0.,62.1364263445139));
#9828=CARTESIAN_POINT('Ctrl Pts',(-4.6289224550128,0.2,62.1364263445139));
#9829=CARTESIAN_POINT('',(-4.87039607018232,0.,62.0477495342493));
#9830=CARTESIAN_POINT('',(-4.6289224550128,0.,62.1364263445139));
#9831=CARTESIAN_POINT('Ctrl Pts',(-4.87039607018232,0.,62.0477495342493));
#9832=CARTESIAN_POINT('Ctrl Pts',(-4.82463949395304,0.,62.0510336182727));
#9833=CARTESIAN_POINT('Ctrl Pts',(-4.73550625130331,0.,62.0574309731943));
#9834=CARTESIAN_POINT('Ctrl Pts',(-4.66381229691187,0.,62.1105674793578));
#9835=CARTESIAN_POINT('Ctrl Pts',(-4.6289224550128,0.,62.1364263445139));
#9836=CARTESIAN_POINT('',(-4.87039607018232,0.2,62.0477495342493));
#9837=CARTESIAN_POINT('',(-4.87039607018232,0.,62.0477495342493));
#9838=CARTESIAN_POINT('',(-4.6289224550128,0.2,62.1364263445139));
#9839=CARTESIAN_POINT('Ctrl Pts',(-4.87039607018232,0.2,62.0477495342493));
#9840=CARTESIAN_POINT('Ctrl Pts',(-4.82463949395304,0.2,62.0510336182727));
#9841=CARTESIAN_POINT('Ctrl Pts',(-4.73550625130331,0.2,62.0574309731943));
#9842=CARTESIAN_POINT('Ctrl Pts',(-4.66381229691187,0.2,62.1105674793578));
#9843=CARTESIAN_POINT('Ctrl Pts',(-4.6289224550128,0.2,62.1364263445139));
#9844=CARTESIAN_POINT('',(-4.6289224550128,0.,62.1364263445139));
#9845=CARTESIAN_POINT('Ctrl Pts',(-5.16234677284956,0.,62.1800825744867));
#9846=CARTESIAN_POINT('Ctrl Pts',(-5.16234677284956,0.2,62.1800825744867));
#9847=CARTESIAN_POINT('Ctrl Pts',(-5.1218885387961,0.,62.1414866323726));
#9848=CARTESIAN_POINT('Ctrl Pts',(-5.1218885387961,0.2,62.1414866323726));
#9849=CARTESIAN_POINT('Ctrl Pts',(-5.04006425272244,0.,62.0634287170256));
#9850=CARTESIAN_POINT('Ctrl Pts',(-5.04006425272244,0.2,62.0634287170256));
#9851=CARTESIAN_POINT('Ctrl Pts',(-4.92736890566379,0.,62.0530144430108));
#9852=CARTESIAN_POINT('Ctrl Pts',(-4.92736890566379,0.2,62.0530144430108));
#9853=CARTESIAN_POINT('Ctrl Pts',(-4.87039607018232,0.,62.0477495342493));
#9854=CARTESIAN_POINT('Ctrl Pts',(-4.87039607018232,0.2,62.0477495342493));
#9855=CARTESIAN_POINT('',(-5.16234677284956,0.,62.1800825744867));
#9856=CARTESIAN_POINT('Ctrl Pts',(-5.16234677284956,0.,62.1800825744867));
#9857=CARTESIAN_POINT('Ctrl Pts',(-5.1218885387961,0.,62.1414866323726));
#9858=CARTESIAN_POINT('Ctrl Pts',(-5.04006425272244,0.,62.0634287170256));
#9859=CARTESIAN_POINT('Ctrl Pts',(-4.92736890566379,0.,62.0530144430108));
#9860=CARTESIAN_POINT('Ctrl Pts',(-4.87039607018232,0.,62.0477495342493));
#9861=CARTESIAN_POINT('',(-5.16234677284956,0.2,62.1800825744867));
#9862=CARTESIAN_POINT('',(-5.16234677284956,0.,62.1800825744867));
#9863=CARTESIAN_POINT('Ctrl Pts',(-5.16234677284956,0.2,62.1800825744867));
#9864=CARTESIAN_POINT('Ctrl Pts',(-5.1218885387961,0.2,62.1414866323726));
#9865=CARTESIAN_POINT('Ctrl Pts',(-5.04006425272244,0.2,62.0634287170256));
#9866=CARTESIAN_POINT('Ctrl Pts',(-4.92736890566379,0.2,62.0530144430108));
#9867=CARTESIAN_POINT('Ctrl Pts',(-4.87039607018232,0.2,62.0477495342493));
#9868=CARTESIAN_POINT('Ctrl Pts',(-5.27421575039625,0.,62.6043663173914));
#9869=CARTESIAN_POINT('Ctrl Pts',(-5.27421575039625,0.2,62.6043663173914));
#9870=CARTESIAN_POINT('Ctrl Pts',(-5.27278183819297,0.,62.5180661377604));
#9871=CARTESIAN_POINT('Ctrl Pts',(-5.27278183819297,0.2,62.5180661377604));
#9872=CARTESIAN_POINT('Ctrl Pts',(-5.27026462844747,0.,62.3665675643416));
#9873=CARTESIAN_POINT('Ctrl Pts',(-5.27026462844747,0.2,62.3665675643416));
#9874=CARTESIAN_POINT('Ctrl Pts',(-5.19481640515086,0.,62.2361909822822));
#9875=CARTESIAN_POINT('Ctrl Pts',(-5.19481640515086,0.2,62.2361909822822));
#9876=CARTESIAN_POINT('Ctrl Pts',(-5.16234677284956,0.,62.1800825744867));
#9877=CARTESIAN_POINT('Ctrl Pts',(-5.16234677284956,0.2,62.1800825744867));
#9878=CARTESIAN_POINT('',(-5.27421575039625,0.,62.6043663173914));
#9879=CARTESIAN_POINT('Ctrl Pts',(-5.27421575039625,0.,62.6043663173914));
#9880=CARTESIAN_POINT('Ctrl Pts',(-5.27278183819297,0.,62.5180661377604));
#9881=CARTESIAN_POINT('Ctrl Pts',(-5.27026462844747,0.,62.3665675643416));
#9882=CARTESIAN_POINT('Ctrl Pts',(-5.19481640515086,0.,62.2361909822822));
#9883=CARTESIAN_POINT('Ctrl Pts',(-5.16234677284956,0.,62.1800825744867));
#9884=CARTESIAN_POINT('',(-5.27421575039625,0.2,62.6043663173914));
#9885=CARTESIAN_POINT('',(-5.27421575039625,0.,62.6043663173914));
#9886=CARTESIAN_POINT('Ctrl Pts',(-5.27421575039625,0.2,62.6043663173914));
#9887=CARTESIAN_POINT('Ctrl Pts',(-5.27278183819297,0.2,62.5180661377604));
#9888=CARTESIAN_POINT('Ctrl Pts',(-5.27026462844747,0.2,62.3665675643416));
#9889=CARTESIAN_POINT('Ctrl Pts',(-5.19481640515086,0.2,62.2361909822822));
#9890=CARTESIAN_POINT('Ctrl Pts',(-5.16234677284956,0.2,62.1800825744867));
#9891=CARTESIAN_POINT('Ctrl Pts',(-5.15825401991606,0.,63.025239482522));
#9892=CARTESIAN_POINT('Ctrl Pts',(-5.15825401991606,0.2,63.025239482522));
#9893=CARTESIAN_POINT('Ctrl Pts',(-5.19192829198331,0.,62.9694071219317));
#9894=CARTESIAN_POINT('Ctrl Pts',(-5.19192829198331,0.2,62.9694071219317));
#9895=CARTESIAN_POINT('Ctrl Pts',(-5.26948179106519,0.,62.8408224589244));
#9896=CARTESIAN_POINT('Ctrl Pts',(-5.26948179106519,0.2,62.8408224589244));
#9897=CARTESIAN_POINT('Ctrl Pts',(-5.27250515323812,0.,62.6898087928002));
#9898=CARTESIAN_POINT('Ctrl Pts',(-5.27250515323812,0.2,62.6898087928002));
#9899=CARTESIAN_POINT('Ctrl Pts',(-5.27421575039625,0.,62.6043663173914));
#9900=CARTESIAN_POINT('Ctrl Pts',(-5.27421575039625,0.2,62.6043663173914));
#9901=CARTESIAN_POINT('',(-5.15825401991606,0.,63.025239482522));
#9902=CARTESIAN_POINT('Ctrl Pts',(-5.15825401991606,0.,63.025239482522));
#9903=CARTESIAN_POINT('Ctrl Pts',(-5.19192829198331,0.,62.9694071219317));
#9904=CARTESIAN_POINT('Ctrl Pts',(-5.26948179106519,0.,62.8408224589244));
#9905=CARTESIAN_POINT('Ctrl Pts',(-5.27250515323812,0.,62.6898087928002));
#9906=CARTESIAN_POINT('Ctrl Pts',(-5.27421575039625,0.,62.6043663173914));
#9907=CARTESIAN_POINT('',(-5.15825401991606,0.2,63.025239482522));
#9908=CARTESIAN_POINT('',(-5.15825401991606,0.,63.025239482522));
#9909=CARTESIAN_POINT('Ctrl Pts',(-5.15825401991606,0.2,63.025239482522));
#9910=CARTESIAN_POINT('Ctrl Pts',(-5.19192829198331,0.2,62.9694071219317));
#9911=CARTESIAN_POINT('Ctrl Pts',(-5.26948179106519,0.2,62.8408224589244));
#9912=CARTESIAN_POINT('Ctrl Pts',(-5.27250515323812,0.2,62.6898087928002));
#9913=CARTESIAN_POINT('Ctrl Pts',(-5.27421575039625,0.2,62.6043663173914));
#9914=CARTESIAN_POINT('Ctrl Pts',(-4.85675346106291,0.,63.1582543998957));
#9915=CARTESIAN_POINT('Ctrl Pts',(-4.85675346106291,0.2,63.1582543998957));
#9916=CARTESIAN_POINT('Ctrl Pts',(-4.9154135011871,0.,63.1530379007146));
#9917=CARTESIAN_POINT('Ctrl Pts',(-4.9154135011871,0.2,63.1530379007146));
#9918=CARTESIAN_POINT('Ctrl Pts',(-5.03107033647424,0.,63.1427528108086));
#9919=CARTESIAN_POINT('Ctrl Pts',(-5.03107033647424,0.2,63.1427528108086));
#9920=CARTESIAN_POINT('Ctrl Pts',(-5.11626786338807,0.,63.0640332401963));
#9921=CARTESIAN_POINT('Ctrl Pts',(-5.11626786338807,0.2,63.0640332401963));
#9922=CARTESIAN_POINT('Ctrl Pts',(-5.15825401991606,0.,63.025239482522));
#9923=CARTESIAN_POINT('Ctrl Pts',(-5.15825401991606,0.2,63.025239482522));
#9924=CARTESIAN_POINT('',(-4.85675346106291,0.,63.1582543998957));
#9925=CARTESIAN_POINT('Ctrl Pts',(-4.85675346106291,0.,63.1582543998957));
#9926=CARTESIAN_POINT('Ctrl Pts',(-4.9154135011871,0.,63.1530379007146));
#9927=CARTESIAN_POINT('Ctrl Pts',(-5.03107033647424,0.,63.1427528108086));
#9928=CARTESIAN_POINT('Ctrl Pts',(-5.11626786338807,0.,63.0640332401963));
#9929=CARTESIAN_POINT('Ctrl Pts',(-5.15825401991606,0.,63.025239482522));
#9930=CARTESIAN_POINT('',(-4.85675346106291,0.2,63.1582543998957));
#9931=CARTESIAN_POINT('',(-4.85675346106291,0.,63.1582543998957));
#9932=CARTESIAN_POINT('Ctrl Pts',(-4.85675346106291,0.2,63.1582543998957));
#9933=CARTESIAN_POINT('Ctrl Pts',(-4.9154135011871,0.2,63.1530379007146));
#9934=CARTESIAN_POINT('Ctrl Pts',(-5.03107033647424,0.2,63.1427528108086));
#9935=CARTESIAN_POINT('Ctrl Pts',(-5.11626786338807,0.2,63.0640332401963));
#9936=CARTESIAN_POINT('Ctrl Pts',(-5.15825401991606,0.2,63.025239482522));
#9937=CARTESIAN_POINT('Ctrl Pts',(-4.64733999222517,0.,63.0845848470926));
#9938=CARTESIAN_POINT('Ctrl Pts',(-4.64733999222517,0.2,63.0845848470926));
#9939=CARTESIAN_POINT('Ctrl Pts',(-4.67813732294935,0.,63.1060692122373));
#9940=CARTESIAN_POINT('Ctrl Pts',(-4.67813732294935,0.2,63.1060692122373));
#9941=CARTESIAN_POINT('Ctrl Pts',(-4.74105567614972,0.,63.149961356221));
#9942=CARTESIAN_POINT('Ctrl Pts',(-4.74105567614972,0.2,63.149961356221));
#9943=CARTESIAN_POINT('Ctrl Pts',(-4.81765039327457,0.,63.1554515506516));
#9944=CARTESIAN_POINT('Ctrl Pts',(-4.81765039327457,0.2,63.1554515506516));
#9945=CARTESIAN_POINT('Ctrl Pts',(-4.85675346106291,0.,63.1582543998957));
#9946=CARTESIAN_POINT('Ctrl Pts',(-4.85675346106291,0.2,63.1582543998957));
#9947=CARTESIAN_POINT('',(-4.64733999222517,0.,63.0845848470926));
#9948=CARTESIAN_POINT('Ctrl Pts',(-4.64733999222517,0.,63.0845848470926));
#9949=CARTESIAN_POINT('Ctrl Pts',(-4.67813732294935,0.,63.1060692122373));
#9950=CARTESIAN_POINT('Ctrl Pts',(-4.74105567614972,0.,63.149961356221));
#9951=CARTESIAN_POINT('Ctrl Pts',(-4.81765039327457,0.,63.1554515506516));
#9952=CARTESIAN_POINT('Ctrl Pts',(-4.85675346106291,0.,63.1582543998957));
#9953=CARTESIAN_POINT('',(-4.64733999222517,0.2,63.0845848470926));
#9954=CARTESIAN_POINT('',(-4.64733999222517,0.,63.0845848470926));
#9955=CARTESIAN_POINT('Ctrl Pts',(-4.64733999222517,0.2,63.0845848470926));
#9956=CARTESIAN_POINT('Ctrl Pts',(-4.67813732294935,0.2,63.1060692122373));
#9957=CARTESIAN_POINT('Ctrl Pts',(-4.74105567614972,0.2,63.149961356221));
#9958=CARTESIAN_POINT('Ctrl Pts',(-4.81765039327457,0.2,63.1554515506516));
#9959=CARTESIAN_POINT('Ctrl Pts',(-4.85675346106291,0.2,63.1582543998957));
#9960=CARTESIAN_POINT('Ctrl Pts',(-4.52660333365202,0.,62.8649393469095));
#9961=CARTESIAN_POINT('Ctrl Pts',(-4.52660333365202,0.2,62.8649393469095));
#9962=CARTESIAN_POINT('Ctrl Pts',(-4.53894739511387,0.,62.9094957581955));
#9963=CARTESIAN_POINT('Ctrl Pts',(-4.53894739511387,0.2,62.9094957581955));
#9964=CARTESIAN_POINT('Ctrl Pts',(-4.56193463066466,0.,62.9924691559458));
#9965=CARTESIAN_POINT('Ctrl Pts',(-4.56193463066466,0.2,62.9924691559458));
#9966=CARTESIAN_POINT('Ctrl Pts',(-4.62031135531723,0.,63.0554325605846));
#9967=CARTESIAN_POINT('Ctrl Pts',(-4.62031135531723,0.2,63.0554325605846));
#9968=CARTESIAN_POINT('Ctrl Pts',(-4.64733999222517,0.,63.0845848470926));
#9969=CARTESIAN_POINT('Ctrl Pts',(-4.64733999222517,0.2,63.0845848470926));
#9970=CARTESIAN_POINT('',(-4.52660333365202,0.,62.8649393469095));
#9971=CARTESIAN_POINT('Ctrl Pts',(-4.52660333365202,0.,62.8649393469095));
#9972=CARTESIAN_POINT('Ctrl Pts',(-4.53894739511387,0.,62.9094957581955));
#9973=CARTESIAN_POINT('Ctrl Pts',(-4.56193463066466,0.,62.9924691559458));
#9974=CARTESIAN_POINT('Ctrl Pts',(-4.62031135531723,0.,63.0554325605846));
#9975=CARTESIAN_POINT('Ctrl Pts',(-4.64733999222517,0.,63.0845848470926));
#9976=CARTESIAN_POINT('',(-4.52660333365202,0.2,62.8649393469095));
#9977=CARTESIAN_POINT('',(-4.52660333365202,0.,62.8649393469095));
#9978=CARTESIAN_POINT('Ctrl Pts',(-4.52660333365202,0.2,62.8649393469095));
#9979=CARTESIAN_POINT('Ctrl Pts',(-4.53894739511387,0.2,62.9094957581955));
#9980=CARTESIAN_POINT('Ctrl Pts',(-4.56193463066466,0.2,62.9924691559458));
#9981=CARTESIAN_POINT('Ctrl Pts',(-4.62031135531723,0.2,63.0554325605846));
#9982=CARTESIAN_POINT('Ctrl Pts',(-4.64733999222517,0.2,63.0845848470926));
#9983=CARTESIAN_POINT('Origin',(-4.28785841912031,0.,62.9017744213343));
#9984=CARTESIAN_POINT('',(-4.28785841912031,0.,62.9017744213343));
#9985=CARTESIAN_POINT('',(10.8378715018903,0.,65.2354676372164));
#9986=CARTESIAN_POINT('',(-4.28785841912031,0.2,62.9017744213343));
#9987=CARTESIAN_POINT('',(-4.28785841912031,0.,62.9017744213343));
#9988=CARTESIAN_POINT('',(-4.28785841912031,0.2,62.9017744213343));
#9989=CARTESIAN_POINT('Ctrl Pts',(-4.48021870106459,0.,63.2407919317484));
#9990=CARTESIAN_POINT('Ctrl Pts',(-4.48021870106459,0.2,63.2407919317484));
#9991=CARTESIAN_POINT('Ctrl Pts',(-4.43442841117981,0.,63.1953885865199));
#9992=CARTESIAN_POINT('Ctrl Pts',(-4.43442841117981,0.2,63.1953885865199));
#9993=CARTESIAN_POINT('Ctrl Pts',(-4.33881118187633,0.,63.1005793576902));
#9994=CARTESIAN_POINT('Ctrl Pts',(-4.33881118187633,0.2,63.1005793576902));
#9995=CARTESIAN_POINT('Ctrl Pts',(-4.30531405343941,0.,62.9698819405767));
#9996=CARTESIAN_POINT('Ctrl Pts',(-4.30531405343941,0.2,62.9698819405767));
#9997=CARTESIAN_POINT('Ctrl Pts',(-4.28785841912031,0.,62.9017744213343));
#9998=CARTESIAN_POINT('Ctrl Pts',(-4.28785841912031,0.2,62.9017744213343));
#9999=CARTESIAN_POINT('',(-4.48021870106459,0.,63.2407919317484));
#10000=CARTESIAN_POINT('Ctrl Pts',(-4.48021870106459,0.,63.2407919317484));
#10001=CARTESIAN_POINT('Ctrl Pts',(-4.43442841117981,0.,63.1953885865199));
#10002=CARTESIAN_POINT('Ctrl Pts',(-4.33881118187633,0.,63.1005793576902));
#10003=CARTESIAN_POINT('Ctrl Pts',(-4.30531405343941,0.,62.9698819405767));
#10004=CARTESIAN_POINT('Ctrl Pts',(-4.28785841912031,0.,62.9017744213343));
#10005=CARTESIAN_POINT('',(-4.48021870106459,0.2,63.2407919317484));
#10006=CARTESIAN_POINT('',(-4.48021870106459,0.,63.2407919317484));
#10007=CARTESIAN_POINT('Ctrl Pts',(-4.48021870106459,0.2,63.2407919317484));
#10008=CARTESIAN_POINT('Ctrl Pts',(-4.43442841117981,0.2,63.1953885865199));
#10009=CARTESIAN_POINT('Ctrl Pts',(-4.33881118187633,0.2,63.1005793576902));
#10010=CARTESIAN_POINT('Ctrl Pts',(-4.30531405343941,0.2,62.9698819405767));
#10011=CARTESIAN_POINT('Ctrl Pts',(-4.28785841912031,0.2,62.9017744213343));
#10012=CARTESIAN_POINT('Ctrl Pts',(-4.8663030192256,0.,63.3601645380259));
#10013=CARTESIAN_POINT('Ctrl Pts',(-4.8663030192256,0.2,63.3601645380259));
#10014=CARTESIAN_POINT('Ctrl Pts',(-4.7928119442763,0.,63.3564108429857));
#10015=CARTESIAN_POINT('Ctrl Pts',(-4.7928119442763,0.2,63.3564108429857));
#10016=CARTESIAN_POINT('Ctrl Pts',(-4.65366192534154,0.,63.3493034937426));
#10017=CARTESIAN_POINT('Ctrl Pts',(-4.65366192534154,0.2,63.3493034937426));
#10018=CARTESIAN_POINT('Ctrl Pts',(-4.5358222195097,0.,63.2755792499847));
#10019=CARTESIAN_POINT('Ctrl Pts',(-4.5358222195097,0.2,63.2755792499847));
#10020=CARTESIAN_POINT('Ctrl Pts',(-4.48021870106459,0.,63.2407919317484));
#10021=CARTESIAN_POINT('Ctrl Pts',(-4.48021870106459,0.2,63.2407919317484));
#10022=CARTESIAN_POINT('',(-4.8663030192256,0.,63.3601645380259));
#10023=CARTESIAN_POINT('Ctrl Pts',(-4.8663030192256,0.,63.3601645380259));
#10024=CARTESIAN_POINT('Ctrl Pts',(-4.7928119442763,0.,63.3564108429857));
#10025=CARTESIAN_POINT('Ctrl Pts',(-4.65366192534154,0.,63.3493034937426));
#10026=CARTESIAN_POINT('Ctrl Pts',(-4.5358222195097,0.,63.2755792499847));
#10027=CARTESIAN_POINT('Ctrl Pts',(-4.48021870106459,0.,63.2407919317484));
#10028=CARTESIAN_POINT('',(-4.8663030192256,0.2,63.3601645380259));
#10029=CARTESIAN_POINT('',(-4.8663030192256,0.,63.3601645380259));
#10030=CARTESIAN_POINT('Ctrl Pts',(-4.8663030192256,0.2,63.3601645380259));
#10031=CARTESIAN_POINT('Ctrl Pts',(-4.7928119442763,0.2,63.3564108429857));
#10032=CARTESIAN_POINT('Ctrl Pts',(-4.65366192534154,0.2,63.3493034937426));
#10033=CARTESIAN_POINT('Ctrl Pts',(-4.5358222195097,0.2,63.2755792499847));
#10034=CARTESIAN_POINT('Ctrl Pts',(-4.48021870106459,0.2,63.2407919317484));
#10035=CARTESIAN_POINT('Ctrl Pts',(-5.21214228123426,0.,63.2721699029207));
#10036=CARTESIAN_POINT('Ctrl Pts',(-5.21214228123426,0.2,63.2721699029207));
#10037=CARTESIAN_POINT('Ctrl Pts',(-5.1577694722925,0.,63.2978344897162));
#10038=CARTESIAN_POINT('Ctrl Pts',(-5.1577694722925,0.2,63.2978344897162));
#10039=CARTESIAN_POINT('Ctrl Pts',(-5.04820770184714,0.,63.3495488966375));
#10040=CARTESIAN_POINT('Ctrl Pts',(-5.04820770184714,0.2,63.3495488966375));
#10041=CARTESIAN_POINT('Ctrl Pts',(-4.92723829039414,0.,63.3566084614186));
#10042=CARTESIAN_POINT('Ctrl Pts',(-4.92723829039414,0.2,63.3566084614186));
#10043=CARTESIAN_POINT('Ctrl Pts',(-4.8663030192256,0.,63.3601645380259));
#10044=CARTESIAN_POINT('Ctrl Pts',(-4.8663030192256,0.2,63.3601645380259));
#10045=CARTESIAN_POINT('',(-5.21214228123426,0.,63.2721699029207));
#10046=CARTESIAN_POINT('Ctrl Pts',(-5.21214228123426,0.,63.2721699029207));
#10047=CARTESIAN_POINT('Ctrl Pts',(-5.1577694722925,0.,63.2978344897162));
#10048=CARTESIAN_POINT('Ctrl Pts',(-5.04820770184714,0.,63.3495488966375));
#10049=CARTESIAN_POINT('Ctrl Pts',(-4.92723829039414,0.,63.3566084614186));
#10050=CARTESIAN_POINT('Ctrl Pts',(-4.8663030192256,0.,63.3601645380259));
#10051=CARTESIAN_POINT('',(-5.21214228123426,0.2,63.2721699029207));
#10052=CARTESIAN_POINT('',(-5.21214228123426,0.,63.2721699029207));
#10053=CARTESIAN_POINT('Ctrl Pts',(-5.21214228123426,0.2,63.2721699029207));
#10054=CARTESIAN_POINT('Ctrl Pts',(-5.1577694722925,0.2,63.2978344897162));
#10055=CARTESIAN_POINT('Ctrl Pts',(-5.04820770184714,0.2,63.3495488966375));
#10056=CARTESIAN_POINT('Ctrl Pts',(-4.92723829039414,0.2,63.3566084614186));
#10057=CARTESIAN_POINT('Ctrl Pts',(-4.8663030192256,0.2,63.3601645380259));
#10058=CARTESIAN_POINT('Ctrl Pts',(-5.44884067028761,0.,63.0081862956285));
#10059=CARTESIAN_POINT('Ctrl Pts',(-5.44884067028761,0.2,63.0081862956285));
#10060=CARTESIAN_POINT('Ctrl Pts',(-5.41996022348627,0.,63.0629460646844));
#10061=CARTESIAN_POINT('Ctrl Pts',(-5.41996022348627,0.2,63.0629460646844));
#10062=CARTESIAN_POINT('Ctrl Pts',(-5.36308281305871,0.,63.1707904439952));
#10063=CARTESIAN_POINT('Ctrl Pts',(-5.36308281305871,0.2,63.1707904439952));
#10064=CARTESIAN_POINT('Ctrl Pts',(-5.26193206320702,0.,63.2387285131535));
#10065=CARTESIAN_POINT('Ctrl Pts',(-5.26193206320702,0.2,63.2387285131535));
#10066=CARTESIAN_POINT('Ctrl Pts',(-5.21214228123426,0.,63.2721699029207));
#10067=CARTESIAN_POINT('Ctrl Pts',(-5.21214228123426,0.2,63.2721699029207));
#10068=CARTESIAN_POINT('',(-5.44884067028761,0.,63.0081862956285));
#10069=CARTESIAN_POINT('Ctrl Pts',(-5.44884067028761,0.,63.0081862956285));
#10070=CARTESIAN_POINT('Ctrl Pts',(-5.41996022348627,0.,63.0629460646844));
#10071=CARTESIAN_POINT('Ctrl Pts',(-5.36308281305871,0.,63.1707904439952));
#10072=CARTESIAN_POINT('Ctrl Pts',(-5.26193206320702,0.,63.2387285131535));
#10073=CARTESIAN_POINT('Ctrl Pts',(-5.21214228123426,0.,63.2721699029207));
#10074=CARTESIAN_POINT('',(-5.44884067028761,0.2,63.0081862956285));
#10075=CARTESIAN_POINT('',(-5.44884067028761,0.,63.0081862956285));
#10076=CARTESIAN_POINT('Ctrl Pts',(-5.44884067028761,0.2,63.0081862956285));
#10077=CARTESIAN_POINT('Ctrl Pts',(-5.41996022348627,0.2,63.0629460646844));
#10078=CARTESIAN_POINT('Ctrl Pts',(-5.36308281305871,0.2,63.1707904439952));
#10079=CARTESIAN_POINT('Ctrl Pts',(-5.26193206320702,0.2,63.2387285131535));
#10080=CARTESIAN_POINT('Ctrl Pts',(-5.21214228123426,0.2,63.2721699029207));
#10081=CARTESIAN_POINT('Ctrl Pts',(-5.52660327404737,0.,62.5975451618433));
#10082=CARTESIAN_POINT('Ctrl Pts',(-5.52660327404737,0.2,62.5975451618433));
#10083=CARTESIAN_POINT('Ctrl Pts',(-5.52407875682176,0.,62.671645008937));
#10084=CARTESIAN_POINT('Ctrl Pts',(-5.52407875682176,0.2,62.671645008937));
#10085=CARTESIAN_POINT('Ctrl Pts',(-5.51927512917084,0.,62.8126415015797));
#10086=CARTESIAN_POINT('Ctrl Pts',(-5.51927512917084,0.2,62.8126415015797));
#10087=CARTESIAN_POINT('Ctrl Pts',(-5.47150533864237,0.,62.9452631472735));
#10088=CARTESIAN_POINT('Ctrl Pts',(-5.47150533864237,0.2,62.9452631472735));
#10089=CARTESIAN_POINT('Ctrl Pts',(-5.44884067028761,0.,63.0081862956285));
#10090=CARTESIAN_POINT('Ctrl Pts',(-5.44884067028761,0.2,63.0081862956285));
#10091=CARTESIAN_POINT('',(-5.52660327404737,0.,62.5975451618433));
#10092=CARTESIAN_POINT('Ctrl Pts',(-5.52660327404737,0.,62.5975451618433));
#10093=CARTESIAN_POINT('Ctrl Pts',(-5.52407875682176,0.,62.671645008937));
#10094=CARTESIAN_POINT('Ctrl Pts',(-5.51927512917084,0.,62.8126415015797));
#10095=CARTESIAN_POINT('Ctrl Pts',(-5.47150533864237,0.,62.9452631472735));
#10096=CARTESIAN_POINT('Ctrl Pts',(-5.44884067028761,0.,63.0081862956285));
#10097=CARTESIAN_POINT('',(-5.52660327404737,0.2,62.5975451618433));
#10098=CARTESIAN_POINT('',(-5.52660327404737,0.,62.5975451618433));
#10099=CARTESIAN_POINT('Ctrl Pts',(-5.52660327404737,0.2,62.5975451618433));
#10100=CARTESIAN_POINT('Ctrl Pts',(-5.52407875682176,0.2,62.671645008937));
#10101=CARTESIAN_POINT('Ctrl Pts',(-5.51927512917084,0.2,62.8126415015797));
#10102=CARTESIAN_POINT('Ctrl Pts',(-5.47150533864237,0.2,62.9452631472735));
#10103=CARTESIAN_POINT('Ctrl Pts',(-5.44884067028761,0.2,63.0081862956285));
#10104=CARTESIAN_POINT('Ctrl Pts',(-5.34583937376738,0.,62.040246501565));
#10105=CARTESIAN_POINT('Ctrl Pts',(-5.34583937376738,0.2,62.040246501565));
#10106=CARTESIAN_POINT('Ctrl Pts',(-5.39845952820776,0.,62.1165426848893));
#10107=CARTESIAN_POINT('Ctrl Pts',(-5.39845952820776,0.2,62.1165426848893));
#10108=CARTESIAN_POINT('Ctrl Pts',(-5.5136035435992,0.,62.2834948537005));
#10109=CARTESIAN_POINT('Ctrl Pts',(-5.5136035435992,0.2,62.2834948537005));
#10110=CARTESIAN_POINT('Ctrl Pts',(-5.52202848340049,0.,62.4870263770062));
#10111=CARTESIAN_POINT('Ctrl Pts',(-5.52202848340049,0.2,62.4870263770062));
#10112=CARTESIAN_POINT('Ctrl Pts',(-5.52660327404737,0.,62.5975451618433));
#10113=CARTESIAN_POINT('Ctrl Pts',(-5.52660327404737,0.2,62.5975451618433));
#10114=CARTESIAN_POINT('',(-5.34583937376738,0.,62.040246501565));
#10115=CARTESIAN_POINT('Ctrl Pts',(-5.34583937376738,0.,62.040246501565));
#10116=CARTESIAN_POINT('Ctrl Pts',(-5.39845952820776,0.,62.1165426848893));
#10117=CARTESIAN_POINT('Ctrl Pts',(-5.5136035435992,0.,62.2834948537005));
#10118=CARTESIAN_POINT('Ctrl Pts',(-5.52202848340049,0.,62.4870263770062));
#10119=CARTESIAN_POINT('Ctrl Pts',(-5.52660327404737,0.,62.5975451618433));
#10120=CARTESIAN_POINT('',(-5.34583937376738,0.2,62.040246501565));
#10121=CARTESIAN_POINT('',(-5.34583937376738,0.,62.040246501565));
#10122=CARTESIAN_POINT('Ctrl Pts',(-5.34583937376738,0.2,62.040246501565));
#10123=CARTESIAN_POINT('Ctrl Pts',(-5.39845952820776,0.2,62.1165426848893));
#10124=CARTESIAN_POINT('Ctrl Pts',(-5.5136035435992,0.2,62.2834948537005));
#10125=CARTESIAN_POINT('Ctrl Pts',(-5.52202848340049,0.2,62.4870263770062));
#10126=CARTESIAN_POINT('Ctrl Pts',(-5.52660327404737,0.2,62.5975451618433));
#10127=CARTESIAN_POINT('Ctrl Pts',(-4.86766736954451,0.,61.8458399921656));
#10128=CARTESIAN_POINT('Ctrl Pts',(-4.86766736954451,0.2,61.8458399921656));
#10129=CARTESIAN_POINT('Ctrl Pts',(-4.96089729611058,0.,61.8528439536493));
#10130=CARTESIAN_POINT('Ctrl Pts',(-4.96089729611058,0.2,61.8528439536493));
#10131=CARTESIAN_POINT('Ctrl Pts',(-5.14153589906889,0.,61.8664145512483));
#10132=CARTESIAN_POINT('Ctrl Pts',(-5.14153589906889,0.2,61.8664145512483));
#10133=CARTESIAN_POINT('Ctrl Pts',(-5.27921718551388,0.,61.9835609021861));
#10134=CARTESIAN_POINT('Ctrl Pts',(-5.27921718551388,0.2,61.9835609021861));
#10135=CARTESIAN_POINT('Ctrl Pts',(-5.34583937376738,0.,62.040246501565));
#10136=CARTESIAN_POINT('Ctrl Pts',(-5.34583937376738,0.2,62.040246501565));
#10137=CARTESIAN_POINT('',(-4.86766736954451,0.,61.8458399921656));
#10138=CARTESIAN_POINT('Ctrl Pts',(-4.86766736954451,0.,61.8458399921656));
#10139=CARTESIAN_POINT('Ctrl Pts',(-4.96089729611058,0.,61.8528439536493));
#10140=CARTESIAN_POINT('Ctrl Pts',(-5.14153589906889,0.,61.8664145512483));
#10141=CARTESIAN_POINT('Ctrl Pts',(-5.27921718551388,0.,61.9835609021861));
#10142=CARTESIAN_POINT('Ctrl Pts',(-5.34583937376738,0.,62.040246501565));
#10143=CARTESIAN_POINT('',(-4.86766736954451,0.2,61.8458399921656));
#10144=CARTESIAN_POINT('',(-4.86766736954451,0.,61.8458399921656));
#10145=CARTESIAN_POINT('Ctrl Pts',(-4.86766736954451,0.2,61.8458399921656));
#10146=CARTESIAN_POINT('Ctrl Pts',(-4.96089729611058,0.2,61.8528439536493));
#10147=CARTESIAN_POINT('Ctrl Pts',(-5.14153589906889,0.2,61.8664145512483));
#10148=CARTESIAN_POINT('Ctrl Pts',(-5.27921718551388,0.2,61.9835609021861));
#10149=CARTESIAN_POINT('Ctrl Pts',(-5.34583937376738,0.2,62.040246501565));
#10150=CARTESIAN_POINT('Ctrl Pts',(-4.46725826710463,0.,61.9870404154062));
#10151=CARTESIAN_POINT('Ctrl Pts',(-4.46725826710463,0.2,61.9870404154062));
#10152=CARTESIAN_POINT('Ctrl Pts',(-4.52569276429085,0.,61.9458650001645));
#10153=CARTESIAN_POINT('Ctrl Pts',(-4.52569276429085,0.2,61.9458650001645));
#10154=CARTESIAN_POINT('Ctrl Pts',(-4.64572628589573,0.,61.8612843101098));
#10155=CARTESIAN_POINT('Ctrl Pts',(-4.64572628589573,0.2,61.8612843101098));
#10156=CARTESIAN_POINT('Ctrl Pts',(-4.7923980715553,0.,61.8510777919928));
#10157=CARTESIAN_POINT('Ctrl Pts',(-4.7923980715553,0.2,61.8510777919928));
#10158=CARTESIAN_POINT('Ctrl Pts',(-4.86766736954451,0.,61.8458399921656));
#10159=CARTESIAN_POINT('Ctrl Pts',(-4.86766736954451,0.2,61.8458399921656));
#10160=CARTESIAN_POINT('',(-4.46725826710463,0.,61.9870404154062));
#10161=CARTESIAN_POINT('Ctrl Pts',(-4.46725826710463,0.,61.9870404154062));
#10162=CARTESIAN_POINT('Ctrl Pts',(-4.52569276429085,0.,61.9458650001645));
#10163=CARTESIAN_POINT('Ctrl Pts',(-4.64572628589573,0.,61.8612843101098));
#10164=CARTESIAN_POINT('Ctrl Pts',(-4.7923980715553,0.,61.8510777919928));
#10165=CARTESIAN_POINT('Ctrl Pts',(-4.86766736954451,0.,61.8458399921656));
#10166=CARTESIAN_POINT('',(-4.46725826710463,0.2,61.9870404154062));
#10167=CARTESIAN_POINT('',(-4.46725826710463,0.,61.9870404154062));
#10168=CARTESIAN_POINT('Ctrl Pts',(-4.46725826710463,0.2,61.9870404154062));
#10169=CARTESIAN_POINT('Ctrl Pts',(-4.52569276429085,0.2,61.9458650001645));
#10170=CARTESIAN_POINT('Ctrl Pts',(-4.64572628589573,0.2,61.8612843101098));
#10171=CARTESIAN_POINT('Ctrl Pts',(-4.7923980715553,0.2,61.8510777919928));
#10172=CARTESIAN_POINT('Ctrl Pts',(-4.86766736954451,0.2,61.8458399921656));
#10173=CARTESIAN_POINT('Ctrl Pts',(-4.26466625183821,0.,62.3778996616602));
#10174=CARTESIAN_POINT('Ctrl Pts',(-4.26466625183821,0.2,62.3778996616602));
#10175=CARTESIAN_POINT('Ctrl Pts',(-4.28173215879022,0.,62.3003311990223));
#10176=CARTESIAN_POINT('Ctrl Pts',(-4.28173215879022,0.2,62.3003311990223));
#10177=CARTESIAN_POINT('Ctrl Pts',(-4.31444410690084,0.,62.1516478895466));
#10178=CARTESIAN_POINT('Ctrl Pts',(-4.31444410690084,0.2,62.1516478895466));
#10179=CARTESIAN_POINT('Ctrl Pts',(-4.41781583419337,0.,62.0402985296151));
#10180=CARTESIAN_POINT('Ctrl Pts',(-4.41781583419337,0.2,62.0402985296151));
#10181=CARTESIAN_POINT('Ctrl Pts',(-4.46725826710463,0.,61.9870404154062));
#10182=CARTESIAN_POINT('Ctrl Pts',(-4.46725826710463,0.2,61.9870404154062));
#10183=CARTESIAN_POINT('',(-4.26466625183821,0.,62.3778996616602));
#10184=CARTESIAN_POINT('Ctrl Pts',(-4.26466625183821,0.,62.3778996616602));
#10185=CARTESIAN_POINT('Ctrl Pts',(-4.28173215879022,0.,62.3003311990223));
#10186=CARTESIAN_POINT('Ctrl Pts',(-4.31444410690084,0.,62.1516478895466));
#10187=CARTESIAN_POINT('Ctrl Pts',(-4.41781583419337,0.,62.0402985296151));
#10188=CARTESIAN_POINT('Ctrl Pts',(-4.46725826710463,0.,61.9870404154062));
#10189=CARTESIAN_POINT('',(-4.26466625183821,0.2,62.3778996616602));
#10190=CARTESIAN_POINT('',(-4.26466625183821,0.,62.3778996616602));
#10191=CARTESIAN_POINT('Ctrl Pts',(-4.26466625183821,0.2,62.3778996616602));
#10192=CARTESIAN_POINT('Ctrl Pts',(-4.28173215879022,0.2,62.3003311990223));
#10193=CARTESIAN_POINT('Ctrl Pts',(-4.31444410690084,0.2,62.1516478895466));
#10194=CARTESIAN_POINT('Ctrl Pts',(-4.41781583419337,0.2,62.0402985296151));
#10195=CARTESIAN_POINT('Ctrl Pts',(-4.46725826710463,0.2,61.9870404154062));
#10196=CARTESIAN_POINT('Origin',(-4.50613956898451,0.,62.4092779308558));
#10197=CARTESIAN_POINT('',(-4.50613956898451,0.,62.4092779308558));
#10198=CARTESIAN_POINT('',(13.3177082132874,0.,60.0931566284184));
#10199=CARTESIAN_POINT('',(-4.50613956898451,0.2,62.4092779308558));
#10200=CARTESIAN_POINT('',(-4.50613956898451,0.,62.4092779308558));
#10201=CARTESIAN_POINT('',(-4.50613956898451,0.2,62.4092779308558));
#10202=CARTESIAN_POINT('Ctrl Pts',(-4.6289224550128,0.,62.1364263445139));
#10203=CARTESIAN_POINT('Ctrl Pts',(-4.6289224550128,0.2,62.1364263445139));
#10204=CARTESIAN_POINT('Ctrl Pts',(-4.59930242381138,0.,62.1724185370989));
#10205=CARTESIAN_POINT('Ctrl Pts',(-4.59930242381138,0.2,62.1724185370989));
#10206=CARTESIAN_POINT('Ctrl Pts',(-4.53391422955091,0.,62.2518737025782));
#10207=CARTESIAN_POINT('Ctrl Pts',(-4.53391422955091,0.2,62.2518737025782));
#10208=CARTESIAN_POINT('Ctrl Pts',(-4.51596048992683,0.,62.3536209236997));
#10209=CARTESIAN_POINT('Ctrl Pts',(-4.51596048992683,0.2,62.3536209236997));
#10210=CARTESIAN_POINT('Ctrl Pts',(-4.50613956898451,0.,62.4092779308558));
#10211=CARTESIAN_POINT('Ctrl Pts',(-4.50613956898451,0.2,62.4092779308558));
#10212=CARTESIAN_POINT('Ctrl Pts',(-4.6289224550128,0.,62.1364263445139));
#10213=CARTESIAN_POINT('Ctrl Pts',(-4.59930242381138,0.,62.1724185370989));
#10214=CARTESIAN_POINT('Ctrl Pts',(-4.53391422955091,0.,62.2518737025782));
#10215=CARTESIAN_POINT('Ctrl Pts',(-4.51596048992683,0.,62.3536209236997));
#10216=CARTESIAN_POINT('Ctrl Pts',(-4.50613956898451,0.,62.4092779308558));
#10217=CARTESIAN_POINT('Ctrl Pts',(-4.6289224550128,0.2,62.1364263445139));
#10218=CARTESIAN_POINT('Ctrl Pts',(-4.59930242381138,0.2,62.1724185370989));
#10219=CARTESIAN_POINT('Ctrl Pts',(-4.53391422955091,0.2,62.2518737025782));
#10220=CARTESIAN_POINT('Ctrl Pts',(-4.51596048992683,0.2,62.3536209236997));
#10221=CARTESIAN_POINT('Ctrl Pts',(-4.50613956898451,0.2,62.4092779308558));
#10222=CARTESIAN_POINT('Origin',(-3.69099596515298,0.2,64.1616652905941));
#10223=CARTESIAN_POINT('Ctrl Pts',(-2.03683536499739,0.,63.1678042560816));
#10224=CARTESIAN_POINT('Ctrl Pts',(-2.03683536499739,0.2,63.1678042560816));
#10225=CARTESIAN_POINT('Ctrl Pts',(-2.08861100193823,0.,63.1604509439003));
#10226=CARTESIAN_POINT('Ctrl Pts',(-2.08861100193823,0.2,63.1604509439003));
#10227=CARTESIAN_POINT('Ctrl Pts',(-2.19820802087587,0.,63.1448856869184));
#10228=CARTESIAN_POINT('Ctrl Pts',(-2.19820802087587,0.2,63.1448856869184));
#10229=CARTESIAN_POINT('Ctrl Pts',(-2.27431083240522,0.,63.0638825189624));
#10230=CARTESIAN_POINT('Ctrl Pts',(-2.27431083240522,0.2,63.0638825189624));
#10231=CARTESIAN_POINT('Ctrl Pts',(-2.31446128338575,0.,63.0211467295885));
#10232=CARTESIAN_POINT('Ctrl Pts',(-2.31446128338575,0.2,63.0211467295885));
#10233=CARTESIAN_POINT('',(-2.03683536499739,0.,63.1678042560816));
#10234=CARTESIAN_POINT('',(-2.31446128338575,0.,63.0211467295885));
#10235=CARTESIAN_POINT('Ctrl Pts',(-2.03683536499739,0.,63.1678042560816));
#10236=CARTESIAN_POINT('Ctrl Pts',(-2.08861100193823,0.,63.1604509439003));
#10237=CARTESIAN_POINT('Ctrl Pts',(-2.19820802087587,0.,63.1448856869184));
#10238=CARTESIAN_POINT('Ctrl Pts',(-2.27431083240522,0.,63.0638825189624));
#10239=CARTESIAN_POINT('Ctrl Pts',(-2.31446128338575,0.,63.0211467295885));
#10240=CARTESIAN_POINT('',(-2.03683536499739,0.2,63.1678042560816));
#10241=CARTESIAN_POINT('',(-2.03683536499739,0.,63.1678042560816));
#10242=CARTESIAN_POINT('',(-2.31446128338575,0.2,63.0211467295885));
#10243=CARTESIAN_POINT('Ctrl Pts',(-2.03683536499739,0.2,63.1678042560816));
#10244=CARTESIAN_POINT('Ctrl Pts',(-2.08861100193823,0.2,63.1604509439003));
#10245=CARTESIAN_POINT('Ctrl Pts',(-2.19820802087587,0.2,63.1448856869184));
#10246=CARTESIAN_POINT('Ctrl Pts',(-2.27431083240522,0.2,63.0638825189624));
#10247=CARTESIAN_POINT('Ctrl Pts',(-2.31446128338575,0.2,63.0211467295885));
#10248=CARTESIAN_POINT('',(-2.31446128338575,0.,63.0211467295885));
#10249=CARTESIAN_POINT('Ctrl Pts',(-1.76466625183821,0.,63.030014410615));
#10250=CARTESIAN_POINT('Ctrl Pts',(-1.76466625183821,0.2,63.030014410615));
#10251=CARTESIAN_POINT('Ctrl Pts',(-1.8034930013622,0.,63.0701882642313));
#10252=CARTESIAN_POINT('Ctrl Pts',(-1.8034930013622,0.2,63.0701882642313));
#10253=CARTESIAN_POINT('Ctrl Pts',(-1.8785036084566,0.,63.1478013836922));
#10254=CARTESIAN_POINT('Ctrl Pts',(-1.8785036084566,0.2,63.1478013836922));
#10255=CARTESIAN_POINT('Ctrl Pts',(-1.98531253294982,0.,63.1612951093564));
#10256=CARTESIAN_POINT('Ctrl Pts',(-1.98531253294982,0.2,63.1612951093564));
#10257=CARTESIAN_POINT('Ctrl Pts',(-2.03683536499739,0.,63.1678042560816));
#10258=CARTESIAN_POINT('Ctrl Pts',(-2.03683536499739,0.2,63.1678042560816));
#10259=CARTESIAN_POINT('',(-1.76466625183821,0.,63.030014410615));
#10260=CARTESIAN_POINT('Ctrl Pts',(-1.76466625183821,0.,63.030014410615));
#10261=CARTESIAN_POINT('Ctrl Pts',(-1.8034930013622,0.,63.0701882642313));
#10262=CARTESIAN_POINT('Ctrl Pts',(-1.8785036084566,0.,63.1478013836922));
#10263=CARTESIAN_POINT('Ctrl Pts',(-1.98531253294982,0.,63.1612951093564));
#10264=CARTESIAN_POINT('Ctrl Pts',(-2.03683536499739,0.,63.1678042560816));
#10265=CARTESIAN_POINT('',(-1.76466625183821,0.2,63.030014410615));
#10266=CARTESIAN_POINT('',(-1.76466625183821,0.,63.030014410615));
#10267=CARTESIAN_POINT('Ctrl Pts',(-1.76466625183821,0.2,63.030014410615));
#10268=CARTESIAN_POINT('Ctrl Pts',(-1.8034930013622,0.2,63.0701882642313));
#10269=CARTESIAN_POINT('Ctrl Pts',(-1.8785036084566,0.2,63.1478013836922));
#10270=CARTESIAN_POINT('Ctrl Pts',(-1.98531253294982,0.2,63.1612951093564));
#10271=CARTESIAN_POINT('Ctrl Pts',(-2.03683536499739,0.2,63.1678042560816));
#10272=CARTESIAN_POINT('Ctrl Pts',(-1.65075045078993,0.,62.6152805238962));
#10273=CARTESIAN_POINT('Ctrl Pts',(-1.65075045078993,0.2,62.6152805238962));
#10274=CARTESIAN_POINT('Ctrl Pts',(-1.65282194471663,0.,62.6982005022401));
#10275=CARTESIAN_POINT('Ctrl Pts',(-1.65282194471663,0.2,62.6982005022401));
#10276=CARTESIAN_POINT('Ctrl Pts',(-1.65652947699261,0.,62.8466095765174));
#10277=CARTESIAN_POINT('Ctrl Pts',(-1.65652947699261,0.2,62.8466095765174));
#10278=CARTESIAN_POINT('Ctrl Pts',(-1.73155806949699,0.,62.9738614441682));
#10279=CARTESIAN_POINT('Ctrl Pts',(-1.73155806949699,0.2,62.9738614441682));
#10280=CARTESIAN_POINT('Ctrl Pts',(-1.76466625183821,0.,63.030014410615));
#10281=CARTESIAN_POINT('Ctrl Pts',(-1.76466625183821,0.2,63.030014410615));
#10282=CARTESIAN_POINT('',(-1.65075045078993,0.,62.6152805238962));
#10283=CARTESIAN_POINT('Ctrl Pts',(-1.65075045078993,0.,62.6152805238962));
#10284=CARTESIAN_POINT('Ctrl Pts',(-1.65282194471663,0.,62.6982005022401));
#10285=CARTESIAN_POINT('Ctrl Pts',(-1.65652947699261,0.,62.8466095765174));
#10286=CARTESIAN_POINT('Ctrl Pts',(-1.73155806949699,0.,62.9738614441682));
#10287=CARTESIAN_POINT('Ctrl Pts',(-1.76466625183821,0.,63.030014410615));
#10288=CARTESIAN_POINT('',(-1.65075045078993,0.2,62.6152805238962));
#10289=CARTESIAN_POINT('',(-1.65075045078993,0.,62.6152805238962));
#10290=CARTESIAN_POINT('Ctrl Pts',(-1.65075045078993,0.2,62.6152805238962));
#10291=CARTESIAN_POINT('Ctrl Pts',(-1.65282194471663,0.2,62.6982005022401));
#10292=CARTESIAN_POINT('Ctrl Pts',(-1.65652947699261,0.2,62.8466095765174));
#10293=CARTESIAN_POINT('Ctrl Pts',(-1.73155806949699,0.2,62.9738614441682));
#10294=CARTESIAN_POINT('Ctrl Pts',(-1.76466625183821,0.2,63.030014410615));
#10295=CARTESIAN_POINT('Ctrl Pts',(-1.76739435642958,0.,62.1862218528986));
#10296=CARTESIAN_POINT('Ctrl Pts',(-1.76739435642958,0.2,62.1862218528986));
#10297=CARTESIAN_POINT('Ctrl Pts',(-1.73351204640634,0.,62.243659051232));
#10298=CARTESIAN_POINT('Ctrl Pts',(-1.73351204640634,0.2,62.243659051232));
#10299=CARTESIAN_POINT('Ctrl Pts',(-1.65590150961113,0.,62.3752242187666));
#10300=CARTESIAN_POINT('Ctrl Pts',(-1.65590150961113,0.2,62.3752242187666));
#10301=CARTESIAN_POINT('Ctrl Pts',(-1.65260679629426,0.,62.528768709863));
#10302=CARTESIAN_POINT('Ctrl Pts',(-1.65260679629426,0.2,62.528768709863));
#10303=CARTESIAN_POINT('Ctrl Pts',(-1.65075045078993,0.,62.6152805238962));
#10304=CARTESIAN_POINT('Ctrl Pts',(-1.65075045078993,0.2,62.6152805238962));
#10305=CARTESIAN_POINT('',(-1.76739435642958,0.,62.1862218528986));
#10306=CARTESIAN_POINT('Ctrl Pts',(-1.76739435642958,0.,62.1862218528986));
#10307=CARTESIAN_POINT('Ctrl Pts',(-1.73351204640634,0.,62.243659051232));
#10308=CARTESIAN_POINT('Ctrl Pts',(-1.65590150961113,0.,62.3752242187666));
#10309=CARTESIAN_POINT('Ctrl Pts',(-1.65260679629426,0.,62.528768709863));
#10310=CARTESIAN_POINT('Ctrl Pts',(-1.65075045078993,0.,62.6152805238962));
#10311=CARTESIAN_POINT('',(-1.76739435642958,0.2,62.1862218528986));
#10312=CARTESIAN_POINT('',(-1.76739435642958,0.,62.1862218528986));
#10313=CARTESIAN_POINT('Ctrl Pts',(-1.76739435642958,0.2,62.1862218528986));
#10314=CARTESIAN_POINT('Ctrl Pts',(-1.73351204640634,0.2,62.243659051232));
#10315=CARTESIAN_POINT('Ctrl Pts',(-1.65590150961113,0.2,62.3752242187666));
#10316=CARTESIAN_POINT('Ctrl Pts',(-1.65260679629426,0.2,62.528768709863));
#10317=CARTESIAN_POINT('Ctrl Pts',(-1.65075045078993,0.2,62.6152805238962));
#10318=CARTESIAN_POINT('Ctrl Pts',(-2.04774897545576,0.,62.0477495342493));
#10319=CARTESIAN_POINT('Ctrl Pts',(-2.04774897545576,0.2,62.0477495342493));
#10320=CARTESIAN_POINT('Ctrl Pts',(-1.99461074711937,0.,62.0541606460745));
#10321=CARTESIAN_POINT('Ctrl Pts',(-1.99461074711937,0.2,62.0541606460745));
#10322=CARTESIAN_POINT('Ctrl Pts',(-1.88515864757368,0.,62.0673660101159));
#10323=CARTESIAN_POINT('Ctrl Pts',(-1.88515864757368,0.2,62.0673660101159));
#10324=CARTESIAN_POINT('Ctrl Pts',(-1.80740113884902,0.,62.1458442495072));
#10325=CARTESIAN_POINT('Ctrl Pts',(-1.80740113884902,0.2,62.1458442495072));
#10326=CARTESIAN_POINT('Ctrl Pts',(-1.76739435642958,0.,62.1862218528986));
#10327=CARTESIAN_POINT('Ctrl Pts',(-1.76739435642958,0.2,62.1862218528986));
#10328=CARTESIAN_POINT('',(-2.04774897545576,0.,62.0477495342493));
#10329=CARTESIAN_POINT('Ctrl Pts',(-2.04774897545576,0.,62.0477495342493));
#10330=CARTESIAN_POINT('Ctrl Pts',(-1.99461074711937,0.,62.0541606460745));
#10331=CARTESIAN_POINT('Ctrl Pts',(-1.88515864757368,0.,62.0673660101159));
#10332=CARTESIAN_POINT('Ctrl Pts',(-1.80740113884902,0.,62.1458442495072));
#10333=CARTESIAN_POINT('Ctrl Pts',(-1.76739435642958,0.,62.1862218528986));
#10334=CARTESIAN_POINT('',(-2.04774897545576,0.2,62.0477495342493));
#10335=CARTESIAN_POINT('',(-2.04774897545576,0.,62.0477495342493));
#10336=CARTESIAN_POINT('Ctrl Pts',(-2.04774897545576,0.2,62.0477495342493));
#10337=CARTESIAN_POINT('Ctrl Pts',(-1.99461074711937,0.2,62.0541606460745));
#10338=CARTESIAN_POINT('Ctrl Pts',(-1.88515864757368,0.2,62.0673660101159));
#10339=CARTESIAN_POINT('Ctrl Pts',(-1.80740113884902,0.2,62.1458442495072));
#10340=CARTESIAN_POINT('Ctrl Pts',(-1.76739435642958,0.2,62.1862218528986));
#10341=CARTESIAN_POINT('Ctrl Pts',(-2.32196491211653,0.,62.1814469248056));
#10342=CARTESIAN_POINT('Ctrl Pts',(-2.32196491211653,0.2,62.1814469248056));
#10343=CARTESIAN_POINT('Ctrl Pts',(-2.28291531291168,0.,62.1424584160726));
#10344=CARTESIAN_POINT('Ctrl Pts',(-2.28291531291168,0.2,62.1424584160726));
#10345=CARTESIAN_POINT('Ctrl Pts',(-2.20667524812558,0.,62.0663376237406));
#10346=CARTESIAN_POINT('Ctrl Pts',(-2.20667524812558,0.2,62.0663376237406));
#10347=CARTESIAN_POINT('Ctrl Pts',(-2.09985612909898,0.,62.0538440107558));
#10348=CARTESIAN_POINT('Ctrl Pts',(-2.09985612909898,0.2,62.0538440107558));
#10349=CARTESIAN_POINT('Ctrl Pts',(-2.04774897545576,0.,62.0477495342493));
#10350=CARTESIAN_POINT('Ctrl Pts',(-2.04774897545576,0.2,62.0477495342493));
#10351=CARTESIAN_POINT('',(-2.32196491211653,0.,62.1814469248056));
#10352=CARTESIAN_POINT('Ctrl Pts',(-2.32196491211653,0.,62.1814469248056));
#10353=CARTESIAN_POINT('Ctrl Pts',(-2.28291531291168,0.,62.1424584160726));
#10354=CARTESIAN_POINT('Ctrl Pts',(-2.20667524812558,0.,62.0663376237406));
#10355=CARTESIAN_POINT('Ctrl Pts',(-2.09985612909898,0.,62.0538440107558));
#10356=CARTESIAN_POINT('Ctrl Pts',(-2.04774897545576,0.,62.0477495342493));
#10357=CARTESIAN_POINT('',(-2.32196491211653,0.2,62.1814469248056));
#10358=CARTESIAN_POINT('',(-2.32196491211653,0.,62.1814469248056));
#10359=CARTESIAN_POINT('Ctrl Pts',(-2.32196491211653,0.2,62.1814469248056));
#10360=CARTESIAN_POINT('Ctrl Pts',(-2.28291531291168,0.2,62.1424584160726));
#10361=CARTESIAN_POINT('Ctrl Pts',(-2.20667524812558,0.2,62.0663376237406));
#10362=CARTESIAN_POINT('Ctrl Pts',(-2.09985612909898,0.2,62.0538440107558));
#10363=CARTESIAN_POINT('Ctrl Pts',(-2.04774897545576,0.2,62.0477495342493));
#10364=CARTESIAN_POINT('Ctrl Pts',(-2.43519823998213,0.,62.5948164612055));
#10365=CARTESIAN_POINT('Ctrl Pts',(-2.43519823998213,0.2,62.5948164612055));
#10366=CARTESIAN_POINT('Ctrl Pts',(-2.43336005630972,0.,62.5114948727973));
#10367=CARTESIAN_POINT('Ctrl Pts',(-2.43336005630972,0.2,62.5114948727973));
#10368=CARTESIAN_POINT('Ctrl Pts',(-2.4300937727674,0.,62.3634400635733));
#10369=CARTESIAN_POINT('Ctrl Pts',(-2.4300937727674,0.2,62.3634400635733));
#10370=CARTESIAN_POINT('Ctrl Pts',(-2.35485928785637,0.,62.2368118907607));
#10371=CARTESIAN_POINT('Ctrl Pts',(-2.35485928785637,0.2,62.2368118907607));
#10372=CARTESIAN_POINT('Ctrl Pts',(-2.32196491211653,0.,62.1814469248056));
#10373=CARTESIAN_POINT('Ctrl Pts',(-2.32196491211653,0.2,62.1814469248056));
#10374=CARTESIAN_POINT('',(-2.43519823998213,0.,62.5948164612055));
#10375=CARTESIAN_POINT('Ctrl Pts',(-2.43519823998213,0.,62.5948164612055));
#10376=CARTESIAN_POINT('Ctrl Pts',(-2.43336005630972,0.,62.5114948727973));
#10377=CARTESIAN_POINT('Ctrl Pts',(-2.4300937727674,0.,62.3634400635733));
#10378=CARTESIAN_POINT('Ctrl Pts',(-2.35485928785637,0.,62.2368118907607));
#10379=CARTESIAN_POINT('Ctrl Pts',(-2.32196491211653,0.,62.1814469248056));
#10380=CARTESIAN_POINT('',(-2.43519823998213,0.2,62.5948164612055));
#10381=CARTESIAN_POINT('',(-2.43519823998213,0.,62.5948164612055));
#10382=CARTESIAN_POINT('Ctrl Pts',(-2.43519823998213,0.2,62.5948164612055));
#10383=CARTESIAN_POINT('Ctrl Pts',(-2.43336005630972,0.2,62.5114948727973));
#10384=CARTESIAN_POINT('Ctrl Pts',(-2.4300937727674,0.2,62.3634400635733));
#10385=CARTESIAN_POINT('Ctrl Pts',(-2.35485928785637,0.2,62.2368118907607));
#10386=CARTESIAN_POINT('Ctrl Pts',(-2.32196491211653,0.2,62.1814469248056));
#10387=CARTESIAN_POINT('Ctrl Pts',(-2.31446128338575,0.,63.0211467295885));
#10388=CARTESIAN_POINT('Ctrl Pts',(-2.31446128338575,0.2,63.0211467295885));
#10389=CARTESIAN_POINT('Ctrl Pts',(-2.34957754569219,0.,62.9626700497492));
#10390=CARTESIAN_POINT('Ctrl Pts',(-2.34957754569219,0.2,62.9626700497492));
#10391=CARTESIAN_POINT('Ctrl Pts',(-2.42797755621345,0.,62.8321159413806));
#10392=CARTESIAN_POINT('Ctrl Pts',(-2.42797755621345,0.2,62.8321159413806));
#10393=CARTESIAN_POINT('Ctrl Pts',(-2.43262979320313,0.,62.6792255151178));
#10394=CARTESIAN_POINT('Ctrl Pts',(-2.43262979320313,0.2,62.6792255151178));
#10395=CARTESIAN_POINT('Ctrl Pts',(-2.43519823998213,0.,62.5948164612055));
#10396=CARTESIAN_POINT('Ctrl Pts',(-2.43519823998213,0.2,62.5948164612055));
#10397=CARTESIAN_POINT('Ctrl Pts',(-2.31446128338575,0.,63.0211467295885));
#10398=CARTESIAN_POINT('Ctrl Pts',(-2.34957754569219,0.,62.9626700497492));
#10399=CARTESIAN_POINT('Ctrl Pts',(-2.42797755621345,0.,62.8321159413806));
#10400=CARTESIAN_POINT('Ctrl Pts',(-2.43262979320313,0.,62.6792255151178));
#10401=CARTESIAN_POINT('Ctrl Pts',(-2.43519823998213,0.,62.5948164612055));
#10402=CARTESIAN_POINT('Ctrl Pts',(-2.31446128338575,0.2,63.0211467295885));
#10403=CARTESIAN_POINT('Ctrl Pts',(-2.34957754569219,0.2,62.9626700497492));
#10404=CARTESIAN_POINT('Ctrl Pts',(-2.42797755621345,0.2,62.8321159413806));
#10405=CARTESIAN_POINT('Ctrl Pts',(-2.43262979320313,0.2,62.6792255151178));
#10406=CARTESIAN_POINT('Ctrl Pts',(-2.43519823998213,0.2,62.5948164612055));
#10407=CARTESIAN_POINT('Origin',(-2.41200547665358,0.,62.0286504179239));
#10408=CARTESIAN_POINT('',(-2.41200547665358,0.,62.0286504179239));
#10409=CARTESIAN_POINT('',(-2.41200547665358,0.,61.3233295828104));
#10410=CARTESIAN_POINT('',(-2.41200547665358,0.,53.451825208962));
#10411=CARTESIAN_POINT('',(-2.41200547665358,0.2,62.0286504179239));
#10412=CARTESIAN_POINT('',(-2.41200547665358,0.,62.0286504179239));
#10413=CARTESIAN_POINT('',(-2.41200547665358,0.2,61.3233295828104));
#10414=CARTESIAN_POINT('',(-2.41200547665358,0.2,62.0286504179239));
#10415=CARTESIAN_POINT('',(-2.41200547665358,0.,61.3233295828104));
#10416=CARTESIAN_POINT('Ctrl Pts',(-2.25170534104109,0.,61.8976817280054));
#10417=CARTESIAN_POINT('Ctrl Pts',(-2.25170534104109,0.2,61.8976817280054));
#10418=CARTESIAN_POINT('Ctrl Pts',(-2.28251575719066,0.,61.9157809897804));
#10419=CARTESIAN_POINT('Ctrl Pts',(-2.28251575719066,0.2,61.9157809897804));
#10420=CARTESIAN_POINT('Ctrl Pts',(-2.34274396827259,0.,61.9511614323333));
#10421=CARTESIAN_POINT('Ctrl Pts',(-2.34274396827259,0.2,61.9511614323333));
#10422=CARTESIAN_POINT('Ctrl Pts',(-2.38927695877702,0.,62.0032220113616));
#10423=CARTESIAN_POINT('Ctrl Pts',(-2.38927695877702,0.2,62.0032220113616));
#10424=CARTESIAN_POINT('Ctrl Pts',(-2.41200547665358,0.,62.0286504179239));
#10425=CARTESIAN_POINT('Ctrl Pts',(-2.41200547665358,0.2,62.0286504179239));
#10426=CARTESIAN_POINT('',(-2.25170534104109,0.,61.8976817280054));
#10427=CARTESIAN_POINT('Ctrl Pts',(-2.25170534104109,0.,61.8976817280054));
#10428=CARTESIAN_POINT('Ctrl Pts',(-2.28251575719066,0.,61.9157809897804));
#10429=CARTESIAN_POINT('Ctrl Pts',(-2.34274396827259,0.,61.9511614323333));
#10430=CARTESIAN_POINT('Ctrl Pts',(-2.38927695877702,0.,62.0032220113616));
#10431=CARTESIAN_POINT('Ctrl Pts',(-2.41200547665358,0.,62.0286504179239));
#10432=CARTESIAN_POINT('',(-2.25170534104109,0.2,61.8976817280054));
#10433=CARTESIAN_POINT('',(-2.25170534104109,0.,61.8976817280054));
#10434=CARTESIAN_POINT('Ctrl Pts',(-2.25170534104109,0.2,61.8976817280054));
#10435=CARTESIAN_POINT('Ctrl Pts',(-2.28251575719066,0.2,61.9157809897804));
#10436=CARTESIAN_POINT('Ctrl Pts',(-2.34274396827259,0.2,61.9511614323333));
#10437=CARTESIAN_POINT('Ctrl Pts',(-2.38927695877702,0.2,62.0032220113616));
#10438=CARTESIAN_POINT('Ctrl Pts',(-2.41200547665358,0.2,62.0286504179239));
#10439=CARTESIAN_POINT('Ctrl Pts',(-2.03137796372175,0.,61.8458399921656));
#10440=CARTESIAN_POINT('Ctrl Pts',(-2.03137796372175,0.2,61.8458399921656));
#10441=CARTESIAN_POINT('Ctrl Pts',(-2.07077796496207,0.,61.8477512956452));
#10442=CARTESIAN_POINT('Ctrl Pts',(-2.07077796496207,0.2,61.8477512956452));
#10443=CARTESIAN_POINT('Ctrl Pts',(-2.14746035783727,0.,61.8514711768564));
#10444=CARTESIAN_POINT('Ctrl Pts',(-2.14746035783727,0.2,61.8514711768564));
#10445=CARTESIAN_POINT('Ctrl Pts',(-2.21760268111431,0.,61.8825644277533));
#10446=CARTESIAN_POINT('Ctrl Pts',(-2.21760268111431,0.2,61.8825644277533));
#10447=CARTESIAN_POINT('Ctrl Pts',(-2.25170534104109,0.,61.8976817280054));
#10448=CARTESIAN_POINT('Ctrl Pts',(-2.25170534104109,0.2,61.8976817280054));
#10449=CARTESIAN_POINT('',(-2.03137796372175,0.,61.8458399921656));
#10450=CARTESIAN_POINT('Ctrl Pts',(-2.03137796372175,0.,61.8458399921656));
#10451=CARTESIAN_POINT('Ctrl Pts',(-2.07077796496207,0.,61.8477512956452));
#10452=CARTESIAN_POINT('Ctrl Pts',(-2.14746035783727,0.,61.8514711768564));
#10453=CARTESIAN_POINT('Ctrl Pts',(-2.21760268111431,0.,61.8825644277533));
#10454=CARTESIAN_POINT('Ctrl Pts',(-2.25170534104109,0.,61.8976817280054));
#10455=CARTESIAN_POINT('',(-2.03137796372175,0.2,61.8458399921656));
#10456=CARTESIAN_POINT('',(-2.03137796372175,0.,61.8458399921656));
#10457=CARTESIAN_POINT('Ctrl Pts',(-2.03137796372175,0.2,61.8458399921656));
#10458=CARTESIAN_POINT('Ctrl Pts',(-2.07077796496207,0.2,61.8477512956452));
#10459=CARTESIAN_POINT('Ctrl Pts',(-2.14746035783727,0.2,61.8514711768564));
#10460=CARTESIAN_POINT('Ctrl Pts',(-2.21760268111431,0.2,61.8825644277533));
#10461=CARTESIAN_POINT('Ctrl Pts',(-2.25170534104109,0.2,61.8976817280054));
#10462=CARTESIAN_POINT('Ctrl Pts',(-1.71146016567946,0.,61.9406554847956));
#10463=CARTESIAN_POINT('Ctrl Pts',(-1.71146016567946,0.2,61.9406554847956));
#10464=CARTESIAN_POINT('Ctrl Pts',(-1.76231293419543,0.,61.913003271267));
#10465=CARTESIAN_POINT('Ctrl Pts',(-1.76231293419543,0.2,61.913003271267));
#10466=CARTESIAN_POINT('Ctrl Pts',(-1.86227163744719,0.,61.8586487201378));
#10467=CARTESIAN_POINT('Ctrl Pts',(-1.86227163744719,0.2,61.8586487201378));
#10468=CARTESIAN_POINT('Ctrl Pts',(-1.97566975328662,0.,61.8500595345624));
#10469=CARTESIAN_POINT('Ctrl Pts',(-1.97566975328662,0.2,61.8500595345624));
#10470=CARTESIAN_POINT('Ctrl Pts',(-2.03137796372175,0.,61.8458399921656));
#10471=CARTESIAN_POINT('Ctrl Pts',(-2.03137796372175,0.2,61.8458399921656));
#10472=CARTESIAN_POINT('',(-1.71146016567946,0.,61.9406554847956));
#10473=CARTESIAN_POINT('Ctrl Pts',(-1.71146016567946,0.,61.9406554847956));
#10474=CARTESIAN_POINT('Ctrl Pts',(-1.76231293419543,0.,61.913003271267));
#10475=CARTESIAN_POINT('Ctrl Pts',(-1.86227163744719,0.,61.8586487201378));
#10476=CARTESIAN_POINT('Ctrl Pts',(-1.97566975328662,0.,61.8500595345624));
#10477=CARTESIAN_POINT('Ctrl Pts',(-2.03137796372175,0.,61.8458399921656));
#10478=CARTESIAN_POINT('',(-1.71146016567946,0.2,61.9406554847956));
#10479=CARTESIAN_POINT('',(-1.71146016567946,0.,61.9406554847956));
#10480=CARTESIAN_POINT('Ctrl Pts',(-1.71146016567946,0.2,61.9406554847956));
#10481=CARTESIAN_POINT('Ctrl Pts',(-1.76231293419543,0.2,61.913003271267));
#10482=CARTESIAN_POINT('Ctrl Pts',(-1.86227163744719,0.2,61.8586487201378));
#10483=CARTESIAN_POINT('Ctrl Pts',(-1.97566975328662,0.2,61.8500595345624));
#10484=CARTESIAN_POINT('Ctrl Pts',(-2.03137796372175,0.2,61.8458399921656));
#10485=CARTESIAN_POINT('Ctrl Pts',(-1.47953670471907,0.,62.2135070711374));
#10486=CARTESIAN_POINT('Ctrl Pts',(-1.47953670471907,0.2,62.2135070711374));
#10487=CARTESIAN_POINT('Ctrl Pts',(-1.50855559220208,0.,62.1580071934297));
#10488=CARTESIAN_POINT('Ctrl Pts',(-1.50855559220208,0.2,62.1580071934297));
#10489=CARTESIAN_POINT('Ctrl Pts',(-1.56530926261276,0.,62.0494633435284));
#10490=CARTESIAN_POINT('Ctrl Pts',(-1.56530926261276,0.2,62.0494633435284));
#10491=CARTESIAN_POINT('Ctrl Pts',(-1.66348362674337,0.,61.9763735293749));
#10492=CARTESIAN_POINT('Ctrl Pts',(-1.66348362674337,0.2,61.9763735293749));
#10493=CARTESIAN_POINT('Ctrl Pts',(-1.71146016567946,0.,61.9406554847956));
#10494=CARTESIAN_POINT('Ctrl Pts',(-1.71146016567946,0.2,61.9406554847956));
#10495=CARTESIAN_POINT('',(-1.47953670471907,0.,62.2135070711374));
#10496=CARTESIAN_POINT('Ctrl Pts',(-1.47953670471907,0.,62.2135070711374));
#10497=CARTESIAN_POINT('Ctrl Pts',(-1.50855559220208,0.,62.1580071934297));
#10498=CARTESIAN_POINT('Ctrl Pts',(-1.56530926261276,0.,62.0494633435284));
#10499=CARTESIAN_POINT('Ctrl Pts',(-1.66348362674337,0.,61.9763735293749));
#10500=CARTESIAN_POINT('Ctrl Pts',(-1.71146016567946,0.,61.9406554847956));
#10501=CARTESIAN_POINT('',(-1.47953670471907,0.2,62.2135070711374));
#10502=CARTESIAN_POINT('',(-1.47953670471907,0.,62.2135070711374));
#10503=CARTESIAN_POINT('Ctrl Pts',(-1.47953670471907,0.2,62.2135070711374));
#10504=CARTESIAN_POINT('Ctrl Pts',(-1.50855559220208,0.2,62.1580071934297));
#10505=CARTESIAN_POINT('Ctrl Pts',(-1.56530926261276,0.2,62.0494633435284));
#10506=CARTESIAN_POINT('Ctrl Pts',(-1.66348362674337,0.2,61.9763735293749));
#10507=CARTESIAN_POINT('Ctrl Pts',(-1.71146016567946,0.2,61.9406554847956));
#10508=CARTESIAN_POINT('Ctrl Pts',(-1.39972727745772,0.,62.6139161735773));
#10509=CARTESIAN_POINT('Ctrl Pts',(-1.39972727745772,0.2,62.6139161735773));
#10510=CARTESIAN_POINT('Ctrl Pts',(-1.40258020095411,0.,62.542715301618));
#10511=CARTESIAN_POINT('Ctrl Pts',(-1.40258020095411,0.2,62.542715301618));
#10512=CARTESIAN_POINT('Ctrl Pts',(-1.40809970000294,0.,62.4049642733998));
#10513=CARTESIAN_POINT('Ctrl Pts',(-1.40809970000294,0.2,62.4049642733998));
#10514=CARTESIAN_POINT('Ctrl Pts',(-1.45626643421774,0.,62.2758733602026));
#10515=CARTESIAN_POINT('Ctrl Pts',(-1.45626643421774,0.2,62.2758733602026));
#10516=CARTESIAN_POINT('Ctrl Pts',(-1.47953670471907,0.,62.2135070711374));
#10517=CARTESIAN_POINT('Ctrl Pts',(-1.47953670471907,0.2,62.2135070711374));
#10518=CARTESIAN_POINT('',(-1.39972727745772,0.,62.6139161735773));
#10519=CARTESIAN_POINT('Ctrl Pts',(-1.39972727745772,0.,62.6139161735773));
#10520=CARTESIAN_POINT('Ctrl Pts',(-1.40258020095411,0.,62.542715301618));
#10521=CARTESIAN_POINT('Ctrl Pts',(-1.40809970000294,0.,62.4049642733998));
#10522=CARTESIAN_POINT('Ctrl Pts',(-1.45626643421774,0.,62.2758733602026));
#10523=CARTESIAN_POINT('Ctrl Pts',(-1.47953670471907,0.,62.2135070711374));
#10524=CARTESIAN_POINT('',(-1.39972727745772,0.2,62.6139161735773));
#10525=CARTESIAN_POINT('',(-1.39972727745772,0.,62.6139161735773));
#10526=CARTESIAN_POINT('Ctrl Pts',(-1.39972727745772,0.2,62.6139161735773));
#10527=CARTESIAN_POINT('Ctrl Pts',(-1.40258020095411,0.2,62.542715301618));
#10528=CARTESIAN_POINT('Ctrl Pts',(-1.40809970000294,0.2,62.4049642733998));
#10529=CARTESIAN_POINT('Ctrl Pts',(-1.45626643421774,0.2,62.2758733602026));
#10530=CARTESIAN_POINT('Ctrl Pts',(-1.47953670471907,0.2,62.2135070711374));
#10531=CARTESIAN_POINT('Ctrl Pts',(-1.47203307598829,0.,62.9952258616686));
#10532=CARTESIAN_POINT('Ctrl Pts',(-1.47203307598829,0.2,62.9952258616686));
#10533=CARTESIAN_POINT('Ctrl Pts',(-1.45094769443976,0.,62.9350378934625));
#10534=CARTESIAN_POINT('Ctrl Pts',(-1.45094769443976,0.2,62.9350378934625));
#10535=CARTESIAN_POINT('Ctrl Pts',(-1.40770858044006,0.,62.8116123622394));
#10536=CARTESIAN_POINT('Ctrl Pts',(-1.40770858044006,0.2,62.8116123622394));
#10537=CARTESIAN_POINT('Ctrl Pts',(-1.4024311764387,0.,62.6808915188626));
#10538=CARTESIAN_POINT('Ctrl Pts',(-1.4024311764387,0.2,62.6808915188626));
#10539=CARTESIAN_POINT('Ctrl Pts',(-1.39972727745772,0.,62.6139161735773));
#10540=CARTESIAN_POINT('Ctrl Pts',(-1.39972727745772,0.2,62.6139161735773));
#10541=CARTESIAN_POINT('',(-1.47203307598829,0.,62.9952258616686));
#10542=CARTESIAN_POINT('Ctrl Pts',(-1.47203307598829,0.,62.9952258616686));
#10543=CARTESIAN_POINT('Ctrl Pts',(-1.45094769443976,0.,62.9350378934625));
#10544=CARTESIAN_POINT('Ctrl Pts',(-1.40770858044006,0.,62.8116123622394));
#10545=CARTESIAN_POINT('Ctrl Pts',(-1.4024311764387,0.,62.6808915188626));
#10546=CARTESIAN_POINT('Ctrl Pts',(-1.39972727745772,0.,62.6139161735773));
#10547=CARTESIAN_POINT('',(-1.47203307598829,0.2,62.9952258616686));
#10548=CARTESIAN_POINT('',(-1.47203307598829,0.,62.9952258616686));
#10549=CARTESIAN_POINT('Ctrl Pts',(-1.47203307598829,0.2,62.9952258616686));
#10550=CARTESIAN_POINT('Ctrl Pts',(-1.45094769443976,0.2,62.9350378934625));
#10551=CARTESIAN_POINT('Ctrl Pts',(-1.40770858044006,0.2,62.8116123622394));
#10552=CARTESIAN_POINT('Ctrl Pts',(-1.4024311764387,0.2,62.6808915188626));
#10553=CARTESIAN_POINT('Ctrl Pts',(-1.39972727745772,0.2,62.6139161735773));
#10554=CARTESIAN_POINT('Ctrl Pts',(-1.68622117489576,0.,63.2646665722132));
#10555=CARTESIAN_POINT('Ctrl Pts',(-1.68622117489576,0.2,63.2646665722132));
#10556=CARTESIAN_POINT('Ctrl Pts',(-1.64153546628207,0.,63.2288526929061));
#10557=CARTESIAN_POINT('Ctrl Pts',(-1.64153546628207,0.2,63.2288526929061));
#10558=CARTESIAN_POINT('Ctrl Pts',(-1.54980376837898,0.,63.1553332599765));
#10559=CARTESIAN_POINT('Ctrl Pts',(-1.54980376837898,0.2,63.1553332599765));
#10560=CARTESIAN_POINT('Ctrl Pts',(-1.49839753871469,0.,63.049502677332));
#10561=CARTESIAN_POINT('Ctrl Pts',(-1.49839753871469,0.2,63.049502677332));
#10562=CARTESIAN_POINT('Ctrl Pts',(-1.47203307598829,0.,62.9952258616686));
#10563=CARTESIAN_POINT('Ctrl Pts',(-1.47203307598829,0.2,62.9952258616686));
#10564=CARTESIAN_POINT('',(-1.68622117489576,0.,63.2646665722132));
#10565=CARTESIAN_POINT('Ctrl Pts',(-1.68622117489576,0.,63.2646665722132));
#10566=CARTESIAN_POINT('Ctrl Pts',(-1.64153546628207,0.,63.2288526929061));
#10567=CARTESIAN_POINT('Ctrl Pts',(-1.54980376837898,0.,63.1553332599765));
#10568=CARTESIAN_POINT('Ctrl Pts',(-1.49839753871469,0.,63.049502677332));
#10569=CARTESIAN_POINT('Ctrl Pts',(-1.47203307598829,0.,62.9952258616686));
#10570=CARTESIAN_POINT('',(-1.68622117489576,0.2,63.2646665722132));
#10571=CARTESIAN_POINT('',(-1.68622117489576,0.,63.2646665722132));
#10572=CARTESIAN_POINT('Ctrl Pts',(-1.68622117489576,0.2,63.2646665722132));
#10573=CARTESIAN_POINT('Ctrl Pts',(-1.64153546628207,0.2,63.2288526929061));
#10574=CARTESIAN_POINT('Ctrl Pts',(-1.54980376837898,0.2,63.1553332599765));
#10575=CARTESIAN_POINT('Ctrl Pts',(-1.49839753871469,0.2,63.049502677332));
#10576=CARTESIAN_POINT('Ctrl Pts',(-1.47203307598829,0.2,62.9952258616686));
#10577=CARTESIAN_POINT('Ctrl Pts',(-2.01364260166884,0.,63.3601645380259));
#10578=CARTESIAN_POINT('Ctrl Pts',(-2.01364260166884,0.2,63.3601645380259));
#10579=CARTESIAN_POINT('Ctrl Pts',(-1.95415406948639,0.,63.356542964474));
#10580=CARTESIAN_POINT('Ctrl Pts',(-1.95415406948639,0.2,63.356542964474));
#10581=CARTESIAN_POINT('Ctrl Pts',(-1.8377077078845,0.,63.3494538827987));
#10582=CARTESIAN_POINT('Ctrl Pts',(-1.8377077078845,0.2,63.3494538827987));
#10583=CARTESIAN_POINT('Ctrl Pts',(-1.7359797421743,0.,63.2925165402262));
#10584=CARTESIAN_POINT('Ctrl Pts',(-1.7359797421743,0.2,63.2925165402262));
#10585=CARTESIAN_POINT('Ctrl Pts',(-1.68622117489576,0.,63.2646665722132));
#10586=CARTESIAN_POINT('Ctrl Pts',(-1.68622117489576,0.2,63.2646665722132));
#10587=CARTESIAN_POINT('',(-2.01364260166884,0.,63.3601645380259));
#10588=CARTESIAN_POINT('Ctrl Pts',(-2.01364260166884,0.,63.3601645380259));
#10589=CARTESIAN_POINT('Ctrl Pts',(-1.95415406948639,0.,63.356542964474));
#10590=CARTESIAN_POINT('Ctrl Pts',(-1.8377077078845,0.,63.3494538827987));
#10591=CARTESIAN_POINT('Ctrl Pts',(-1.7359797421743,0.,63.2925165402262));
#10592=CARTESIAN_POINT('Ctrl Pts',(-1.68622117489576,0.,63.2646665722132));
#10593=CARTESIAN_POINT('',(-2.01364260166884,0.2,63.3601645380259));
#10594=CARTESIAN_POINT('',(-2.01364260166884,0.,63.3601645380259));
#10595=CARTESIAN_POINT('Ctrl Pts',(-2.01364260166884,0.2,63.3601645380259));
#10596=CARTESIAN_POINT('Ctrl Pts',(-1.95415406948639,0.2,63.356542964474));
#10597=CARTESIAN_POINT('Ctrl Pts',(-1.8377077078845,0.2,63.3494538827987));
#10598=CARTESIAN_POINT('Ctrl Pts',(-1.7359797421743,0.2,63.2925165402262));
#10599=CARTESIAN_POINT('Ctrl Pts',(-1.68622117489576,0.2,63.2646665722132));
#10600=CARTESIAN_POINT('Ctrl Pts',(-2.25511591881514,0.,63.304912224412));
#10601=CARTESIAN_POINT('Ctrl Pts',(-2.25511591881514,0.2,63.304912224412));
#10602=CARTESIAN_POINT('Ctrl Pts',(-2.21893590953554,0.,63.3210129926676));
#10603=CARTESIAN_POINT('Ctrl Pts',(-2.21893590953554,0.2,63.3210129926676));
#10604=CARTESIAN_POINT('Ctrl Pts',(-2.14216958157068,0.,63.3551754177475));
#10605=CARTESIAN_POINT('Ctrl Pts',(-2.14216958157068,0.2,63.3551754177475));
#10606=CARTESIAN_POINT('Ctrl Pts',(-2.0580935545434,0.,63.3584390547806));
#10607=CARTESIAN_POINT('Ctrl Pts',(-2.0580935545434,0.2,63.3584390547806));
#10608=CARTESIAN_POINT('Ctrl Pts',(-2.01364260166884,0.,63.3601645380259));
#10609=CARTESIAN_POINT('Ctrl Pts',(-2.01364260166884,0.2,63.3601645380259));
#10610=CARTESIAN_POINT('',(-2.25511591881514,0.,63.304912224412));
#10611=CARTESIAN_POINT('Ctrl Pts',(-2.25511591881514,0.,63.304912224412));
#10612=CARTESIAN_POINT('Ctrl Pts',(-2.21893590953554,0.,63.3210129926676));
#10613=CARTESIAN_POINT('Ctrl Pts',(-2.14216958157068,0.,63.3551754177475));
#10614=CARTESIAN_POINT('Ctrl Pts',(-2.0580935545434,0.,63.3584390547806));
#10615=CARTESIAN_POINT('Ctrl Pts',(-2.01364260166884,0.,63.3601645380259));
#10616=CARTESIAN_POINT('',(-2.25511591881514,0.2,63.304912224412));
#10617=CARTESIAN_POINT('',(-2.25511591881514,0.,63.304912224412));
#10618=CARTESIAN_POINT('Ctrl Pts',(-2.25511591881514,0.2,63.304912224412));
#10619=CARTESIAN_POINT('Ctrl Pts',(-2.21893590953554,0.2,63.3210129926676));
#10620=CARTESIAN_POINT('Ctrl Pts',(-2.14216958157068,0.2,63.3551754177475));
#10621=CARTESIAN_POINT('Ctrl Pts',(-2.0580935545434,0.2,63.3584390547806));
#10622=CARTESIAN_POINT('Ctrl Pts',(-2.01364260166884,0.2,63.3601645380259));
#10623=CARTESIAN_POINT('Ctrl Pts',(-2.43383388966322,0.,63.1391549855471));
#10624=CARTESIAN_POINT('Ctrl Pts',(-2.43383388966322,0.2,63.1391549855471));
#10625=CARTESIAN_POINT('Ctrl Pts',(-2.40743329812631,0.,63.1732161467915));
#10626=CARTESIAN_POINT('Ctrl Pts',(-2.40743329812631,0.2,63.1732161467915));
#10627=CARTESIAN_POINT('Ctrl Pts',(-2.35694087182263,0.,63.2383597884235));
#10628=CARTESIAN_POINT('Ctrl Pts',(-2.35694087182263,0.2,63.2383597884235));
#10629=CARTESIAN_POINT('Ctrl Pts',(-2.28800690557002,0.,63.2834147895893));
#10630=CARTESIAN_POINT('Ctrl Pts',(-2.28800690557002,0.2,63.2834147895893));
#10631=CARTESIAN_POINT('Ctrl Pts',(-2.25511591881514,0.,63.304912224412));
#10632=CARTESIAN_POINT('Ctrl Pts',(-2.25511591881514,0.2,63.304912224412));
#10633=CARTESIAN_POINT('',(-2.43383388966322,0.,63.1391549855471));
#10634=CARTESIAN_POINT('Ctrl Pts',(-2.43383388966322,0.,63.1391549855471));
#10635=CARTESIAN_POINT('Ctrl Pts',(-2.40743329812631,0.,63.1732161467915));
#10636=CARTESIAN_POINT('Ctrl Pts',(-2.35694087182263,0.,63.2383597884235));
#10637=CARTESIAN_POINT('Ctrl Pts',(-2.28800690557002,0.,63.2834147895893));
#10638=CARTESIAN_POINT('Ctrl Pts',(-2.25511591881514,0.,63.304912224412));
#10639=CARTESIAN_POINT('',(-2.43383388966322,0.2,63.1391549855471));
#10640=CARTESIAN_POINT('',(-2.43383388966322,0.,63.1391549855471));
#10641=CARTESIAN_POINT('Ctrl Pts',(-2.43383388966322,0.2,63.1391549855471));
#10642=CARTESIAN_POINT('Ctrl Pts',(-2.40743329812631,0.2,63.1732161467915));
#10643=CARTESIAN_POINT('Ctrl Pts',(-2.35694087182263,0.2,63.2383597884235));
#10644=CARTESIAN_POINT('Ctrl Pts',(-2.28800690557002,0.2,63.2834147895893));
#10645=CARTESIAN_POINT('Ctrl Pts',(-2.25511591881514,0.2,63.304912224412));
#10646=CARTESIAN_POINT('Origin',(-2.43383388966322,0.,63.3274225145578));
#10647=CARTESIAN_POINT('',(-2.43383388966322,0.,63.3274225145578));
#10648=CARTESIAN_POINT('',(-2.43383388966322,0.,54.1012112572789));
#10649=CARTESIAN_POINT('',(-2.43383388966322,0.2,63.3274225145578));
#10650=CARTESIAN_POINT('',(-2.43383388966322,0.,63.3274225145578));
#10651=CARTESIAN_POINT('',(-2.43383388966322,0.2,63.3274225145578));
#10652=CARTESIAN_POINT('Origin',(-2.6575718447566,0.,63.3274225145578));
#10653=CARTESIAN_POINT('',(-2.6575718447566,0.,63.3274225145578));
#10654=CARTESIAN_POINT('',(13.4037140776217,0.,63.3274225145578));
#10655=CARTESIAN_POINT('',(-2.6575718447566,0.2,63.3274225145578));
#10656=CARTESIAN_POINT('',(-2.6575718447566,0.,63.3274225145578));
#10657=CARTESIAN_POINT('',(-2.6575718447566,0.2,63.3274225145578));
#10658=CARTESIAN_POINT('Origin',(-2.6575718447566,0.,61.3233295828104));
#10659=CARTESIAN_POINT('',(-2.6575718447566,0.,61.3233295828104));
#10660=CARTESIAN_POINT('',(-2.6575718447566,0.,53.0991647914052));
#10661=CARTESIAN_POINT('',(-2.6575718447566,0.2,61.3233295828104));
#10662=CARTESIAN_POINT('',(-2.6575718447566,0.,61.3233295828104));
#10663=CARTESIAN_POINT('',(-2.6575718447566,0.2,61.3233295828104));
#10664=CARTESIAN_POINT('Origin',(-2.41200547665358,0.,61.3233295828104));
#10665=CARTESIAN_POINT('',(13.5264972616732,0.,61.3233295828104));
#10666=CARTESIAN_POINT('',(-2.41200547665358,0.2,61.3233295828104));
#10667=CARTESIAN_POINT('Origin',(-3.69099596515298,0.2,64.1616652905941));
#10668=CARTESIAN_POINT('Ctrl Pts',(-0.218281559646131,0.,62.2701237350702));
#10669=CARTESIAN_POINT('Ctrl Pts',(-0.218281559646131,0.2,62.2701237350702));
#10670=CARTESIAN_POINT('Ctrl Pts',(-0.206800898493439,0.,62.3041765342195));
#10671=CARTESIAN_POINT('Ctrl Pts',(-0.206800898493439,0.2,62.3041765342195));
#10672=CARTESIAN_POINT('Ctrl Pts',(-0.180014029012768,0.,62.3836290913616));
#10673=CARTESIAN_POINT('Ctrl Pts',(-0.180014029012768,0.2,62.3836290913616));
#10674=CARTESIAN_POINT('Ctrl Pts',(-0.179189134941163,0.,62.4676686842074));
#10675=CARTESIAN_POINT('Ctrl Pts',(-0.179189134941163,0.2,62.4676686842074));
#10676=CARTESIAN_POINT('Ctrl Pts',(-0.17871778458357,0.,62.5156895071268));
#10677=CARTESIAN_POINT('Ctrl Pts',(-0.17871778458357,0.2,62.5156895071268));
#10678=CARTESIAN_POINT('',(-0.218281559646131,0.,62.2701237350702));
#10679=CARTESIAN_POINT('',(-0.17871778458357,0.,62.5156895071268));
#10680=CARTESIAN_POINT('Ctrl Pts',(-0.218281559646131,0.,62.2701237350702));
#10681=CARTESIAN_POINT('Ctrl Pts',(-0.206800898493439,0.,62.3041765342195));
#10682=CARTESIAN_POINT('Ctrl Pts',(-0.180014029012768,0.,62.3836290913616));
#10683=CARTESIAN_POINT('Ctrl Pts',(-0.179189134941163,0.,62.4676686842074));
#10684=CARTESIAN_POINT('Ctrl Pts',(-0.17871778458357,0.,62.5156895071268));
#10685=CARTESIAN_POINT('',(-0.218281559646131,0.2,62.2701237350702));
#10686=CARTESIAN_POINT('',(-0.218281559646131,0.,62.2701237350702));
#10687=CARTESIAN_POINT('',(-0.17871778458357,0.2,62.5156895071268));
#10688=CARTESIAN_POINT('Ctrl Pts',(-0.218281559646131,0.2,62.2701237350702));
#10689=CARTESIAN_POINT('Ctrl Pts',(-0.206800898493439,0.2,62.3041765342195));
#10690=CARTESIAN_POINT('Ctrl Pts',(-0.180014029012768,0.2,62.3836290913616));
#10691=CARTESIAN_POINT('Ctrl Pts',(-0.179189134941163,0.2,62.4676686842074));
#10692=CARTESIAN_POINT('Ctrl Pts',(-0.17871778458357,0.2,62.5156895071268));
#10693=CARTESIAN_POINT('',(-0.17871778458357,0.,62.5156895071268));
#10694=CARTESIAN_POINT('Ctrl Pts',(-0.380627922713758,0.,62.1002737432718));
#10695=CARTESIAN_POINT('Ctrl Pts',(-0.380627922713758,0.2,62.1002737432718));
#10696=CARTESIAN_POINT('Ctrl Pts',(-0.346377258508187,0.,62.122581659644));
#10697=CARTESIAN_POINT('Ctrl Pts',(-0.346377258508187,0.2,62.122581659644));
#10698=CARTESIAN_POINT('Ctrl Pts',(-0.278925687293211,0.,62.1665137714653));
#10699=CARTESIAN_POINT('Ctrl Pts',(-0.278925687293211,0.2,62.1665137714653));
#10700=CARTESIAN_POINT('Ctrl Pts',(-0.238285439115337,0.,62.2359472813199));
#10701=CARTESIAN_POINT('Ctrl Pts',(-0.238285439115337,0.2,62.2359472813199));
#10702=CARTESIAN_POINT('Ctrl Pts',(-0.218281559646131,0.,62.2701237350702));
#10703=CARTESIAN_POINT('Ctrl Pts',(-0.218281559646131,0.2,62.2701237350702));
#10704=CARTESIAN_POINT('',(-0.380627922713758,0.,62.1002737432718));
#10705=CARTESIAN_POINT('Ctrl Pts',(-0.380627922713758,0.,62.1002737432718));
#10706=CARTESIAN_POINT('Ctrl Pts',(-0.346377258508187,0.,62.122581659644));
#10707=CARTESIAN_POINT('Ctrl Pts',(-0.278925687293211,0.,62.1665137714653));
#10708=CARTESIAN_POINT('Ctrl Pts',(-0.238285439115337,0.,62.2359472813199));
#10709=CARTESIAN_POINT('Ctrl Pts',(-0.218281559646131,0.,62.2701237350702));
#10710=CARTESIAN_POINT('',(-0.380627922713758,0.2,62.1002737432718));
#10711=CARTESIAN_POINT('',(-0.380627922713758,0.,62.1002737432718));
#10712=CARTESIAN_POINT('Ctrl Pts',(-0.380627922713758,0.2,62.1002737432718));
#10713=CARTESIAN_POINT('Ctrl Pts',(-0.346377258508187,0.2,62.122581659644));
#10714=CARTESIAN_POINT('Ctrl Pts',(-0.278925687293211,0.2,62.1665137714653));
#10715=CARTESIAN_POINT('Ctrl Pts',(-0.238285439115337,0.2,62.2359472813199));
#10716=CARTESIAN_POINT('Ctrl Pts',(-0.218281559646131,0.2,62.2701237350702));
#10717=CARTESIAN_POINT('Ctrl Pts',(-0.633015446364881,0.,62.0382002741098));
#10718=CARTESIAN_POINT('Ctrl Pts',(-0.633015446364881,0.2,62.0382002741098));
#10719=CARTESIAN_POINT('Ctrl Pts',(-0.587609243274189,0.,62.040466638226));
#10720=CARTESIAN_POINT('Ctrl Pts',(-0.587609243274189,0.2,62.040466638226));
#10721=CARTESIAN_POINT('Ctrl Pts',(-0.499407166514475,0.,62.0448690768387));
#10722=CARTESIAN_POINT('Ctrl Pts',(-0.499407166514475,0.2,62.0448690768387));
#10723=CARTESIAN_POINT('Ctrl Pts',(-0.41943205282084,0.,62.0821735279815));
#10724=CARTESIAN_POINT('Ctrl Pts',(-0.41943205282084,0.2,62.0821735279815));
#10725=CARTESIAN_POINT('Ctrl Pts',(-0.380627922713758,0.,62.1002737432718));
#10726=CARTESIAN_POINT('Ctrl Pts',(-0.380627922713758,0.2,62.1002737432718));
#10727=CARTESIAN_POINT('',(-0.633015446364881,0.,62.0382002741098));
#10728=CARTESIAN_POINT('Ctrl Pts',(-0.633015446364881,0.,62.0382002741098));
#10729=CARTESIAN_POINT('Ctrl Pts',(-0.587609243274189,0.,62.040466638226));
#10730=CARTESIAN_POINT('Ctrl Pts',(-0.499407166514475,0.,62.0448690768387));
#10731=CARTESIAN_POINT('Ctrl Pts',(-0.41943205282084,0.,62.0821735279815));
#10732=CARTESIAN_POINT('Ctrl Pts',(-0.380627922713758,0.,62.1002737432718));
#10733=CARTESIAN_POINT('',(-0.633015446364881,0.2,62.0382002741098));
#10734=CARTESIAN_POINT('',(-0.633015446364881,0.,62.0382002741098));
#10735=CARTESIAN_POINT('Ctrl Pts',(-0.633015446364881,0.2,62.0382002741098));
#10736=CARTESIAN_POINT('Ctrl Pts',(-0.587609243274189,0.2,62.040466638226));
#10737=CARTESIAN_POINT('Ctrl Pts',(-0.499407166514475,0.2,62.0448690768387));
#10738=CARTESIAN_POINT('Ctrl Pts',(-0.41943205282084,0.2,62.0821735279815));
#10739=CARTESIAN_POINT('Ctrl Pts',(-0.380627922713758,0.2,62.1002737432718));
#10740=CARTESIAN_POINT('Ctrl Pts',(-0.850614123046399,0.,62.1036843210459));
#10741=CARTESIAN_POINT('Ctrl Pts',(-0.850614123046399,0.2,62.1036843210459));
#10742=CARTESIAN_POINT('Ctrl Pts',(-0.820948977183625,0.,62.0846346929088));
#10743=CARTESIAN_POINT('Ctrl Pts',(-0.820948977183625,0.2,62.0846346929088));
#10744=CARTESIAN_POINT('Ctrl Pts',(-0.755005072091751,0.,62.0422884703174));
#10745=CARTESIAN_POINT('Ctrl Pts',(-0.755005072091751,0.2,62.0422884703174));
#10746=CARTESIAN_POINT('Ctrl Pts',(-0.67630948775571,0.,62.0396511723708));
#10747=CARTESIAN_POINT('Ctrl Pts',(-0.67630948775571,0.2,62.0396511723708));
#10748=CARTESIAN_POINT('Ctrl Pts',(-0.633015446364881,0.,62.0382002741098));
#10749=CARTESIAN_POINT('Ctrl Pts',(-0.633015446364881,0.2,62.0382002741098));
#10750=CARTESIAN_POINT('',(-0.850614123046399,0.,62.1036843210459));
#10751=CARTESIAN_POINT('Ctrl Pts',(-0.850614123046399,0.,62.1036843210459));
#10752=CARTESIAN_POINT('Ctrl Pts',(-0.820948977183625,0.,62.0846346929088));
#10753=CARTESIAN_POINT('Ctrl Pts',(-0.755005072091751,0.,62.0422884703174));
#10754=CARTESIAN_POINT('Ctrl Pts',(-0.67630948775571,0.,62.0396511723708));
#10755=CARTESIAN_POINT('Ctrl Pts',(-0.633015446364881,0.,62.0382002741098));
#10756=CARTESIAN_POINT('',(-0.850614123046399,0.2,62.1036843210459));
#10757=CARTESIAN_POINT('',(-0.850614123046399,0.,62.1036843210459));
#10758=CARTESIAN_POINT('Ctrl Pts',(-0.850614123046399,0.2,62.1036843210459));
#10759=CARTESIAN_POINT('Ctrl Pts',(-0.820948977183625,0.2,62.0846346929088));
#10760=CARTESIAN_POINT('Ctrl Pts',(-0.755005072091751,0.2,62.0422884703174));
#10761=CARTESIAN_POINT('Ctrl Pts',(-0.67630948775571,0.2,62.0396511723708));
#10762=CARTESIAN_POINT('Ctrl Pts',(-0.633015446364881,0.2,62.0382002741098));
#10763=CARTESIAN_POINT('Ctrl Pts',(-0.924966149032117,0.,62.2673950344324));
#10764=CARTESIAN_POINT('Ctrl Pts',(-0.924966149032117,0.2,62.2673950344324));
#10765=CARTESIAN_POINT('Ctrl Pts',(-0.921837794482471,0.,62.2359901993245));
#10766=CARTESIAN_POINT('Ctrl Pts',(-0.921837794482471,0.2,62.2359901993245));
#10767=CARTESIAN_POINT('Ctrl Pts',(-0.915565589412618,0.,62.1730249686078));
#10768=CARTESIAN_POINT('Ctrl Pts',(-0.915565589412618,0.2,62.1730249686078));
#10769=CARTESIAN_POINT('Ctrl Pts',(-0.872300241970673,0.,62.1268359081222));
#10770=CARTESIAN_POINT('Ctrl Pts',(-0.872300241970673,0.2,62.1268359081222));
#10771=CARTESIAN_POINT('Ctrl Pts',(-0.850614123046399,0.,62.1036843210459));
#10772=CARTESIAN_POINT('Ctrl Pts',(-0.850614123046399,0.2,62.1036843210459));
#10773=CARTESIAN_POINT('',(-0.924966149032117,0.,62.2673950344324));
#10774=CARTESIAN_POINT('Ctrl Pts',(-0.924966149032117,0.,62.2673950344324));
#10775=CARTESIAN_POINT('Ctrl Pts',(-0.921837794482471,0.,62.2359901993245));
#10776=CARTESIAN_POINT('Ctrl Pts',(-0.915565589412618,0.,62.1730249686078));
#10777=CARTESIAN_POINT('Ctrl Pts',(-0.872300241970673,0.,62.1268359081222));
#10778=CARTESIAN_POINT('Ctrl Pts',(-0.850614123046399,0.,62.1036843210459));
#10779=CARTESIAN_POINT('',(-0.924966149032117,0.2,62.2673950344324));
#10780=CARTESIAN_POINT('',(-0.924966149032117,0.,62.2673950344324));
#10781=CARTESIAN_POINT('Ctrl Pts',(-0.924966149032117,0.2,62.2673950344324));
#10782=CARTESIAN_POINT('Ctrl Pts',(-0.921837794482471,0.2,62.2359901993245));
#10783=CARTESIAN_POINT('Ctrl Pts',(-0.915565589412618,0.2,62.1730249686078));
#10784=CARTESIAN_POINT('Ctrl Pts',(-0.872300241970673,0.2,62.1268359081222));
#10785=CARTESIAN_POINT('Ctrl Pts',(-0.850614123046399,0.2,62.1036843210459));
#10786=CARTESIAN_POINT('Ctrl Pts',(-0.890859775245191,0.,62.3840389400721));
#10787=CARTESIAN_POINT('Ctrl Pts',(-0.890859775245191,0.2,62.3840389400721));
#10788=CARTESIAN_POINT('Ctrl Pts',(-0.900807133699325,0.,62.3659815848058));
#10789=CARTESIAN_POINT('Ctrl Pts',(-0.900807133699325,0.2,62.3659815848058));
#10790=CARTESIAN_POINT('Ctrl Pts',(-0.920827533647478,0.,62.329638722919));
#10791=CARTESIAN_POINT('Ctrl Pts',(-0.920827533647478,0.2,62.329638722919));
#10792=CARTESIAN_POINT('Ctrl Pts',(-0.923580849029876,0.,62.2882295826535));
#10793=CARTESIAN_POINT('Ctrl Pts',(-0.923580849029876,0.2,62.2882295826535));
#10794=CARTESIAN_POINT('Ctrl Pts',(-0.924966149032117,0.,62.2673950344324));
#10795=CARTESIAN_POINT('Ctrl Pts',(-0.924966149032117,0.2,62.2673950344324));
#10796=CARTESIAN_POINT('',(-0.890859775245191,0.,62.3840389400721));
#10797=CARTESIAN_POINT('Ctrl Pts',(-0.890859775245191,0.,62.3840389400721));
#10798=CARTESIAN_POINT('Ctrl Pts',(-0.900807133699325,0.,62.3659815848058));
#10799=CARTESIAN_POINT('Ctrl Pts',(-0.920827533647478,0.,62.329638722919));
#10800=CARTESIAN_POINT('Ctrl Pts',(-0.923580849029876,0.,62.2882295826535));
#10801=CARTESIAN_POINT('Ctrl Pts',(-0.924966149032117,0.,62.2673950344324));
#10802=CARTESIAN_POINT('',(-0.890859775245191,0.2,62.3840389400721));
#10803=CARTESIAN_POINT('',(-0.890859775245191,0.,62.3840389400721));
#10804=CARTESIAN_POINT('Ctrl Pts',(-0.890859775245191,0.2,62.3840389400721));
#10805=CARTESIAN_POINT('Ctrl Pts',(-0.900807133699325,0.2,62.3659815848058));
#10806=CARTESIAN_POINT('Ctrl Pts',(-0.920827533647478,0.2,62.329638722919));
#10807=CARTESIAN_POINT('Ctrl Pts',(-0.923580849029876,0.2,62.2882295826535));
#10808=CARTESIAN_POINT('Ctrl Pts',(-0.924966149032117,0.2,62.2673950344324));
#10809=CARTESIAN_POINT('Ctrl Pts',(-0.793997459113599,0.,62.4638483673334));
#10810=CARTESIAN_POINT('Ctrl Pts',(-0.793997459113599,0.2,62.4638483673334));
#10811=CARTESIAN_POINT('Ctrl Pts',(-0.8135801507466,0.,62.4539171627673));
#10812=CARTESIAN_POINT('Ctrl Pts',(-0.8135801507466,0.2,62.4539171627673));
#10813=CARTESIAN_POINT('Ctrl Pts',(-0.851842107847983,0.,62.4345129189484));
#10814=CARTESIAN_POINT('Ctrl Pts',(-0.851842107847983,0.2,62.4345129189484));
#10815=CARTESIAN_POINT('Ctrl Pts',(-0.878060236802255,0.,62.4005966606149));
#10816=CARTESIAN_POINT('Ctrl Pts',(-0.878060236802255,0.2,62.4005966606149));
#10817=CARTESIAN_POINT('Ctrl Pts',(-0.890859775245191,0.,62.3840389400721));
#10818=CARTESIAN_POINT('Ctrl Pts',(-0.890859775245191,0.2,62.3840389400721));
#10819=CARTESIAN_POINT('',(-0.793997459113599,0.,62.4638483673334));
#10820=CARTESIAN_POINT('Ctrl Pts',(-0.793997459113599,0.,62.4638483673334));
#10821=CARTESIAN_POINT('Ctrl Pts',(-0.8135801507466,0.,62.4539171627673));
#10822=CARTESIAN_POINT('Ctrl Pts',(-0.851842107847983,0.,62.4345129189484));
#10823=CARTESIAN_POINT('Ctrl Pts',(-0.878060236802255,0.,62.4005966606149));
#10824=CARTESIAN_POINT('Ctrl Pts',(-0.890859775245191,0.,62.3840389400721));
#10825=CARTESIAN_POINT('',(-0.793997459113599,0.2,62.4638483673334));
#10826=CARTESIAN_POINT('',(-0.793997459113599,0.,62.4638483673334));
#10827=CARTESIAN_POINT('Ctrl Pts',(-0.793997459113599,0.2,62.4638483673334));
#10828=CARTESIAN_POINT('Ctrl Pts',(-0.8135801507466,0.2,62.4539171627673));
#10829=CARTESIAN_POINT('Ctrl Pts',(-0.851842107847983,0.2,62.4345129189484));
#10830=CARTESIAN_POINT('Ctrl Pts',(-0.878060236802255,0.2,62.4005966606149));
#10831=CARTESIAN_POINT('Ctrl Pts',(-0.890859775245191,0.2,62.3840389400721));
#10832=CARTESIAN_POINT('Ctrl Pts',(-0.579809360206128,0.,62.5129614025354));
#10833=CARTESIAN_POINT('Ctrl Pts',(-0.579809360206128,0.2,62.5129614025354));
#10834=CARTESIAN_POINT('Ctrl Pts',(-0.623260745626267,0.,62.5067367233217));
#10835=CARTESIAN_POINT('Ctrl Pts',(-0.623260745626267,0.2,62.5067367233217));
#10836=CARTESIAN_POINT('Ctrl Pts',(-0.696090251395534,0.,62.4963034469985));
#10837=CARTESIAN_POINT('Ctrl Pts',(-0.696090251395534,0.2,62.4963034469985));
#10838=CARTESIAN_POINT('Ctrl Pts',(-0.765855432528848,0.,62.473177115809));
#10839=CARTESIAN_POINT('Ctrl Pts',(-0.765855432528848,0.2,62.473177115809));
#10840=CARTESIAN_POINT('Ctrl Pts',(-0.793997459113599,0.,62.4638483673334));
#10841=CARTESIAN_POINT('Ctrl Pts',(-0.793997459113599,0.2,62.4638483673334));
#10842=CARTESIAN_POINT('',(-0.579809360206128,0.,62.5129614025354));
#10843=CARTESIAN_POINT('Ctrl Pts',(-0.579809360206128,0.,62.5129614025354));
#10844=CARTESIAN_POINT('Ctrl Pts',(-0.623260745626267,0.,62.5067367233217));
#10845=CARTESIAN_POINT('Ctrl Pts',(-0.696090251395534,0.,62.4963034469985));
#10846=CARTESIAN_POINT('Ctrl Pts',(-0.765855432528848,0.,62.473177115809));
#10847=CARTESIAN_POINT('Ctrl Pts',(-0.793997459113599,0.,62.4638483673334));
#10848=CARTESIAN_POINT('',(-0.579809360206128,0.2,62.5129614025354));
#10849=CARTESIAN_POINT('',(-0.579809360206128,0.,62.5129614025354));
#10850=CARTESIAN_POINT('Ctrl Pts',(-0.579809360206128,0.2,62.5129614025354));
#10851=CARTESIAN_POINT('Ctrl Pts',(-0.623260745626267,0.2,62.5067367233217));
#10852=CARTESIAN_POINT('Ctrl Pts',(-0.696090251395534,0.2,62.4963034469985));
#10853=CARTESIAN_POINT('Ctrl Pts',(-0.765855432528848,0.2,62.473177115809));
#10854=CARTESIAN_POINT('Ctrl Pts',(-0.793997459113599,0.2,62.4638483673334));
#10855=CARTESIAN_POINT('Ctrl Pts',(-0.17871778458357,0.,62.6057306677103));
#10856=CARTESIAN_POINT('Ctrl Pts',(-0.17871778458357,0.2,62.6057306677103));
#10857=CARTESIAN_POINT('Ctrl Pts',(-0.234095353377837,0.,62.5875342231791));
#10858=CARTESIAN_POINT('Ctrl Pts',(-0.234095353377837,0.2,62.5875342231791));
#10859=CARTESIAN_POINT('Ctrl Pts',(-0.364892474295857,0.,62.5445557644375));
#10860=CARTESIAN_POINT('Ctrl Pts',(-0.364892474295857,0.2,62.5445557644375));
#10861=CARTESIAN_POINT('Ctrl Pts',(-0.501207882255308,0.,62.5245163975276));
#10862=CARTESIAN_POINT('Ctrl Pts',(-0.501207882255308,0.2,62.5245163975276));
#10863=CARTESIAN_POINT('Ctrl Pts',(-0.579809360206128,0.,62.5129614025354));
#10864=CARTESIAN_POINT('Ctrl Pts',(-0.579809360206128,0.2,62.5129614025354));
#10865=CARTESIAN_POINT('',(-0.17871778458357,0.,62.6057306677103));
#10866=CARTESIAN_POINT('Ctrl Pts',(-0.17871778458357,0.,62.6057306677103));
#10867=CARTESIAN_POINT('Ctrl Pts',(-0.234095353377837,0.,62.5875342231791));
#10868=CARTESIAN_POINT('Ctrl Pts',(-0.364892474295857,0.,62.5445557644375));
#10869=CARTESIAN_POINT('Ctrl Pts',(-0.501207882255308,0.,62.5245163975276));
#10870=CARTESIAN_POINT('Ctrl Pts',(-0.579809360206128,0.,62.5129614025354));
#10871=CARTESIAN_POINT('',(-0.17871778458357,0.2,62.6057306677103));
#10872=CARTESIAN_POINT('',(-0.17871778458357,0.,62.6057306677103));
#10873=CARTESIAN_POINT('Ctrl Pts',(-0.17871778458357,0.2,62.6057306677103));
#10874=CARTESIAN_POINT('Ctrl Pts',(-0.234095353377837,0.2,62.5875342231791));
#10875=CARTESIAN_POINT('Ctrl Pts',(-0.364892474295857,0.2,62.5445557644375));
#10876=CARTESIAN_POINT('Ctrl Pts',(-0.501207882255308,0.2,62.5245163975276));
#10877=CARTESIAN_POINT('Ctrl Pts',(-0.579809360206128,0.2,62.5129614025354));
#10878=CARTESIAN_POINT('Origin',(-0.17871778458357,0.,62.5156895071268));
#10879=CARTESIAN_POINT('',(-0.178717784583569,0.,53.6953447535634));
#10880=CARTESIAN_POINT('',(-0.17871778458357,0.2,62.5156895071268));
#10881=CARTESIAN_POINT('Origin',(0.147339291870593,0.,61.8785820156336));
#10882=CARTESIAN_POINT('',(0.147339291870593,0.,61.8785820156336));
#10883=CARTESIAN_POINT('',(-0.109140686690808,0.,61.8785820156336));
#10884=CARTESIAN_POINT('',(14.8061696459353,0.,61.8785820156336));
#10885=CARTESIAN_POINT('',(0.147339291870593,0.2,61.8785820156336));
#10886=CARTESIAN_POINT('',(0.147339291870593,0.,61.8785820156336));
#10887=CARTESIAN_POINT('',(-0.109140686690808,0.2,61.8785820156336));
#10888=CARTESIAN_POINT('',(0.147339291870593,0.2,61.8785820156336));
#10889=CARTESIAN_POINT('',(-0.109140686690808,0.,61.8785820156336));
#10890=CARTESIAN_POINT('Ctrl Pts',(0.0852658227086056,0.,62.0525244623423));
#10891=CARTESIAN_POINT('Ctrl Pts',(0.0852658227086056,0.2,62.0525244623423));
#10892=CARTESIAN_POINT('Ctrl Pts',(0.0918408966229844,0.,62.0224770330399));
#10893=CARTESIAN_POINT('Ctrl Pts',(0.0918408966229844,0.2,62.0224770330399));
#10894=CARTESIAN_POINT('Ctrl Pts',(0.105106908975275,0.,61.9618526851664));
#10895=CARTESIAN_POINT('Ctrl Pts',(0.105106908975275,0.2,61.9618526851664));
#10896=CARTESIAN_POINT('Ctrl Pts',(0.133180101069884,0.,61.9065000542851));
#10897=CARTESIAN_POINT('Ctrl Pts',(0.133180101069884,0.2,61.9065000542851));
#10898=CARTESIAN_POINT('Ctrl Pts',(0.147339291870593,0.,61.8785820156336));
#10899=CARTESIAN_POINT('Ctrl Pts',(0.147339291870593,0.2,61.8785820156336));
#10900=CARTESIAN_POINT('',(0.0852658227086056,0.,62.0525244623423));
#10901=CARTESIAN_POINT('Ctrl Pts',(0.0852658227086056,0.,62.0525244623423));
#10902=CARTESIAN_POINT('Ctrl Pts',(0.0918408966229844,0.,62.0224770330399));
#10903=CARTESIAN_POINT('Ctrl Pts',(0.105106908975275,0.,61.9618526851664));
#10904=CARTESIAN_POINT('Ctrl Pts',(0.133180101069884,0.,61.9065000542851));
#10905=CARTESIAN_POINT('Ctrl Pts',(0.147339291870593,0.,61.8785820156336));
#10906=CARTESIAN_POINT('',(0.0852658227086056,0.2,62.0525244623423));
#10907=CARTESIAN_POINT('',(0.0852658227086056,0.,62.0525244623423));
#10908=CARTESIAN_POINT('Ctrl Pts',(0.0852658227086056,0.2,62.0525244623423));
#10909=CARTESIAN_POINT('Ctrl Pts',(0.0918408966229844,0.2,62.0224770330399));
#10910=CARTESIAN_POINT('Ctrl Pts',(0.105106908975275,0.2,61.9618526851664));
#10911=CARTESIAN_POINT('Ctrl Pts',(0.133180101069884,0.2,61.9065000542851));
#10912=CARTESIAN_POINT('Ctrl Pts',(0.147339291870593,0.2,61.8785820156336));
#10913=CARTESIAN_POINT('Ctrl Pts',(0.0695766881108273,0.,62.4856761842966));
#10914=CARTESIAN_POINT('Ctrl Pts',(0.0695766881108273,0.2,62.4856761842966));
#10915=CARTESIAN_POINT('Ctrl Pts',(0.0690124867338693,0.,62.3924240397425));
#10916=CARTESIAN_POINT('Ctrl Pts',(0.0690124867338693,0.2,62.3924240397425));
#10917=CARTESIAN_POINT('Ctrl Pts',(0.0681372521212942,0.,62.247763803267));
#10918=CARTESIAN_POINT('Ctrl Pts',(0.0681372521212942,0.2,62.247763803267));
#10919=CARTESIAN_POINT('Ctrl Pts',(0.0807748009386211,0.,62.1037151980771));
#10920=CARTESIAN_POINT('Ctrl Pts',(0.0807748009386211,0.2,62.1037151980771));
#10921=CARTESIAN_POINT('Ctrl Pts',(0.0852658227086056,0.,62.0525244623423));
#10922=CARTESIAN_POINT('Ctrl Pts',(0.0852658227086056,0.2,62.0525244623423));
#10923=CARTESIAN_POINT('',(0.0695766881108273,0.,62.4856761842966));
#10924=CARTESIAN_POINT('Ctrl Pts',(0.0695766881108273,0.,62.4856761842966));
#10925=CARTESIAN_POINT('Ctrl Pts',(0.0690124867338693,0.,62.3924240397425));
#10926=CARTESIAN_POINT('Ctrl Pts',(0.0681372521212942,0.,62.247763803267));
#10927=CARTESIAN_POINT('Ctrl Pts',(0.0807748009386211,0.,62.1037151980771));
#10928=CARTESIAN_POINT('Ctrl Pts',(0.0852658227086056,0.,62.0525244623423));
#10929=CARTESIAN_POINT('',(0.0695766881108273,0.2,62.4856761842966));
#10930=CARTESIAN_POINT('',(0.0695766881108273,0.,62.4856761842966));
#10931=CARTESIAN_POINT('Ctrl Pts',(0.0695766881108273,0.2,62.4856761842966));
#10932=CARTESIAN_POINT('Ctrl Pts',(0.0690124867338693,0.2,62.3924240397425));
#10933=CARTESIAN_POINT('Ctrl Pts',(0.0681372521212942,0.2,62.247763803267));
#10934=CARTESIAN_POINT('Ctrl Pts',(0.0807748009386211,0.2,62.1037151980771));
#10935=CARTESIAN_POINT('Ctrl Pts',(0.0852658227086056,0.2,62.0525244623423));
#10936=CARTESIAN_POINT('Origin',(0.0695766881108273,0.,62.8130976110697));
#10937=CARTESIAN_POINT('',(0.0695766881108273,0.,62.8130976110697));
#10938=CARTESIAN_POINT('',(0.0695766881108284,0.,53.8440488055348));
#10939=CARTESIAN_POINT('',(0.0695766881108273,0.2,62.8130976110697));
#10940=CARTESIAN_POINT('',(0.0695766881108273,0.,62.8130976110697));
#10941=CARTESIAN_POINT('',(0.0695766881108273,0.2,62.8130976110697));
#10942=CARTESIAN_POINT('Ctrl Pts',(0.0572981312870968,0.,63.0395642668009));
#10943=CARTESIAN_POINT('Ctrl Pts',(0.0572981312870968,0.2,63.0395642668009));
#10944=CARTESIAN_POINT('Ctrl Pts',(0.0608386425176788,0.,63.0102626289359));
#10945=CARTESIAN_POINT('Ctrl Pts',(0.0608386425176788,0.2,63.0102626289359));
#10946=CARTESIAN_POINT('Ctrl Pts',(0.0699217794943108,0.,62.9350896459869));
#10947=CARTESIAN_POINT('Ctrl Pts',(0.0699217794943108,0.2,62.9350896459869));
#10948=CARTESIAN_POINT('Ctrl Pts',(0.069707465043497,0.,62.8593281021809));
#10949=CARTESIAN_POINT('Ctrl Pts',(0.069707465043497,0.2,62.8593281021809));
#10950=CARTESIAN_POINT('Ctrl Pts',(0.0695766881108273,0.,62.8130976110697));
#10951=CARTESIAN_POINT('Ctrl Pts',(0.0695766881108273,0.2,62.8130976110697));
#10952=CARTESIAN_POINT('',(0.0572981312870968,0.,63.0395642668009));
#10953=CARTESIAN_POINT('Ctrl Pts',(0.0572981312870968,0.,63.0395642668009));
#10954=CARTESIAN_POINT('Ctrl Pts',(0.0608386425176788,0.,63.0102626289359));
#10955=CARTESIAN_POINT('Ctrl Pts',(0.0699217794943108,0.,62.9350896459869));
#10956=CARTESIAN_POINT('Ctrl Pts',(0.069707465043497,0.,62.8593281021809));
#10957=CARTESIAN_POINT('Ctrl Pts',(0.0695766881108273,0.,62.8130976110697));
#10958=CARTESIAN_POINT('',(0.0572981312870968,0.2,63.0395642668009));
#10959=CARTESIAN_POINT('',(0.0572981312870968,0.,63.0395642668009));
#10960=CARTESIAN_POINT('Ctrl Pts',(0.0572981312870968,0.2,63.0395642668009));
#10961=CARTESIAN_POINT('Ctrl Pts',(0.0608386425176788,0.2,63.0102626289359));
#10962=CARTESIAN_POINT('Ctrl Pts',(0.0699217794943108,0.2,62.9350896459869));
#10963=CARTESIAN_POINT('Ctrl Pts',(0.069707465043497,0.2,62.8593281021809));
#10964=CARTESIAN_POINT('Ctrl Pts',(0.0695766881108273,0.2,62.8130976110697));
#10965=CARTESIAN_POINT('Ctrl Pts',(-0.0191001221537601,0.,63.2066855579615));
#10966=CARTESIAN_POINT('Ctrl Pts',(-0.0191001221537601,0.2,63.2066855579615));
#10967=CARTESIAN_POINT('Ctrl Pts',(-0.00212088267470878,0.,63.1824356627225));
#10968=CARTESIAN_POINT('Ctrl Pts',(-0.00212088267470878,0.2,63.1824356627225));
#10969=CARTESIAN_POINT('Ctrl Pts',(0.0335629034078522,0.,63.1314717738333));
#10970=CARTESIAN_POINT('Ctrl Pts',(0.0335629034078522,0.2,63.1314717738333));
#10971=CARTESIAN_POINT('Ctrl Pts',(0.0491354122978105,0.,63.0711719327027));
#10972=CARTESIAN_POINT('Ctrl Pts',(0.0491354122978105,0.2,63.0711719327027));
#10973=CARTESIAN_POINT('Ctrl Pts',(0.0572981312870968,0.,63.0395642668009));
#10974=CARTESIAN_POINT('Ctrl Pts',(0.0572981312870968,0.2,63.0395642668009));
#10975=CARTESIAN_POINT('',(-0.0191001221537601,0.,63.2066855579615));
#10976=CARTESIAN_POINT('Ctrl Pts',(-0.0191001221537601,0.,63.2066855579615));
#10977=CARTESIAN_POINT('Ctrl Pts',(-0.00212088267470878,0.,63.1824356627225));
#10978=CARTESIAN_POINT('Ctrl Pts',(0.0335629034078522,0.,63.1314717738333));
#10979=CARTESIAN_POINT('Ctrl Pts',(0.0491354122978105,0.,63.0711719327027));
#10980=CARTESIAN_POINT('Ctrl Pts',(0.0572981312870968,0.,63.0395642668009));
#10981=CARTESIAN_POINT('',(-0.0191001221537601,0.2,63.2066855579615));
#10982=CARTESIAN_POINT('',(-0.0191001221537601,0.,63.2066855579615));
#10983=CARTESIAN_POINT('Ctrl Pts',(-0.0191001221537601,0.2,63.2066855579615));
#10984=CARTESIAN_POINT('Ctrl Pts',(-0.00212088267470878,0.2,63.1824356627225));
#10985=CARTESIAN_POINT('Ctrl Pts',(0.0335629034078522,0.2,63.1314717738333));
#10986=CARTESIAN_POINT('Ctrl Pts',(0.0491354122978105,0.2,63.0711719327027));
#10987=CARTESIAN_POINT('Ctrl Pts',(0.0572981312870968,0.2,63.0395642668009));
#10988=CARTESIAN_POINT('Ctrl Pts',(-0.189631991088391,0.,63.316508308053));
#10989=CARTESIAN_POINT('Ctrl Pts',(-0.189631991088391,0.2,63.316508308053));
#10990=CARTESIAN_POINT('Ctrl Pts',(-0.154641215339978,0.,63.3022762961043));
#10991=CARTESIAN_POINT('Ctrl Pts',(-0.154641215339978,0.2,63.3022762961043));
#10992=CARTESIAN_POINT('Ctrl Pts',(-0.0907654314827011,0.,63.2762957083739));
#10993=CARTESIAN_POINT('Ctrl Pts',(-0.0907654314827011,0.2,63.2762957083739));
#10994=CARTESIAN_POINT('Ctrl Pts',(-0.0414161567327476,0.,63.2283616316183));
#10995=CARTESIAN_POINT('Ctrl Pts',(-0.0414161567327476,0.2,63.2283616316183));
#10996=CARTESIAN_POINT('Ctrl Pts',(-0.0191001221537601,0.,63.2066855579615));
#10997=CARTESIAN_POINT('Ctrl Pts',(-0.0191001221537601,0.2,63.2066855579615));
#10998=CARTESIAN_POINT('',(-0.189631991088391,0.,63.316508308053));
#10999=CARTESIAN_POINT('Ctrl Pts',(-0.189631991088391,0.,63.316508308053));
#11000=CARTESIAN_POINT('Ctrl Pts',(-0.154641215339978,0.,63.3022762961043));
#11001=CARTESIAN_POINT('Ctrl Pts',(-0.0907654314827011,0.,63.2762957083739));
#11002=CARTESIAN_POINT('Ctrl Pts',(-0.0414161567327476,0.,63.2283616316183));
#11003=CARTESIAN_POINT('Ctrl Pts',(-0.0191001221537601,0.,63.2066855579615));
#11004=CARTESIAN_POINT('',(-0.189631991088391,0.2,63.316508308053));
#11005=CARTESIAN_POINT('',(-0.189631991088391,0.,63.316508308053));
#11006=CARTESIAN_POINT('Ctrl Pts',(-0.189631991088391,0.2,63.316508308053));
#11007=CARTESIAN_POINT('Ctrl Pts',(-0.154641215339978,0.2,63.3022762961043));
#11008=CARTESIAN_POINT('Ctrl Pts',(-0.0907654314827011,0.2,63.2762957083739));
#11009=CARTESIAN_POINT('Ctrl Pts',(-0.0414161567327476,0.2,63.2283616316183));
#11010=CARTESIAN_POINT('Ctrl Pts',(-0.0191001221537601,0.2,63.2066855579615));
#11011=CARTESIAN_POINT('Ctrl Pts',(-0.491132549941541,0.,63.3601645380259));
#11012=CARTESIAN_POINT('Ctrl Pts',(-0.491132549941541,0.2,63.3601645380259));
#11013=CARTESIAN_POINT('Ctrl Pts',(-0.434670706023833,0.,63.3592138118355));
#11014=CARTESIAN_POINT('Ctrl Pts',(-0.434670706023833,0.2,63.3592138118355));
#11015=CARTESIAN_POINT('Ctrl Pts',(-0.332195359589578,0.,63.357488292636));
#11016=CARTESIAN_POINT('Ctrl Pts',(-0.332195359589578,0.2,63.357488292636));
#11017=CARTESIAN_POINT('Ctrl Pts',(-0.233809314582023,0.,63.329207124409));
#11018=CARTESIAN_POINT('Ctrl Pts',(-0.233809314582023,0.2,63.329207124409));
#11019=CARTESIAN_POINT('Ctrl Pts',(-0.189631991088391,0.,63.316508308053));
#11020=CARTESIAN_POINT('Ctrl Pts',(-0.189631991088391,0.2,63.316508308053));
#11021=CARTESIAN_POINT('',(-0.491132549941541,0.,63.3601645380259));
#11022=CARTESIAN_POINT('Ctrl Pts',(-0.491132549941541,0.,63.3601645380259));
#11023=CARTESIAN_POINT('Ctrl Pts',(-0.434670706023833,0.,63.3592138118355));
#11024=CARTESIAN_POINT('Ctrl Pts',(-0.332195359589578,0.,63.357488292636));
#11025=CARTESIAN_POINT('Ctrl Pts',(-0.233809314582023,0.,63.329207124409));
#11026=CARTESIAN_POINT('Ctrl Pts',(-0.189631991088391,0.,63.316508308053));
#11027=CARTESIAN_POINT('',(-0.491132549941541,0.2,63.3601645380259));
#11028=CARTESIAN_POINT('',(-0.491132549941541,0.,63.3601645380259));
#11029=CARTESIAN_POINT('Ctrl Pts',(-0.491132549941541,0.2,63.3601645380259));
#11030=CARTESIAN_POINT('Ctrl Pts',(-0.434670706023833,0.2,63.3592138118355));
#11031=CARTESIAN_POINT('Ctrl Pts',(-0.332195359589578,0.2,63.357488292636));
#11032=CARTESIAN_POINT('Ctrl Pts',(-0.233809314582023,0.2,63.329207124409));
#11033=CARTESIAN_POINT('Ctrl Pts',(-0.189631991088391,0.2,63.316508308053));
#11034=CARTESIAN_POINT('Ctrl Pts',(-0.819918327033521,0.,63.3090046793222));
#11035=CARTESIAN_POINT('Ctrl Pts',(-0.819918327033521,0.2,63.3090046793222));
#11036=CARTESIAN_POINT('Ctrl Pts',(-0.769212605878001,0.,63.3239142446791));
#11037=CARTESIAN_POINT('Ctrl Pts',(-0.769212605878001,0.2,63.3239142446791));
#11038=CARTESIAN_POINT('Ctrl Pts',(-0.661942079479289,0.,63.3554561868459));
#11039=CARTESIAN_POINT('Ctrl Pts',(-0.661942079479289,0.2,63.3554561868459));
#11040=CARTESIAN_POINT('Ctrl Pts',(-0.550105224975409,0.,63.3585389609001));
#11041=CARTESIAN_POINT('Ctrl Pts',(-0.550105224975409,0.2,63.3585389609001));
#11042=CARTESIAN_POINT('Ctrl Pts',(-0.491132549941541,0.,63.3601645380259));
#11043=CARTESIAN_POINT('Ctrl Pts',(-0.491132549941541,0.2,63.3601645380259));
#11044=CARTESIAN_POINT('',(-0.819918327033521,0.,63.3090046793222));
#11045=CARTESIAN_POINT('Ctrl Pts',(-0.819918327033521,0.,63.3090046793222));
#11046=CARTESIAN_POINT('Ctrl Pts',(-0.769212605878001,0.,63.3239142446791));
#11047=CARTESIAN_POINT('Ctrl Pts',(-0.661942079479289,0.,63.3554561868459));
#11048=CARTESIAN_POINT('Ctrl Pts',(-0.550105224975409,0.,63.3585389609001));
#11049=CARTESIAN_POINT('Ctrl Pts',(-0.491132549941541,0.,63.3601645380259));
#11050=CARTESIAN_POINT('',(-0.819918327033521,0.2,63.3090046793222));
#11051=CARTESIAN_POINT('',(-0.819918327033521,0.,63.3090046793222));
#11052=CARTESIAN_POINT('Ctrl Pts',(-0.819918327033521,0.2,63.3090046793222));
#11053=CARTESIAN_POINT('Ctrl Pts',(-0.769212605878001,0.2,63.3239142446791));
#11054=CARTESIAN_POINT('Ctrl Pts',(-0.661942079479289,0.2,63.3554561868459));
#11055=CARTESIAN_POINT('Ctrl Pts',(-0.550105224975409,0.2,63.3585389609001));
#11056=CARTESIAN_POINT('Ctrl Pts',(-0.491132549941541,0.2,63.3601645380259));
#11057=CARTESIAN_POINT('Ctrl Pts',(-1.03683512657881,0.,63.1630293279886));
#11058=CARTESIAN_POINT('Ctrl Pts',(-1.03683512657881,0.2,63.1630293279886));
#11059=CARTESIAN_POINT('Ctrl Pts',(-1.00779389756961,0.,63.1932462295896));
#11060=CARTESIAN_POINT('Ctrl Pts',(-1.00779389756961,0.2,63.1932462295896));
#11061=CARTESIAN_POINT('Ctrl Pts',(-0.946116337765962,0.,63.2574206746513));
#11062=CARTESIAN_POINT('Ctrl Pts',(-0.946116337765962,0.2,63.2574206746513));
#11063=CARTESIAN_POINT('Ctrl Pts',(-0.863587822563252,0.,63.2911545765488));
#11064=CARTESIAN_POINT('Ctrl Pts',(-0.863587822563252,0.2,63.2911545765488));
#11065=CARTESIAN_POINT('Ctrl Pts',(-0.819918327033521,0.,63.3090046793222));
#11066=CARTESIAN_POINT('Ctrl Pts',(-0.819918327033521,0.2,63.3090046793222));
#11067=CARTESIAN_POINT('',(-1.03683512657881,0.,63.1630293279886));
#11068=CARTESIAN_POINT('Ctrl Pts',(-1.03683512657881,0.,63.1630293279886));
#11069=CARTESIAN_POINT('Ctrl Pts',(-1.00779389756961,0.,63.1932462295896));
#11070=CARTESIAN_POINT('Ctrl Pts',(-0.946116337765962,0.,63.2574206746513));
#11071=CARTESIAN_POINT('Ctrl Pts',(-0.863587822563252,0.,63.2911545765488));
#11072=CARTESIAN_POINT('Ctrl Pts',(-0.819918327033521,0.,63.3090046793222));
#11073=CARTESIAN_POINT('',(-1.03683512657881,0.2,63.1630293279886));
#11074=CARTESIAN_POINT('',(-1.03683512657881,0.,63.1630293279886));
#11075=CARTESIAN_POINT('Ctrl Pts',(-1.03683512657881,0.2,63.1630293279886));
#11076=CARTESIAN_POINT('Ctrl Pts',(-1.00779389756961,0.2,63.1932462295896));
#11077=CARTESIAN_POINT('Ctrl Pts',(-0.946116337765962,0.2,63.2574206746513));
#11078=CARTESIAN_POINT('Ctrl Pts',(-0.863587822563252,0.2,63.2911545765488));
#11079=CARTESIAN_POINT('Ctrl Pts',(-0.819918327033521,0.2,63.3090046793222));
#11080=CARTESIAN_POINT('Ctrl Pts',(-1.14461164921522,0.,62.9140526801348));
#11081=CARTESIAN_POINT('Ctrl Pts',(-1.14461164921522,0.2,62.9140526801348));
#11082=CARTESIAN_POINT('Ctrl Pts',(-1.13290019392132,0.,62.9617002935108));
#11083=CARTESIAN_POINT('Ctrl Pts',(-1.13290019392132,0.2,62.9617002935108));
#11084=CARTESIAN_POINT('Ctrl Pts',(-1.11097880940026,0.,63.0508866181917));
#11085=CARTESIAN_POINT('Ctrl Pts',(-1.11097880940026,0.2,63.0508866181917));
#11086=CARTESIAN_POINT('Ctrl Pts',(-1.06039475318417,0.,63.1273952689725));
#11087=CARTESIAN_POINT('Ctrl Pts',(-1.06039475318417,0.2,63.1273952689725));
#11088=CARTESIAN_POINT('Ctrl Pts',(-1.03683512657881,0.,63.1630293279886));
#11089=CARTESIAN_POINT('Ctrl Pts',(-1.03683512657881,0.2,63.1630293279886));
#11090=CARTESIAN_POINT('',(-1.14461164921522,0.,62.9140526801348));
#11091=CARTESIAN_POINT('Ctrl Pts',(-1.14461164921522,0.,62.9140526801348));
#11092=CARTESIAN_POINT('Ctrl Pts',(-1.13290019392132,0.,62.9617002935108));
#11093=CARTESIAN_POINT('Ctrl Pts',(-1.11097880940026,0.,63.0508866181917));
#11094=CARTESIAN_POINT('Ctrl Pts',(-1.06039475318417,0.,63.1273952689725));
#11095=CARTESIAN_POINT('Ctrl Pts',(-1.03683512657881,0.,63.1630293279886));
#11096=CARTESIAN_POINT('',(-1.14461164921522,0.2,62.9140526801348));
#11097=CARTESIAN_POINT('',(-1.14461164921522,0.,62.9140526801348));
#11098=CARTESIAN_POINT('Ctrl Pts',(-1.14461164921522,0.2,62.9140526801348));
#11099=CARTESIAN_POINT('Ctrl Pts',(-1.13290019392132,0.2,62.9617002935108));
#11100=CARTESIAN_POINT('Ctrl Pts',(-1.11097880940026,0.2,63.0508866181917));
#11101=CARTESIAN_POINT('Ctrl Pts',(-1.06039475318417,0.2,63.1273952689725));
#11102=CARTESIAN_POINT('Ctrl Pts',(-1.03683512657881,0.2,63.1630293279886));
#11103=CARTESIAN_POINT('Origin',(-0.90450268238783,0.,62.8813103586435));
#11104=CARTESIAN_POINT('',(-0.90450268238783,0.,62.8813103586435));
#11105=CARTESIAN_POINT('',(15.2083363700324,0.,60.6840923065154));
#11106=CARTESIAN_POINT('',(-0.90450268238783,0.2,62.8813103586435));
#11107=CARTESIAN_POINT('',(-0.90450268238783,0.,62.8813103586435));
#11108=CARTESIAN_POINT('',(-0.90450268238783,0.2,62.8813103586435));
#11109=CARTESIAN_POINT('Ctrl Pts',(-0.782401375472547,0.,63.0961809307337));
#11110=CARTESIAN_POINT('Ctrl Pts',(-0.782401375472547,0.2,63.0961809307337));
#11111=CARTESIAN_POINT('Ctrl Pts',(-0.808692437436721,0.,63.0695616783151));
#11112=CARTESIAN_POINT('Ctrl Pts',(-0.808692437436721,0.2,63.0695616783151));
#11113=CARTESIAN_POINT('Ctrl Pts',(-0.868309857109938,0.,63.0092000563698));
#11114=CARTESIAN_POINT('Ctrl Pts',(-0.868309857109938,0.2,63.0092000563698));
#11115=CARTESIAN_POINT('Ctrl Pts',(-0.891525212828452,0.,62.9271670898177));
#11116=CARTESIAN_POINT('Ctrl Pts',(-0.891525212828452,0.2,62.9271670898177));
#11117=CARTESIAN_POINT('Ctrl Pts',(-0.90450268238783,0.,62.8813103586435));
#11118=CARTESIAN_POINT('Ctrl Pts',(-0.90450268238783,0.2,62.8813103586435));
#11119=CARTESIAN_POINT('',(-0.782401375472547,0.,63.0961809307337));
#11120=CARTESIAN_POINT('Ctrl Pts',(-0.782401375472547,0.,63.0961809307337));
#11121=CARTESIAN_POINT('Ctrl Pts',(-0.808692437436721,0.,63.0695616783151));
#11122=CARTESIAN_POINT('Ctrl Pts',(-0.868309857109938,0.,63.0092000563698));
#11123=CARTESIAN_POINT('Ctrl Pts',(-0.891525212828452,0.,62.9271670898177));
#11124=CARTESIAN_POINT('Ctrl Pts',(-0.90450268238783,0.,62.8813103586435));
#11125=CARTESIAN_POINT('',(-0.782401375472547,0.2,63.0961809307337));
#11126=CARTESIAN_POINT('',(-0.782401375472547,0.,63.0961809307337));
#11127=CARTESIAN_POINT('Ctrl Pts',(-0.782401375472547,0.2,63.0961809307337));
#11128=CARTESIAN_POINT('Ctrl Pts',(-0.808692437436721,0.2,63.0695616783151));
#11129=CARTESIAN_POINT('Ctrl Pts',(-0.868309857109938,0.2,63.0092000563698));
#11130=CARTESIAN_POINT('Ctrl Pts',(-0.891525212828452,0.2,62.9271670898177));
#11131=CARTESIAN_POINT('Ctrl Pts',(-0.90450268238783,0.2,62.8813103586435));
#11132=CARTESIAN_POINT('Ctrl Pts',(-0.526603274047376,0.,63.1568903476));
#11133=CARTESIAN_POINT('Ctrl Pts',(-0.526603274047376,0.2,63.1568903476));
#11134=CARTESIAN_POINT('Ctrl Pts',(-0.577904560531509,0.,63.1560917159575));
#11135=CARTESIAN_POINT('Ctrl Pts',(-0.577904560531509,0.2,63.1560917159575));
#11136=CARTESIAN_POINT('Ctrl Pts',(-0.668068388249318,0.,63.154688092564));
#11137=CARTESIAN_POINT('Ctrl Pts',(-0.668068388249318,0.2,63.154688092564));
#11138=CARTESIAN_POINT('Ctrl Pts',(-0.747964457915,0.,63.1138031966904));
#11139=CARTESIAN_POINT('Ctrl Pts',(-0.747964457915,0.2,63.1138031966904));
#11140=CARTESIAN_POINT('Ctrl Pts',(-0.782401375472547,0.,63.0961809307337));
#11141=CARTESIAN_POINT('Ctrl Pts',(-0.782401375472547,0.2,63.0961809307337));
#11142=CARTESIAN_POINT('',(-0.526603274047376,0.,63.1568903476));
#11143=CARTESIAN_POINT('Ctrl Pts',(-0.526603274047376,0.,63.1568903476));
#11144=CARTESIAN_POINT('Ctrl Pts',(-0.577904560531509,0.,63.1560917159575));
#11145=CARTESIAN_POINT('Ctrl Pts',(-0.668068388249318,0.,63.154688092564));
#11146=CARTESIAN_POINT('Ctrl Pts',(-0.747964457915,0.,63.1138031966904));
#11147=CARTESIAN_POINT('Ctrl Pts',(-0.782401375472547,0.,63.0961809307337));
#11148=CARTESIAN_POINT('',(-0.526603274047376,0.2,63.1568903476));
#11149=CARTESIAN_POINT('',(-0.526603274047376,0.,63.1568903476));
#11150=CARTESIAN_POINT('Ctrl Pts',(-0.526603274047376,0.2,63.1568903476));
#11151=CARTESIAN_POINT('Ctrl Pts',(-0.577904560531509,0.2,63.1560917159575));
#11152=CARTESIAN_POINT('Ctrl Pts',(-0.668068388249318,0.2,63.154688092564));
#11153=CARTESIAN_POINT('Ctrl Pts',(-0.747964457915,0.2,63.1138031966904));
#11154=CARTESIAN_POINT('Ctrl Pts',(-0.782401375472547,0.2,63.0961809307337));
#11155=CARTESIAN_POINT('Ctrl Pts',(-0.246930532157422,0.,63.0736706405878));
#11156=CARTESIAN_POINT('Ctrl Pts',(-0.246930532157422,0.2,63.0736706405878));
#11157=CARTESIAN_POINT('Ctrl Pts',(-0.284842529694459,0.,63.0978728016199));
#11158=CARTESIAN_POINT('Ctrl Pts',(-0.284842529694459,0.2,63.0978728016199));
#11159=CARTESIAN_POINT('Ctrl Pts',(-0.369649704288045,0.,63.1520117821414));
#11160=CARTESIAN_POINT('Ctrl Pts',(-0.369649704288045,0.2,63.1520117821414));
#11161=CARTESIAN_POINT('Ctrl Pts',(-0.470716910961971,0.,63.1551532397344));
#11162=CARTESIAN_POINT('Ctrl Pts',(-0.470716910961971,0.2,63.1551532397344));
#11163=CARTESIAN_POINT('Ctrl Pts',(-0.526603274047376,0.,63.1568903476));
#11164=CARTESIAN_POINT('Ctrl Pts',(-0.526603274047376,0.2,63.1568903476));
#11165=CARTESIAN_POINT('',(-0.246930532157422,0.,63.0736706405878));
#11166=CARTESIAN_POINT('Ctrl Pts',(-0.246930532157422,0.,63.0736706405878));
#11167=CARTESIAN_POINT('Ctrl Pts',(-0.284842529694459,0.,63.0978728016199));
#11168=CARTESIAN_POINT('Ctrl Pts',(-0.369649704288045,0.,63.1520117821414));
#11169=CARTESIAN_POINT('Ctrl Pts',(-0.470716910961971,0.,63.1551532397344));
#11170=CARTESIAN_POINT('Ctrl Pts',(-0.526603274047376,0.,63.1568903476));
#11171=CARTESIAN_POINT('',(-0.246930532157422,0.2,63.0736706405878));
#11172=CARTESIAN_POINT('',(-0.246930532157422,0.,63.0736706405878));
#11173=CARTESIAN_POINT('Ctrl Pts',(-0.246930532157422,0.2,63.0736706405878));
#11174=CARTESIAN_POINT('Ctrl Pts',(-0.284842529694459,0.2,63.0978728016199));
#11175=CARTESIAN_POINT('Ctrl Pts',(-0.369649704288045,0.2,63.1520117821414));
#11176=CARTESIAN_POINT('Ctrl Pts',(-0.470716910961971,0.2,63.1551532397344));
#11177=CARTESIAN_POINT('Ctrl Pts',(-0.526603274047376,0.2,63.1568903476));
#11178=CARTESIAN_POINT('Ctrl Pts',(-0.177354030311109,0.,62.8622109442949));
#11179=CARTESIAN_POINT('Ctrl Pts',(-0.177354030311109,0.2,62.8622109442949));
#11180=CARTESIAN_POINT('Ctrl Pts',(-0.178333541848386,0.,62.9065848246268));
#11181=CARTESIAN_POINT('Ctrl Pts',(-0.178333541848386,0.2,62.9065848246268));
#11182=CARTESIAN_POINT('Ctrl Pts',(-0.180060654228416,0.,62.9848265554841));
#11183=CARTESIAN_POINT('Ctrl Pts',(-0.180060654228416,0.2,62.9848265554841));
#11184=CARTESIAN_POINT('Ctrl Pts',(-0.226729412838078,0.,63.04683120227));
#11185=CARTESIAN_POINT('Ctrl Pts',(-0.226729412838078,0.2,63.04683120227));
#11186=CARTESIAN_POINT('Ctrl Pts',(-0.246930532157422,0.,63.0736706405878));
#11187=CARTESIAN_POINT('Ctrl Pts',(-0.246930532157422,0.2,63.0736706405878));
#11188=CARTESIAN_POINT('',(-0.177354030311109,0.,62.8622109442949));
#11189=CARTESIAN_POINT('Ctrl Pts',(-0.177354030311109,0.,62.8622109442949));
#11190=CARTESIAN_POINT('Ctrl Pts',(-0.178333541848386,0.,62.9065848246268));
#11191=CARTESIAN_POINT('Ctrl Pts',(-0.180060654228416,0.,62.9848265554841));
#11192=CARTESIAN_POINT('Ctrl Pts',(-0.226729412838078,0.,63.04683120227));
#11193=CARTESIAN_POINT('Ctrl Pts',(-0.246930532157422,0.,63.0736706405878));
#11194=CARTESIAN_POINT('',(-0.177354030311109,0.2,62.8622109442949));
#11195=CARTESIAN_POINT('',(-0.177354030311109,0.,62.8622109442949));
#11196=CARTESIAN_POINT('Ctrl Pts',(-0.177354030311109,0.2,62.8622109442949));
#11197=CARTESIAN_POINT('Ctrl Pts',(-0.178333541848386,0.2,62.9065848246268));
#11198=CARTESIAN_POINT('Ctrl Pts',(-0.180060654228416,0.2,62.9848265554841));
#11199=CARTESIAN_POINT('Ctrl Pts',(-0.226729412838078,0.2,63.04683120227));
#11200=CARTESIAN_POINT('Ctrl Pts',(-0.246930532157422,0.2,63.0736706405878));
#11201=CARTESIAN_POINT('Ctrl Pts',(-0.17871778458357,0.,62.7980909496546));
#11202=CARTESIAN_POINT('Ctrl Pts',(-0.17871778458357,0.2,62.7980909496546));
#11203=CARTESIAN_POINT('Ctrl Pts',(-0.178333187626994,0.,62.8118463382742));
#11204=CARTESIAN_POINT('Ctrl Pts',(-0.178333187626994,0.2,62.8118463382742));
#11205=CARTESIAN_POINT('Ctrl Pts',(-0.177735674372235,0.,62.8332168324606));
#11206=CARTESIAN_POINT('Ctrl Pts',(-0.177735674372235,0.2,62.8332168324606));
#11207=CARTESIAN_POINT('Ctrl Pts',(-0.177454295954709,0.,62.8545936024316));
#11208=CARTESIAN_POINT('Ctrl Pts',(-0.177454295954709,0.2,62.8545936024316));
#11209=CARTESIAN_POINT('Ctrl Pts',(-0.177354030311109,0.,62.8622109442949));
#11210=CARTESIAN_POINT('Ctrl Pts',(-0.177354030311109,0.2,62.8622109442949));
#11211=CARTESIAN_POINT('',(-0.17871778458357,0.,62.7980909496546));
#11212=CARTESIAN_POINT('Ctrl Pts',(-0.17871778458357,0.,62.7980909496546));
#11213=CARTESIAN_POINT('Ctrl Pts',(-0.178333187626994,0.,62.8118463382742));
#11214=CARTESIAN_POINT('Ctrl Pts',(-0.177735674372235,0.,62.8332168324606));
#11215=CARTESIAN_POINT('Ctrl Pts',(-0.177454295954709,0.,62.8545936024316));
#11216=CARTESIAN_POINT('Ctrl Pts',(-0.177354030311109,0.,62.8622109442949));
#11217=CARTESIAN_POINT('',(-0.17871778458357,0.2,62.7980909496546));
#11218=CARTESIAN_POINT('',(-0.17871778458357,0.,62.7980909496546));
#11219=CARTESIAN_POINT('Ctrl Pts',(-0.17871778458357,0.2,62.7980909496546));
#11220=CARTESIAN_POINT('Ctrl Pts',(-0.178333187626994,0.2,62.8118463382742));
#11221=CARTESIAN_POINT('Ctrl Pts',(-0.177735674372235,0.2,62.8332168324606));
#11222=CARTESIAN_POINT('Ctrl Pts',(-0.177454295954709,0.2,62.8545936024316));
#11223=CARTESIAN_POINT('Ctrl Pts',(-0.177354030311109,0.2,62.8622109442949));
#11224=CARTESIAN_POINT('Ctrl Pts',(-0.616644434630872,0.,62.7135068923235));
#11225=CARTESIAN_POINT('Ctrl Pts',(-0.616644434630872,0.2,62.7135068923235));
#11226=CARTESIAN_POINT('Ctrl Pts',(-0.530081521687702,0.,62.7239862412275));
#11227=CARTESIAN_POINT('Ctrl Pts',(-0.530081521687702,0.2,62.7239862412275));
#11228=CARTESIAN_POINT('Ctrl Pts',(-0.382031994637576,0.,62.7419091899393));
#11229=CARTESIAN_POINT('Ctrl Pts',(-0.382031994637576,0.2,62.7419091899393));
#11230=CARTESIAN_POINT('Ctrl Pts',(-0.238378625462949,0.,62.7816048859121));
#11231=CARTESIAN_POINT('Ctrl Pts',(-0.238378625462949,0.2,62.7816048859121));
#11232=CARTESIAN_POINT('Ctrl Pts',(-0.17871778458357,0.,62.7980909496546));
#11233=CARTESIAN_POINT('Ctrl Pts',(-0.17871778458357,0.2,62.7980909496546));
#11234=CARTESIAN_POINT('',(-0.616644434630872,0.,62.7135068923235));
#11235=CARTESIAN_POINT('Ctrl Pts',(-0.616644434630872,0.,62.7135068923235));
#11236=CARTESIAN_POINT('Ctrl Pts',(-0.530081521687702,0.,62.7239862412275));
#11237=CARTESIAN_POINT('Ctrl Pts',(-0.382031994637576,0.,62.7419091899393));
#11238=CARTESIAN_POINT('Ctrl Pts',(-0.238378625462949,0.,62.7816048859121));
#11239=CARTESIAN_POINT('Ctrl Pts',(-0.17871778458357,0.,62.7980909496546));
#11240=CARTESIAN_POINT('',(-0.616644434630872,0.2,62.7135068923235));
#11241=CARTESIAN_POINT('',(-0.616644434630872,0.,62.7135068923235));
#11242=CARTESIAN_POINT('Ctrl Pts',(-0.616644434630872,0.2,62.7135068923235));
#11243=CARTESIAN_POINT('Ctrl Pts',(-0.530081521687702,0.2,62.7239862412275));
#11244=CARTESIAN_POINT('Ctrl Pts',(-0.382031994637576,0.2,62.7419091899393));
#11245=CARTESIAN_POINT('Ctrl Pts',(-0.238378625462949,0.2,62.7816048859121));
#11246=CARTESIAN_POINT('Ctrl Pts',(-0.17871778458357,0.2,62.7980909496546));
#11247=CARTESIAN_POINT('Ctrl Pts',(-0.834925584495069,0.,62.676672115922));
#11248=CARTESIAN_POINT('Ctrl Pts',(-0.834925584495069,0.2,62.676672115922));
#11249=CARTESIAN_POINT('Ctrl Pts',(-0.80475446821486,0.,62.6833265064417));
#11250=CARTESIAN_POINT('Ctrl Pts',(-0.80475446821486,0.2,62.6833265064417));
#11251=CARTESIAN_POINT('Ctrl Pts',(-0.732625930164362,0.,62.6992348160762));
#11252=CARTESIAN_POINT('Ctrl Pts',(-0.732625930164362,0.2,62.6992348160762));
#11253=CARTESIAN_POINT('Ctrl Pts',(-0.659298978040873,0.,62.7082580472983));
#11254=CARTESIAN_POINT('Ctrl Pts',(-0.659298978040873,0.2,62.7082580472983));
#11255=CARTESIAN_POINT('Ctrl Pts',(-0.616644434630872,0.,62.7135068923235));
#11256=CARTESIAN_POINT('Ctrl Pts',(-0.616644434630872,0.2,62.7135068923235));
#11257=CARTESIAN_POINT('',(-0.834925584495069,0.,62.676672115922));
#11258=CARTESIAN_POINT('Ctrl Pts',(-0.834925584495069,0.,62.676672115922));
#11259=CARTESIAN_POINT('Ctrl Pts',(-0.80475446821486,0.,62.6833265064417));
#11260=CARTESIAN_POINT('Ctrl Pts',(-0.732625930164362,0.,62.6992348160762));
#11261=CARTESIAN_POINT('Ctrl Pts',(-0.659298978040873,0.,62.7082580472983));
#11262=CARTESIAN_POINT('Ctrl Pts',(-0.616644434630872,0.,62.7135068923235));
#11263=CARTESIAN_POINT('',(-0.834925584495069,0.2,62.676672115922));
#11264=CARTESIAN_POINT('',(-0.834925584495069,0.,62.676672115922));
#11265=CARTESIAN_POINT('Ctrl Pts',(-0.834925584495069,0.2,62.676672115922));
#11266=CARTESIAN_POINT('Ctrl Pts',(-0.80475446821486,0.2,62.6833265064417));
#11267=CARTESIAN_POINT('Ctrl Pts',(-0.732625930164362,0.2,62.6992348160762));
#11268=CARTESIAN_POINT('Ctrl Pts',(-0.659298978040873,0.2,62.7082580472983));
#11269=CARTESIAN_POINT('Ctrl Pts',(-0.616644434630872,0.2,62.7135068923235));
#11270=CARTESIAN_POINT('Ctrl Pts',(-1.01159673184157,0.,62.5961808115244));
#11271=CARTESIAN_POINT('Ctrl Pts',(-1.01159673184157,0.2,62.5961808115244));
#11272=CARTESIAN_POINT('Ctrl Pts',(-0.984331025147053,0.,62.6129167414467));
#11273=CARTESIAN_POINT('Ctrl Pts',(-0.984331025147053,0.2,62.6129167414467));
#11274=CARTESIAN_POINT('Ctrl Pts',(-0.928768256613721,0.,62.6470216561251));
#11275=CARTESIAN_POINT('Ctrl Pts',(-0.928768256613721,0.2,62.6470216561251));
#11276=CARTESIAN_POINT('Ctrl Pts',(-0.866591185108342,0.,62.6666670766714));
#11277=CARTESIAN_POINT('Ctrl Pts',(-0.866591185108342,0.2,62.6666670766714));
#11278=CARTESIAN_POINT('Ctrl Pts',(-0.834925584495069,0.,62.676672115922));
#11279=CARTESIAN_POINT('Ctrl Pts',(-0.834925584495069,0.2,62.676672115922));
#11280=CARTESIAN_POINT('',(-1.01159673184157,0.,62.5961808115244));
#11281=CARTESIAN_POINT('Ctrl Pts',(-1.01159673184157,0.,62.5961808115244));
#11282=CARTESIAN_POINT('Ctrl Pts',(-0.984331025147053,0.,62.6129167414467));
#11283=CARTESIAN_POINT('Ctrl Pts',(-0.928768256613721,0.,62.6470216561251));
#11284=CARTESIAN_POINT('Ctrl Pts',(-0.866591185108342,0.,62.6666670766714));
#11285=CARTESIAN_POINT('Ctrl Pts',(-0.834925584495069,0.,62.676672115922));
#11286=CARTESIAN_POINT('',(-1.01159673184157,0.2,62.5961808115244));
#11287=CARTESIAN_POINT('',(-1.01159673184157,0.,62.5961808115244));
#11288=CARTESIAN_POINT('Ctrl Pts',(-1.01159673184157,0.2,62.5961808115244));
#11289=CARTESIAN_POINT('Ctrl Pts',(-0.984331025147053,0.2,62.6129167414467));
#11290=CARTESIAN_POINT('Ctrl Pts',(-0.928768256613721,0.2,62.6470216561251));
#11291=CARTESIAN_POINT('Ctrl Pts',(-0.866591185108342,0.2,62.6666670766714));
#11292=CARTESIAN_POINT('Ctrl Pts',(-0.834925584495069,0.2,62.676672115922));
#11293=CARTESIAN_POINT('Ctrl Pts',(-1.13847237080336,0.,62.4549803882837));
#11294=CARTESIAN_POINT('Ctrl Pts',(-1.13847237080336,0.2,62.4549803882837));
#11295=CARTESIAN_POINT('Ctrl Pts',(-1.12128116732958,0.,62.4827237009439));
#11296=CARTESIAN_POINT('Ctrl Pts',(-1.12128116732958,0.2,62.4827237009439));
#11297=CARTESIAN_POINT('Ctrl Pts',(-1.08741027810211,0.,62.5373848345492));
#11298=CARTESIAN_POINT('Ctrl Pts',(-1.08741027810211,0.2,62.5373848345492));
#11299=CARTESIAN_POINT('Ctrl Pts',(-1.03661219661066,0.,62.5767804699874));
#11300=CARTESIAN_POINT('Ctrl Pts',(-1.03661219661066,0.2,62.5767804699874));
#11301=CARTESIAN_POINT('Ctrl Pts',(-1.01159673184157,0.,62.5961808115244));
#11302=CARTESIAN_POINT('Ctrl Pts',(-1.01159673184157,0.2,62.5961808115244));
#11303=CARTESIAN_POINT('',(-1.13847237080336,0.,62.4549803882837));
#11304=CARTESIAN_POINT('Ctrl Pts',(-1.13847237080336,0.,62.4549803882837));
#11305=CARTESIAN_POINT('Ctrl Pts',(-1.12128116732958,0.,62.4827237009439));
#11306=CARTESIAN_POINT('Ctrl Pts',(-1.08741027810211,0.,62.5373848345492));
#11307=CARTESIAN_POINT('Ctrl Pts',(-1.03661219661066,0.,62.5767804699874));
#11308=CARTESIAN_POINT('Ctrl Pts',(-1.01159673184157,0.,62.5961808115244));
#11309=CARTESIAN_POINT('',(-1.13847237080336,0.2,62.4549803882837));
#11310=CARTESIAN_POINT('',(-1.13847237080336,0.,62.4549803882837));
#11311=CARTESIAN_POINT('Ctrl Pts',(-1.13847237080336,0.2,62.4549803882837));
#11312=CARTESIAN_POINT('Ctrl Pts',(-1.12128116732958,0.2,62.4827237009439));
#11313=CARTESIAN_POINT('Ctrl Pts',(-1.08741027810211,0.2,62.5373848345492));
#11314=CARTESIAN_POINT('Ctrl Pts',(-1.03661219661066,0.2,62.5767804699874));
#11315=CARTESIAN_POINT('Ctrl Pts',(-1.01159673184157,0.2,62.5961808115244));
#11316=CARTESIAN_POINT('Ctrl Pts',(-1.18690352886915,0.,62.2605738788843));
#11317=CARTESIAN_POINT('Ctrl Pts',(-1.18690352886915,0.2,62.2605738788843));
#11318=CARTESIAN_POINT('Ctrl Pts',(-1.18501039430591,0.,62.2950480535775));
#11319=CARTESIAN_POINT('Ctrl Pts',(-1.18501039430591,0.2,62.2950480535775));
#11320=CARTESIAN_POINT('Ctrl Pts',(-1.18128057474711,0.,62.3629684505426));
#11321=CARTESIAN_POINT('Ctrl Pts',(-1.18128057474711,0.2,62.3629684505426));
#11322=CARTESIAN_POINT('Ctrl Pts',(-1.15259706702921,0.,62.4246207714343));
#11323=CARTESIAN_POINT('Ctrl Pts',(-1.15259706702921,0.2,62.4246207714343));
#11324=CARTESIAN_POINT('Ctrl Pts',(-1.13847237080336,0.,62.4549803882837));
#11325=CARTESIAN_POINT('Ctrl Pts',(-1.13847237080336,0.2,62.4549803882837));
#11326=CARTESIAN_POINT('',(-1.18690352886915,0.,62.2605738788843));
#11327=CARTESIAN_POINT('Ctrl Pts',(-1.18690352886915,0.,62.2605738788843));
#11328=CARTESIAN_POINT('Ctrl Pts',(-1.18501039430591,0.,62.2950480535775));
#11329=CARTESIAN_POINT('Ctrl Pts',(-1.18128057474711,0.,62.3629684505426));
#11330=CARTESIAN_POINT('Ctrl Pts',(-1.15259706702921,0.,62.4246207714343));
#11331=CARTESIAN_POINT('Ctrl Pts',(-1.13847237080336,0.,62.4549803882837));
#11332=CARTESIAN_POINT('',(-1.18690352886915,0.2,62.2605738788843));
#11333=CARTESIAN_POINT('',(-1.18690352886915,0.,62.2605738788843));
#11334=CARTESIAN_POINT('Ctrl Pts',(-1.18690352886915,0.2,62.2605738788843));
#11335=CARTESIAN_POINT('Ctrl Pts',(-1.18501039430591,0.2,62.2950480535775));
#11336=CARTESIAN_POINT('Ctrl Pts',(-1.18128057474711,0.2,62.3629684505426));
#11337=CARTESIAN_POINT('Ctrl Pts',(-1.15259706702921,0.2,62.4246207714343));
#11338=CARTESIAN_POINT('Ctrl Pts',(-1.13847237080336,0.2,62.4549803882837));
#11339=CARTESIAN_POINT('Ctrl Pts',(-1.05866353958845,0.,61.9624838978052));
#11340=CARTESIAN_POINT('Ctrl Pts',(-1.05866353958845,0.2,61.9624838978052));
#11341=CARTESIAN_POINT('Ctrl Pts',(-1.09606530907082,0.,62.004449176819));
#11342=CARTESIAN_POINT('Ctrl Pts',(-1.09606530907082,0.2,62.004449176819));
#11343=CARTESIAN_POINT('Ctrl Pts',(-1.17185395038501,0.,62.0894850326846));
#11344=CARTESIAN_POINT('Ctrl Pts',(-1.17185395038501,0.2,62.0894850326846));
#11345=CARTESIAN_POINT('Ctrl Pts',(-1.18184372029483,0.,62.2030522139497));
#11346=CARTESIAN_POINT('Ctrl Pts',(-1.18184372029483,0.2,62.2030522139497));
#11347=CARTESIAN_POINT('Ctrl Pts',(-1.18690352886915,0.,62.2605738788843));
#11348=CARTESIAN_POINT('Ctrl Pts',(-1.18690352886915,0.2,62.2605738788843));
#11349=CARTESIAN_POINT('',(-1.05866353958845,0.,61.9624838978052));
#11350=CARTESIAN_POINT('Ctrl Pts',(-1.05866353958845,0.,61.9624838978052));
#11351=CARTESIAN_POINT('Ctrl Pts',(-1.09606530907082,0.,62.004449176819));
#11352=CARTESIAN_POINT('Ctrl Pts',(-1.17185395038501,0.,62.0894850326846));
#11353=CARTESIAN_POINT('Ctrl Pts',(-1.18184372029483,0.,62.2030522139497));
#11354=CARTESIAN_POINT('Ctrl Pts',(-1.18690352886915,0.,62.2605738788843));
#11355=CARTESIAN_POINT('',(-1.05866353958845,0.2,61.9624838978052));
#11356=CARTESIAN_POINT('',(-1.05866353958845,0.,61.9624838978052));
#11357=CARTESIAN_POINT('Ctrl Pts',(-1.05866353958845,0.2,61.9624838978052));
#11358=CARTESIAN_POINT('Ctrl Pts',(-1.09606530907082,0.2,62.004449176819));
#11359=CARTESIAN_POINT('Ctrl Pts',(-1.17185395038501,0.2,62.0894850326846));
#11360=CARTESIAN_POINT('Ctrl Pts',(-1.18184372029483,0.2,62.2030522139497));
#11361=CARTESIAN_POINT('Ctrl Pts',(-1.18690352886915,0.2,62.2605738788843));
#11362=CARTESIAN_POINT('Ctrl Pts',(-0.69167833775282,0.,61.8458399921656));
#11363=CARTESIAN_POINT('Ctrl Pts',(-0.69167833775282,0.2,61.8458399921656));
#11364=CARTESIAN_POINT('Ctrl Pts',(-0.764341808608199,0.,61.8487481694673));
#11365=CARTESIAN_POINT('Ctrl Pts',(-0.764341808608199,0.2,61.8487481694673));
#11366=CARTESIAN_POINT('Ctrl Pts',(-0.897945413016944,0.,61.8540953262325));
#11367=CARTESIAN_POINT('Ctrl Pts',(-0.897945413016944,0.2,61.8540953262325));
#11368=CARTESIAN_POINT('Ctrl Pts',(-1.00831915842095,0.,61.928531563505));
#11369=CARTESIAN_POINT('Ctrl Pts',(-1.00831915842095,0.2,61.928531563505));
#11370=CARTESIAN_POINT('Ctrl Pts',(-1.05866353958845,0.,61.9624838978052));
#11371=CARTESIAN_POINT('Ctrl Pts',(-1.05866353958845,0.2,61.9624838978052));
#11372=CARTESIAN_POINT('',(-0.69167833775282,0.,61.8458399921656));
#11373=CARTESIAN_POINT('Ctrl Pts',(-0.69167833775282,0.,61.8458399921656));
#11374=CARTESIAN_POINT('Ctrl Pts',(-0.764341808608199,0.,61.8487481694673));
#11375=CARTESIAN_POINT('Ctrl Pts',(-0.897945413016944,0.,61.8540953262325));
#11376=CARTESIAN_POINT('Ctrl Pts',(-1.00831915842095,0.,61.928531563505));
#11377=CARTESIAN_POINT('Ctrl Pts',(-1.05866353958845,0.,61.9624838978052));
#11378=CARTESIAN_POINT('',(-0.69167833775282,0.2,61.8458399921656));
#11379=CARTESIAN_POINT('',(-0.69167833775282,0.,61.8458399921656));
#11380=CARTESIAN_POINT('Ctrl Pts',(-0.69167833775282,0.2,61.8458399921656));
#11381=CARTESIAN_POINT('Ctrl Pts',(-0.764341808608199,0.2,61.8487481694673));
#11382=CARTESIAN_POINT('Ctrl Pts',(-0.897945413016944,0.2,61.8540953262325));
#11383=CARTESIAN_POINT('Ctrl Pts',(-1.00831915842095,0.2,61.928531563505));
#11384=CARTESIAN_POINT('Ctrl Pts',(-1.05866353958845,0.2,61.9624838978052));
#11385=CARTESIAN_POINT('Ctrl Pts',(-0.420873574912549,0.,61.8935886770487));
#11386=CARTESIAN_POINT('Ctrl Pts',(-0.420873574912549,0.2,61.8935886770487));
#11387=CARTESIAN_POINT('Ctrl Pts',(-0.464119089585705,0.,61.8796634306599));
#11388=CARTESIAN_POINT('Ctrl Pts',(-0.464119089585705,0.2,61.8796634306599));
#11389=CARTESIAN_POINT('Ctrl Pts',(-0.552173509454638,0.,61.8513095192413));
#11390=CARTESIAN_POINT('Ctrl Pts',(-0.552173509454638,0.2,61.8513095192413));
#11391=CARTESIAN_POINT('Ctrl Pts',(-0.644629548160043,0.,61.8476846209981));
#11392=CARTESIAN_POINT('Ctrl Pts',(-0.644629548160043,0.2,61.8476846209981));
#11393=CARTESIAN_POINT('Ctrl Pts',(-0.69167833775282,0.,61.8458399921656));
#11394=CARTESIAN_POINT('Ctrl Pts',(-0.69167833775282,0.2,61.8458399921656));
#11395=CARTESIAN_POINT('',(-0.420873574912549,0.,61.8935886770487));
#11396=CARTESIAN_POINT('Ctrl Pts',(-0.420873574912549,0.,61.8935886770487));
#11397=CARTESIAN_POINT('Ctrl Pts',(-0.464119089585705,0.,61.8796634306599));
#11398=CARTESIAN_POINT('Ctrl Pts',(-0.552173509454638,0.,61.8513095192413));
#11399=CARTESIAN_POINT('Ctrl Pts',(-0.644629548160043,0.,61.8476846209981));
#11400=CARTESIAN_POINT('Ctrl Pts',(-0.69167833775282,0.,61.8458399921656));
#11401=CARTESIAN_POINT('',(-0.420873574912549,0.2,61.8935886770487));
#11402=CARTESIAN_POINT('',(-0.420873574912549,0.,61.8935886770487));
#11403=CARTESIAN_POINT('Ctrl Pts',(-0.420873574912549,0.2,61.8935886770487));
#11404=CARTESIAN_POINT('Ctrl Pts',(-0.464119089585705,0.2,61.8796634306599));
#11405=CARTESIAN_POINT('Ctrl Pts',(-0.552173509454638,0.2,61.8513095192413));
#11406=CARTESIAN_POINT('Ctrl Pts',(-0.644629548160043,0.2,61.8476846209981));
#11407=CARTESIAN_POINT('Ctrl Pts',(-0.69167833775282,0.2,61.8458399921656));
#11408=CARTESIAN_POINT('Ctrl Pts',(-0.158254317939283,0.,62.0572993904352));
#11409=CARTESIAN_POINT('Ctrl Pts',(-0.158254317939283,0.2,62.0572993904352));
#11410=CARTESIAN_POINT('Ctrl Pts',(-0.201554240975151,0.,62.022179160191));
#11411=CARTESIAN_POINT('Ctrl Pts',(-0.201554240975151,0.2,62.022179160191));
#11412=CARTESIAN_POINT('Ctrl Pts',(-0.282351994525817,0.,61.9566447317449));
#11413=CARTESIAN_POINT('Ctrl Pts',(-0.282351994525817,0.2,61.9566447317449));
#11414=CARTESIAN_POINT('Ctrl Pts',(-0.376964423231035,0.,61.9135764498012));
#11415=CARTESIAN_POINT('Ctrl Pts',(-0.376964423231035,0.2,61.9135764498012));
#11416=CARTESIAN_POINT('Ctrl Pts',(-0.420873574912549,0.,61.8935886770487));
#11417=CARTESIAN_POINT('Ctrl Pts',(-0.420873574912549,0.2,61.8935886770487));
#11418=CARTESIAN_POINT('',(-0.158254317939283,0.,62.0572993904352));
#11419=CARTESIAN_POINT('Ctrl Pts',(-0.158254317939283,0.,62.0572993904352));
#11420=CARTESIAN_POINT('Ctrl Pts',(-0.201554240975151,0.,62.022179160191));
#11421=CARTESIAN_POINT('Ctrl Pts',(-0.282351994525817,0.,61.9566447317449));
#11422=CARTESIAN_POINT('Ctrl Pts',(-0.376964423231035,0.,61.9135764498012));
#11423=CARTESIAN_POINT('Ctrl Pts',(-0.420873574912549,0.,61.8935886770487));
#11424=CARTESIAN_POINT('',(-0.158254317939283,0.2,62.0572993904352));
#11425=CARTESIAN_POINT('',(-0.158254317939283,0.,62.0572993904352));
#11426=CARTESIAN_POINT('Ctrl Pts',(-0.158254317939283,0.2,62.0572993904352));
#11427=CARTESIAN_POINT('Ctrl Pts',(-0.201554240975151,0.2,62.022179160191));
#11428=CARTESIAN_POINT('Ctrl Pts',(-0.282351994525817,0.2,61.9566447317449));
#11429=CARTESIAN_POINT('Ctrl Pts',(-0.376964423231035,0.2,61.9135764498012));
#11430=CARTESIAN_POINT('Ctrl Pts',(-0.420873574912549,0.2,61.8935886770487));
#11431=CARTESIAN_POINT('Ctrl Pts',(-0.109140686690808,0.,61.8785820156336));
#11432=CARTESIAN_POINT('Ctrl Pts',(-0.109140686690808,0.2,61.8785820156336));
#11433=CARTESIAN_POINT('Ctrl Pts',(-0.120810738333156,0.,61.9058699178822));
#11434=CARTESIAN_POINT('Ctrl Pts',(-0.120810738333156,0.2,61.9058699178822));
#11435=CARTESIAN_POINT('Ctrl Pts',(-0.145315806996837,0.,61.9631697430058));
#11436=CARTESIAN_POINT('Ctrl Pts',(-0.145315806996837,0.2,61.9631697430058));
#11437=CARTESIAN_POINT('Ctrl Pts',(-0.153806925676235,0.,62.0249439310193));
#11438=CARTESIAN_POINT('Ctrl Pts',(-0.153806925676235,0.2,62.0249439310193));
#11439=CARTESIAN_POINT('Ctrl Pts',(-0.158254317939283,0.,62.0572993904352));
#11440=CARTESIAN_POINT('Ctrl Pts',(-0.158254317939283,0.2,62.0572993904352));
#11441=CARTESIAN_POINT('Ctrl Pts',(-0.109140686690808,0.,61.8785820156336));
#11442=CARTESIAN_POINT('Ctrl Pts',(-0.120810738333156,0.,61.9058699178822));
#11443=CARTESIAN_POINT('Ctrl Pts',(-0.145315806996837,0.,61.9631697430058));
#11444=CARTESIAN_POINT('Ctrl Pts',(-0.153806925676235,0.,62.0249439310193));
#11445=CARTESIAN_POINT('Ctrl Pts',(-0.158254317939283,0.,62.0572993904352));
#11446=CARTESIAN_POINT('Ctrl Pts',(-0.109140686690808,0.2,61.8785820156336));
#11447=CARTESIAN_POINT('Ctrl Pts',(-0.120810738333156,0.2,61.9058699178822));
#11448=CARTESIAN_POINT('Ctrl Pts',(-0.145315806996837,0.2,61.9631697430058));
#11449=CARTESIAN_POINT('Ctrl Pts',(-0.153806925676235,0.2,62.0249439310193));
#11450=CARTESIAN_POINT('Ctrl Pts',(-0.158254317939283,0.2,62.0572993904352));
#11451=CARTESIAN_POINT('Origin',(-3.69099596515298,0.2,64.1616652905941));
#11452=CARTESIAN_POINT('Origin',(-3.80763988941908,0.,62.4529341608286));
#11453=CARTESIAN_POINT('',(-3.80763988941908,0.,62.4529341608286));
#11454=CARTESIAN_POINT('',(-3.80763988941908,0.,61.8785820156336));
#11455=CARTESIAN_POINT('',(-3.80763988941908,0.,53.6639670804143));
#11456=CARTESIAN_POINT('',(-3.80763988941908,0.2,62.4529341608286));
#11457=CARTESIAN_POINT('',(-3.80763988941908,0.,62.4529341608286));
#11458=CARTESIAN_POINT('',(-3.80763988941908,0.2,61.8785820156336));
#11459=CARTESIAN_POINT('',(-3.80763988941908,0.2,62.4529341608286));
#11460=CARTESIAN_POINT('',(-3.80763988941908,0.,61.8785820156336));
#11461=CARTESIAN_POINT('Origin',(-3.63437931984663,0.,62.6193732768297));
#11462=CARTESIAN_POINT('',(-3.63437931984663,0.,62.6193732768297));
#11463=CARTESIAN_POINT('',(0.540146012537159,0.,66.6295430907743));
#11464=CARTESIAN_POINT('',(-3.63437931984663,0.2,62.6193732768297));
#11465=CARTESIAN_POINT('',(-3.63437931984663,0.,62.6193732768297));
#11466=CARTESIAN_POINT('',(-3.63437931984663,0.2,62.6193732768297));
#11467=CARTESIAN_POINT('Origin',(-3.15552573651075,0.,61.8785820156336));
#11468=CARTESIAN_POINT('',(-3.15552573651075,0.,61.8785820156336));
#11469=CARTESIAN_POINT('',(5.52721403181012,0.,48.4462971430764));
#11470=CARTESIAN_POINT('',(-3.15552573651075,0.2,61.8785820156336));
#11471=CARTESIAN_POINT('',(-3.15552573651075,0.,61.8785820156336));
#11472=CARTESIAN_POINT('',(-3.15552573651075,0.2,61.8785820156336));
#11473=CARTESIAN_POINT('Origin',(-2.8526608273387,0.,61.8785820156336));
#11474=CARTESIAN_POINT('',(-2.8526608273387,0.,61.8785820156336));
#11475=CARTESIAN_POINT('',(13.3061695863307,0.,61.8785820156336));
#11476=CARTESIAN_POINT('',(-2.8526608273387,0.2,61.8785820156336));
#11477=CARTESIAN_POINT('',(-2.8526608273387,0.,61.8785820156336));
#11478=CARTESIAN_POINT('',(-2.8526608273387,0.2,61.8785820156336));
#11479=CARTESIAN_POINT('Origin',(-3.46248310059309,0.,62.7899054437876));
#11480=CARTESIAN_POINT('',(-3.46248310059309,0.,62.7899054437876));
#11481=CARTESIAN_POINT('',(5.76964478510192,0.,48.9933374879335));
#11482=CARTESIAN_POINT('',(-3.46248310059309,0.2,62.7899054437876));
#11483=CARTESIAN_POINT('',(-3.46248310059309,0.,62.7899054437876));
#11484=CARTESIAN_POINT('',(-3.46248310059309,0.2,62.7899054437876));
#11485=CARTESIAN_POINT('Origin',(-2.90859501808882,0.,63.3274225145578));
#11486=CARTESIAN_POINT('',(-2.90859501808882,0.,63.3274225145578));
#11487=CARTESIAN_POINT('',(0.816519894467849,0.,66.9424359429514));
#11488=CARTESIAN_POINT('',(-2.90859501808882,0.2,63.3274225145578));
#11489=CARTESIAN_POINT('',(-2.90859501808882,0.,63.3274225145578));
#11490=CARTESIAN_POINT('',(-2.90859501808882,0.2,63.3274225145578));
#11491=CARTESIAN_POINT('Origin',(-3.22646658867598,0.,63.3274225145578));
#11492=CARTESIAN_POINT('',(-3.22646658867598,0.,63.3274225145578));
#11493=CARTESIAN_POINT('',(13.119266705662,0.,63.3274225145578));
#11494=CARTESIAN_POINT('',(-3.22646658867598,0.2,63.3274225145578));
#11495=CARTESIAN_POINT('',(-3.22646658867598,0.,63.3274225145578));
#11496=CARTESIAN_POINT('',(-3.22646658867598,0.2,63.3274225145578));
#11497=CARTESIAN_POINT('Origin',(-3.80763988941908,0.,62.7380637079477));
#11498=CARTESIAN_POINT('',(-3.80763988941908,0.,62.7380637079477));
#11499=CARTESIAN_POINT('',(-0.0711408368481203,0.,66.5271892918438));
#11500=CARTESIAN_POINT('',(-3.80763988941908,0.2,62.7380637079477));
#11501=CARTESIAN_POINT('',(-3.80763988941908,0.,62.7380637079477));
#11502=CARTESIAN_POINT('',(-3.80763988941908,0.2,62.7380637079477));
#11503=CARTESIAN_POINT('Origin',(-3.80763988941908,0.,63.8785818964243));
#11504=CARTESIAN_POINT('',(-3.80763988941908,0.,63.8785818964243));
#11505=CARTESIAN_POINT('',(-3.80763988941908,0.,54.3767909482121));
#11506=CARTESIAN_POINT('',(-3.80763988941908,0.2,63.8785818964243));
#11507=CARTESIAN_POINT('',(-3.80763988941908,0.,63.8785818964243));
#11508=CARTESIAN_POINT('',(-3.80763988941908,0.2,63.8785818964243));
#11509=CARTESIAN_POINT('Origin',(-4.05320625752211,0.,63.8785818964243));
#11510=CARTESIAN_POINT('',(-4.05320625752211,0.,63.8785818964243));
#11511=CARTESIAN_POINT('',(12.7058968712389,0.,63.8785818964243));
#11512=CARTESIAN_POINT('',(-4.05320625752211,0.2,63.8785818964243));
#11513=CARTESIAN_POINT('',(-4.05320625752211,0.,63.8785818964243));
#11514=CARTESIAN_POINT('',(-4.05320625752211,0.2,63.8785818964243));
#11515=CARTESIAN_POINT('Origin',(-4.05320625752211,0.,61.8785820156336));
#11516=CARTESIAN_POINT('',(-4.05320625752211,0.,61.8785820156336));
#11517=CARTESIAN_POINT('',(-4.05320625752211,0.,53.3767910078168));
#11518=CARTESIAN_POINT('',(-4.05320625752211,0.2,61.8785820156336));
#11519=CARTESIAN_POINT('',(-4.05320625752211,0.,61.8785820156336));
#11520=CARTESIAN_POINT('',(-4.05320625752211,0.2,61.8785820156336));
#11521=CARTESIAN_POINT('Origin',(-3.80763988941908,0.,61.8785820156336));
#11522=CARTESIAN_POINT('',(12.8286800552905,0.,61.8785820156336));
#11523=CARTESIAN_POINT('',(-3.80763988941908,0.2,61.8785820156336));
#11524=CARTESIAN_POINT('Origin',(-3.69099596515298,0.2,64.1616652905941));
#11525=CARTESIAN_POINT('Ctrl Pts',(-6.12005483359098,0.,62.2701237350702));
#11526=CARTESIAN_POINT('Ctrl Pts',(-6.12005483359098,0.2,62.2701237350702));
#11527=CARTESIAN_POINT('Ctrl Pts',(-6.10857429335905,0.,62.3041765402221));
#11528=CARTESIAN_POINT('Ctrl Pts',(-6.10857429335905,0.2,62.3041765402221));
#11529=CARTESIAN_POINT('Ctrl Pts',(-6.08178769423217,0.,62.383629146312));
#11530=CARTESIAN_POINT('Ctrl Pts',(-6.08178769423217,0.2,62.383629146312));
#11531=CARTESIAN_POINT('Ctrl Pts',(-6.08096274091696,0.,62.4676686941083));
#11532=CARTESIAN_POINT('Ctrl Pts',(-6.08096274091696,0.2,62.4676686941083));
#11533=CARTESIAN_POINT('Ctrl Pts',(-6.08049135655165,0.,62.5156895071268));
#11534=CARTESIAN_POINT('Ctrl Pts',(-6.08049135655165,0.2,62.5156895071268));
#11535=CARTESIAN_POINT('',(-6.12005483359098,0.,62.2701237350702));
#11536=CARTESIAN_POINT('',(-6.08049135655165,0.,62.5156895071268));
#11537=CARTESIAN_POINT('Ctrl Pts',(-6.12005483359098,0.,62.2701237350702));
#11538=CARTESIAN_POINT('Ctrl Pts',(-6.10857429335905,0.,62.3041765402221));
#11539=CARTESIAN_POINT('Ctrl Pts',(-6.08178769423217,0.,62.383629146312));
#11540=CARTESIAN_POINT('Ctrl Pts',(-6.08096274091696,0.,62.4676686941083));
#11541=CARTESIAN_POINT('Ctrl Pts',(-6.08049135655165,0.,62.5156895071268));
#11542=CARTESIAN_POINT('',(-6.12005483359098,0.2,62.2701237350702));
#11543=CARTESIAN_POINT('',(-6.12005483359098,0.,62.2701237350702));
#11544=CARTESIAN_POINT('',(-6.08049135655165,0.2,62.5156895071268));
#11545=CARTESIAN_POINT('Ctrl Pts',(-6.12005483359098,0.2,62.2701237350702));
#11546=CARTESIAN_POINT('Ctrl Pts',(-6.10857429335905,0.2,62.3041765402221));
#11547=CARTESIAN_POINT('Ctrl Pts',(-6.08178769423217,0.2,62.383629146312));
#11548=CARTESIAN_POINT('Ctrl Pts',(-6.08096274091696,0.2,62.4676686941083));
#11549=CARTESIAN_POINT('Ctrl Pts',(-6.08049135655165,0.2,62.5156895071268));
#11550=CARTESIAN_POINT('',(-6.08049135655165,0.,62.5156895071268));
#11551=CARTESIAN_POINT('Ctrl Pts',(-6.28240149468184,0.,62.1002737432718));
#11552=CARTESIAN_POINT('Ctrl Pts',(-6.28240149468184,0.2,62.1002737432718));
#11553=CARTESIAN_POINT('Ctrl Pts',(-6.24815071506184,0.,62.1225816410606));
#11554=CARTESIAN_POINT('Ctrl Pts',(-6.24815071506184,0.2,62.1225816410606));
#11555=CARTESIAN_POINT('Ctrl Pts',(-6.18069898156391,0.,62.1665136739439));
#11556=CARTESIAN_POINT('Ctrl Pts',(-6.18069898156391,0.2,62.1665136739439));
#11557=CARTESIAN_POINT('Ctrl Pts',(-6.14005870643639,0.,62.2359472719232));
#11558=CARTESIAN_POINT('Ctrl Pts',(-6.14005870643639,0.2,62.2359472719232));
#11559=CARTESIAN_POINT('Ctrl Pts',(-6.12005483359098,0.,62.2701237350702));
#11560=CARTESIAN_POINT('Ctrl Pts',(-6.12005483359098,0.2,62.2701237350702));
#11561=CARTESIAN_POINT('',(-6.28240149468184,0.,62.1002737432718));
#11562=CARTESIAN_POINT('Ctrl Pts',(-6.28240149468184,0.,62.1002737432718));
#11563=CARTESIAN_POINT('Ctrl Pts',(-6.24815071506184,0.,62.1225816410606));
#11564=CARTESIAN_POINT('Ctrl Pts',(-6.18069898156391,0.,62.1665136739439));
#11565=CARTESIAN_POINT('Ctrl Pts',(-6.14005870643639,0.,62.2359472719232));
#11566=CARTESIAN_POINT('Ctrl Pts',(-6.12005483359098,0.,62.2701237350702));
#11567=CARTESIAN_POINT('',(-6.28240149468184,0.2,62.1002737432718));
#11568=CARTESIAN_POINT('',(-6.28240149468184,0.,62.1002737432718));
#11569=CARTESIAN_POINT('Ctrl Pts',(-6.28240149468184,0.2,62.1002737432718));
#11570=CARTESIAN_POINT('Ctrl Pts',(-6.24815071506184,0.2,62.1225816410606));
#11571=CARTESIAN_POINT('Ctrl Pts',(-6.18069898156391,0.2,62.1665136739439));
#11572=CARTESIAN_POINT('Ctrl Pts',(-6.14005870643639,0.2,62.2359472719232));
#11573=CARTESIAN_POINT('Ctrl Pts',(-6.12005483359098,0.2,62.2701237350702));
#11574=CARTESIAN_POINT('Ctrl Pts',(-6.53478872030973,0.,62.0382002741098));
#11575=CARTESIAN_POINT('Ctrl Pts',(-6.53478872030973,0.2,62.0382002741098));
#11576=CARTESIAN_POINT('Ctrl Pts',(-6.48938261926652,0.,62.0404666506184));
#11577=CARTESIAN_POINT('Ctrl Pts',(-6.48938261926652,0.2,62.0404666506184));
#11578=CARTESIAN_POINT('Ctrl Pts',(-6.40118064684072,0.,62.0448691179899));
#11579=CARTESIAN_POINT('Ctrl Pts',(-6.40118064684072,0.2,62.0448691179899));
#11580=CARTESIAN_POINT('Ctrl Pts',(-6.32120562436018,0.,62.0821735276604));
#11581=CARTESIAN_POINT('Ctrl Pts',(-6.32120562436018,0.2,62.0821735276604));
#11582=CARTESIAN_POINT('Ctrl Pts',(-6.28240149468184,0.,62.1002737432718));
#11583=CARTESIAN_POINT('Ctrl Pts',(-6.28240149468184,0.2,62.1002737432718));
#11584=CARTESIAN_POINT('',(-6.53478872030973,0.,62.0382002741098));
#11585=CARTESIAN_POINT('Ctrl Pts',(-6.53478872030973,0.,62.0382002741098));
#11586=CARTESIAN_POINT('Ctrl Pts',(-6.48938261926652,0.,62.0404666506184));
#11587=CARTESIAN_POINT('Ctrl Pts',(-6.40118064684072,0.,62.0448691179899));
#11588=CARTESIAN_POINT('Ctrl Pts',(-6.32120562436018,0.,62.0821735276604));
#11589=CARTESIAN_POINT('Ctrl Pts',(-6.28240149468184,0.,62.1002737432718));
#11590=CARTESIAN_POINT('',(-6.53478872030973,0.2,62.0382002741098));
#11591=CARTESIAN_POINT('',(-6.53478872030973,0.,62.0382002741098));
#11592=CARTESIAN_POINT('Ctrl Pts',(-6.53478872030973,0.2,62.0382002741098));
#11593=CARTESIAN_POINT('Ctrl Pts',(-6.48938261926652,0.2,62.0404666506184));
#11594=CARTESIAN_POINT('Ctrl Pts',(-6.40118064684072,0.2,62.0448691179899));
#11595=CARTESIAN_POINT('Ctrl Pts',(-6.32120562436018,0.2,62.0821735276604));
#11596=CARTESIAN_POINT('Ctrl Pts',(-6.28240149468184,0.2,62.1002737432718));
#11597=CARTESIAN_POINT('Ctrl Pts',(-6.75238769501448,0.,62.1036843210459));
#11598=CARTESIAN_POINT('Ctrl Pts',(-6.75238769501448,0.2,62.1036843210459));
#11599=CARTESIAN_POINT('Ctrl Pts',(-6.72272264851933,0.,62.0846346962825));
#11600=CARTESIAN_POINT('Ctrl Pts',(-6.72272264851933,0.2,62.0846346962825));
#11601=CARTESIAN_POINT('Ctrl Pts',(-6.65677870388512,0.,62.0422883139531));
#11602=CARTESIAN_POINT('Ctrl Pts',(-6.65677870388512,0.2,62.0422883139531));
#11603=CARTESIAN_POINT('Ctrl Pts',(-6.57808297889275,0.,62.0396511198997));
#11604=CARTESIAN_POINT('Ctrl Pts',(-6.57808297889275,0.2,62.0396511198997));
#11605=CARTESIAN_POINT('Ctrl Pts',(-6.53478872030973,0.,62.0382002741098));
#11606=CARTESIAN_POINT('Ctrl Pts',(-6.53478872030973,0.2,62.0382002741098));
#11607=CARTESIAN_POINT('',(-6.75238769501448,0.,62.1036843210459));
#11608=CARTESIAN_POINT('Ctrl Pts',(-6.75238769501448,0.,62.1036843210459));
#11609=CARTESIAN_POINT('Ctrl Pts',(-6.72272264851933,0.,62.0846346962825));
#11610=CARTESIAN_POINT('Ctrl Pts',(-6.65677870388512,0.,62.0422883139531));
#11611=CARTESIAN_POINT('Ctrl Pts',(-6.57808297889275,0.,62.0396511198997));
#11612=CARTESIAN_POINT('Ctrl Pts',(-6.53478872030973,0.,62.0382002741098));
#11613=CARTESIAN_POINT('',(-6.75238769501448,0.2,62.1036843210459));
#11614=CARTESIAN_POINT('',(-6.75238769501448,0.,62.1036843210459));
#11615=CARTESIAN_POINT('Ctrl Pts',(-6.75238769501448,0.2,62.1036843210459));
#11616=CARTESIAN_POINT('Ctrl Pts',(-6.72272264851933,0.2,62.0846346962825));
#11617=CARTESIAN_POINT('Ctrl Pts',(-6.65677870388512,0.2,62.0422883139531));
#11618=CARTESIAN_POINT('Ctrl Pts',(-6.57808297889275,0.2,62.0396511198997));
#11619=CARTESIAN_POINT('Ctrl Pts',(-6.53478872030973,0.2,62.0382002741098));
#11620=CARTESIAN_POINT('Ctrl Pts',(-6.82673972100019,0.,62.2673950344324));
#11621=CARTESIAN_POINT('Ctrl Pts',(-6.82673972100019,0.2,62.2673950344324));
#11622=CARTESIAN_POINT('Ctrl Pts',(-6.82361123368719,0.,62.2359902133667));
#11623=CARTESIAN_POINT('Ctrl Pts',(-6.82361123368719,0.2,62.2359902133667));
#11624=CARTESIAN_POINT('Ctrl Pts',(-6.81733877061391,0.,62.1730250929268));
#11625=CARTESIAN_POINT('Ctrl Pts',(-6.81733877061391,0.2,62.1730250929268));
#11626=CARTESIAN_POINT('Ctrl Pts',(-6.77407366472107,0.,62.1268359296153));
#11627=CARTESIAN_POINT('Ctrl Pts',(-6.77407366472107,0.2,62.1268359296153));
#11628=CARTESIAN_POINT('Ctrl Pts',(-6.75238769501448,0.,62.1036843210459));
#11629=CARTESIAN_POINT('Ctrl Pts',(-6.75238769501448,0.2,62.1036843210459));
#11630=CARTESIAN_POINT('',(-6.82673972100019,0.,62.2673950344324));
#11631=CARTESIAN_POINT('Ctrl Pts',(-6.82673972100019,0.,62.2673950344324));
#11632=CARTESIAN_POINT('Ctrl Pts',(-6.82361123368719,0.,62.2359902133667));
#11633=CARTESIAN_POINT('Ctrl Pts',(-6.81733877061391,0.,62.1730250929268));
#11634=CARTESIAN_POINT('Ctrl Pts',(-6.77407366472107,0.,62.1268359296153));
#11635=CARTESIAN_POINT('Ctrl Pts',(-6.75238769501448,0.,62.1036843210459));
#11636=CARTESIAN_POINT('',(-6.82673972100019,0.2,62.2673950344324));
#11637=CARTESIAN_POINT('',(-6.82673972100019,0.,62.2673950344324));
#11638=CARTESIAN_POINT('Ctrl Pts',(-6.82673972100019,0.2,62.2673950344324));
#11639=CARTESIAN_POINT('Ctrl Pts',(-6.82361123368719,0.2,62.2359902133667));
#11640=CARTESIAN_POINT('Ctrl Pts',(-6.81733877061391,0.2,62.1730250929268));
#11641=CARTESIAN_POINT('Ctrl Pts',(-6.77407366472107,0.2,62.1268359296153));
#11642=CARTESIAN_POINT('Ctrl Pts',(-6.75238769501448,0.2,62.1036843210459));
#11643=CARTESIAN_POINT('Ctrl Pts',(-6.79263334721327,0.,62.3840389400721));
#11644=CARTESIAN_POINT('Ctrl Pts',(-6.79263334721327,0.2,62.3840389400721));
#11645=CARTESIAN_POINT('Ctrl Pts',(-6.80258092832707,0.,62.3659816060183));
#11646=CARTESIAN_POINT('Ctrl Pts',(-6.80258092832707,0.2,62.3659816060183));
#11647=CARTESIAN_POINT('Ctrl Pts',(-6.82260173544373,0.,62.3296388611846));
#11648=CARTESIAN_POINT('Ctrl Pts',(-6.82260173544373,0.2,62.3296388611846));
#11649=CARTESIAN_POINT('Ctrl Pts',(-6.82535463367935,0.,62.2882296009283));
#11650=CARTESIAN_POINT('Ctrl Pts',(-6.82535463367935,0.2,62.2882296009283));
#11651=CARTESIAN_POINT('Ctrl Pts',(-6.82673972100019,0.,62.2673950344324));
#11652=CARTESIAN_POINT('Ctrl Pts',(-6.82673972100019,0.2,62.2673950344324));
#11653=CARTESIAN_POINT('',(-6.79263334721327,0.,62.3840389400721));
#11654=CARTESIAN_POINT('Ctrl Pts',(-6.79263334721327,0.,62.3840389400721));
#11655=CARTESIAN_POINT('Ctrl Pts',(-6.80258092832707,0.,62.3659816060183));
#11656=CARTESIAN_POINT('Ctrl Pts',(-6.82260173544373,0.,62.3296388611846));
#11657=CARTESIAN_POINT('Ctrl Pts',(-6.82535463367935,0.,62.2882296009283));
#11658=CARTESIAN_POINT('Ctrl Pts',(-6.82673972100019,0.,62.2673950344324));
#11659=CARTESIAN_POINT('',(-6.79263334721327,0.2,62.3840389400721));
#11660=CARTESIAN_POINT('',(-6.79263334721327,0.,62.3840389400721));
#11661=CARTESIAN_POINT('Ctrl Pts',(-6.79263334721327,0.2,62.3840389400721));
#11662=CARTESIAN_POINT('Ctrl Pts',(-6.80258092832707,0.2,62.3659816060183));
#11663=CARTESIAN_POINT('Ctrl Pts',(-6.82260173544373,0.2,62.3296388611846));
#11664=CARTESIAN_POINT('Ctrl Pts',(-6.82535463367935,0.2,62.2882296009283));
#11665=CARTESIAN_POINT('Ctrl Pts',(-6.82673972100019,0.2,62.2673950344324));
#11666=CARTESIAN_POINT('Ctrl Pts',(-6.69577103108168,0.,62.4638483673334));
#11667=CARTESIAN_POINT('Ctrl Pts',(-6.69577103108168,0.2,62.4638483673334));
#11668=CARTESIAN_POINT('Ctrl Pts',(-6.71535385147372,0.,62.4539171966478));
#11669=CARTESIAN_POINT('Ctrl Pts',(-6.71535385147372,0.2,62.4539171966478));
#11670=CARTESIAN_POINT('Ctrl Pts',(-6.75361592695821,0.,62.4345130865751));
#11671=CARTESIAN_POINT('Ctrl Pts',(-6.75361592695821,0.2,62.4345130865751));
#11672=CARTESIAN_POINT('Ctrl Pts',(-6.77983392123202,0.,62.4005966749994));
#11673=CARTESIAN_POINT('Ctrl Pts',(-6.77983392123202,0.2,62.4005966749994));
#11674=CARTESIAN_POINT('Ctrl Pts',(-6.79263334721327,0.,62.3840389400721));
#11675=CARTESIAN_POINT('Ctrl Pts',(-6.79263334721327,0.2,62.3840389400721));
#11676=CARTESIAN_POINT('',(-6.69577103108168,0.,62.4638483673334));
#11677=CARTESIAN_POINT('Ctrl Pts',(-6.69577103108168,0.,62.4638483673334));
#11678=CARTESIAN_POINT('Ctrl Pts',(-6.71535385147372,0.,62.4539171966478));
#11679=CARTESIAN_POINT('Ctrl Pts',(-6.75361592695821,0.,62.4345130865751));
#11680=CARTESIAN_POINT('Ctrl Pts',(-6.77983392123202,0.,62.4005966749994));
#11681=CARTESIAN_POINT('Ctrl Pts',(-6.79263334721327,0.,62.3840389400721));
#11682=CARTESIAN_POINT('',(-6.69577103108168,0.2,62.4638483673334));
#11683=CARTESIAN_POINT('',(-6.69577103108168,0.,62.4638483673334));
#11684=CARTESIAN_POINT('Ctrl Pts',(-6.69577103108168,0.2,62.4638483673334));
#11685=CARTESIAN_POINT('Ctrl Pts',(-6.71535385147372,0.2,62.4539171966478));
#11686=CARTESIAN_POINT('Ctrl Pts',(-6.75361592695821,0.2,62.4345130865751));
#11687=CARTESIAN_POINT('Ctrl Pts',(-6.77983392123202,0.2,62.4005966749994));
#11688=CARTESIAN_POINT('Ctrl Pts',(-6.79263334721327,0.2,62.3840389400721));
#11689=CARTESIAN_POINT('Ctrl Pts',(-6.48158293217421,0.,62.5129614025354));
#11690=CARTESIAN_POINT('Ctrl Pts',(-6.48158293217421,0.2,62.5129614025354));
#11691=CARTESIAN_POINT('Ctrl Pts',(-6.52503431759435,0.,62.5067367233217));
#11692=CARTESIAN_POINT('Ctrl Pts',(-6.52503431759435,0.2,62.5067367233217));
#11693=CARTESIAN_POINT('Ctrl Pts',(-6.59786382336361,0.,62.4963034469985));
#11694=CARTESIAN_POINT('Ctrl Pts',(-6.59786382336361,0.2,62.4963034469985));
#11695=CARTESIAN_POINT('Ctrl Pts',(-6.66762900449692,0.,62.473177115809));
#11696=CARTESIAN_POINT('Ctrl Pts',(-6.66762900449692,0.2,62.473177115809));
#11697=CARTESIAN_POINT('Ctrl Pts',(-6.69577103108168,0.,62.4638483673334));
#11698=CARTESIAN_POINT('Ctrl Pts',(-6.69577103108168,0.2,62.4638483673334));
#11699=CARTESIAN_POINT('',(-6.48158293217421,0.,62.5129614025354));
#11700=CARTESIAN_POINT('Ctrl Pts',(-6.48158293217421,0.,62.5129614025354));
#11701=CARTESIAN_POINT('Ctrl Pts',(-6.52503431759435,0.,62.5067367233217));
#11702=CARTESIAN_POINT('Ctrl Pts',(-6.59786382336361,0.,62.4963034469985));
#11703=CARTESIAN_POINT('Ctrl Pts',(-6.66762900449692,0.,62.473177115809));
#11704=CARTESIAN_POINT('Ctrl Pts',(-6.69577103108168,0.,62.4638483673334));
#11705=CARTESIAN_POINT('',(-6.48158293217421,0.2,62.5129614025354));
#11706=CARTESIAN_POINT('',(-6.48158293217421,0.,62.5129614025354));
#11707=CARTESIAN_POINT('Ctrl Pts',(-6.48158293217421,0.2,62.5129614025354));
#11708=CARTESIAN_POINT('Ctrl Pts',(-6.52503431759435,0.2,62.5067367233217));
#11709=CARTESIAN_POINT('Ctrl Pts',(-6.59786382336361,0.2,62.4963034469985));
#11710=CARTESIAN_POINT('Ctrl Pts',(-6.66762900449692,0.2,62.473177115809));
#11711=CARTESIAN_POINT('Ctrl Pts',(-6.69577103108168,0.2,62.4638483673334));
#11712=CARTESIAN_POINT('Ctrl Pts',(-6.08049135655165,0.,62.6057306677103));
#11713=CARTESIAN_POINT('Ctrl Pts',(-6.08049135655165,0.2,62.6057306677103));
#11714=CARTESIAN_POINT('Ctrl Pts',(-6.13586882484222,0.,62.5875342191618));
#11715=CARTESIAN_POINT('Ctrl Pts',(-6.13586882484222,0.2,62.5875342191618));
#11716=CARTESIAN_POINT('Ctrl Pts',(-6.26666592465606,0.,62.5445556798654));
#11717=CARTESIAN_POINT('Ctrl Pts',(-6.26666592465606,0.2,62.5445556798654));
#11718=CARTESIAN_POINT('Ctrl Pts',(-6.40298134921824,0.,62.5245163754953));
#11719=CARTESIAN_POINT('Ctrl Pts',(-6.40298134921824,0.2,62.5245163754953));
#11720=CARTESIAN_POINT('Ctrl Pts',(-6.48158293217421,0.,62.5129614025354));
#11721=CARTESIAN_POINT('Ctrl Pts',(-6.48158293217421,0.2,62.5129614025354));
#11722=CARTESIAN_POINT('',(-6.08049135655165,0.,62.6057306677103));
#11723=CARTESIAN_POINT('Ctrl Pts',(-6.08049135655165,0.,62.6057306677103));
#11724=CARTESIAN_POINT('Ctrl Pts',(-6.13586882484222,0.,62.5875342191618));
#11725=CARTESIAN_POINT('Ctrl Pts',(-6.26666592465606,0.,62.5445556798654));
#11726=CARTESIAN_POINT('Ctrl Pts',(-6.40298134921824,0.,62.5245163754953));
#11727=CARTESIAN_POINT('Ctrl Pts',(-6.48158293217421,0.,62.5129614025354));
#11728=CARTESIAN_POINT('',(-6.08049135655165,0.2,62.6057306677103));
#11729=CARTESIAN_POINT('',(-6.08049135655165,0.,62.6057306677103));
#11730=CARTESIAN_POINT('Ctrl Pts',(-6.08049135655165,0.2,62.6057306677103));
#11731=CARTESIAN_POINT('Ctrl Pts',(-6.13586882484222,0.2,62.5875342191618));
#11732=CARTESIAN_POINT('Ctrl Pts',(-6.26666592465606,0.2,62.5445556798654));
#11733=CARTESIAN_POINT('Ctrl Pts',(-6.40298134921824,0.2,62.5245163754953));
#11734=CARTESIAN_POINT('Ctrl Pts',(-6.48158293217421,0.2,62.5129614025354));
#11735=CARTESIAN_POINT('Origin',(-6.08049135655165,0.,62.5156895071268));
#11736=CARTESIAN_POINT('',(-6.08049135655165,0.,53.6953447535634));
#11737=CARTESIAN_POINT('',(-6.08049135655165,0.2,62.5156895071268));
#11738=CARTESIAN_POINT('Origin',(-5.75443428009748,0.,61.8785820156336));
#11739=CARTESIAN_POINT('',(-5.75443428009748,0.,61.8785820156336));
#11740=CARTESIAN_POINT('',(-6.01091425865889,0.,61.8785820156336));
#11741=CARTESIAN_POINT('',(11.8552828599513,0.,61.8785820156336));
#11742=CARTESIAN_POINT('',(-5.75443428009748,0.2,61.8785820156336));
#11743=CARTESIAN_POINT('',(-5.75443428009748,0.,61.8785820156336));
#11744=CARTESIAN_POINT('',(-6.01091425865889,0.2,61.8785820156336));
#11745=CARTESIAN_POINT('',(-5.75443428009748,0.2,61.8785820156336));
#11746=CARTESIAN_POINT('',(-6.01091425865889,0.,61.8785820156336));
#11747=CARTESIAN_POINT('Ctrl Pts',(-5.81650774925947,0.,62.0525244623423));
#11748=CARTESIAN_POINT('Ctrl Pts',(-5.81650774925947,0.2,62.0525244623423));
#11749=CARTESIAN_POINT('Ctrl Pts',(-5.80993267534509,0.,62.0224770330399));
#11750=CARTESIAN_POINT('Ctrl Pts',(-5.80993267534509,0.2,62.0224770330399));
#11751=CARTESIAN_POINT('Ctrl Pts',(-5.7966666629928,0.,61.9618526851664));
#11752=CARTESIAN_POINT('Ctrl Pts',(-5.7966666629928,0.2,61.9618526851664));
#11753=CARTESIAN_POINT('Ctrl Pts',(-5.76859347089819,0.,61.9065000542851));
#11754=CARTESIAN_POINT('Ctrl Pts',(-5.76859347089819,0.2,61.9065000542851));
#11755=CARTESIAN_POINT('Ctrl Pts',(-5.75443428009748,0.,61.8785820156336));
#11756=CARTESIAN_POINT('Ctrl Pts',(-5.75443428009748,0.2,61.8785820156336));
#11757=CARTESIAN_POINT('',(-5.81650774925947,0.,62.0525244623423));
#11758=CARTESIAN_POINT('Ctrl Pts',(-5.81650774925947,0.,62.0525244623423));
#11759=CARTESIAN_POINT('Ctrl Pts',(-5.80993267534509,0.,62.0224770330399));
#11760=CARTESIAN_POINT('Ctrl Pts',(-5.7966666629928,0.,61.9618526851664));
#11761=CARTESIAN_POINT('Ctrl Pts',(-5.76859347089819,0.,61.9065000542851));
#11762=CARTESIAN_POINT('Ctrl Pts',(-5.75443428009748,0.,61.8785820156336));
#11763=CARTESIAN_POINT('',(-5.81650774925947,0.2,62.0525244623423));
#11764=CARTESIAN_POINT('',(-5.81650774925947,0.,62.0525244623423));
#11765=CARTESIAN_POINT('Ctrl Pts',(-5.81650774925947,0.2,62.0525244623423));
#11766=CARTESIAN_POINT('Ctrl Pts',(-5.80993267534509,0.2,62.0224770330399));
#11767=CARTESIAN_POINT('Ctrl Pts',(-5.7966666629928,0.2,61.9618526851664));
#11768=CARTESIAN_POINT('Ctrl Pts',(-5.76859347089819,0.2,61.9065000542851));
#11769=CARTESIAN_POINT('Ctrl Pts',(-5.75443428009748,0.2,61.8785820156336));
#11770=CARTESIAN_POINT('Ctrl Pts',(-5.83219688385725,0.,62.4856761842966));
#11771=CARTESIAN_POINT('Ctrl Pts',(-5.83219688385725,0.2,62.4856761842966));
#11772=CARTESIAN_POINT('Ctrl Pts',(-5.83276127419444,0.,62.3924240348774));
#11773=CARTESIAN_POINT('Ctrl Pts',(-5.83276127419444,0.2,62.3924240348774));
#11774=CARTESIAN_POINT('Ctrl Pts',(-5.83363680198794,0.,62.247763782494));
#11775=CARTESIAN_POINT('Ctrl Pts',(-5.83363680198794,0.2,62.247763782494));
#11776=CARTESIAN_POINT('Ctrl Pts',(-5.82099889779174,0.,62.1037151965901));
#11777=CARTESIAN_POINT('Ctrl Pts',(-5.82099889779174,0.2,62.1037151965901));
#11778=CARTESIAN_POINT('Ctrl Pts',(-5.81650774925947,0.,62.0525244623423));
#11779=CARTESIAN_POINT('Ctrl Pts',(-5.81650774925947,0.2,62.0525244623423));
#11780=CARTESIAN_POINT('',(-5.83219688385725,0.,62.4856761842966));
#11781=CARTESIAN_POINT('Ctrl Pts',(-5.83219688385725,0.,62.4856761842966));
#11782=CARTESIAN_POINT('Ctrl Pts',(-5.83276127419444,0.,62.3924240348774));
#11783=CARTESIAN_POINT('Ctrl Pts',(-5.83363680198794,0.,62.247763782494));
#11784=CARTESIAN_POINT('Ctrl Pts',(-5.82099889779174,0.,62.1037151965901));
#11785=CARTESIAN_POINT('Ctrl Pts',(-5.81650774925947,0.,62.0525244623423));
#11786=CARTESIAN_POINT('',(-5.83219688385725,0.2,62.4856761842966));
#11787=CARTESIAN_POINT('',(-5.83219688385725,0.,62.4856761842966));
#11788=CARTESIAN_POINT('Ctrl Pts',(-5.83219688385725,0.2,62.4856761842966));
#11789=CARTESIAN_POINT('Ctrl Pts',(-5.83276127419444,0.2,62.3924240348774));
#11790=CARTESIAN_POINT('Ctrl Pts',(-5.83363680198794,0.2,62.247763782494));
#11791=CARTESIAN_POINT('Ctrl Pts',(-5.82099889779174,0.2,62.1037151965901));
#11792=CARTESIAN_POINT('Ctrl Pts',(-5.81650774925947,0.2,62.0525244623423));
#11793=CARTESIAN_POINT('Origin',(-5.83219688385725,0.,62.8130976110697));
#11794=CARTESIAN_POINT('',(-5.83219688385725,0.,62.8130976110697));
#11795=CARTESIAN_POINT('',(-5.83219688385725,0.,53.8440488055348));
#11796=CARTESIAN_POINT('',(-5.83219688385725,0.2,62.8130976110697));
#11797=CARTESIAN_POINT('',(-5.83219688385725,0.,62.8130976110697));
#11798=CARTESIAN_POINT('',(-5.83219688385725,0.2,62.8130976110697));
#11799=CARTESIAN_POINT('Ctrl Pts',(-5.84447514265776,0.,63.0395642668009));
#11800=CARTESIAN_POINT('Ctrl Pts',(-5.84447514265776,0.2,63.0395642668009));
#11801=CARTESIAN_POINT('Ctrl Pts',(-5.84093475018538,0.,63.0102626269149));
#11802=CARTESIAN_POINT('Ctrl Pts',(-5.84093475018538,0.2,63.0102626269149));
#11803=CARTESIAN_POINT('Ctrl Pts',(-5.83185191593823,0.,62.9350896226984));
#11804=CARTESIAN_POINT('Ctrl Pts',(-5.83185191593823,0.2,62.9350896226984));
#11805=CARTESIAN_POINT('Ctrl Pts',(-5.83206615370197,0.,62.859328097279));
#11806=CARTESIAN_POINT('Ctrl Pts',(-5.83206615370197,0.2,62.859328097279));
#11807=CARTESIAN_POINT('Ctrl Pts',(-5.83219688385725,0.,62.8130976110697));
#11808=CARTESIAN_POINT('Ctrl Pts',(-5.83219688385725,0.2,62.8130976110697));
#11809=CARTESIAN_POINT('',(-5.84447514265776,0.,63.0395642668009));
#11810=CARTESIAN_POINT('Ctrl Pts',(-5.84447514265776,0.,63.0395642668009));
#11811=CARTESIAN_POINT('Ctrl Pts',(-5.84093475018538,0.,63.0102626269149));
#11812=CARTESIAN_POINT('Ctrl Pts',(-5.83185191593823,0.,62.9350896226984));
#11813=CARTESIAN_POINT('Ctrl Pts',(-5.83206615370197,0.,62.859328097279));
#11814=CARTESIAN_POINT('Ctrl Pts',(-5.83219688385725,0.,62.8130976110697));
#11815=CARTESIAN_POINT('',(-5.84447514265776,0.2,63.0395642668009));
#11816=CARTESIAN_POINT('',(-5.84447514265776,0.,63.0395642668009));
#11817=CARTESIAN_POINT('Ctrl Pts',(-5.84447514265776,0.2,63.0395642668009));
#11818=CARTESIAN_POINT('Ctrl Pts',(-5.84093475018538,0.2,63.0102626269149));
#11819=CARTESIAN_POINT('Ctrl Pts',(-5.83185191593823,0.2,62.9350896226984));
#11820=CARTESIAN_POINT('Ctrl Pts',(-5.83206615370197,0.2,62.859328097279));
#11821=CARTESIAN_POINT('Ctrl Pts',(-5.83219688385725,0.2,62.8130976110697));
#11822=CARTESIAN_POINT('Ctrl Pts',(-5.92087339609861,0.,63.2066855579615));
#11823=CARTESIAN_POINT('Ctrl Pts',(-5.92087339609861,0.2,63.2066855579615));
#11824=CARTESIAN_POINT('Ctrl Pts',(-5.90389401591973,0.,63.1824356818807));
#11825=CARTESIAN_POINT('Ctrl Pts',(-5.90389401591973,0.2,63.1824356818807));
#11826=CARTESIAN_POINT('Ctrl Pts',(-5.86820998525361,0.,63.1314719062541));
#11827=CARTESIAN_POINT('Ctrl Pts',(-5.86820998525361,0.2,63.1314719062541));
#11828=CARTESIAN_POINT('Ctrl Pts',(-5.85263772218186,0.,63.071171951279));
#11829=CARTESIAN_POINT('Ctrl Pts',(-5.85263772218186,0.2,63.071171951279));
#11830=CARTESIAN_POINT('Ctrl Pts',(-5.84447514265776,0.,63.0395642668009));
#11831=CARTESIAN_POINT('Ctrl Pts',(-5.84447514265776,0.2,63.0395642668009));
#11832=CARTESIAN_POINT('',(-5.92087339609861,0.,63.2066855579615));
#11833=CARTESIAN_POINT('Ctrl Pts',(-5.92087339609861,0.,63.2066855579615));
#11834=CARTESIAN_POINT('Ctrl Pts',(-5.90389401591973,0.,63.1824356818807));
#11835=CARTESIAN_POINT('Ctrl Pts',(-5.86820998525361,0.,63.1314719062541));
#11836=CARTESIAN_POINT('Ctrl Pts',(-5.85263772218186,0.,63.071171951279));
#11837=CARTESIAN_POINT('Ctrl Pts',(-5.84447514265776,0.,63.0395642668009));
#11838=CARTESIAN_POINT('',(-5.92087339609861,0.2,63.2066855579615));
#11839=CARTESIAN_POINT('',(-5.92087339609861,0.,63.2066855579615));
#11840=CARTESIAN_POINT('Ctrl Pts',(-5.92087339609861,0.2,63.2066855579615));
#11841=CARTESIAN_POINT('Ctrl Pts',(-5.90389401591973,0.2,63.1824356818807));
#11842=CARTESIAN_POINT('Ctrl Pts',(-5.86820998525361,0.2,63.1314719062541));
#11843=CARTESIAN_POINT('Ctrl Pts',(-5.85263772218186,0.2,63.071171951279));
#11844=CARTESIAN_POINT('Ctrl Pts',(-5.84447514265776,0.2,63.0395642668009));
#11845=CARTESIAN_POINT('Ctrl Pts',(-6.09140556305647,0.,63.316508308053));
#11846=CARTESIAN_POINT('Ctrl Pts',(-6.09140556305647,0.2,63.316508308053));
#11847=CARTESIAN_POINT('Ctrl Pts',(-6.05641442691939,0.,63.3022763886658));
#11848=CARTESIAN_POINT('Ctrl Pts',(-6.05641442691939,0.2,63.3022763886658));
#11849=CARTESIAN_POINT('Ctrl Pts',(-5.99253833291476,0.,63.276296111344));
#11850=CARTESIAN_POINT('Ctrl Pts',(-5.99253833291476,0.2,63.276296111344));
#11851=CARTESIAN_POINT('Ctrl Pts',(-5.94318921333802,0.,63.2283616586633));
#11852=CARTESIAN_POINT('Ctrl Pts',(-5.94318921333802,0.2,63.2283616586633));
#11853=CARTESIAN_POINT('Ctrl Pts',(-5.92087339609861,0.,63.2066855579615));
#11854=CARTESIAN_POINT('Ctrl Pts',(-5.92087339609861,0.2,63.2066855579615));
#11855=CARTESIAN_POINT('',(-6.09140556305647,0.,63.316508308053));
#11856=CARTESIAN_POINT('Ctrl Pts',(-6.09140556305647,0.,63.316508308053));
#11857=CARTESIAN_POINT('Ctrl Pts',(-6.05641442691939,0.,63.3022763886658));
#11858=CARTESIAN_POINT('Ctrl Pts',(-5.99253833291476,0.,63.276296111344));
#11859=CARTESIAN_POINT('Ctrl Pts',(-5.94318921333802,0.,63.2283616586633));
#11860=CARTESIAN_POINT('Ctrl Pts',(-5.92087339609861,0.,63.2066855579615));
#11861=CARTESIAN_POINT('',(-6.09140556305647,0.2,63.316508308053));
#11862=CARTESIAN_POINT('',(-6.09140556305647,0.,63.316508308053));
#11863=CARTESIAN_POINT('Ctrl Pts',(-6.09140556305647,0.2,63.316508308053));
#11864=CARTESIAN_POINT('Ctrl Pts',(-6.05641442691939,0.2,63.3022763886658));
#11865=CARTESIAN_POINT('Ctrl Pts',(-5.99253833291476,0.2,63.276296111344));
#11866=CARTESIAN_POINT('Ctrl Pts',(-5.94318921333802,0.2,63.2283616586633));
#11867=CARTESIAN_POINT('Ctrl Pts',(-5.92087339609861,0.2,63.2066855579615));
#11868=CARTESIAN_POINT('Ctrl Pts',(-6.39290612190962,0.,63.3601645380259));
#11869=CARTESIAN_POINT('Ctrl Pts',(-6.39290612190962,0.2,63.3601645380259));
#11870=CARTESIAN_POINT('Ctrl Pts',(-6.33644407236157,0.,63.3592138497581));
#11871=CARTESIAN_POINT('Ctrl Pts',(-6.33644407236157,0.2,63.3592138497581));
#11872=CARTESIAN_POINT('Ctrl Pts',(-6.23396870911358,0.,63.3574884053871));
#11873=CARTESIAN_POINT('Ctrl Pts',(-6.23396870911358,0.2,63.3574884053871));
#11874=CARTESIAN_POINT('Ctrl Pts',(-6.13558268751073,0.,63.3292071219481));
#11875=CARTESIAN_POINT('Ctrl Pts',(-6.13558268751073,0.2,63.3292071219481));
#11876=CARTESIAN_POINT('Ctrl Pts',(-6.09140556305647,0.,63.316508308053));
#11877=CARTESIAN_POINT('Ctrl Pts',(-6.09140556305647,0.2,63.316508308053));
#11878=CARTESIAN_POINT('',(-6.39290612190962,0.,63.3601645380259));
#11879=CARTESIAN_POINT('Ctrl Pts',(-6.39290612190962,0.,63.3601645380259));
#11880=CARTESIAN_POINT('Ctrl Pts',(-6.33644407236157,0.,63.3592138497581));
#11881=CARTESIAN_POINT('Ctrl Pts',(-6.23396870911358,0.,63.3574884053871));
#11882=CARTESIAN_POINT('Ctrl Pts',(-6.13558268751073,0.,63.3292071219481));
#11883=CARTESIAN_POINT('Ctrl Pts',(-6.09140556305647,0.,63.316508308053));
#11884=CARTESIAN_POINT('',(-6.39290612190962,0.2,63.3601645380259));
#11885=CARTESIAN_POINT('',(-6.39290612190962,0.,63.3601645380259));
#11886=CARTESIAN_POINT('Ctrl Pts',(-6.39290612190962,0.2,63.3601645380259));
#11887=CARTESIAN_POINT('Ctrl Pts',(-6.33644407236157,0.2,63.3592138497581));
#11888=CARTESIAN_POINT('Ctrl Pts',(-6.23396870911358,0.2,63.3574884053871));
#11889=CARTESIAN_POINT('Ctrl Pts',(-6.13558268751073,0.2,63.3292071219481));
#11890=CARTESIAN_POINT('Ctrl Pts',(-6.09140556305647,0.2,63.316508308053));
#11891=CARTESIAN_POINT('Ctrl Pts',(-6.7216918990016,0.,63.3090046793222));
#11892=CARTESIAN_POINT('Ctrl Pts',(-6.7216918990016,0.2,63.3090046793222));
#11893=CARTESIAN_POINT('Ctrl Pts',(-6.67098607826091,0.,63.3239142454337));
#11894=CARTESIAN_POINT('Ctrl Pts',(-6.67098607826091,0.2,63.3239142454337));
#11895=CARTESIAN_POINT('Ctrl Pts',(-6.56371554023133,0.,63.3554561306691));
#11896=CARTESIAN_POINT('Ctrl Pts',(-6.56371554023133,0.2,63.3554561306691));
#11897=CARTESIAN_POINT('Ctrl Pts',(-6.45187869432004,0.,63.3585389432752));
#11898=CARTESIAN_POINT('Ctrl Pts',(-6.45187869432004,0.2,63.3585389432752));
#11899=CARTESIAN_POINT('Ctrl Pts',(-6.39290612190962,0.,63.3601645380259));
#11900=CARTESIAN_POINT('Ctrl Pts',(-6.39290612190962,0.2,63.3601645380259));
#11901=CARTESIAN_POINT('',(-6.7216918990016,0.,63.3090046793222));
#11902=CARTESIAN_POINT('Ctrl Pts',(-6.7216918990016,0.,63.3090046793222));
#11903=CARTESIAN_POINT('Ctrl Pts',(-6.67098607826091,0.,63.3239142454337));
#11904=CARTESIAN_POINT('Ctrl Pts',(-6.56371554023133,0.,63.3554561306691));
#11905=CARTESIAN_POINT('Ctrl Pts',(-6.45187869432004,0.,63.3585389432752));
#11906=CARTESIAN_POINT('Ctrl Pts',(-6.39290612190962,0.,63.3601645380259));
#11907=CARTESIAN_POINT('',(-6.7216918990016,0.2,63.3090046793222));
#11908=CARTESIAN_POINT('',(-6.7216918990016,0.,63.3090046793222));
#11909=CARTESIAN_POINT('Ctrl Pts',(-6.7216918990016,0.2,63.3090046793222));
#11910=CARTESIAN_POINT('Ctrl Pts',(-6.67098607826091,0.2,63.3239142454337));
#11911=CARTESIAN_POINT('Ctrl Pts',(-6.56371554023133,0.2,63.3554561306691));
#11912=CARTESIAN_POINT('Ctrl Pts',(-6.45187869432004,0.2,63.3585389432752));
#11913=CARTESIAN_POINT('Ctrl Pts',(-6.39290612190962,0.2,63.3601645380259));
#11914=CARTESIAN_POINT('Ctrl Pts',(-6.93860869854689,0.,63.1630293279886));
#11915=CARTESIAN_POINT('Ctrl Pts',(-6.93860869854689,0.2,63.1630293279886));
#11916=CARTESIAN_POINT('Ctrl Pts',(-6.90956752372469,0.,63.193246235375));
#11917=CARTESIAN_POINT('Ctrl Pts',(-6.90956752372469,0.2,63.193246235375));
#11918=CARTESIAN_POINT('Ctrl Pts',(-6.84789001895341,0.,63.2574207552044));
#11919=CARTESIAN_POINT('Ctrl Pts',(-6.84789001895341,0.2,63.2574207552044));
#11920=CARTESIAN_POINT('Ctrl Pts',(-6.7653614570671,0.,63.2911545943101));
#11921=CARTESIAN_POINT('Ctrl Pts',(-6.7653614570671,0.2,63.2911545943101));
#11922=CARTESIAN_POINT('Ctrl Pts',(-6.7216918990016,0.,63.3090046793222));
#11923=CARTESIAN_POINT('Ctrl Pts',(-6.7216918990016,0.2,63.3090046793222));
#11924=CARTESIAN_POINT('',(-6.93860869854689,0.,63.1630293279886));
#11925=CARTESIAN_POINT('Ctrl Pts',(-6.93860869854689,0.,63.1630293279886));
#11926=CARTESIAN_POINT('Ctrl Pts',(-6.90956752372469,0.,63.193246235375));
#11927=CARTESIAN_POINT('Ctrl Pts',(-6.84789001895341,0.,63.2574207552044));
#11928=CARTESIAN_POINT('Ctrl Pts',(-6.7653614570671,0.,63.2911545943101));
#11929=CARTESIAN_POINT('Ctrl Pts',(-6.7216918990016,0.,63.3090046793222));
#11930=CARTESIAN_POINT('',(-6.93860869854689,0.2,63.1630293279886));
#11931=CARTESIAN_POINT('',(-6.93860869854689,0.,63.1630293279886));
#11932=CARTESIAN_POINT('Ctrl Pts',(-6.93860869854689,0.2,63.1630293279886));
#11933=CARTESIAN_POINT('Ctrl Pts',(-6.90956752372469,0.2,63.193246235375));
#11934=CARTESIAN_POINT('Ctrl Pts',(-6.84789001895341,0.2,63.2574207552044));
#11935=CARTESIAN_POINT('Ctrl Pts',(-6.7653614570671,0.2,63.2911545943101));
#11936=CARTESIAN_POINT('Ctrl Pts',(-6.7216918990016,0.2,63.3090046793222));
#11937=CARTESIAN_POINT('Ctrl Pts',(-7.04638507217169,0.,62.9140526801348));
#11938=CARTESIAN_POINT('Ctrl Pts',(-7.04638507217169,0.2,62.9140526801348));
#11939=CARTESIAN_POINT('Ctrl Pts',(-7.03467367743517,0.,62.9617002967362));
#11940=CARTESIAN_POINT('Ctrl Pts',(-7.03467367743517,0.2,62.9617002967362));
#11941=CARTESIAN_POINT('Ctrl Pts',(-7.01275240316912,0.,63.0508866400491));
#11942=CARTESIAN_POINT('Ctrl Pts',(-7.01275240316912,0.2,63.0508866400491));
#11943=CARTESIAN_POINT('Ctrl Pts',(-6.96216833468326,0.,63.1273952719798));
#11944=CARTESIAN_POINT('Ctrl Pts',(-6.96216833468326,0.2,63.1273952719798));
#11945=CARTESIAN_POINT('Ctrl Pts',(-6.93860869854689,0.,63.1630293279886));
#11946=CARTESIAN_POINT('Ctrl Pts',(-6.93860869854689,0.2,63.1630293279886));
#11947=CARTESIAN_POINT('',(-7.04638507217169,0.,62.9140526801348));
#11948=CARTESIAN_POINT('Ctrl Pts',(-7.04638507217169,0.,62.9140526801348));
#11949=CARTESIAN_POINT('Ctrl Pts',(-7.03467367743517,0.,62.9617002967362));
#11950=CARTESIAN_POINT('Ctrl Pts',(-7.01275240316912,0.,63.0508866400491));
#11951=CARTESIAN_POINT('Ctrl Pts',(-6.96216833468326,0.,63.1273952719798));
#11952=CARTESIAN_POINT('Ctrl Pts',(-6.93860869854689,0.,63.1630293279886));
#11953=CARTESIAN_POINT('',(-7.04638507217169,0.2,62.9140526801348));
#11954=CARTESIAN_POINT('',(-7.04638507217169,0.,62.9140526801348));
#11955=CARTESIAN_POINT('Ctrl Pts',(-7.04638507217169,0.2,62.9140526801348));
#11956=CARTESIAN_POINT('Ctrl Pts',(-7.03467367743517,0.2,62.9617002967362));
#11957=CARTESIAN_POINT('Ctrl Pts',(-7.01275240316912,0.2,63.0508866400491));
#11958=CARTESIAN_POINT('Ctrl Pts',(-6.96216833468326,0.2,63.1273952719798));
#11959=CARTESIAN_POINT('Ctrl Pts',(-6.93860869854689,0.2,63.1630293279886));
#11960=CARTESIAN_POINT('Origin',(-6.80627580732107,0.,62.8813103586435));
#11961=CARTESIAN_POINT('',(-6.80627580732107,0.,62.8813103586435));
#11962=CARTESIAN_POINT('',(12.2035784202877,0.,60.2890457119243));
#11963=CARTESIAN_POINT('',(-6.80627580732107,0.2,62.8813103586435));
#11964=CARTESIAN_POINT('',(-6.80627580732107,0.,62.8813103586435));
#11965=CARTESIAN_POINT('',(-6.80627580732107,0.2,62.8813103586435));
#11966=CARTESIAN_POINT('Ctrl Pts',(-6.68417494744062,0.,63.0961809307337));
#11967=CARTESIAN_POINT('Ctrl Pts',(-6.68417494744062,0.2,63.0961809307337));
#11968=CARTESIAN_POINT('Ctrl Pts',(-6.71046610075029,0.,63.0695616984195));
#11969=CARTESIAN_POINT('Ctrl Pts',(-6.71046610075029,0.2,63.0695616984195));
#11970=CARTESIAN_POINT('Ctrl Pts',(-6.77008364750408,0.,63.0092002031156));
#11971=CARTESIAN_POINT('Ctrl Pts',(-6.77008364750408,0.2,63.0092002031156));
#11972=CARTESIAN_POINT('Ctrl Pts',(-6.79329858519034,0.,62.9271671112764));
#11973=CARTESIAN_POINT('Ctrl Pts',(-6.79329858519034,0.2,62.9271671112764));
#11974=CARTESIAN_POINT('Ctrl Pts',(-6.80627580732107,0.,62.8813103586435));
#11975=CARTESIAN_POINT('Ctrl Pts',(-6.80627580732107,0.2,62.8813103586435));
#11976=CARTESIAN_POINT('',(-6.68417494744062,0.,63.0961809307337));
#11977=CARTESIAN_POINT('Ctrl Pts',(-6.68417494744062,0.,63.0961809307337));
#11978=CARTESIAN_POINT('Ctrl Pts',(-6.71046610075029,0.,63.0695616984195));
#11979=CARTESIAN_POINT('Ctrl Pts',(-6.77008364750408,0.,63.0092002031156));
#11980=CARTESIAN_POINT('Ctrl Pts',(-6.79329858519034,0.,62.9271671112764));
#11981=CARTESIAN_POINT('Ctrl Pts',(-6.80627580732107,0.,62.8813103586435));
#11982=CARTESIAN_POINT('',(-6.68417494744062,0.2,63.0961809307337));
#11983=CARTESIAN_POINT('',(-6.68417494744062,0.,63.0961809307337));
#11984=CARTESIAN_POINT('Ctrl Pts',(-6.68417494744062,0.2,63.0961809307337));
#11985=CARTESIAN_POINT('Ctrl Pts',(-6.71046610075029,0.2,63.0695616984195));
#11986=CARTESIAN_POINT('Ctrl Pts',(-6.77008364750408,0.2,63.0092002031156));
#11987=CARTESIAN_POINT('Ctrl Pts',(-6.79329858519034,0.2,62.9271671112764));
#11988=CARTESIAN_POINT('Ctrl Pts',(-6.80627580732107,0.2,62.8813103586435));
#11989=CARTESIAN_POINT('Ctrl Pts',(-6.42837684601545,0.,63.1568903476));
#11990=CARTESIAN_POINT('Ctrl Pts',(-6.42837684601545,0.2,63.1568903476));
#11991=CARTESIAN_POINT('Ctrl Pts',(-6.47967813249959,0.,63.1560917159575));
#11992=CARTESIAN_POINT('Ctrl Pts',(-6.47967813249959,0.2,63.1560917159575));
#11993=CARTESIAN_POINT('Ctrl Pts',(-6.5698419602174,0.,63.154688092564));
#11994=CARTESIAN_POINT('Ctrl Pts',(-6.5698419602174,0.2,63.154688092564));
#11995=CARTESIAN_POINT('Ctrl Pts',(-6.64973802988308,0.,63.1138031966904));
#11996=CARTESIAN_POINT('Ctrl Pts',(-6.64973802988308,0.2,63.1138031966904));
#11997=CARTESIAN_POINT('Ctrl Pts',(-6.68417494744062,0.,63.0961809307337));
#11998=CARTESIAN_POINT('Ctrl Pts',(-6.68417494744062,0.2,63.0961809307337));
#11999=CARTESIAN_POINT('',(-6.42837684601545,0.,63.1568903476));
#12000=CARTESIAN_POINT('Ctrl Pts',(-6.42837684601545,0.,63.1568903476));
#12001=CARTESIAN_POINT('Ctrl Pts',(-6.47967813249959,0.,63.1560917159575));
#12002=CARTESIAN_POINT('Ctrl Pts',(-6.5698419602174,0.,63.154688092564));
#12003=CARTESIAN_POINT('Ctrl Pts',(-6.64973802988308,0.,63.1138031966904));
#12004=CARTESIAN_POINT('Ctrl Pts',(-6.68417494744062,0.,63.0961809307337));
#12005=CARTESIAN_POINT('',(-6.42837684601545,0.2,63.1568903476));
#12006=CARTESIAN_POINT('',(-6.42837684601545,0.,63.1568903476));
#12007=CARTESIAN_POINT('Ctrl Pts',(-6.42837684601545,0.2,63.1568903476));
#12008=CARTESIAN_POINT('Ctrl Pts',(-6.47967813249959,0.2,63.1560917159575));
#12009=CARTESIAN_POINT('Ctrl Pts',(-6.5698419602174,0.2,63.154688092564));
#12010=CARTESIAN_POINT('Ctrl Pts',(-6.64973802988308,0.2,63.1138031966904));
#12011=CARTESIAN_POINT('Ctrl Pts',(-6.68417494744062,0.2,63.0961809307337));
#12012=CARTESIAN_POINT('Ctrl Pts',(-6.1487041041255,0.,63.0736706405878));
#12013=CARTESIAN_POINT('Ctrl Pts',(-6.1487041041255,0.2,63.0736706405878));
#12014=CARTESIAN_POINT('Ctrl Pts',(-6.18661600152774,0.,63.0978727992526));
#12015=CARTESIAN_POINT('Ctrl Pts',(-6.18661600152774,0.2,63.0978727992526));
#12016=CARTESIAN_POINT('Ctrl Pts',(-6.27142312964406,0.,63.1520118878031));
#12017=CARTESIAN_POINT('Ctrl Pts',(-6.27142312964406,0.2,63.1520118878031));
#12018=CARTESIAN_POINT('Ctrl Pts',(-6.37249036982753,0.,63.1551532754645));
#12019=CARTESIAN_POINT('Ctrl Pts',(-6.37249036982753,0.2,63.1551532754645));
#12020=CARTESIAN_POINT('Ctrl Pts',(-6.42837684601545,0.,63.1568903476));
#12021=CARTESIAN_POINT('Ctrl Pts',(-6.42837684601545,0.2,63.1568903476));
#12022=CARTESIAN_POINT('',(-6.1487041041255,0.,63.0736706405878));
#12023=CARTESIAN_POINT('Ctrl Pts',(-6.1487041041255,0.,63.0736706405878));
#12024=CARTESIAN_POINT('Ctrl Pts',(-6.18661600152774,0.,63.0978727992526));
#12025=CARTESIAN_POINT('Ctrl Pts',(-6.27142312964406,0.,63.1520118878031));
#12026=CARTESIAN_POINT('Ctrl Pts',(-6.37249036982753,0.,63.1551532754645));
#12027=CARTESIAN_POINT('Ctrl Pts',(-6.42837684601545,0.,63.1568903476));
#12028=CARTESIAN_POINT('',(-6.1487041041255,0.2,63.0736706405878));
#12029=CARTESIAN_POINT('',(-6.1487041041255,0.,63.0736706405878));
#12030=CARTESIAN_POINT('Ctrl Pts',(-6.1487041041255,0.2,63.0736706405878));
#12031=CARTESIAN_POINT('Ctrl Pts',(-6.18661600152774,0.2,63.0978727992526));
#12032=CARTESIAN_POINT('Ctrl Pts',(-6.27142312964406,0.2,63.1520118878031));
#12033=CARTESIAN_POINT('Ctrl Pts',(-6.37249036982753,0.2,63.1551532754645));
#12034=CARTESIAN_POINT('Ctrl Pts',(-6.42837684601545,0.2,63.1568903476));
#12035=CARTESIAN_POINT('Ctrl Pts',(-6.07912700623274,0.,62.8622109442949));
#12036=CARTESIAN_POINT('Ctrl Pts',(-6.07912700623274,0.2,62.8622109442949));
#12037=CARTESIAN_POINT('Ctrl Pts',(-6.08010676747285,0.,62.906584818656));
#12038=CARTESIAN_POINT('Ctrl Pts',(-6.08010676747285,0.2,62.906584818656));
#12039=CARTESIAN_POINT('Ctrl Pts',(-6.08183431967318,0.,62.9848265179099));
#12040=CARTESIAN_POINT('Ctrl Pts',(-6.08183431967318,0.2,62.9848265179099));
#12041=CARTESIAN_POINT('Ctrl Pts',(-6.12850301802072,0.,63.0468311975296));
#12042=CARTESIAN_POINT('Ctrl Pts',(-6.12850301802072,0.2,63.0468311975296));
#12043=CARTESIAN_POINT('Ctrl Pts',(-6.1487041041255,0.,63.0736706405878));
#12044=CARTESIAN_POINT('Ctrl Pts',(-6.1487041041255,0.2,63.0736706405878));
#12045=CARTESIAN_POINT('',(-6.07912700623274,0.,62.8622109442949));
#12046=CARTESIAN_POINT('Ctrl Pts',(-6.07912700623274,0.,62.8622109442949));
#12047=CARTESIAN_POINT('Ctrl Pts',(-6.08010676747285,0.,62.906584818656));
#12048=CARTESIAN_POINT('Ctrl Pts',(-6.08183431967318,0.,62.9848265179099));
#12049=CARTESIAN_POINT('Ctrl Pts',(-6.12850301802072,0.,63.0468311975296));
#12050=CARTESIAN_POINT('Ctrl Pts',(-6.1487041041255,0.,63.0736706405878));
#12051=CARTESIAN_POINT('',(-6.07912700623274,0.2,62.8622109442949));
#12052=CARTESIAN_POINT('',(-6.07912700623274,0.,62.8622109442949));
#12053=CARTESIAN_POINT('Ctrl Pts',(-6.07912700623274,0.2,62.8622109442949));
#12054=CARTESIAN_POINT('Ctrl Pts',(-6.08010676747285,0.2,62.906584818656));
#12055=CARTESIAN_POINT('Ctrl Pts',(-6.08183431967318,0.2,62.9848265179099));
#12056=CARTESIAN_POINT('Ctrl Pts',(-6.12850301802072,0.2,63.0468311975296));
#12057=CARTESIAN_POINT('Ctrl Pts',(-6.1487041041255,0.2,63.0736706405878));
#12058=CARTESIAN_POINT('Ctrl Pts',(-6.08049135655165,0.,62.7980909496546));
#12059=CARTESIAN_POINT('Ctrl Pts',(-6.08049135655165,0.2,62.7980909496546));
#12060=CARTESIAN_POINT('Ctrl Pts',(-6.08010649698885,0.,62.8118463366895));
#12061=CARTESIAN_POINT('Ctrl Pts',(-6.08010649698885,0.2,62.8118463366895));
#12062=CARTESIAN_POINT('Ctrl Pts',(-6.07950857582297,0.,62.8332168256889));
#12063=CARTESIAN_POINT('Ctrl Pts',(-6.07950857582297,0.2,62.8332168256889));
#12064=CARTESIAN_POINT('Ctrl Pts',(-6.0792272522943,0.,62.8545936019461));
#12065=CARTESIAN_POINT('Ctrl Pts',(-6.0792272522943,0.2,62.8545936019461));
#12066=CARTESIAN_POINT('Ctrl Pts',(-6.07912700623274,0.,62.8622109442949));
#12067=CARTESIAN_POINT('Ctrl Pts',(-6.07912700623274,0.2,62.8622109442949));
#12068=CARTESIAN_POINT('',(-6.08049135655165,0.,62.7980909496546));
#12069=CARTESIAN_POINT('Ctrl Pts',(-6.08049135655165,0.,62.7980909496546));
#12070=CARTESIAN_POINT('Ctrl Pts',(-6.08010649698885,0.,62.8118463366895));
#12071=CARTESIAN_POINT('Ctrl Pts',(-6.07950857582297,0.,62.8332168256889));
#12072=CARTESIAN_POINT('Ctrl Pts',(-6.0792272522943,0.,62.8545936019461));
#12073=CARTESIAN_POINT('Ctrl Pts',(-6.07912700623274,0.,62.8622109442949));
#12074=CARTESIAN_POINT('',(-6.08049135655165,0.2,62.7980909496546));
#12075=CARTESIAN_POINT('',(-6.08049135655165,0.,62.7980909496546));
#12076=CARTESIAN_POINT('Ctrl Pts',(-6.08049135655165,0.2,62.7980909496546));
#12077=CARTESIAN_POINT('Ctrl Pts',(-6.08010649698885,0.2,62.8118463366895));
#12078=CARTESIAN_POINT('Ctrl Pts',(-6.07950857582297,0.2,62.8332168256889));
#12079=CARTESIAN_POINT('Ctrl Pts',(-6.0792272522943,0.2,62.8545936019461));
#12080=CARTESIAN_POINT('Ctrl Pts',(-6.07912700623274,0.2,62.8622109442949));
#12081=CARTESIAN_POINT('Ctrl Pts',(-6.51841770857573,0.,62.7135068923235));
#12082=CARTESIAN_POINT('Ctrl Pts',(-6.51841770857573,0.2,62.7135068923235));
#12083=CARTESIAN_POINT('Ctrl Pts',(-6.43185489641792,0.,62.7239862494675));
#12084=CARTESIAN_POINT('Ctrl Pts',(-6.43185489641792,0.2,62.7239862494675));
#12085=CARTESIAN_POINT('Ctrl Pts',(-6.2838054723422,0.,62.7419092206738));
#12086=CARTESIAN_POINT('Ctrl Pts',(-6.2838054723422,0.2,62.7419092206738));
#12087=CARTESIAN_POINT('Ctrl Pts',(-6.14015219758916,0.,62.7816048872437));
#12088=CARTESIAN_POINT('Ctrl Pts',(-6.14015219758916,0.2,62.7816048872437));
#12089=CARTESIAN_POINT('Ctrl Pts',(-6.08049135655165,0.,62.7980909496546));
#12090=CARTESIAN_POINT('Ctrl Pts',(-6.08049135655165,0.2,62.7980909496546));
#12091=CARTESIAN_POINT('',(-6.51841770857573,0.,62.7135068923235));
#12092=CARTESIAN_POINT('Ctrl Pts',(-6.51841770857573,0.,62.7135068923235));
#12093=CARTESIAN_POINT('Ctrl Pts',(-6.43185489641792,0.,62.7239862494675));
#12094=CARTESIAN_POINT('Ctrl Pts',(-6.2838054723422,0.,62.7419092206738));
#12095=CARTESIAN_POINT('Ctrl Pts',(-6.14015219758916,0.,62.7816048872437));
#12096=CARTESIAN_POINT('Ctrl Pts',(-6.08049135655165,0.,62.7980909496546));
#12097=CARTESIAN_POINT('',(-6.51841770857573,0.2,62.7135068923235));
#12098=CARTESIAN_POINT('',(-6.51841770857573,0.,62.7135068923235));
#12099=CARTESIAN_POINT('Ctrl Pts',(-6.51841770857573,0.2,62.7135068923235));
#12100=CARTESIAN_POINT('Ctrl Pts',(-6.43185489641792,0.2,62.7239862494675));
#12101=CARTESIAN_POINT('Ctrl Pts',(-6.2838054723422,0.2,62.7419092206738));
#12102=CARTESIAN_POINT('Ctrl Pts',(-6.14015219758916,0.2,62.7816048872437));
#12103=CARTESIAN_POINT('Ctrl Pts',(-6.08049135655165,0.2,62.7980909496546));
#12104=CARTESIAN_POINT('Ctrl Pts',(-6.73669885843992,0.,62.676672115922));
#12105=CARTESIAN_POINT('Ctrl Pts',(-6.73669885843992,0.2,62.676672115922));
#12106=CARTESIAN_POINT('Ctrl Pts',(-6.70652774215971,0.,62.6833265064417));
#12107=CARTESIAN_POINT('Ctrl Pts',(-6.70652774215971,0.2,62.6833265064417));
#12108=CARTESIAN_POINT('Ctrl Pts',(-6.63439920410922,0.,62.6992348160762));
#12109=CARTESIAN_POINT('Ctrl Pts',(-6.63439920410922,0.2,62.6992348160762));
#12110=CARTESIAN_POINT('Ctrl Pts',(-6.56107225198573,0.,62.7082580472983));
#12111=CARTESIAN_POINT('Ctrl Pts',(-6.56107225198573,0.2,62.7082580472983));
#12112=CARTESIAN_POINT('Ctrl Pts',(-6.51841770857573,0.,62.7135068923235));
#12113=CARTESIAN_POINT('Ctrl Pts',(-6.51841770857573,0.2,62.7135068923235));
#12114=CARTESIAN_POINT('',(-6.73669885843992,0.,62.676672115922));
#12115=CARTESIAN_POINT('Ctrl Pts',(-6.73669885843992,0.,62.676672115922));
#12116=CARTESIAN_POINT('Ctrl Pts',(-6.70652774215971,0.,62.6833265064417));
#12117=CARTESIAN_POINT('Ctrl Pts',(-6.63439920410922,0.,62.6992348160762));
#12118=CARTESIAN_POINT('Ctrl Pts',(-6.56107225198573,0.,62.7082580472983));
#12119=CARTESIAN_POINT('Ctrl Pts',(-6.51841770857573,0.,62.7135068923235));
#12120=CARTESIAN_POINT('',(-6.73669885843992,0.2,62.676672115922));
#12121=CARTESIAN_POINT('',(-6.73669885843992,0.,62.676672115922));
#12122=CARTESIAN_POINT('Ctrl Pts',(-6.73669885843992,0.2,62.676672115922));
#12123=CARTESIAN_POINT('Ctrl Pts',(-6.70652774215971,0.2,62.6833265064417));
#12124=CARTESIAN_POINT('Ctrl Pts',(-6.63439920410922,0.2,62.6992348160762));
#12125=CARTESIAN_POINT('Ctrl Pts',(-6.56107225198573,0.2,62.7082580472983));
#12126=CARTESIAN_POINT('Ctrl Pts',(-6.51841770857573,0.2,62.7135068923235));
#12127=CARTESIAN_POINT('Ctrl Pts',(-6.91337000578642,0.,62.5961808115244));
#12128=CARTESIAN_POINT('Ctrl Pts',(-6.91337000578642,0.2,62.5961808115244));
#12129=CARTESIAN_POINT('Ctrl Pts',(-6.88610419414911,0.,62.6129167299702));
#12130=CARTESIAN_POINT('Ctrl Pts',(-6.88610419414911,0.2,62.6129167299702));
#12131=CARTESIAN_POINT('Ctrl Pts',(-6.83054136865843,0.,62.6470215249567));
#12132=CARTESIAN_POINT('Ctrl Pts',(-6.83054136865843,0.2,62.6470215249567));
#12133=CARTESIAN_POINT('Ctrl Pts',(-6.76836434733734,0.,62.6666670504476));
#12134=CARTESIAN_POINT('Ctrl Pts',(-6.76836434733734,0.2,62.6666670504476));
#12135=CARTESIAN_POINT('Ctrl Pts',(-6.73669885843992,0.,62.676672115922));
#12136=CARTESIAN_POINT('Ctrl Pts',(-6.73669885843992,0.2,62.676672115922));
#12137=CARTESIAN_POINT('',(-6.91337000578642,0.,62.5961808115244));
#12138=CARTESIAN_POINT('Ctrl Pts',(-6.91337000578642,0.,62.5961808115244));
#12139=CARTESIAN_POINT('Ctrl Pts',(-6.88610419414911,0.,62.6129167299702));
#12140=CARTESIAN_POINT('Ctrl Pts',(-6.83054136865843,0.,62.6470215249567));
#12141=CARTESIAN_POINT('Ctrl Pts',(-6.76836434733734,0.,62.6666670504476));
#12142=CARTESIAN_POINT('Ctrl Pts',(-6.73669885843992,0.,62.676672115922));
#12143=CARTESIAN_POINT('',(-6.91337000578642,0.2,62.5961808115244));
#12144=CARTESIAN_POINT('',(-6.91337000578642,0.,62.5961808115244));
#12145=CARTESIAN_POINT('Ctrl Pts',(-6.91337000578642,0.2,62.5961808115244));
#12146=CARTESIAN_POINT('Ctrl Pts',(-6.88610419414911,0.2,62.6129167299702));
#12147=CARTESIAN_POINT('Ctrl Pts',(-6.83054136865843,0.2,62.6470215249567));
#12148=CARTESIAN_POINT('Ctrl Pts',(-6.76836434733734,0.2,62.6666670504476));
#12149=CARTESIAN_POINT('Ctrl Pts',(-6.73669885843992,0.2,62.676672115922));
#12150=CARTESIAN_POINT('Ctrl Pts',(-7.04024579375982,0.,62.4549803882837));
#12151=CARTESIAN_POINT('Ctrl Pts',(-7.04024579375982,0.2,62.4549803882837));
#12152=CARTESIAN_POINT('Ctrl Pts',(-7.0230545341184,0.,62.4827236967382));
#12153=CARTESIAN_POINT('Ctrl Pts',(-7.0230545341184,0.2,62.4827236967382));
#12154=CARTESIAN_POINT('Ctrl Pts',(-6.98918354899033,0.,62.5373847982321));
#12155=CARTESIAN_POINT('Ctrl Pts',(-6.98918354899033,0.2,62.5373847982321));
#12156=CARTESIAN_POINT('Ctrl Pts',(-6.93838546201708,0.,62.5767804638438));
#12157=CARTESIAN_POINT('Ctrl Pts',(-6.93838546201708,0.2,62.5767804638438));
#12158=CARTESIAN_POINT('Ctrl Pts',(-6.91337000578642,0.,62.5961808115244));
#12159=CARTESIAN_POINT('Ctrl Pts',(-6.91337000578642,0.2,62.5961808115244));
#12160=CARTESIAN_POINT('',(-7.04024579375982,0.,62.4549803882837));
#12161=CARTESIAN_POINT('Ctrl Pts',(-7.04024579375982,0.,62.4549803882837));
#12162=CARTESIAN_POINT('Ctrl Pts',(-7.0230545341184,0.,62.4827236967382));
#12163=CARTESIAN_POINT('Ctrl Pts',(-6.98918354899033,0.,62.5373847982321));
#12164=CARTESIAN_POINT('Ctrl Pts',(-6.93838546201708,0.,62.5767804638438));
#12165=CARTESIAN_POINT('Ctrl Pts',(-6.91337000578642,0.,62.5961808115244));
#12166=CARTESIAN_POINT('',(-7.04024579375982,0.2,62.4549803882837));
#12167=CARTESIAN_POINT('',(-7.04024579375982,0.,62.4549803882837));
#12168=CARTESIAN_POINT('Ctrl Pts',(-7.04024579375982,0.2,62.4549803882837));
#12169=CARTESIAN_POINT('Ctrl Pts',(-7.0230545341184,0.2,62.4827236967382));
#12170=CARTESIAN_POINT('Ctrl Pts',(-6.98918354899033,0.2,62.5373847982321));
#12171=CARTESIAN_POINT('Ctrl Pts',(-6.93838546201708,0.2,62.5767804638438));
#12172=CARTESIAN_POINT('Ctrl Pts',(-6.91337000578642,0.2,62.5961808115244));
#12173=CARTESIAN_POINT('Ctrl Pts',(-7.08867695182562,0.,62.2605738788843));
#12174=CARTESIAN_POINT('Ctrl Pts',(-7.08867695182562,0.2,62.2605738788843));
#12175=CARTESIAN_POINT('Ctrl Pts',(-7.08678396173118,0.,62.2950480648023));
#12176=CARTESIAN_POINT('Ctrl Pts',(-7.08678396173118,0.2,62.2950480648023));
#12177=CARTESIAN_POINT('Ctrl Pts',(-7.08305442416235,0.,62.3629685319584));
#12178=CARTESIAN_POINT('Ctrl Pts',(-7.08305442416235,0.2,62.3629685319584));
#12179=CARTESIAN_POINT('Ctrl Pts',(-7.05437063760204,0.,62.4246207834562));
#12180=CARTESIAN_POINT('Ctrl Pts',(-7.05437063760204,0.2,62.4246207834562));
#12181=CARTESIAN_POINT('Ctrl Pts',(-7.04024579375982,0.,62.4549803882837));
#12182=CARTESIAN_POINT('Ctrl Pts',(-7.04024579375982,0.2,62.4549803882837));
#12183=CARTESIAN_POINT('',(-7.08867695182562,0.,62.2605738788843));
#12184=CARTESIAN_POINT('Ctrl Pts',(-7.08867695182562,0.,62.2605738788843));
#12185=CARTESIAN_POINT('Ctrl Pts',(-7.08678396173118,0.,62.2950480648023));
#12186=CARTESIAN_POINT('Ctrl Pts',(-7.08305442416235,0.,62.3629685319584));
#12187=CARTESIAN_POINT('Ctrl Pts',(-7.05437063760204,0.,62.4246207834562));
#12188=CARTESIAN_POINT('Ctrl Pts',(-7.04024579375982,0.,62.4549803882837));
#12189=CARTESIAN_POINT('',(-7.08867695182562,0.2,62.2605738788843));
#12190=CARTESIAN_POINT('',(-7.08867695182562,0.,62.2605738788843));
#12191=CARTESIAN_POINT('Ctrl Pts',(-7.08867695182562,0.2,62.2605738788843));
#12192=CARTESIAN_POINT('Ctrl Pts',(-7.08678396173118,0.2,62.2950480648023));
#12193=CARTESIAN_POINT('Ctrl Pts',(-7.08305442416235,0.2,62.3629685319584));
#12194=CARTESIAN_POINT('Ctrl Pts',(-7.05437063760204,0.2,62.4246207834562));
#12195=CARTESIAN_POINT('Ctrl Pts',(-7.04024579375982,0.2,62.4549803882837));
#12196=CARTESIAN_POINT('Ctrl Pts',(-6.96043681353331,0.,61.9624838978052));
#12197=CARTESIAN_POINT('Ctrl Pts',(-6.96043681353331,0.2,61.9624838978052));
#12198=CARTESIAN_POINT('Ctrl Pts',(-6.99783842312295,0.,62.0044491994728));
#12199=CARTESIAN_POINT('Ctrl Pts',(-6.99783842312295,0.2,62.0044491994728));
#12200=CARTESIAN_POINT('Ctrl Pts',(-7.07362680076363,0.,62.0894851689268));
#12201=CARTESIAN_POINT('Ctrl Pts',(-7.07362680076363,0.2,62.0894851689268));
#12202=CARTESIAN_POINT('Ctrl Pts',(-7.0836169481405,0.,62.2030522301445));
#12203=CARTESIAN_POINT('Ctrl Pts',(-7.0836169481405,0.2,62.2030522301445));
#12204=CARTESIAN_POINT('Ctrl Pts',(-7.08867695182562,0.,62.2605738788843));
#12205=CARTESIAN_POINT('Ctrl Pts',(-7.08867695182562,0.2,62.2605738788843));
#12206=CARTESIAN_POINT('',(-6.96043681353331,0.,61.9624838978052));
#12207=CARTESIAN_POINT('Ctrl Pts',(-6.96043681353331,0.,61.9624838978052));
#12208=CARTESIAN_POINT('Ctrl Pts',(-6.99783842312295,0.,62.0044491994728));
#12209=CARTESIAN_POINT('Ctrl Pts',(-7.07362680076363,0.,62.0894851689268));
#12210=CARTESIAN_POINT('Ctrl Pts',(-7.0836169481405,0.,62.2030522301445));
#12211=CARTESIAN_POINT('Ctrl Pts',(-7.08867695182562,0.,62.2605738788843));
#12212=CARTESIAN_POINT('',(-6.96043681353331,0.2,61.9624838978052));
#12213=CARTESIAN_POINT('',(-6.96043681353331,0.,61.9624838978052));
#12214=CARTESIAN_POINT('Ctrl Pts',(-6.96043681353331,0.2,61.9624838978052));
#12215=CARTESIAN_POINT('Ctrl Pts',(-6.99783842312295,0.2,62.0044491994728));
#12216=CARTESIAN_POINT('Ctrl Pts',(-7.07362680076363,0.2,62.0894851689268));
#12217=CARTESIAN_POINT('Ctrl Pts',(-7.0836169481405,0.2,62.2030522301445));
#12218=CARTESIAN_POINT('Ctrl Pts',(-7.08867695182562,0.2,62.2605738788843));
#12219=CARTESIAN_POINT('Ctrl Pts',(-6.5934519097209,0.,61.8458399921656));
#12220=CARTESIAN_POINT('Ctrl Pts',(-6.5934519097209,0.2,61.8458399921656));
#12221=CARTESIAN_POINT('Ctrl Pts',(-6.6661151624073,0.,61.8487482225371));
#12222=CARTESIAN_POINT('Ctrl Pts',(-6.6661151624073,0.2,61.8487482225371));
#12223=CARTESIAN_POINT('Ctrl Pts',(-6.79971862311341,0.,61.8540954871833));
#12224=CARTESIAN_POINT('Ctrl Pts',(-6.79971862311341,0.2,61.8540954871833));
#12225=CARTESIAN_POINT('Ctrl Pts',(-6.91009233292961,0.,61.9285315603506));
#12226=CARTESIAN_POINT('Ctrl Pts',(-6.91009233292961,0.2,61.9285315603506));
#12227=CARTESIAN_POINT('Ctrl Pts',(-6.96043681353331,0.,61.9624838978052));
#12228=CARTESIAN_POINT('Ctrl Pts',(-6.96043681353331,0.2,61.9624838978052));
#12229=CARTESIAN_POINT('',(-6.5934519097209,0.,61.8458399921656));
#12230=CARTESIAN_POINT('Ctrl Pts',(-6.5934519097209,0.,61.8458399921656));
#12231=CARTESIAN_POINT('Ctrl Pts',(-6.6661151624073,0.,61.8487482225371));
#12232=CARTESIAN_POINT('Ctrl Pts',(-6.79971862311341,0.,61.8540954871833));
#12233=CARTESIAN_POINT('Ctrl Pts',(-6.91009233292961,0.,61.9285315603506));
#12234=CARTESIAN_POINT('Ctrl Pts',(-6.96043681353331,0.,61.9624838978052));
#12235=CARTESIAN_POINT('',(-6.5934519097209,0.2,61.8458399921656));
#12236=CARTESIAN_POINT('',(-6.5934519097209,0.,61.8458399921656));
#12237=CARTESIAN_POINT('Ctrl Pts',(-6.5934519097209,0.2,61.8458399921656));
#12238=CARTESIAN_POINT('Ctrl Pts',(-6.6661151624073,0.2,61.8487482225371));
#12239=CARTESIAN_POINT('Ctrl Pts',(-6.79971862311341,0.2,61.8540954871833));
#12240=CARTESIAN_POINT('Ctrl Pts',(-6.91009233292961,0.2,61.9285315603506));
#12241=CARTESIAN_POINT('Ctrl Pts',(-6.96043681353331,0.2,61.9624838978052));
#12242=CARTESIAN_POINT('Ctrl Pts',(-6.3226468488574,0.,61.8935886770487));
#12243=CARTESIAN_POINT('Ctrl Pts',(-6.3226468488574,0.2,61.8935886770487));
#12244=CARTESIAN_POINT('Ctrl Pts',(-6.36589236374121,0.,61.8796634308051));
#12245=CARTESIAN_POINT('Ctrl Pts',(-6.36589236374121,0.2,61.8796634308051));
#12246=CARTESIAN_POINT('Ctrl Pts',(-6.45394687873256,0.,61.8513094891905));
#12247=CARTESIAN_POINT('Ctrl Pts',(-6.45394687873256,0.2,61.8513094891905));
#12248=CARTESIAN_POINT('Ctrl Pts',(-6.54640301940736,0.,61.8476846121321));
#12249=CARTESIAN_POINT('Ctrl Pts',(-6.54640301940736,0.2,61.8476846121321));
#12250=CARTESIAN_POINT('Ctrl Pts',(-6.5934519097209,0.,61.8458399921656));
#12251=CARTESIAN_POINT('Ctrl Pts',(-6.5934519097209,0.2,61.8458399921656));
#12252=CARTESIAN_POINT('',(-6.3226468488574,0.,61.8935886770487));
#12253=CARTESIAN_POINT('Ctrl Pts',(-6.3226468488574,0.,61.8935886770487));
#12254=CARTESIAN_POINT('Ctrl Pts',(-6.36589236374121,0.,61.8796634308051));
#12255=CARTESIAN_POINT('Ctrl Pts',(-6.45394687873256,0.,61.8513094891905));
#12256=CARTESIAN_POINT('Ctrl Pts',(-6.54640301940736,0.,61.8476846121321));
#12257=CARTESIAN_POINT('Ctrl Pts',(-6.5934519097209,0.,61.8458399921656));
#12258=CARTESIAN_POINT('',(-6.3226468488574,0.2,61.8935886770487));
#12259=CARTESIAN_POINT('',(-6.3226468488574,0.,61.8935886770487));
#12260=CARTESIAN_POINT('Ctrl Pts',(-6.3226468488574,0.2,61.8935886770487));
#12261=CARTESIAN_POINT('Ctrl Pts',(-6.36589236374121,0.2,61.8796634308051));
#12262=CARTESIAN_POINT('Ctrl Pts',(-6.45394687873256,0.2,61.8513094891905));
#12263=CARTESIAN_POINT('Ctrl Pts',(-6.54640301940736,0.2,61.8476846121321));
#12264=CARTESIAN_POINT('Ctrl Pts',(-6.5934519097209,0.2,61.8458399921656));
#12265=CARTESIAN_POINT('Ctrl Pts',(-6.06002759188414,0.,62.0572993904352));
#12266=CARTESIAN_POINT('Ctrl Pts',(-6.06002759188414,0.2,62.0572993904352));
#12267=CARTESIAN_POINT('Ctrl Pts',(-6.10332762595169,0.,62.0221791788788));
#12268=CARTESIAN_POINT('Ctrl Pts',(-6.10332762595169,0.2,62.0221791788788));
#12269=CARTESIAN_POINT('Ctrl Pts',(-6.18412546343379,0.,61.9566448852741));
#12270=CARTESIAN_POINT('Ctrl Pts',(-6.18412546343379,0.2,61.9566448852741));
#12271=CARTESIAN_POINT('Ctrl Pts',(-6.27873781180452,0.,61.9135764744196));
#12272=CARTESIAN_POINT('Ctrl Pts',(-6.27873781180452,0.2,61.9135764744196));
#12273=CARTESIAN_POINT('Ctrl Pts',(-6.3226468488574,0.,61.8935886770487));
#12274=CARTESIAN_POINT('Ctrl Pts',(-6.3226468488574,0.2,61.8935886770487));
#12275=CARTESIAN_POINT('',(-6.06002759188414,0.,62.0572993904352));
#12276=CARTESIAN_POINT('Ctrl Pts',(-6.06002759188414,0.,62.0572993904352));
#12277=CARTESIAN_POINT('Ctrl Pts',(-6.10332762595169,0.,62.0221791788788));
#12278=CARTESIAN_POINT('Ctrl Pts',(-6.18412546343379,0.,61.9566448852741));
#12279=CARTESIAN_POINT('Ctrl Pts',(-6.27873781180452,0.,61.9135764744196));
#12280=CARTESIAN_POINT('Ctrl Pts',(-6.3226468488574,0.,61.8935886770487));
#12281=CARTESIAN_POINT('',(-6.06002759188414,0.2,62.0572993904352));
#12282=CARTESIAN_POINT('',(-6.06002759188414,0.,62.0572993904352));
#12283=CARTESIAN_POINT('Ctrl Pts',(-6.06002759188414,0.2,62.0572993904352));
#12284=CARTESIAN_POINT('Ctrl Pts',(-6.10332762595169,0.2,62.0221791788788));
#12285=CARTESIAN_POINT('Ctrl Pts',(-6.18412546343379,0.2,61.9566448852741));
#12286=CARTESIAN_POINT('Ctrl Pts',(-6.27873781180452,0.2,61.9135764744196));
#12287=CARTESIAN_POINT('Ctrl Pts',(-6.3226468488574,0.2,61.8935886770487));
#12288=CARTESIAN_POINT('Ctrl Pts',(-6.01091425865889,0.,61.8785820156336));
#12289=CARTESIAN_POINT('Ctrl Pts',(-6.01091425865889,0.2,61.8785820156336));
#12290=CARTESIAN_POINT('Ctrl Pts',(-6.02258418807458,0.,61.9058699263289));
#12291=CARTESIAN_POINT('Ctrl Pts',(-6.02258418807458,0.2,61.9058699263289));
#12292=CARTESIAN_POINT('Ctrl Pts',(-6.0470890153667,0.,61.9631698049255));
#12293=CARTESIAN_POINT('Ctrl Pts',(-6.0470890153667,0.2,61.9631698049255));
#12294=CARTESIAN_POINT('Ctrl Pts',(-6.05558017542571,0.,62.0249439402621));
#12295=CARTESIAN_POINT('Ctrl Pts',(-6.05558017542571,0.2,62.0249439402621));
#12296=CARTESIAN_POINT('Ctrl Pts',(-6.06002759188414,0.,62.0572993904352));
#12297=CARTESIAN_POINT('Ctrl Pts',(-6.06002759188414,0.2,62.0572993904352));
#12298=CARTESIAN_POINT('Ctrl Pts',(-6.01091425865889,0.,61.8785820156336));
#12299=CARTESIAN_POINT('Ctrl Pts',(-6.02258418807458,0.,61.9058699263289));
#12300=CARTESIAN_POINT('Ctrl Pts',(-6.0470890153667,0.,61.9631698049255));
#12301=CARTESIAN_POINT('Ctrl Pts',(-6.05558017542571,0.,62.0249439402621));
#12302=CARTESIAN_POINT('Ctrl Pts',(-6.06002759188414,0.,62.0572993904352));
#12303=CARTESIAN_POINT('Ctrl Pts',(-6.01091425865889,0.2,61.8785820156336));
#12304=CARTESIAN_POINT('Ctrl Pts',(-6.02258418807458,0.2,61.9058699263289));
#12305=CARTESIAN_POINT('Ctrl Pts',(-6.0470890153667,0.2,61.9631698049255));
#12306=CARTESIAN_POINT('Ctrl Pts',(-6.05558017542571,0.2,62.0249439402621));
#12307=CARTESIAN_POINT('Ctrl Pts',(-6.06002759188414,0.2,62.0572993904352));
#12308=CARTESIAN_POINT('Origin',(-3.69099596515298,0.2,64.1616652905941));
#12309=CARTESIAN_POINT('Origin',(-8.71896330267191,0.,62.8212831169367));
#12310=CARTESIAN_POINT('',(-8.71896330267191,0.,62.8212831169367));
#12311=CARTESIAN_POINT('',(-8.71896330267191,0.,61.8785820156336));
#12312=CARTESIAN_POINT('',(-8.71896330267191,0.,53.8481415584683));
#12313=CARTESIAN_POINT('',(-8.71896330267191,0.2,62.8212831169367));
#12314=CARTESIAN_POINT('',(-8.71896330267191,0.,62.8212831169367));
#12315=CARTESIAN_POINT('',(-8.71896330267191,0.2,61.8785820156336));
#12316=CARTESIAN_POINT('',(-8.71896330267191,0.2,62.8212831169367));
#12317=CARTESIAN_POINT('',(-8.71896330267191,0.,61.8785820156336));
#12318=CARTESIAN_POINT('Origin',(-7.67939981073141,0.,62.8212831169367));
#12319=CARTESIAN_POINT('',(-7.67939981073141,0.,62.8212831169367));
#12320=CARTESIAN_POINT('',(10.8928000946343,0.,62.8212831169367));
#12321=CARTESIAN_POINT('',(-7.67939981073141,0.2,62.8212831169367));
#12322=CARTESIAN_POINT('',(-7.67939981073141,0.,62.8212831169367));
#12323=CARTESIAN_POINT('',(-7.67939981073141,0.2,62.8212831169367));
#12324=CARTESIAN_POINT('Origin',(-7.67939981073141,0.,61.8785820156336));
#12325=CARTESIAN_POINT('',(-7.67939981073141,0.,61.8785820156336));
#12326=CARTESIAN_POINT('',(-7.67939981073141,0.,53.3767910078168));
#12327=CARTESIAN_POINT('',(-7.67939981073141,0.2,61.8785820156336));
#12328=CARTESIAN_POINT('',(-7.67939981073141,0.,61.8785820156336));
#12329=CARTESIAN_POINT('',(-7.67939981073141,0.2,61.8785820156336));
#12330=CARTESIAN_POINT('Origin',(-7.41473402827978,0.,61.8785820156336));
#12331=CARTESIAN_POINT('',(-7.41473402827978,0.,61.8785820156336));
#12332=CARTESIAN_POINT('',(11.0251329858601,0.,61.8785820156336));
#12333=CARTESIAN_POINT('',(-7.41473402827978,0.2,61.8785820156336));
#12334=CARTESIAN_POINT('',(-7.41473402827978,0.,61.8785820156336));
#12335=CARTESIAN_POINT('',(-7.41473402827978,0.2,61.8785820156336));
#12336=CARTESIAN_POINT('Origin',(-7.41473402827978,0.,63.8785818964243));
#12337=CARTESIAN_POINT('',(-7.41473402827978,0.,63.8785818964243));
#12338=CARTESIAN_POINT('',(-7.41473402827978,0.,54.3767909482121));
#12339=CARTESIAN_POINT('',(-7.41473402827978,0.2,63.8785818964243));
#12340=CARTESIAN_POINT('',(-7.41473402827978,0.,63.8785818964243));
#12341=CARTESIAN_POINT('',(-7.41473402827978,0.2,63.8785818964243));
#12342=CARTESIAN_POINT('Origin',(-7.67939981073141,0.,63.8785818964243));
#12343=CARTESIAN_POINT('',(-7.67939981073141,0.,63.8785818964243));
#12344=CARTESIAN_POINT('',(10.8928000946343,0.,63.8785818964243));
#12345=CARTESIAN_POINT('',(-7.67939981073141,0.2,63.8785818964243));
#12346=CARTESIAN_POINT('',(-7.67939981073141,0.,63.8785818964243));
#12347=CARTESIAN_POINT('',(-7.67939981073141,0.2,63.8785818964243));
#12348=CARTESIAN_POINT('Origin',(-7.67939981073141,0.,63.0572996288538));
#12349=CARTESIAN_POINT('',(-7.67939981073141,0.,63.0572996288538));
#12350=CARTESIAN_POINT('',(-7.67939981073141,0.,53.9661498144269));
#12351=CARTESIAN_POINT('',(-7.67939981073141,0.2,63.0572996288538));
#12352=CARTESIAN_POINT('',(-7.67939981073141,0.,63.0572996288538));
#12353=CARTESIAN_POINT('',(-7.67939981073141,0.2,63.0572996288538));
#12354=CARTESIAN_POINT('Origin',(-8.71896330267191,0.,63.0572996288538));
#12355=CARTESIAN_POINT('',(-8.71896330267191,0.,63.0572996288538));
#12356=CARTESIAN_POINT('',(10.373018348664,0.,63.0572996288538));
#12357=CARTESIAN_POINT('',(-8.71896330267191,0.2,63.0572996288538));
#12358=CARTESIAN_POINT('',(-8.71896330267191,0.,63.0572996288538));
#12359=CARTESIAN_POINT('',(-8.71896330267191,0.2,63.0572996288538));
#12360=CARTESIAN_POINT('Origin',(-8.71896330267191,0.,63.8785818964243));
#12361=CARTESIAN_POINT('',(-8.71896330267191,0.,63.8785818964243));
#12362=CARTESIAN_POINT('',(-8.71896330267191,0.,54.3767909482121));
#12363=CARTESIAN_POINT('',(-8.71896330267191,0.2,63.8785818964243));
#12364=CARTESIAN_POINT('',(-8.71896330267191,0.,63.8785818964243));
#12365=CARTESIAN_POINT('',(-8.71896330267191,0.2,63.8785818964243));
#12366=CARTESIAN_POINT('Origin',(-8.98362904787064,0.,63.8785818964243));
#12367=CARTESIAN_POINT('',(-8.98362904787064,0.,63.8785818964243));
#12368=CARTESIAN_POINT('',(10.2406854760647,0.,63.8785818964243));
#12369=CARTESIAN_POINT('',(-8.98362904787064,0.2,63.8785818964243));
#12370=CARTESIAN_POINT('',(-8.98362904787064,0.,63.8785818964243));
#12371=CARTESIAN_POINT('',(-8.98362904787064,0.2,63.8785818964243));
#12372=CARTESIAN_POINT('Origin',(-8.98362904787064,0.,61.8785820156336));
#12373=CARTESIAN_POINT('',(-8.98362904787064,0.,61.8785820156336));
#12374=CARTESIAN_POINT('',(-8.98362904787064,0.,53.3767910078168));
#12375=CARTESIAN_POINT('',(-8.98362904787064,0.2,61.8785820156336));
#12376=CARTESIAN_POINT('',(-8.98362904787064,0.,61.8785820156336));
#12377=CARTESIAN_POINT('',(-8.98362904787064,0.2,61.8785820156336));
#12378=CARTESIAN_POINT('Origin',(-8.71896330267191,0.,61.8785820156336));
#12379=CARTESIAN_POINT('',(10.373018348664,0.,61.8785820156336));
#12380=CARTESIAN_POINT('',(-8.71896330267191,0.2,61.8785820156336));
#12381=CARTESIAN_POINT('Origin',(-3.69099596515298,0.2,64.1616652905941));
#12382=CARTESIAN_POINT('Ctrl Pts',(-4.79740809649229,0.,65.227831825614));
#12383=CARTESIAN_POINT('Ctrl Pts',(-4.79740809649229,0.2,65.227831825614));
#12384=CARTESIAN_POINT('Ctrl Pts',(-4.78569190068096,0.,65.2226781533278));
#12385=CARTESIAN_POINT('Ctrl Pts',(-4.78569190068096,0.2,65.2226781533278));
#12386=CARTESIAN_POINT('Ctrl Pts',(-4.75905011852401,0.,65.2109590751757));
#12387=CARTESIAN_POINT('Ctrl Pts',(-4.75905011852401,0.2,65.2109590751757));
#12388=CARTESIAN_POINT('Ctrl Pts',(-4.72985965451166,0.,65.2104062013338));
#12389=CARTESIAN_POINT('Ctrl Pts',(-4.72985965451166,0.2,65.2104062013338));
#12390=CARTESIAN_POINT('Ctrl Pts',(-4.71350621432066,0.,65.2100964635611));
#12391=CARTESIAN_POINT('Ctrl Pts',(-4.71350621432066,0.2,65.2100964635611));
#12392=CARTESIAN_POINT('',(-4.79740809649229,0.,65.227831825614));
#12393=CARTESIAN_POINT('',(-4.71350621432066,0.,65.2100964635611));
#12394=CARTESIAN_POINT('Ctrl Pts',(-4.79740809649229,0.,65.227831825614));
#12395=CARTESIAN_POINT('Ctrl Pts',(-4.78569190068096,0.,65.2226781533278));
#12396=CARTESIAN_POINT('Ctrl Pts',(-4.75905011852401,0.,65.2109590751757));
#12397=CARTESIAN_POINT('Ctrl Pts',(-4.72985965451166,0.,65.2104062013338));
#12398=CARTESIAN_POINT('Ctrl Pts',(-4.71350621432066,0.,65.2100964635611));
#12399=CARTESIAN_POINT('',(-4.79740809649229,0.2,65.227831825614));
#12400=CARTESIAN_POINT('',(-4.79740809649229,0.,65.227831825614));
#12401=CARTESIAN_POINT('',(-4.71350621432066,0.2,65.2100964635611));
#12402=CARTESIAN_POINT('Ctrl Pts',(-4.79740809649229,0.2,65.227831825614));
#12403=CARTESIAN_POINT('Ctrl Pts',(-4.78569190068096,0.2,65.2226781533278));
#12404=CARTESIAN_POINT('Ctrl Pts',(-4.75905011852401,0.2,65.2109590751757));
#12405=CARTESIAN_POINT('Ctrl Pts',(-4.72985965451166,0.2,65.2104062013338));
#12406=CARTESIAN_POINT('Ctrl Pts',(-4.71350621432066,0.2,65.2100964635611));
#12407=CARTESIAN_POINT('',(-4.71350621432066,0.,65.2100964635611));
#12408=CARTESIAN_POINT('Ctrl Pts',(-4.83969997614622,0.,65.2755808085203));
#12409=CARTESIAN_POINT('Ctrl Pts',(-4.83969997614622,0.2,65.2755808085203));
#12410=CARTESIAN_POINT('Ctrl Pts',(-4.83463689535918,0.,65.2660514249094));
#12411=CARTESIAN_POINT('Ctrl Pts',(-4.83463689535918,0.2,65.2660514249094));
#12412=CARTESIAN_POINT('Ctrl Pts',(-4.82438033150765,0.,65.2467472234594));
#12413=CARTESIAN_POINT('Ctrl Pts',(-4.82438033150765,0.2,65.2467472234594));
#12414=CARTESIAN_POINT('Ctrl Pts',(-4.80647472564397,0.,65.2341901751324));
#12415=CARTESIAN_POINT('Ctrl Pts',(-4.80647472564397,0.2,65.2341901751324));
#12416=CARTESIAN_POINT('Ctrl Pts',(-4.79740809649229,0.,65.227831825614));
#12417=CARTESIAN_POINT('Ctrl Pts',(-4.79740809649229,0.2,65.227831825614));
#12418=CARTESIAN_POINT('',(-4.83969997614622,0.,65.2755808085203));
#12419=CARTESIAN_POINT('Ctrl Pts',(-4.83969997614622,0.,65.2755808085203));
#12420=CARTESIAN_POINT('Ctrl Pts',(-4.83463689535918,0.,65.2660514249094));
#12421=CARTESIAN_POINT('Ctrl Pts',(-4.82438033150765,0.,65.2467472234594));
#12422=CARTESIAN_POINT('Ctrl Pts',(-4.80647472564397,0.,65.2341901751324));
#12423=CARTESIAN_POINT('Ctrl Pts',(-4.79740809649229,0.,65.227831825614));
#12424=CARTESIAN_POINT('',(-4.83969997614622,0.2,65.2755808085203));
#12425=CARTESIAN_POINT('',(-4.83969997614622,0.,65.2755808085203));
#12426=CARTESIAN_POINT('Ctrl Pts',(-4.83969997614622,0.2,65.2755808085203));
#12427=CARTESIAN_POINT('Ctrl Pts',(-4.83463689535918,0.2,65.2660514249094));
#12428=CARTESIAN_POINT('Ctrl Pts',(-4.82438033150765,0.2,65.2467472234594));
#12429=CARTESIAN_POINT('Ctrl Pts',(-4.80647472564397,0.2,65.2341901751324));
#12430=CARTESIAN_POINT('Ctrl Pts',(-4.79740809649229,0.2,65.227831825614));
#12431=CARTESIAN_POINT('Ctrl Pts',(-4.85266041010618,0.,65.4106421023607));
#12432=CARTESIAN_POINT('Ctrl Pts',(-4.85266041010618,0.2,65.4106421023607));
#12433=CARTESIAN_POINT('Ctrl Pts',(-4.85302265693797,0.,65.3817093287824));
#12434=CARTESIAN_POINT('Ctrl Pts',(-4.85302265693797,0.2,65.3817093287824));
#12435=CARTESIAN_POINT('Ctrl Pts',(-4.85359353149413,0.,65.3361133902531));
#12436=CARTESIAN_POINT('Ctrl Pts',(-4.85359353149413,0.2,65.3361133902531));
#12437=CARTESIAN_POINT('Ctrl Pts',(-4.84341847820579,0.,65.2917818833502));
#12438=CARTESIAN_POINT('Ctrl Pts',(-4.84341847820579,0.2,65.2917818833502));
#12439=CARTESIAN_POINT('Ctrl Pts',(-4.83969997614622,0.,65.2755808085203));
#12440=CARTESIAN_POINT('Ctrl Pts',(-4.83969997614622,0.2,65.2755808085203));
#12441=CARTESIAN_POINT('',(-4.85266041010618,0.,65.4106421023607));
#12442=CARTESIAN_POINT('Ctrl Pts',(-4.85266041010618,0.,65.4106421023607));
#12443=CARTESIAN_POINT('Ctrl Pts',(-4.85302265693797,0.,65.3817093287824));
#12444=CARTESIAN_POINT('Ctrl Pts',(-4.85359353149413,0.,65.3361133902531));
#12445=CARTESIAN_POINT('Ctrl Pts',(-4.84341847820579,0.,65.2917818833502));
#12446=CARTESIAN_POINT('Ctrl Pts',(-4.83969997614622,0.,65.2755808085203));
#12447=CARTESIAN_POINT('',(-4.85266041010618,0.2,65.4106421023607));
#12448=CARTESIAN_POINT('',(-4.85266041010618,0.,65.4106421023607));
#12449=CARTESIAN_POINT('Ctrl Pts',(-4.85266041010618,0.2,65.4106421023607));
#12450=CARTESIAN_POINT('Ctrl Pts',(-4.85302265693797,0.2,65.3817093287824));
#12451=CARTESIAN_POINT('Ctrl Pts',(-4.85359353149413,0.2,65.3361133902531));
#12452=CARTESIAN_POINT('Ctrl Pts',(-4.84341847820579,0.2,65.2917818833502));
#12453=CARTESIAN_POINT('Ctrl Pts',(-4.83969997614622,0.2,65.2755808085203));
#12454=CARTESIAN_POINT('Origin',(-4.85266041010618,0.,66.2578453868628));
#12455=CARTESIAN_POINT('',(-4.85266041010618,0.,66.2578453868628));
#12456=CARTESIAN_POINT('',(-4.85266041010618,0.,55.5664226934314));
#12457=CARTESIAN_POINT('',(-4.85266041010618,0.2,66.2578453868628));
#12458=CARTESIAN_POINT('',(-4.85266041010618,0.,66.2578453868628));
#12459=CARTESIAN_POINT('',(-4.85266041010618,0.2,66.2578453868628));
#12460=CARTESIAN_POINT('Origin',(-4.60572998970747,0.,66.2578453868628));
#12461=CARTESIAN_POINT('',(-4.60572998970747,0.,66.2578453868628));
#12462=CARTESIAN_POINT('',(12.4296350051463,0.,66.2578453868628));
#12463=CARTESIAN_POINT('',(-4.60572998970747,0.2,66.2578453868628));
#12464=CARTESIAN_POINT('',(-4.60572998970747,0.,66.2578453868628));
#12465=CARTESIAN_POINT('',(-4.60572998970747,0.2,66.2578453868628));
#12466=CARTESIAN_POINT('Origin',(-4.60572998970747,0.,66.4488413184881));
#12467=CARTESIAN_POINT('',(-4.60572998970747,0.,66.4488413184881));
#12468=CARTESIAN_POINT('',(-4.60572998970747,0.,55.6619206592441));
#12469=CARTESIAN_POINT('',(-4.60572998970747,0.2,66.4488413184881));
#12470=CARTESIAN_POINT('',(-4.60572998970747,0.,66.4488413184881));
#12471=CARTESIAN_POINT('',(-4.60572998970747,0.2,66.4488413184881));
#12472=CARTESIAN_POINT('Origin',(-4.85266041010618,0.,66.4488413184881));
#12473=CARTESIAN_POINT('',(-4.85266041010618,0.,66.4488413184881));
#12474=CARTESIAN_POINT('',(12.3061697949469,0.,66.4488413184881));
#12475=CARTESIAN_POINT('',(-4.85266041010618,0.2,66.4488413184881));
#12476=CARTESIAN_POINT('',(-4.85266041010618,0.,66.4488413184881));
#12477=CARTESIAN_POINT('',(-4.85266041010618,0.2,66.4488413184881));
#12478=CARTESIAN_POINT('Origin',(-4.85266041010618,0.,66.9549805670977));
#12479=CARTESIAN_POINT('',(-4.85266041010618,0.,66.9549805670977));
#12480=CARTESIAN_POINT('',(-4.85266041010618,0.,55.9149902835488));
#12481=CARTESIAN_POINT('',(-4.85266041010618,0.2,66.9549805670977));
#12482=CARTESIAN_POINT('',(-4.85266041010618,0.,66.9549805670977));
#12483=CARTESIAN_POINT('',(-4.85266041010618,0.2,66.9549805670977));
#12484=CARTESIAN_POINT('Origin',(-5.0968624278903,0.,66.8076408654451));
#12485=CARTESIAN_POINT('',(-5.0968624278903,0.,66.8076408654451));
#12486=CARTESIAN_POINT('',(2.72140961808254,0.,71.5248085659605));
#12487=CARTESIAN_POINT('',(-5.0968624278903,0.2,66.8076408654451));
#12488=CARTESIAN_POINT('',(-5.0968624278903,0.,66.8076408654451));
#12489=CARTESIAN_POINT('',(-5.0968624278903,0.2,66.8076408654451));
#12490=CARTESIAN_POINT('Origin',(-5.0968624278903,0.,66.4488413184881));
#12491=CARTESIAN_POINT('',(-5.0968624278903,0.,66.4488413184881));
#12492=CARTESIAN_POINT('',(-5.0968624278903,0.,55.6619206592441));
#12493=CARTESIAN_POINT('',(-5.0968624278903,0.2,66.4488413184881));
#12494=CARTESIAN_POINT('',(-5.0968624278903,0.,66.4488413184881));
#12495=CARTESIAN_POINT('',(-5.0968624278903,0.2,66.4488413184881));
#12496=CARTESIAN_POINT('Origin',(-5.27694415301085,0.,66.4488413184881));
#12497=CARTESIAN_POINT('',(-5.27694415301085,0.,66.4488413184881));
#12498=CARTESIAN_POINT('',(12.0940279234946,0.,66.4488413184881));
#12499=CARTESIAN_POINT('',(-5.27694415301085,0.2,66.4488413184881));
#12500=CARTESIAN_POINT('',(-5.27694415301085,0.,66.4488413184881));
#12501=CARTESIAN_POINT('',(-5.27694415301085,0.2,66.4488413184881));
#12502=CARTESIAN_POINT('Origin',(-5.27694415301085,0.,66.2578453868628));
#12503=CARTESIAN_POINT('',(-5.27694415301085,0.,66.2578453868628));
#12504=CARTESIAN_POINT('',(-5.27694415301085,0.,55.5664226934314));
#12505=CARTESIAN_POINT('',(-5.27694415301085,0.2,66.2578453868628));
#12506=CARTESIAN_POINT('',(-5.27694415301085,0.,66.2578453868628));
#12507=CARTESIAN_POINT('',(-5.27694415301085,0.2,66.2578453868628));
#12508=CARTESIAN_POINT('Origin',(-5.0968624278903,0.,66.2578453868628));
#12509=CARTESIAN_POINT('',(-5.0968624278903,0.,66.2578453868628));
#12510=CARTESIAN_POINT('',(12.1840687860548,0.,66.2578453868628));
#12511=CARTESIAN_POINT('',(-5.0968624278903,0.2,66.2578453868628));
#12512=CARTESIAN_POINT('',(-5.0968624278903,0.,66.2578453868628));
#12513=CARTESIAN_POINT('',(-5.0968624278903,0.2,66.2578453868628));
#12514=CARTESIAN_POINT('Origin',(-5.0968624278903,0.,65.4242847114801));
#12515=CARTESIAN_POINT('',(-5.0968624278903,0.,65.4242847114801));
#12516=CARTESIAN_POINT('',(-5.0968624278903,0.,55.1496423557401));
#12517=CARTESIAN_POINT('',(-5.0968624278903,0.2,65.4242847114801));
#12518=CARTESIAN_POINT('',(-5.0968624278903,0.,65.4242847114801));
#12519=CARTESIAN_POINT('',(-5.0968624278903,0.2,65.4242847114801));
#12520=CARTESIAN_POINT('Ctrl Pts',(-5.06684880703688,0.,65.134380236268));
#12521=CARTESIAN_POINT('Ctrl Pts',(-5.06684880703688,0.2,65.134380236268));
#12522=CARTESIAN_POINT('Ctrl Pts',(-5.07547538539377,0.,65.1698811673396));
#12523=CARTESIAN_POINT('Ctrl Pts',(-5.07547538539377,0.2,65.1698811673396));
#12524=CARTESIAN_POINT('Ctrl Pts',(-5.09856030689589,0.,65.2648824729712));
#12525=CARTESIAN_POINT('Ctrl Pts',(-5.09856030689589,0.2,65.2648824729712));
#12526=CARTESIAN_POINT('Ctrl Pts',(-5.09751630062919,0.,65.3628970755319));
#12527=CARTESIAN_POINT('Ctrl Pts',(-5.09751630062919,0.2,65.3628970755319));
#12528=CARTESIAN_POINT('Ctrl Pts',(-5.0968624278903,0.,65.4242847114801));
#12529=CARTESIAN_POINT('Ctrl Pts',(-5.0968624278903,0.2,65.4242847114801));
#12530=CARTESIAN_POINT('',(-5.06684880703688,0.,65.134380236268));
#12531=CARTESIAN_POINT('Ctrl Pts',(-5.06684880703688,0.,65.134380236268));
#12532=CARTESIAN_POINT('Ctrl Pts',(-5.07547538539377,0.,65.1698811673396));
#12533=CARTESIAN_POINT('Ctrl Pts',(-5.09856030689589,0.,65.2648824729712));
#12534=CARTESIAN_POINT('Ctrl Pts',(-5.09751630062919,0.,65.3628970755319));
#12535=CARTESIAN_POINT('Ctrl Pts',(-5.0968624278903,0.,65.4242847114801));
#12536=CARTESIAN_POINT('',(-5.06684880703688,0.2,65.134380236268));
#12537=CARTESIAN_POINT('',(-5.06684880703688,0.,65.134380236268));
#12538=CARTESIAN_POINT('Ctrl Pts',(-5.06684880703688,0.2,65.134380236268));
#12539=CARTESIAN_POINT('Ctrl Pts',(-5.07547538539377,0.2,65.1698811673396));
#12540=CARTESIAN_POINT('Ctrl Pts',(-5.09856030689589,0.2,65.2648824729712));
#12541=CARTESIAN_POINT('Ctrl Pts',(-5.09751630062919,0.2,65.3628970755319));
#12542=CARTESIAN_POINT('Ctrl Pts',(-5.0968624278903,0.2,65.4242847114801));
#12543=CARTESIAN_POINT('Ctrl Pts',(-4.96316503733397,0.,65.0231934338808));
#12544=CARTESIAN_POINT('Ctrl Pts',(-4.96316503733397,0.2,65.0231934338808));
#12545=CARTESIAN_POINT('Ctrl Pts',(-4.98572190373135,0.,65.0379965059908));
#12546=CARTESIAN_POINT('Ctrl Pts',(-4.98572190373135,0.2,65.0379965059908));
#12547=CARTESIAN_POINT('Ctrl Pts',(-5.02939303098765,0.,65.0666559321058));
#12548=CARTESIAN_POINT('Ctrl Pts',(-5.02939303098765,0.2,65.0666559321058));
#12549=CARTESIAN_POINT('Ctrl Pts',(-5.05464156325577,0.,65.1123081507844));
#12550=CARTESIAN_POINT('Ctrl Pts',(-5.05464156325577,0.2,65.1123081507844));
#12551=CARTESIAN_POINT('Ctrl Pts',(-5.06684880703688,0.,65.134380236268));
#12552=CARTESIAN_POINT('Ctrl Pts',(-5.06684880703688,0.2,65.134380236268));
#12553=CARTESIAN_POINT('',(-4.96316503733397,0.,65.0231934338808));
#12554=CARTESIAN_POINT('Ctrl Pts',(-4.96316503733397,0.,65.0231934338808));
#12555=CARTESIAN_POINT('Ctrl Pts',(-4.98572190373135,0.,65.0379965059908));
#12556=CARTESIAN_POINT('Ctrl Pts',(-5.02939303098765,0.,65.0666559321058));
#12557=CARTESIAN_POINT('Ctrl Pts',(-5.05464156325577,0.,65.1123081507844));
#12558=CARTESIAN_POINT('Ctrl Pts',(-5.06684880703688,0.,65.134380236268));
#12559=CARTESIAN_POINT('',(-4.96316503733397,0.2,65.0231934338808));
#12560=CARTESIAN_POINT('',(-4.96316503733397,0.,65.0231934338808));
#12561=CARTESIAN_POINT('Ctrl Pts',(-4.96316503733397,0.2,65.0231934338808));
#12562=CARTESIAN_POINT('Ctrl Pts',(-4.98572190373135,0.2,65.0379965059908));
#12563=CARTESIAN_POINT('Ctrl Pts',(-5.02939303098765,0.2,65.0666559321058));
#12564=CARTESIAN_POINT('Ctrl Pts',(-5.05464156325577,0.2,65.1123081507844));
#12565=CARTESIAN_POINT('Ctrl Pts',(-5.06684880703688,0.2,65.134380236268));
#12566=CARTESIAN_POINT('Ctrl Pts',(-4.75579809397459,0.,64.9809012562037));
#12567=CARTESIAN_POINT('Ctrl Pts',(-4.75579809397459,0.2,64.9809012562037));
#12568=CARTESIAN_POINT('Ctrl Pts',(-4.7959657895212,0.,64.981673818297));
#12569=CARTESIAN_POINT('Ctrl Pts',(-4.7959657895212,0.2,64.981673818297));
#12570=CARTESIAN_POINT('Ctrl Pts',(-4.8678802926966,0.,64.9830569800233));
#12571=CARTESIAN_POINT('Ctrl Pts',(-4.8678802926966,0.2,64.9830569800233));
#12572=CARTESIAN_POINT('Ctrl Pts',(-4.93398359601807,0.,65.0109014392144));
#12573=CARTESIAN_POINT('Ctrl Pts',(-4.93398359601807,0.2,65.0109014392144));
#12574=CARTESIAN_POINT('Ctrl Pts',(-4.96316503733397,0.,65.0231934338808));
#12575=CARTESIAN_POINT('Ctrl Pts',(-4.96316503733397,0.2,65.0231934338808));
#12576=CARTESIAN_POINT('',(-4.75579809397459,0.,64.9809012562037));
#12577=CARTESIAN_POINT('Ctrl Pts',(-4.75579809397459,0.,64.9809012562037));
#12578=CARTESIAN_POINT('Ctrl Pts',(-4.7959657895212,0.,64.981673818297));
#12579=CARTESIAN_POINT('Ctrl Pts',(-4.8678802926966,0.,64.9830569800233));
#12580=CARTESIAN_POINT('Ctrl Pts',(-4.93398359601807,0.,65.0109014392144));
#12581=CARTESIAN_POINT('Ctrl Pts',(-4.96316503733397,0.,65.0231934338808));
#12582=CARTESIAN_POINT('',(-4.75579809397459,0.2,64.9809012562037));
#12583=CARTESIAN_POINT('',(-4.75579809397459,0.,64.9809012562037));
#12584=CARTESIAN_POINT('Ctrl Pts',(-4.75579809397459,0.2,64.9809012562037));
#12585=CARTESIAN_POINT('Ctrl Pts',(-4.7959657895212,0.2,64.981673818297));
#12586=CARTESIAN_POINT('Ctrl Pts',(-4.8678802926966,0.2,64.9830569800233));
#12587=CARTESIAN_POINT('Ctrl Pts',(-4.93398359601807,0.2,65.0109014392144));
#12588=CARTESIAN_POINT('Ctrl Pts',(-4.96316503733397,0.2,65.0231934338808));
#12589=CARTESIAN_POINT('Ctrl Pts',(-4.57025926560164,0.,65.0027293711901));
#12590=CARTESIAN_POINT('Ctrl Pts',(-4.57025926560164,0.2,65.0027293711901));
#12591=CARTESIAN_POINT('Ctrl Pts',(-4.60289838370271,0.,64.9963710114899));
#12592=CARTESIAN_POINT('Ctrl Pts',(-4.60289838370271,0.2,64.9963710114899));
#12593=CARTESIAN_POINT('Ctrl Pts',(-4.66421119131048,0.,64.9844267891066));
#12594=CARTESIAN_POINT('Ctrl Pts',(-4.66421119131048,0.2,64.9844267891066));
#12595=CARTESIAN_POINT('Ctrl Pts',(-4.72661444427068,0.,64.9820246473684));
#12596=CARTESIAN_POINT('Ctrl Pts',(-4.72661444427068,0.2,64.9820246473684));
#12597=CARTESIAN_POINT('Ctrl Pts',(-4.75579809397459,0.,64.9809012562037));
#12598=CARTESIAN_POINT('Ctrl Pts',(-4.75579809397459,0.2,64.9809012562037));
#12599=CARTESIAN_POINT('',(-4.57025926560164,0.,65.0027293711901));
#12600=CARTESIAN_POINT('Ctrl Pts',(-4.57025926560164,0.,65.0027293711901));
#12601=CARTESIAN_POINT('Ctrl Pts',(-4.60289838370271,0.,64.9963710114899));
#12602=CARTESIAN_POINT('Ctrl Pts',(-4.66421119131048,0.,64.9844267891066));
#12603=CARTESIAN_POINT('Ctrl Pts',(-4.72661444427068,0.,64.9820246473684));
#12604=CARTESIAN_POINT('Ctrl Pts',(-4.75579809397459,0.,64.9809012562037));
#12605=CARTESIAN_POINT('',(-4.57025926560164,0.2,65.0027293711901));
#12606=CARTESIAN_POINT('',(-4.57025926560164,0.,65.0027293711901));
#12607=CARTESIAN_POINT('Ctrl Pts',(-4.57025926560164,0.2,65.0027293711901));
#12608=CARTESIAN_POINT('Ctrl Pts',(-4.60289838370271,0.2,64.9963710114899));
#12609=CARTESIAN_POINT('Ctrl Pts',(-4.66421119131048,0.2,64.9844267891066));
#12610=CARTESIAN_POINT('Ctrl Pts',(-4.72661444427068,0.2,64.9820246473684));
#12611=CARTESIAN_POINT('Ctrl Pts',(-4.75579809397459,0.2,64.9809012562037));
#12612=CARTESIAN_POINT('Origin',(-4.60572998970747,0.,65.219646319747));
#12613=CARTESIAN_POINT('',(-4.60572998970747,0.,65.219646319747));
#12614=CARTESIAN_POINT('',(-2.54199611999915,0.,52.5991299661772));
#12615=CARTESIAN_POINT('',(-4.60572998970747,0.2,65.219646319747));
#12616=CARTESIAN_POINT('',(-4.60572998970747,0.,65.219646319747));
#12617=CARTESIAN_POINT('',(-4.60572998970747,0.2,65.219646319747));
#12618=CARTESIAN_POINT('Ctrl Pts',(-4.71350621432066,0.,65.2100964635611));
#12619=CARTESIAN_POINT('Ctrl Pts',(-4.71350621432066,0.2,65.2100964635611));
#12620=CARTESIAN_POINT('Ctrl Pts',(-4.69768376305195,0.,65.2106580587061));
#12621=CARTESIAN_POINT('Ctrl Pts',(-4.69768376305195,0.2,65.2106580587061));
#12622=CARTESIAN_POINT('Ctrl Pts',(-4.66159777759328,0.,65.2119388788453));
#12623=CARTESIAN_POINT('Ctrl Pts',(-4.66159777759328,0.2,65.2119388788453));
#12624=CARTESIAN_POINT('Ctrl Pts',(-4.62582029104456,0.,65.2168746902246));
#12625=CARTESIAN_POINT('Ctrl Pts',(-4.62582029104456,0.2,65.2168746902246));
#12626=CARTESIAN_POINT('Ctrl Pts',(-4.60572998970747,0.,65.219646319747));
#12627=CARTESIAN_POINT('Ctrl Pts',(-4.60572998970747,0.2,65.219646319747));
#12628=CARTESIAN_POINT('Ctrl Pts',(-4.71350621432066,0.,65.2100964635611));
#12629=CARTESIAN_POINT('Ctrl Pts',(-4.69768376305195,0.,65.2106580587061));
#12630=CARTESIAN_POINT('Ctrl Pts',(-4.66159777759328,0.,65.2119388788453));
#12631=CARTESIAN_POINT('Ctrl Pts',(-4.62582029104456,0.,65.2168746902246));
#12632=CARTESIAN_POINT('Ctrl Pts',(-4.60572998970747,0.,65.219646319747));
#12633=CARTESIAN_POINT('Ctrl Pts',(-4.71350621432066,0.2,65.2100964635611));
#12634=CARTESIAN_POINT('Ctrl Pts',(-4.69768376305195,0.2,65.2106580587061));
#12635=CARTESIAN_POINT('Ctrl Pts',(-4.66159777759328,0.2,65.2119388788453));
#12636=CARTESIAN_POINT('Ctrl Pts',(-4.62582029104456,0.2,65.2168746902246));
#12637=CARTESIAN_POINT('Ctrl Pts',(-4.60572998970747,0.2,65.219646319747));
#12638=CARTESIAN_POINT('Origin',(-3.69099596515298,0.2,64.1616652905941));
#12639=CARTESIAN_POINT('Origin',(-8.74488417059183,0.,66.7025930434465));
#12640=CARTESIAN_POINT('',(-8.74488417059183,0.,66.7025930434465));
#12641=CARTESIAN_POINT('',(-8.74488417059183,0.,65.0000009685755));
#12642=CARTESIAN_POINT('',(-8.74488417059183,0.,55.7887965217233));
#12643=CARTESIAN_POINT('',(-8.74488417059183,0.2,66.7025930434465));
#12644=CARTESIAN_POINT('',(-8.74488417059183,0.,66.7025930434465));
#12645=CARTESIAN_POINT('',(-8.74488417059183,0.2,65.0000009685755));
#12646=CARTESIAN_POINT('',(-8.74488417059183,0.2,66.7025930434465));
#12647=CARTESIAN_POINT('',(-8.74488417059183,0.,65.0000009685755));
#12648=CARTESIAN_POINT('Origin',(-8.16643949598074,0.,65.0000009685755));
#12649=CARTESIAN_POINT('',(-8.16643949598074,0.,65.0000009685755));
#12650=CARTESIAN_POINT('',(-3.15446338015215,0.,50.247767628386));
#12651=CARTESIAN_POINT('',(-8.16643949598074,0.2,65.0000009685755));
#12652=CARTESIAN_POINT('',(-8.16643949598074,0.,65.0000009685755));
#12653=CARTESIAN_POINT('',(-8.16643949598074,0.2,65.0000009685755));
#12654=CARTESIAN_POINT('Origin',(-7.92769458144903,0.,65.0000009685755));
#12655=CARTESIAN_POINT('',(-7.92769458144903,0.,65.0000009685755));
#12656=CARTESIAN_POINT('',(10.7686527092755,0.,65.0000009685755));
#12657=CARTESIAN_POINT('',(-7.92769458144903,0.2,65.0000009685755));
#12658=CARTESIAN_POINT('',(-7.92769458144903,0.,65.0000009685755));
#12659=CARTESIAN_POINT('',(-7.92769458144903,0.2,65.0000009685755));
#12660=CARTESIAN_POINT('Origin',(-7.34652128070593,0.,66.6739436239004));
#12661=CARTESIAN_POINT('',(-7.34652128070593,0.,66.6739436239004));
#12662=CARTESIAN_POINT('',(-8.74365510852732,0.,62.6498050294445));
#12663=CARTESIAN_POINT('',(-7.34652128070593,0.2,66.6739436239004));
#12664=CARTESIAN_POINT('',(-7.34652128070593,0.,66.6739436239004));
#12665=CARTESIAN_POINT('',(-7.34652128070593,0.2,66.6739436239004));
#12666=CARTESIAN_POINT('Origin',(-7.34652128070593,0.,65.0000009685755));
#12667=CARTESIAN_POINT('',(-7.34652128070593,0.,65.0000009685755));
#12668=CARTESIAN_POINT('',(-7.34652128070593,0.,54.9375004842877));
#12669=CARTESIAN_POINT('',(-7.34652128070593,0.2,65.0000009685755));
#12670=CARTESIAN_POINT('',(-7.34652128070593,0.,65.0000009685755));
#12671=CARTESIAN_POINT('',(-7.34652128070593,0.2,65.0000009685755));
#12672=CARTESIAN_POINT('Origin',(-7.09140535444021,0.,65.0000009685755));
#12673=CARTESIAN_POINT('',(-7.09140535444021,0.,65.0000009685755));
#12674=CARTESIAN_POINT('',(11.1867973227799,0.,65.0000009685755));
#12675=CARTESIAN_POINT('',(-7.09140535444021,0.2,65.0000009685755));
#12676=CARTESIAN_POINT('',(-7.09140535444021,0.,65.0000009685755));
#12677=CARTESIAN_POINT('',(-7.09140535444021,0.2,65.0000009685755));
#12678=CARTESIAN_POINT('Origin',(-7.09140535444021,0.,67.0000009983778));
#12679=CARTESIAN_POINT('',(-7.09140535444021,0.,67.0000009983778));
#12680=CARTESIAN_POINT('',(-7.09140535444021,0.,55.9375004991889));
#12681=CARTESIAN_POINT('',(-7.09140535444021,0.2,67.0000009983778));
#12682=CARTESIAN_POINT('',(-7.09140535444021,0.,67.0000009983778));
#12683=CARTESIAN_POINT('',(-7.09140535444021,0.2,67.0000009983778));
#12684=CARTESIAN_POINT('Origin',(-7.44747634977102,0.,67.0000009983778));
#12685=CARTESIAN_POINT('',(-7.44747634977102,0.,67.0000009983778));
#12686=CARTESIAN_POINT('',(11.0087618251145,0.,67.0000009983778));
#12687=CARTESIAN_POINT('',(-7.44747634977102,0.2,67.0000009983778));
#12688=CARTESIAN_POINT('',(-7.44747634977102,0.,67.0000009983778));
#12689=CARTESIAN_POINT('',(-7.44747634977102,0.2,67.0000009983778));
#12690=CARTESIAN_POINT('Origin',(-7.92633023113012,0.,65.6084593385458));
#12691=CARTESIAN_POINT('',(-7.92633023113012,0.,65.6084593385458));
#12692=CARTESIAN_POINT('',(-9.13651509521748,0.,62.0916816323778));
#12693=CARTESIAN_POINT('',(-7.92633023113012,0.2,65.6084593385458));
#12694=CARTESIAN_POINT('',(-7.92633023113012,0.,65.6084593385458));
#12695=CARTESIAN_POINT('',(-7.92633023113012,0.2,65.6084593385458));
#12696=CARTESIAN_POINT('Ctrl Pts',(-8.03274225443602,0.,65.2878590673208));
#12697=CARTESIAN_POINT('Ctrl Pts',(-8.03274225443602,0.2,65.2878590673208));
#12698=CARTESIAN_POINT('Ctrl Pts',(-8.01830502896696,0.,65.3328038473675));
#12699=CARTESIAN_POINT('Ctrl Pts',(-8.01830502896696,0.2,65.3328038473675));
#12700=CARTESIAN_POINT('Ctrl Pts',(-7.98386736490206,0.,65.4400123439056));
#12701=CARTESIAN_POINT('Ctrl Pts',(-7.98386736490206,0.2,65.4400123439056));
#12702=CARTESIAN_POINT('Ctrl Pts',(-7.94746924690659,0.,65.5465722850247));
#12703=CARTESIAN_POINT('Ctrl Pts',(-7.94746924690659,0.2,65.5465722850247));
#12704=CARTESIAN_POINT('Ctrl Pts',(-7.92633023113012,0.,65.6084593385458));
#12705=CARTESIAN_POINT('Ctrl Pts',(-7.92633023113012,0.2,65.6084593385458));
#12706=CARTESIAN_POINT('',(-8.03274225443602,0.,65.2878590673208));
#12707=CARTESIAN_POINT('Ctrl Pts',(-8.03274225443602,0.,65.2878590673208));
#12708=CARTESIAN_POINT('Ctrl Pts',(-8.01830502896696,0.,65.3328038473675));
#12709=CARTESIAN_POINT('Ctrl Pts',(-7.98386736490206,0.,65.4400123439056));
#12710=CARTESIAN_POINT('Ctrl Pts',(-7.94746924690659,0.,65.5465722850247));
#12711=CARTESIAN_POINT('Ctrl Pts',(-7.92633023113012,0.,65.6084593385458));
#12712=CARTESIAN_POINT('',(-8.03274225443602,0.2,65.2878590673208));
#12713=CARTESIAN_POINT('',(-8.03274225443602,0.,65.2878590673208));
#12714=CARTESIAN_POINT('Ctrl Pts',(-8.03274225443602,0.2,65.2878590673208));
#12715=CARTESIAN_POINT('Ctrl Pts',(-8.01830502896696,0.2,65.3328038473675));
#12716=CARTESIAN_POINT('Ctrl Pts',(-7.98386736490206,0.2,65.4400123439056));
#12717=CARTESIAN_POINT('Ctrl Pts',(-7.94746924690659,0.2,65.5465722850247));
#12718=CARTESIAN_POINT('Ctrl Pts',(-7.92633023113012,0.2,65.6084593385458));
#12719=CARTESIAN_POINT('Ctrl Pts',(-8.1282402202487,0.,65.5839026719332));
#12720=CARTESIAN_POINT('Ctrl Pts',(-8.1282402202487,0.2,65.5839026719332));
#12721=CARTESIAN_POINT('Ctrl Pts',(-8.10919005927801,0.,65.5263201184229));
#12722=CARTESIAN_POINT('Ctrl Pts',(-8.10919005927801,0.2,65.5263201184229));
#12723=CARTESIAN_POINT('Ctrl Pts',(-8.07662144466301,0.,65.4278755962631));
#12724=CARTESIAN_POINT('Ctrl Pts',(-8.07662144466301,0.2,65.4278755962631));
#12725=CARTESIAN_POINT('Ctrl Pts',(-8.04561308396451,0.,65.3289293073564));
#12726=CARTESIAN_POINT('Ctrl Pts',(-8.04561308396451,0.2,65.3289293073564));
#12727=CARTESIAN_POINT('Ctrl Pts',(-8.03274225443602,0.,65.2878590673208));
#12728=CARTESIAN_POINT('Ctrl Pts',(-8.03274225443602,0.2,65.2878590673208));
#12729=CARTESIAN_POINT('',(-8.1282402202487,0.,65.5839026719332));
#12730=CARTESIAN_POINT('Ctrl Pts',(-8.1282402202487,0.,65.5839026719332));
#12731=CARTESIAN_POINT('Ctrl Pts',(-8.10919005927801,0.,65.5263201184229));
#12732=CARTESIAN_POINT('Ctrl Pts',(-8.07662144466301,0.,65.4278755962631));
#12733=CARTESIAN_POINT('Ctrl Pts',(-8.04561308396451,0.,65.3289293073564));
#12734=CARTESIAN_POINT('Ctrl Pts',(-8.03274225443602,0.,65.2878590673208));
#12735=CARTESIAN_POINT('',(-8.1282402202487,0.2,65.5839026719332));
#12736=CARTESIAN_POINT('',(-8.1282402202487,0.,65.5839026719332));
#12737=CARTESIAN_POINT('Ctrl Pts',(-8.1282402202487,0.2,65.5839026719332));
#12738=CARTESIAN_POINT('Ctrl Pts',(-8.10919005927801,0.2,65.5263201184229));
#12739=CARTESIAN_POINT('Ctrl Pts',(-8.07662144466301,0.2,65.4278755962631));
#12740=CARTESIAN_POINT('Ctrl Pts',(-8.04561308396451,0.2,65.3289293073564));
#12741=CARTESIAN_POINT('Ctrl Pts',(-8.03274225443602,0.2,65.2878590673208));
#12742=CARTESIAN_POINT('Origin',(-8.60163725912571,0.,67.0000009983778));
#12743=CARTESIAN_POINT('',(-8.60163725912571,0.,67.0000009983778));
#12744=CARTESIAN_POINT('',(-3.361978659189,0.,51.3263250664097));
#12745=CARTESIAN_POINT('',(-8.60163725912571,0.2,67.0000009983778));
#12746=CARTESIAN_POINT('',(-8.60163725912571,0.,67.0000009983778));
#12747=CARTESIAN_POINT('',(-8.60163725912571,0.2,67.0000009983778));
#12748=CARTESIAN_POINT('Origin',(-9.00000013411045,0.,67.0000009983778));
#12749=CARTESIAN_POINT('',(-9.00000013411045,0.,67.0000009983778));
#12750=CARTESIAN_POINT('',(10.2324999329448,0.,67.0000009983778));
#12751=CARTESIAN_POINT('',(-9.00000013411045,0.2,67.0000009983778));
#12752=CARTESIAN_POINT('',(-9.00000013411045,0.,67.0000009983778));
#12753=CARTESIAN_POINT('',(-9.00000013411045,0.2,67.0000009983778));
#12754=CARTESIAN_POINT('Origin',(-9.00000013411045,0.,65.0000009685755));
#12755=CARTESIAN_POINT('',(-9.00000013411045,0.,65.0000009685755));
#12756=CARTESIAN_POINT('',(-9.00000013411045,0.,54.9375004842877));
#12757=CARTESIAN_POINT('',(-9.00000013411045,0.2,65.0000009685755));
#12758=CARTESIAN_POINT('',(-9.00000013411045,0.,65.0000009685755));
#12759=CARTESIAN_POINT('',(-9.00000013411045,0.2,65.0000009685755));
#12760=CARTESIAN_POINT('Origin',(-8.74488417059183,0.,65.0000009685755));
#12761=CARTESIAN_POINT('',(10.3600579147041,0.,65.0000009685755));
#12762=CARTESIAN_POINT('',(-8.74488417059183,0.2,65.0000009685755));
#12763=CARTESIAN_POINT('Origin',(-3.69099596515298,0.2,64.1616652905941));
#12764=CARTESIAN_POINT('Origin',(29.465,0.,44.875));
#12765=CARTESIAN_POINT('',(-11.42,0.,80.72));
#12766=CARTESIAN_POINT('',(-6.42,0.,85.72));
#12767=CARTESIAN_POINT('Origin',(-6.42,0.,80.72));
#12768=CARTESIAN_POINT('',(-11.42,0.,9.02999999999999));
#12769=CARTESIAN_POINT('',(-11.42,0.,85.72));
#12770=CARTESIAN_POINT('',(-6.42,0.,4.02999999999999));
#12771=CARTESIAN_POINT('Origin',(-6.42,0.,9.02999999999999));
#12772=CARTESIAN_POINT('',(-1.53683921586139,0.,4.02999999999999));
#12773=CARTESIAN_POINT('',(-11.42,0.,4.02999999999999));
#12774=CARTESIAN_POINT('',(-1.53683921586139,0.,39.0000005811453));
#12775=CARTESIAN_POINT('',(-1.53683921586139,0.,39.0000005811453));
#12776=CARTESIAN_POINT('',(62.000000923872,0.,39.0000005811453));
#12777=CARTESIAN_POINT('',(62.000000923872,0.,39.0000005811453));
#12778=CARTESIAN_POINT('',(62.000000923872,0.,4.02999999999999));
#12779=CARTESIAN_POINT('',(62.000000923872,0.,4.02999999999999));
#12780=CARTESIAN_POINT('',(65.35,0.,4.02999999999999));
#12781=CARTESIAN_POINT('',(-11.42,0.,4.02999999999999));
#12782=CARTESIAN_POINT('',(70.35,0.,9.02999999999999));
#12783=CARTESIAN_POINT('Origin',(65.35,0.,9.02999999999999));
#12784=CARTESIAN_POINT('',(70.35,0.,80.72));
#12785=CARTESIAN_POINT('',(70.35,0.,4.02999999999999));
#12786=CARTESIAN_POINT('',(65.35,0.,85.72));
#12787=CARTESIAN_POINT('Origin',(65.35,0.,80.72));
#12788=CARTESIAN_POINT('',(70.35,0.,85.72));
#12789=CARTESIAN_POINT('',(40.625,0.,60.175));
#12790=CARTESIAN_POINT('',(41.125,0.,59.675));
#12791=CARTESIAN_POINT('Origin',(41.125,0.,60.175));
#12792=CARTESIAN_POINT('',(40.625,0.,73.175));
#12793=CARTESIAN_POINT('',(40.625,0.,60.175));
#12794=CARTESIAN_POINT('',(41.125,0.,73.675));
#12795=CARTESIAN_POINT('Origin',(41.125,0.,73.175));
#12796=CARTESIAN_POINT('',(54.125,0.,73.675));
#12797=CARTESIAN_POINT('',(41.125,0.,73.675));
#12798=CARTESIAN_POINT('',(54.625,0.,73.175));
#12799=CARTESIAN_POINT('Origin',(54.125,0.,73.175));
#12800=CARTESIAN_POINT('',(54.625,0.,60.175));
#12801=CARTESIAN_POINT('',(54.625,0.,60.175));
#12802=CARTESIAN_POINT('',(54.125,0.,59.675));
#12803=CARTESIAN_POINT('Origin',(54.125,0.,60.175));
#12804=CARTESIAN_POINT('',(41.125,0.,59.675));
#12805=CARTESIAN_POINT('',(40.625,0.,41.125));
#12806=CARTESIAN_POINT('',(41.125,0.,40.625));
#12807=CARTESIAN_POINT('Origin',(41.125,0.,41.125));
#12808=CARTESIAN_POINT('',(40.625,0.,54.125));
#12809=CARTESIAN_POINT('',(40.625,0.,41.125));
#12810=CARTESIAN_POINT('',(41.125,0.,54.625));
#12811=CARTESIAN_POINT('Origin',(41.125,0.,54.125));
#12812=CARTESIAN_POINT('',(54.125,0.,54.625));
#12813=CARTESIAN_POINT('',(41.125,0.,54.625));
#12814=CARTESIAN_POINT('',(54.625,0.,54.125));
#12815=CARTESIAN_POINT('Origin',(54.125,0.,54.125));
#12816=CARTESIAN_POINT('',(54.625,0.,41.125));
#12817=CARTESIAN_POINT('',(54.625,0.,41.125));
#12818=CARTESIAN_POINT('',(54.125,0.,40.625));
#12819=CARTESIAN_POINT('Origin',(54.125,0.,41.125));
#12820=CARTESIAN_POINT('',(41.125,0.,40.625));
#12821=CARTESIAN_POINT('',(21.575,0.,41.125));
#12822=CARTESIAN_POINT('',(22.075,0.,40.625));
#12823=CARTESIAN_POINT('Origin',(22.075,0.,41.125));
#12824=CARTESIAN_POINT('',(21.575,0.,54.125));
#12825=CARTESIAN_POINT('',(21.575,0.,41.125));
#12826=CARTESIAN_POINT('',(22.075,0.,54.625));
#12827=CARTESIAN_POINT('Origin',(22.075,0.,54.125));
#12828=CARTESIAN_POINT('',(35.075,0.,54.625));
#12829=CARTESIAN_POINT('',(22.075,0.,54.625));
#12830=CARTESIAN_POINT('',(35.575,0.,54.125));
#12831=CARTESIAN_POINT('Origin',(35.075,0.,54.125));
#12832=CARTESIAN_POINT('',(35.575,0.,41.125));
#12833=CARTESIAN_POINT('',(35.575,0.,41.125));
#12834=CARTESIAN_POINT('',(35.075,0.,40.625));
#12835=CARTESIAN_POINT('Origin',(35.075,0.,41.125));
#12836=CARTESIAN_POINT('',(22.075,0.,40.625));
#12837=CARTESIAN_POINT('',(2.525,0.,60.175));
#12838=CARTESIAN_POINT('',(3.025,0.,59.675));
#12839=CARTESIAN_POINT('Origin',(3.025,0.,60.175));
#12840=CARTESIAN_POINT('',(2.525,0.,73.175));
#12841=CARTESIAN_POINT('',(2.525,0.,60.175));
#12842=CARTESIAN_POINT('',(3.025,0.,73.675));
#12843=CARTESIAN_POINT('Origin',(3.025,0.,73.175));
#12844=CARTESIAN_POINT('',(16.025,0.,73.675));
#12845=CARTESIAN_POINT('',(3.025,0.,73.675));
#12846=CARTESIAN_POINT('',(16.525,0.,73.175));
#12847=CARTESIAN_POINT('Origin',(16.025,0.,73.175));
#12848=CARTESIAN_POINT('',(16.525,0.,60.175));
#12849=CARTESIAN_POINT('',(16.525,0.,60.175));
#12850=CARTESIAN_POINT('',(16.025,0.,59.675));
#12851=CARTESIAN_POINT('Origin',(16.025,0.,60.175));
#12852=CARTESIAN_POINT('',(3.025,0.,59.675));
#12853=CARTESIAN_POINT('',(2.525,0.,41.125));
#12854=CARTESIAN_POINT('',(3.025,0.,40.625));
#12855=CARTESIAN_POINT('Origin',(3.025,0.,41.125));
#12856=CARTESIAN_POINT('',(2.525,0.,54.125));
#12857=CARTESIAN_POINT('',(2.525,0.,41.125));
#12858=CARTESIAN_POINT('',(3.025,0.,54.625));
#12859=CARTESIAN_POINT('Origin',(3.025,0.,54.125));
#12860=CARTESIAN_POINT('',(16.025,0.,54.625));
#12861=CARTESIAN_POINT('',(3.025,0.,54.625));
#12862=CARTESIAN_POINT('',(16.525,0.,54.125));
#12863=CARTESIAN_POINT('Origin',(16.025,0.,54.125));
#12864=CARTESIAN_POINT('',(16.525,0.,41.125));
#12865=CARTESIAN_POINT('',(16.525,0.,41.125));
#12866=CARTESIAN_POINT('',(16.025,0.,40.625));
#12867=CARTESIAN_POINT('Origin',(16.025,0.,41.125));
#12868=CARTESIAN_POINT('',(3.025,0.,40.625));
#12869=CARTESIAN_POINT('',(21.575,0.,60.175));
#12870=CARTESIAN_POINT('',(22.075,0.,59.675));
#12871=CARTESIAN_POINT('Origin',(22.075,0.,60.175));
#12872=CARTESIAN_POINT('',(21.575,0.,73.175));
#12873=CARTESIAN_POINT('',(21.575,0.,60.175));
#12874=CARTESIAN_POINT('',(22.075,0.,73.675));
#12875=CARTESIAN_POINT('Origin',(22.075,0.,73.175));
#12876=CARTESIAN_POINT('',(35.075,0.,73.675));
#12877=CARTESIAN_POINT('',(22.075,0.,73.675));
#12878=CARTESIAN_POINT('',(35.575,0.,73.175));
#12879=CARTESIAN_POINT('Origin',(35.075,0.,73.175));
#12880=CARTESIAN_POINT('',(35.575,0.,60.175));
#12881=CARTESIAN_POINT('',(35.575,0.,60.175));
#12882=CARTESIAN_POINT('',(35.075,0.,59.675));
#12883=CARTESIAN_POINT('Origin',(35.075,0.,60.175));
#12884=CARTESIAN_POINT('',(22.075,0.,59.675));
#12885=CARTESIAN_POINT('',(63.65,0.,80.72));
#12886=CARTESIAN_POINT('Origin',(65.35,0.,80.72));
#12887=CARTESIAN_POINT('',(-8.12,0.,9.02999999999999));
#12888=CARTESIAN_POINT('Origin',(-6.42,0.,9.02999999999999));
#12889=CARTESIAN_POINT('',(63.65,0.,9.02999999999999));
#12890=CARTESIAN_POINT('Origin',(65.35,0.,9.02999999999999));
#12891=CARTESIAN_POINT('',(-8.12,0.,80.72));
#12892=CARTESIAN_POINT('Origin',(-6.42,0.,80.72));
#12893=CARTESIAN_POINT('Origin',(29.465,0.,44.875));
#12894=CARTESIAN_POINT('Origin',(29.465,0.,44.875));
#12895=CARTESIAN_POINT('Origin',(29.465,0.,44.875));
#12896=CARTESIAN_POINT('Origin',(29.465,0.,44.875));
#12897=CARTESIAN_POINT('Origin',(-6.42,0.,80.72));
#12898=CARTESIAN_POINT('',(-6.42,1.5,85.72));
#12899=CARTESIAN_POINT('',(-11.42,1.5,80.72));
#12900=CARTESIAN_POINT('Origin',(-6.42,1.5,80.72));
#12901=CARTESIAN_POINT('',(-11.42,0.,80.72));
#12902=CARTESIAN_POINT('',(-6.42,0.,85.72));
#12903=CARTESIAN_POINT('Origin',(29.465,0.,44.875));
#12904=CARTESIAN_POINT('Origin',(-11.42,0.,4.02999999999999));
#12905=CARTESIAN_POINT('',(-11.42,1.5,9.02999999999999));
#12906=CARTESIAN_POINT('',(-11.42,1.5,85.72));
#12907=CARTESIAN_POINT('',(-11.42,0.,9.02999999999999));
#12908=CARTESIAN_POINT('Origin',(-6.42,0.,9.02999999999999));
#12909=CARTESIAN_POINT('',(-6.42,1.5,4.02999999999999));
#12910=CARTESIAN_POINT('Origin',(-6.42,1.5,9.02999999999999));
#12911=CARTESIAN_POINT('',(-6.42,0.,4.02999999999999));
#12912=CARTESIAN_POINT('Origin',(65.35,0.,9.02999999999999));
#12913=CARTESIAN_POINT('',(65.35,1.5,4.02999999999999));
#12914=CARTESIAN_POINT('',(70.35,1.5,9.02999999999999));
#12915=CARTESIAN_POINT('Origin',(65.35,1.5,9.02999999999999));
#12916=CARTESIAN_POINT('',(70.35,0.,9.02999999999999));
#12917=CARTESIAN_POINT('',(65.35,0.,4.02999999999999));
#12918=CARTESIAN_POINT('Origin',(70.35,0.,4.02999999999999));
#12919=CARTESIAN_POINT('',(62.000000923872,1.5,4.02999999999999));
#12920=CARTESIAN_POINT('',(62.000000923872,0.,4.02999999999999));
#12921=CARTESIAN_POINT('',(-11.42,1.5,4.02999999999999));
#12922=CARTESIAN_POINT('Origin',(65.35,0.,80.72));
#12923=CARTESIAN_POINT('',(70.35,1.5,80.72));
#12924=CARTESIAN_POINT('',(65.35,1.5,85.72));
#12925=CARTESIAN_POINT('Origin',(65.35,1.5,80.72));
#12926=CARTESIAN_POINT('',(65.35,0.,85.72));
#12927=CARTESIAN_POINT('',(70.35,0.,80.72));
#12928=CARTESIAN_POINT('Origin',(-11.42,0.,85.72));
#12929=CARTESIAN_POINT('',(70.35,1.5,85.72));
#12930=CARTESIAN_POINT('Origin',(40.625,0.,73.175));
#12931=CARTESIAN_POINT('',(40.625,1.5,60.175));
#12932=CARTESIAN_POINT('',(40.625,0.,60.175));
#12933=CARTESIAN_POINT('',(40.625,1.5,73.175));
#12934=CARTESIAN_POINT('',(40.625,1.5,60.175));
#12935=CARTESIAN_POINT('',(40.625,0.,73.175));
#12936=CARTESIAN_POINT('Origin',(41.125,0.,73.175));
#12937=CARTESIAN_POINT('',(41.125,1.5,73.675));
#12938=CARTESIAN_POINT('Origin',(41.125,1.5,73.175));
#12939=CARTESIAN_POINT('',(41.125,0.,73.675));
#12940=CARTESIAN_POINT('Origin',(54.125,0.,73.675));
#12941=CARTESIAN_POINT('',(54.125,1.5,73.675));
#12942=CARTESIAN_POINT('',(41.125,1.5,73.675));
#12943=CARTESIAN_POINT('',(54.125,0.,73.675));
#12944=CARTESIAN_POINT('Origin',(54.125,0.,73.175));
#12945=CARTESIAN_POINT('',(54.625,1.5,73.175));
#12946=CARTESIAN_POINT('Origin',(54.125,1.5,73.175));
#12947=CARTESIAN_POINT('',(54.625,0.,73.175));
#12948=CARTESIAN_POINT('Origin',(54.625,0.,60.175));
#12949=CARTESIAN_POINT('',(54.625,1.5,60.175));
#12950=CARTESIAN_POINT('',(54.625,1.5,60.175));
#12951=CARTESIAN_POINT('',(54.625,0.,60.175));
#12952=CARTESIAN_POINT('Origin',(54.125,0.,60.175));
#12953=CARTESIAN_POINT('',(54.125,1.5,59.675));
#12954=CARTESIAN_POINT('Origin',(54.125,1.5,60.175));
#12955=CARTESIAN_POINT('',(54.125,0.,59.675));
#12956=CARTESIAN_POINT('Origin',(41.125,0.,59.675));
#12957=CARTESIAN_POINT('',(41.125,1.5,59.675));
#12958=CARTESIAN_POINT('',(41.125,1.5,59.675));
#12959=CARTESIAN_POINT('',(41.125,0.,59.675));
#12960=CARTESIAN_POINT('Origin',(41.125,0.,60.175));
#12961=CARTESIAN_POINT('Origin',(41.125,1.5,60.175));
#12962=CARTESIAN_POINT('Origin',(40.625,0.,54.125));
#12963=CARTESIAN_POINT('',(40.625,1.5,41.125));
#12964=CARTESIAN_POINT('',(40.625,0.,41.125));
#12965=CARTESIAN_POINT('',(40.625,1.5,54.125));
#12966=CARTESIAN_POINT('',(40.625,1.5,41.125));
#12967=CARTESIAN_POINT('',(40.625,0.,54.125));
#12968=CARTESIAN_POINT('Origin',(41.125,0.,54.125));
#12969=CARTESIAN_POINT('',(41.125,1.5,54.625));
#12970=CARTESIAN_POINT('Origin',(41.125,1.5,54.125));
#12971=CARTESIAN_POINT('',(41.125,0.,54.625));
#12972=CARTESIAN_POINT('Origin',(54.125,0.,54.625));
#12973=CARTESIAN_POINT('',(54.125,1.5,54.625));
#12974=CARTESIAN_POINT('',(41.125,1.5,54.625));
#12975=CARTESIAN_POINT('',(54.125,0.,54.625));
#12976=CARTESIAN_POINT('Origin',(54.125,0.,54.125));
#12977=CARTESIAN_POINT('',(54.625,1.5,54.125));
#12978=CARTESIAN_POINT('Origin',(54.125,1.5,54.125));
#12979=CARTESIAN_POINT('',(54.625,0.,54.125));
#12980=CARTESIAN_POINT('Origin',(54.625,0.,41.125));
#12981=CARTESIAN_POINT('',(54.625,1.5,41.125));
#12982=CARTESIAN_POINT('',(54.625,1.5,41.125));
#12983=CARTESIAN_POINT('',(54.625,0.,41.125));
#12984=CARTESIAN_POINT('Origin',(54.125,0.,41.125));
#12985=CARTESIAN_POINT('',(54.125,1.5,40.625));
#12986=CARTESIAN_POINT('Origin',(54.125,1.5,41.125));
#12987=CARTESIAN_POINT('',(54.125,0.,40.625));
#12988=CARTESIAN_POINT('Origin',(41.125,0.,40.625));
#12989=CARTESIAN_POINT('',(41.125,1.5,40.625));
#12990=CARTESIAN_POINT('',(41.125,1.5,40.625));
#12991=CARTESIAN_POINT('',(41.125,0.,40.625));
#12992=CARTESIAN_POINT('Origin',(41.125,0.,41.125));
#12993=CARTESIAN_POINT('Origin',(41.125,1.5,41.125));
#12994=CARTESIAN_POINT('Origin',(21.575,0.,54.125));
#12995=CARTESIAN_POINT('',(21.575,1.5,41.125));
#12996=CARTESIAN_POINT('',(21.575,0.,41.125));
#12997=CARTESIAN_POINT('',(21.575,1.5,54.125));
#12998=CARTESIAN_POINT('',(21.575,1.5,41.125));
#12999=CARTESIAN_POINT('',(21.575,0.,54.125));
#13000=CARTESIAN_POINT('Origin',(22.075,0.,54.125));
#13001=CARTESIAN_POINT('',(22.075,1.5,54.625));
#13002=CARTESIAN_POINT('Origin',(22.075,1.5,54.125));
#13003=CARTESIAN_POINT('',(22.075,0.,54.625));
#13004=CARTESIAN_POINT('Origin',(35.075,0.,54.625));
#13005=CARTESIAN_POINT('',(35.075,1.5,54.625));
#13006=CARTESIAN_POINT('',(22.075,1.5,54.625));
#13007=CARTESIAN_POINT('',(35.075,0.,54.625));
#13008=CARTESIAN_POINT('Origin',(35.075,0.,54.125));
#13009=CARTESIAN_POINT('',(35.575,1.5,54.125));
#13010=CARTESIAN_POINT('Origin',(35.075,1.5,54.125));
#13011=CARTESIAN_POINT('',(35.575,0.,54.125));
#13012=CARTESIAN_POINT('Origin',(35.575,0.,41.125));
#13013=CARTESIAN_POINT('',(35.575,1.5,41.125));
#13014=CARTESIAN_POINT('',(35.575,1.5,41.125));
#13015=CARTESIAN_POINT('',(35.575,0.,41.125));
#13016=CARTESIAN_POINT('Origin',(35.075,0.,41.125));
#13017=CARTESIAN_POINT('',(35.075,1.5,40.625));
#13018=CARTESIAN_POINT('Origin',(35.075,1.5,41.125));
#13019=CARTESIAN_POINT('',(35.075,0.,40.625));
#13020=CARTESIAN_POINT('Origin',(22.075,0.,40.625));
#13021=CARTESIAN_POINT('',(22.075,1.5,40.625));
#13022=CARTESIAN_POINT('',(22.075,1.5,40.625));
#13023=CARTESIAN_POINT('',(22.075,0.,40.625));
#13024=CARTESIAN_POINT('Origin',(22.075,0.,41.125));
#13025=CARTESIAN_POINT('Origin',(22.075,1.5,41.125));
#13026=CARTESIAN_POINT('Origin',(2.525,0.,73.175));
#13027=CARTESIAN_POINT('',(2.525,1.5,60.175));
#13028=CARTESIAN_POINT('',(2.525,0.,60.175));
#13029=CARTESIAN_POINT('',(2.525,1.5,73.175));
#13030=CARTESIAN_POINT('',(2.525,1.5,60.175));
#13031=CARTESIAN_POINT('',(2.525,0.,73.175));
#13032=CARTESIAN_POINT('Origin',(3.025,0.,73.175));
#13033=CARTESIAN_POINT('',(3.025,1.5,73.675));
#13034=CARTESIAN_POINT('Origin',(3.025,1.5,73.175));
#13035=CARTESIAN_POINT('',(3.025,0.,73.675));
#13036=CARTESIAN_POINT('Origin',(16.025,0.,73.675));
#13037=CARTESIAN_POINT('',(16.025,1.5,73.675));
#13038=CARTESIAN_POINT('',(3.025,1.5,73.675));
#13039=CARTESIAN_POINT('',(16.025,0.,73.675));
#13040=CARTESIAN_POINT('Origin',(16.025,0.,73.175));
#13041=CARTESIAN_POINT('',(16.525,1.5,73.175));
#13042=CARTESIAN_POINT('Origin',(16.025,1.5,73.175));
#13043=CARTESIAN_POINT('',(16.525,0.,73.175));
#13044=CARTESIAN_POINT('Origin',(16.525,0.,60.175));
#13045=CARTESIAN_POINT('',(16.525,1.5,60.175));
#13046=CARTESIAN_POINT('',(16.525,1.5,60.175));
#13047=CARTESIAN_POINT('',(16.525,0.,60.175));
#13048=CARTESIAN_POINT('Origin',(16.025,0.,60.175));
#13049=CARTESIAN_POINT('',(16.025,1.5,59.675));
#13050=CARTESIAN_POINT('Origin',(16.025,1.5,60.175));
#13051=CARTESIAN_POINT('',(16.025,0.,59.675));
#13052=CARTESIAN_POINT('Origin',(3.025,0.,59.675));
#13053=CARTESIAN_POINT('',(3.025,1.5,59.675));
#13054=CARTESIAN_POINT('',(3.025,1.5,59.675));
#13055=CARTESIAN_POINT('',(3.025,0.,59.675));
#13056=CARTESIAN_POINT('Origin',(3.025,0.,60.175));
#13057=CARTESIAN_POINT('Origin',(3.025,1.5,60.175));
#13058=CARTESIAN_POINT('Origin',(2.525,0.,54.125));
#13059=CARTESIAN_POINT('',(2.525,1.5,41.125));
#13060=CARTESIAN_POINT('',(2.525,0.,41.125));
#13061=CARTESIAN_POINT('',(2.525,1.5,54.125));
#13062=CARTESIAN_POINT('',(2.525,1.5,41.125));
#13063=CARTESIAN_POINT('',(2.525,0.,54.125));
#13064=CARTESIAN_POINT('Origin',(3.025,0.,54.125));
#13065=CARTESIAN_POINT('',(3.025,1.5,54.625));
#13066=CARTESIAN_POINT('Origin',(3.025,1.5,54.125));
#13067=CARTESIAN_POINT('',(3.025,0.,54.625));
#13068=CARTESIAN_POINT('Origin',(16.025,0.,54.625));
#13069=CARTESIAN_POINT('',(16.025,1.5,54.625));
#13070=CARTESIAN_POINT('',(3.025,1.5,54.625));
#13071=CARTESIAN_POINT('',(16.025,0.,54.625));
#13072=CARTESIAN_POINT('Origin',(16.025,0.,54.125));
#13073=CARTESIAN_POINT('',(16.525,1.5,54.125));
#13074=CARTESIAN_POINT('Origin',(16.025,1.5,54.125));
#13075=CARTESIAN_POINT('',(16.525,0.,54.125));
#13076=CARTESIAN_POINT('Origin',(16.525,0.,41.125));
#13077=CARTESIAN_POINT('',(16.525,1.5,41.125));
#13078=CARTESIAN_POINT('',(16.525,1.5,41.125));
#13079=CARTESIAN_POINT('',(16.525,0.,41.125));
#13080=CARTESIAN_POINT('Origin',(16.025,0.,41.125));
#13081=CARTESIAN_POINT('',(16.025,1.5,40.625));
#13082=CARTESIAN_POINT('Origin',(16.025,1.5,41.125));
#13083=CARTESIAN_POINT('',(16.025,0.,40.625));
#13084=CARTESIAN_POINT('Origin',(3.025,0.,40.625));
#13085=CARTESIAN_POINT('',(3.025,1.5,40.625));
#13086=CARTESIAN_POINT('',(3.025,1.5,40.625));
#13087=CARTESIAN_POINT('',(3.025,0.,40.625));
#13088=CARTESIAN_POINT('Origin',(3.025,0.,41.125));
#13089=CARTESIAN_POINT('Origin',(3.025,1.5,41.125));
#13090=CARTESIAN_POINT('Origin',(21.575,0.,73.175));
#13091=CARTESIAN_POINT('',(21.575,1.5,60.175));
#13092=CARTESIAN_POINT('',(21.575,0.,60.175));
#13093=CARTESIAN_POINT('',(21.575,1.5,73.175));
#13094=CARTESIAN_POINT('',(21.575,1.5,60.175));
#13095=CARTESIAN_POINT('',(21.575,0.,73.175));
#13096=CARTESIAN_POINT('Origin',(22.075,0.,73.175));
#13097=CARTESIAN_POINT('',(22.075,1.5,73.675));
#13098=CARTESIAN_POINT('Origin',(22.075,1.5,73.175));
#13099=CARTESIAN_POINT('',(22.075,0.,73.675));
#13100=CARTESIAN_POINT('Origin',(35.075,0.,73.675));
#13101=CARTESIAN_POINT('',(35.075,1.5,73.675));
#13102=CARTESIAN_POINT('',(22.075,1.5,73.675));
#13103=CARTESIAN_POINT('',(35.075,0.,73.675));
#13104=CARTESIAN_POINT('Origin',(35.075,0.,73.175));
#13105=CARTESIAN_POINT('',(35.575,1.5,73.175));
#13106=CARTESIAN_POINT('Origin',(35.075,1.5,73.175));
#13107=CARTESIAN_POINT('',(35.575,0.,73.175));
#13108=CARTESIAN_POINT('Origin',(35.575,0.,60.175));
#13109=CARTESIAN_POINT('',(35.575,1.5,60.175));
#13110=CARTESIAN_POINT('',(35.575,1.5,60.175));
#13111=CARTESIAN_POINT('',(35.575,0.,60.175));
#13112=CARTESIAN_POINT('Origin',(35.075,0.,60.175));
#13113=CARTESIAN_POINT('',(35.075,1.5,59.675));
#13114=CARTESIAN_POINT('Origin',(35.075,1.5,60.175));
#13115=CARTESIAN_POINT('',(35.075,0.,59.675));
#13116=CARTESIAN_POINT('Origin',(22.075,0.,59.675));
#13117=CARTESIAN_POINT('',(22.075,1.5,59.675));
#13118=CARTESIAN_POINT('',(22.075,1.5,59.675));
#13119=CARTESIAN_POINT('',(22.075,0.,59.675));
#13120=CARTESIAN_POINT('Origin',(22.075,0.,60.175));
#13121=CARTESIAN_POINT('Origin',(22.075,1.5,60.175));
#13122=CARTESIAN_POINT('Origin',(65.35,0.,80.72));
#13123=CARTESIAN_POINT('',(63.65,1.5,80.72));
#13124=CARTESIAN_POINT('Origin',(65.35,1.5,80.72));
#13125=CARTESIAN_POINT('',(63.65,0.,80.72));
#13126=CARTESIAN_POINT('Origin',(-6.42,0.,9.02999999999999));
#13127=CARTESIAN_POINT('',(-8.12,1.5,9.02999999999999));
#13128=CARTESIAN_POINT('Origin',(-6.42,1.5,9.02999999999999));
#13129=CARTESIAN_POINT('',(-8.12,0.,9.02999999999999));
#13130=CARTESIAN_POINT('Origin',(65.35,0.,9.02999999999999));
#13131=CARTESIAN_POINT('',(63.65,1.5,9.02999999999999));
#13132=CARTESIAN_POINT('Origin',(65.35,1.5,9.02999999999999));
#13133=CARTESIAN_POINT('',(63.65,0.,9.02999999999999));
#13134=CARTESIAN_POINT('Origin',(-6.42,0.,80.72));
#13135=CARTESIAN_POINT('',(-8.12,1.5,80.72));
#13136=CARTESIAN_POINT('Origin',(-6.42,1.5,80.72));
#13137=CARTESIAN_POINT('',(-8.12,0.,80.72));
#13138=CARTESIAN_POINT('Origin',(70.35,0.,85.72));
#13139=CARTESIAN_POINT('',(70.35,1.5,4.02999999999999));
#13140=CARTESIAN_POINT('Origin',(-1.53683921586139,0.,4.02999999999999));
#13141=CARTESIAN_POINT('',(-1.53683921586139,1.5,4.02999999999999));
#13142=CARTESIAN_POINT('',(-11.42,1.5,4.02999999999999));
#13143=CARTESIAN_POINT('',(-1.53683921586139,0.,4.02999999999999));
#13144=CARTESIAN_POINT('Origin',(-1.53683921586139,0.,39.0000005811453));
#13145=CARTESIAN_POINT('',(-1.53683921586139,1.5,39.0000005811453));
#13146=CARTESIAN_POINT('',(-1.53683921586139,1.5,39.0000005811453));
#13147=CARTESIAN_POINT('',(-1.53683921586139,0.,39.0000005811453));
#13148=CARTESIAN_POINT('Origin',(62.000000923872,0.,39.0000005811453));
#13149=CARTESIAN_POINT('',(62.000000923872,1.5,39.0000005811453));
#13150=CARTESIAN_POINT('',(62.000000923872,1.5,39.0000005811453));
#13151=CARTESIAN_POINT('',(62.000000923872,0.,39.0000005811453));
#13152=CARTESIAN_POINT('Origin',(62.000000923872,0.,4.02999999999999));
#13153=CARTESIAN_POINT('',(62.000000923872,1.5,4.02999999999999));
#13154=CARTESIAN_POINT('Origin',(29.465,1.5,44.875));
#13155=UNCERTAINTY_MEASURE_WITH_UNIT(LENGTH_MEASURE(0.01),#13159,
'DISTANCE_ACCURACY_VALUE',
'Maximum model space distance between geometric entities at asserted c
onnectivities');
#13156=UNCERTAINTY_MEASURE_WITH_UNIT(LENGTH_MEASURE(0.01),#13159,
'DISTANCE_ACCURACY_VALUE',
'Maximum model space distance between geometric entities at asserted c
onnectivities');
#13157=(
GEOMETRIC_REPRESENTATION_CONTEXT(3)
GLOBAL_UNCERTAINTY_ASSIGNED_CONTEXT((#13155))
GLOBAL_UNIT_ASSIGNED_CONTEXT((#13159,#13161,#13162))
REPRESENTATION_CONTEXT('','3D')
);
#13158=(
GEOMETRIC_REPRESENTATION_CONTEXT(3)
GLOBAL_UNCERTAINTY_ASSIGNED_CONTEXT((#13156))
GLOBAL_UNIT_ASSIGNED_CONTEXT((#13159,#13161,#13162))
REPRESENTATION_CONTEXT('','3D')
);
#13159=(
LENGTH_UNIT()
NAMED_UNIT(*)
SI_UNIT(.MILLI.,.METRE.)
);
#13160=(
LENGTH_UNIT()
NAMED_UNIT(*)
SI_UNIT($,.METRE.)
);
#13161=(
NAMED_UNIT(*)
PLANE_ANGLE_UNIT()
SI_UNIT($,.RADIAN.)
);
#13162=(
NAMED_UNIT(*)
SI_UNIT($,.STERADIAN.)
SOLID_ANGLE_UNIT()
);
#13163=SHAPE_DEFINITION_REPRESENTATION(#13164,#13165);
#13164=PRODUCT_DEFINITION_SHAPE('',$,#13167);
#13165=SHAPE_REPRESENTATION('',(#6675),#13157);
#13166=PRODUCT_DEFINITION_CONTEXT('part definition',#13171,'design');
#13167=PRODUCT_DEFINITION('2026-01-15-11-05-26-991','(Unsaved)',#13168,
#13166);
#13168=PRODUCT_DEFINITION_FORMATION('',$,#13173);
#13169=PRODUCT_RELATED_PRODUCT_CATEGORY('(Unsaved)','(Unsaved)',(#13173));
#13170=APPLICATION_PROTOCOL_DEFINITION('international standard',
'automotive_design',2009,#13171);
#13171=APPLICATION_CONTEXT(
'Core Data for Automotive Mechanical Design Process');
#13172=PRODUCT_CONTEXT('part definition',#13171,'mechanical');
#13173=PRODUCT('2026-01-15-11-05-26-991','(Unsaved)',$,(#13172));
#13174=PRESENTATION_STYLE_ASSIGNMENT((#13175));
#13175=SURFACE_STYLE_USAGE(.BOTH.,#13176);
#13176=SURFACE_SIDE_STYLE('',(#13177));
#13177=SURFACE_STYLE_FILL_AREA(#13178);
#13178=FILL_AREA_STYLE('Steel - Satin',(#13179));
#13179=FILL_AREA_STYLE_COLOUR('Steel - Satin',#13180);
#13180=COLOUR_RGB('Steel - Satin',0.627450980392157,0.627450980392157,0.627450980392157);
ENDSEC;
END-ISO-10303-21;
